Topic	Words	Frequency	Class
-1	al, militia, citizens, god, forces	2505	https://t.me/azwyokgsbzzz
0	al, militia, rapid, air, fasher	94	https://t.me/azwyokgsbzzz
1	students, education, school, exams, certificate	106	https://t.me/azwyokgsbzzz
2	aid, humanitarian, food, unicef, relief	47	https://t.me/azwyokgsbzzz
3	sports, football, youth, federation, association	21	https://t.me/azwyokgsbzzz
4	iran, trump, yemen, iraq, rashid	25	https://t.me/azwyokgsbzzz
6	eritrean, ethiopian, secretary, ethiopia, relations	15	https://t.me/azwyokgsbzzz
7	cholera, cases, epidemics, malaria, health	14	https://t.me/azwyokgsbzzz
8	israel, gaza, palestinian, israeli, entity	61	https://t.me/azwyokgsbzzz
9	village, al, villages, militia, abu	55	https://t.me/azwyokgsbzzz
10	sexual, women, violence, rape, girls	18	https://t.me/azwyokgsbzzz
11	farmers, productivity, agriculture, agricultural, crop	20	https://t.me/azwyokgsbzzz
12	neighborhoods, dozens, horrific, wounded, villages	33	https://t.me/azwyokgsbzzz
13	god, oh, lord, blessings, mercy	53	https://t.me/azwyokgsbzzz
16	elections, rule, absence, legislative, concrete	11	https://t.me/azwyokgsbzzz
17	baskets, food, charity, initiative, displaced	38	https://t.me/azwyokgsbzzz
18	genocide, crimes, systematic, international, law	29	https://t.me/azwyokgsbzzz
19	affairs, foreign, ambassador, egyptian, badr	18	https://t.me/azwyokgsbzzz
20	jaber, refinery, burning, jiyad, jelly	1	https://t.me/azwyokgsbzzz
21	doctors, medical, patients, health, dinder	12	https://t.me/azwyokgsbzzz
22	struggle, liberation, battle, victory, army	42	https://t.me/azwyokgsbzzz
23	enjoys, relationships, qualifications, analysts, farid	4	https://t.me/azwyokgsbzzz
24	displaced, al, inspection, residents, village	28	https://t.me/azwyokgsbzzz
25	refugees, adre, commissioner, refugee, horn	9	https://t.me/azwyokgsbzzz
26	blue, nile, governor, launches, budget	10	https://t.me/azwyokgsbzzz
27	al, qatina, city, axis, area	31	https://t.me/azwyokgsbzzz
28	refugees, ethiopian, forests, ethiopia, ethiopians	17	https://t.me/azwyokgsbzzz
29	security, police, khartoum, crime, cell	31	https://t.me/azwyokgsbzzz
30	bank, trading, banking, accounts, export	3	https://t.me/azwyokgsbzzz
31	airlines, airport, flights, flight, aviation	12	https://t.me/azwyokgsbzzz
32	passports, passport, foreigners, immigration, administration	19	https://t.me/azwyokgsbzzz
33	security, crime, police, intelligence, rates	16	https://t.me/azwyokgsbzzz
34	floods, rains, caused, flood, road	14	https://t.me/azwyokgsbzzz
35	truce, unless, stop, excuse, ceasefire	14	https://t.me/azwyokgsbzzz
36	abandon, 56, morale, revolution, marginalization	9	https://t.me/azwyokgsbzzz
37	al, withdrawal, jazeera, rebel, prophet	19	https://t.me/azwyokgsbzzz
38	case, court, prosecution, request, fairly	8	https://t.me/azwyokgsbzzz
39	violators, oman, sultanate, voluntary, egypt	7	https://t.me/azwyokgsbzzz
40	gold, mineral, mining, company, resources	11	https://t.me/azwyokgsbzzz
42	kampala, rights, human, center, democracy	11	https://t.me/azwyokgsbzzz
43	determining, atms, harmed, chapter, conspiracies	2	https://t.me/azwyokgsbzzz
44	spokesperson, slogan, success, implement, platform	1	https://t.me/azwyokgsbzzz
45	drug, drugs, anti, quantities, substances	5	https://t.me/azwyokgsbzzz
46	trafficking, human, smuggling, gang, victims	7	https://t.me/azwyokgsbzzz
47	starts, exactly, grow, check, sense	14	https://t.me/azwyokgsbzzz
48	african, union, membership, representative, founder	8	https://t.me/azwyokgsbzzz
49	god, allah, almighty, bless, grant	22	https://t.me/azwyokgsbzzz
50	rahman, omar, channel, follow, abdul	2	https://t.me/azwyokgsbzzz
51	electricity, problem, bills, saves, electrical	5	https://t.me/azwyokgsbzzz
52	families, foot, displaced, giving, provide	9	https://t.me/azwyokgsbzzz
53	oil, refinery, energy, chinese, gas	5	https://t.me/azwyokgsbzzz
54	coincided, unesco, warehouses, collecting, mothers	1	https://t.me/azwyokgsbzzz
55	hassan, farouk, khalil, hamid, al	17	https://t.me/azwyokgsbzzz
56	networks, communication, topic, starlink, devices	14	https://t.me/azwyokgsbzzz
57	ad, 2025, terrified, 2024, wednesday	15	https://t.me/azwyokgsbzzz
58	ministries, appointment, controversy, tijani, environment	11	https://t.me/azwyokgsbzzz
59	customs, luggage, exemptions, fees, personal	9	https://t.me/azwyokgsbzzz
60	print, pennies, inform, quantity, finance	2	https://t.me/azwyokgsbzzz
62	verify, validity, allegations, unable, independent	1	https://t.me/azwyokgsbzzz
63	god, protect, glory, reward, martyrs	11	https://t.me/azwyokgsbzzz
64	battle, love, truth, history, end	12	https://t.me/azwyokgsbzzz
65	surgery, center, heart, rabak, running	3	https://t.me/azwyokgsbzzz
66	council, representative, permanent, security, sanctions	10	https://t.me/azwyokgsbzzz
67	weather, meteorology, facebook, temperatures, moderate	11	https://t.me/azwyokgsbzzz
68	hatred, history, principles, unified, independent	6	https://t.me/azwyokgsbzzz
70	passports, immigration, administration, passport, general	10	https://t.me/azwyokgsbzzz
71	media, journalists, waging, press, cohesion	5	https://t.me/azwyokgsbzzz
72	court, prosecutor, criminal, complaint, request	7	https://t.me/azwyokgsbzzz
73	russia, russian, burhan, stipulates, nominate	2	https://t.me/azwyokgsbzzz
74	courtesy, say, hello, bitterness, love	8	https://t.me/azwyokgsbzzz
75	speedy, martyrs, recovery, mercy, wounded	17	https://t.me/azwyokgsbzzz
76	vehicles, equipment, losses, armored, heavy	16	https://t.me/azwyokgsbzzz
77	artist, art, artistic, artists, band	7	https://t.me/azwyokgsbzzz
78	terrorist, terrorism, unarmed, militia, atrocities	15	https://t.me/azwyokgsbzzz
79	installation, tank, cleaning, water, quality	2	https://t.me/azwyokgsbzzz
80	god, battle, victory, islamists, know	16	https://t.me/azwyokgsbzzz
81	deporting, foreigners, deport, immigrant, decided	9	https://t.me/azwyokgsbzzz
82	shambat, umbada, cleanliness, street, rents	8	https://t.me/azwyokgsbzzz
83	health, saudi, contributed, sector, medical	6	https://t.me/azwyokgsbzzz
84	confusion, pain, records, denied, location	3	https://t.me/azwyokgsbzzz
86	mosque, preachers, mosques, solidarity, religious	9	https://t.me/azwyokgsbzzz
88	looking, accounts, spring, currency, shall	1	https://t.me/azwyokgsbzzz
89	american, unlimited, dimensions, uniform, took	4	https://t.me/azwyokgsbzzz
90	throw, balance, careful, allegations, army	8	https://t.me/azwyokgsbzzz
91	solutions, member, file, segments, politicians	1	https://t.me/azwyokgsbzzz
92	invaders, confronted, remnants, recovering, mercenaries	18	https://t.me/azwyokgsbzzz
93	pharmaceutical, pharmacists, medications, concentrations, mixed	3	https://t.me/azwyokgsbzzz
94	gum, realized, producing, supposed, petroleum	2	https://t.me/azwyokgsbzzz
95	abyei, supreme, coordination, delegation, meets	1	https://t.me/azwyokgsbzzz
96	navy, rank, lt, stars, excellence	6	https://t.me/azwyokgsbzzz
97	media, workshop, journalist, journalism, publications	8	https://t.me/azwyokgsbzzz
98	eritrea, monitoring, original, times, documentation	2	https://t.me/azwyokgsbzzz
100	programmes, battalions, soldier, commanders, rank	5	https://t.me/azwyokgsbzzz
102	trump, amendment, congress, introduced, record	13	https://t.me/azwyokgsbzzz
103	diaspora, al, write, rizeigat, born	11	https://t.me/azwyokgsbzzz
104	victory, speedy, god, resolve, dear	14	https://t.me/azwyokgsbzzz
105	grievances, precedent, characterized, neglect, product	2	https://t.me/azwyokgsbzzz
106	mosques, education, umrah, religious, arrangements	7	https://t.me/azwyokgsbzzz
107	sovereignty, overall, council, chief, oath	12	https://t.me/azwyokgsbzzz
108	agencies, humanitarian, emergencies, relief, entity	9	https://t.me/azwyokgsbzzz
109	refugee, deport, refugees, foreigners, registered	10	https://t.me/azwyokgsbzzz
110	drones, missiles, km, missile, combat	10	https://t.me/azwyokgsbzzz
111	dialysis, jazira, 900, conducting, achievement	4	https://t.me/azwyokgsbzzz
112	libya, kufra, imad, tripoli, net	2	https://t.me/azwyokgsbzzz
114	migration, 154, deports, net, organization	3	https://t.me/azwyokgsbzzz
115	allocating, stable, sustainable, aims, enhance	1	https://t.me/azwyokgsbzzz
116	haftar, libyan, libya, khalifa, borders	6	https://t.me/azwyokgsbzzz
117	apartment, estate, license, rent, housing	9	https://t.me/azwyokgsbzzz
118	family, missing, sells, love, stronghold	8	https://t.me/azwyokgsbzzz
120	writers, artists, federation, burhan, mobility	3	https://t.me/azwyokgsbzzz
121	slight, temperatures, meteorology, small, decrease	8	https://t.me/azwyokgsbzzz
122	patients, clinics, association, msf, medical	7	https://t.me/azwyokgsbzzz
124	chadian, chad, informed, adri, uae	9	https://t.me/azwyokgsbzzz
126	hajj, umrah, pilgrims, endowments, ah	5	https://t.me/azwyokgsbzzz
127	terrorist, artillery, militia, gangs, targeted	10	https://t.me/azwyokgsbzzz
129	war, citizen, supporters, ones, definitely	8	https://t.me/azwyokgsbzzz
132	nyala, cooperating, darfur, town, charges	2	https://t.me/azwyokgsbzzz
135	climate, change, message249, jobs, resolutions	7	https://t.me/azwyokgsbzzz
136	win, strength, god, prevail, victory	18	https://t.me/azwyokgsbzzz
137	weather, slight, hot, temperatures, rise	6	https://t.me/azwyokgsbzzz
139	insurance, financing, health, ceiling, allocating	4	https://t.me/azwyokgsbzzz
140	steal, burned, feature, looted, harassment	5	https://t.me/azwyokgsbzzz
141	jazira, mobilization, held, supreme, supporting	1	https://t.me/azwyokgsbzzz
142	watan, reliable, reports, news, 2025	2	https://t.me/azwyokgsbzzz
144	tragedies, film, reality, wearing, series	6	https://t.me/azwyokgsbzzz
145	instability, terrorism, transgressions, extremism, guise	3	https://t.me/azwyokgsbzzz
147	voluntary, deported, deposited, decline, 450	6	https://t.me/azwyokgsbzzz
149	cows, sheep, camels, voices, die	7	https://t.me/azwyokgsbzzz
150	wheel, mark, terrified, employers, proposes	2	https://t.me/azwyokgsbzzz
151	industries, manufacturing, modern, vegetables, pounds	3	https://t.me/azwyokgsbzzz
152	tunisian, migrants, coast, drowned, underway	1	https://t.me/azwyokgsbzzz
153	transportation, tariffs, proposal, buses, lines	5	https://t.me/azwyokgsbzzz
155	roads, road, maintenance, bridges, rehabilitation	9	https://t.me/azwyokgsbzzz
156	watan, nasr, 2025, ad, near	20	https://t.me/azwyokgsbzzz
157	achieved, sennar, militia, sinja, battle	8	https://t.me/azwyokgsbzzz
158	sheltering, reassured, stressing, welfare, services	4	https://t.me/azwyokgsbzzz
159	resolution, prohibits, warring, condemned, sale	2	https://t.me/azwyokgsbzzz
160	root, convinced, causes, consider, steps	3	https://t.me/azwyokgsbzzz
161	ethical, vote, contained, competencies, phenomena	3	https://t.me/azwyokgsbzzz
162	calm, umm, al, witnessed, normal	7	https://t.me/azwyokgsbzzz
167	competence, haitham, surprised, exploited, health	4	https://t.me/azwyokgsbzzz
169	dictates, americans, consolidating, conversation, circles	5	https://t.me/azwyokgsbzzz
170	god, victory, willing, conquest, heroes	12	https://t.me/azwyokgsbzzz
172	burhan, ismail, speeches, hassan, writes	1	https://t.me/azwyokgsbzzz
173	scholarship, admission, apply, university, municipality	1	https://t.me/azwyokgsbzzz
175	immediate, faisal, banking, account, bank	4	https://t.me/azwyokgsbzzz
177	governorate, renk, fall, bright, ruled	4	https://t.me/azwyokgsbzzz
178	flag, fathers, independence, unacceptable, armed	7	https://t.me/azwyokgsbzzz
180	staying, prohibiting, stops, buses, transportation	5	https://t.me/azwyokgsbzzz
181	jelly, northeastern, bahri, officers, 58	9	https://t.me/azwyokgsbzzz
182	european, constructive, engagement, union, territorial	6	https://t.me/azwyokgsbzzz
183	expatriates, striking, honesty, kinds, make	7	https://t.me/azwyokgsbzzz
184	villages, feared, white, nile, gandhi	6	https://t.me/azwyokgsbzzz
185	province, shouk, clashes, took, nuba	8	https://t.me/azwyokgsbzzz
186	rukn, resignation, ayoub, azraq, assign	5	https://t.me/azwyokgsbzzz
187	egyptian, cairo, fattah, sisi, antiquities	6	https://t.me/azwyokgsbzzz
188	privacy, photo, replace, amnesty, negative	3	https://t.me/azwyokgsbzzz
189	uganda, systematically, refugees, camp, eyewitnesses	2	https://t.me/azwyokgsbzzz
190	youtube, facebook, whatsapp, channel, topic	4	https://t.me/azwyokgsbzzz
191	affirming, ignores, observer, visions, participants	2	https://t.me/azwyokgsbzzz
192	tightened, circle, journey, clip, girl	3	https://t.me/azwyokgsbzzz
193	investigations, imprisonment, prison, measure, hanging	5	https://t.me/azwyokgsbzzz
195	source, informing, ad, 2025, august	10	https://t.me/azwyokgsbzzz
196	theft, paid, investigation, department, police	5	https://t.me/azwyokgsbzzz
197	uae, lord, emirates, influential, aggression	3	https://t.me/azwyokgsbzzz
199	homeland, 2026, ad, november, news	3	https://t.me/azwyokgsbzzz
200	interests, allied, pressuring, starving, relationships	2	https://t.me/azwyokgsbzzz
202	selection, transparency, service, auspices, equal	3	https://t.me/azwyokgsbzzz
203	cemetery, sultan, concerned, gengueid, order	1	https://t.me/azwyokgsbzzz
205	homeland, 2025, november, ad, tuesday	3	https://t.me/azwyokgsbzzz
206	mobilization, authorizes, preachers, imams, mosques	2	https://t.me/azwyokgsbzzz
207	pennies, honest, knows, contribute, inquiries	2	https://t.me/azwyokgsbzzz
208	sanctions, unanimously, prohibition, 2005, freezing	2	https://t.me/azwyokgsbzzz
209	intelligence, service, sleeper, cells, rest	8	https://t.me/azwyokgsbzzz
210	networks, devices, communication, ones, far	3	https://t.me/azwyokgsbzzz
211	gandhi, operational, monitoring, ibrahim, daily	15	https://t.me/azwyokgsbzzz
212	asia, correspondent, khalifa, daily, caliph	8	https://t.me/azwyokgsbzzz
213	sick, urgently, elderly, injured, ambulances	6	https://t.me/azwyokgsbzzz
215	69, sudantoday, sudanesearmedforces, sudannews, 28	5	https://t.me/azwyokgsbzzz
216	72, survey, conducting, preliminary, limit	1	https://t.me/azwyokgsbzzz
217	antiquities, museum, sincerity, mourning, archaeological	4	https://t.me/azwyokgsbzzz
218	zakat, trustees, drag, begging, subsidies	3	https://t.me/azwyokgsbzzz
219	evident, distress, facebook, strength, popularresistance	4	https://t.me/azwyokgsbzzz
221	dirhams, sold, instead, budget, heba	1	https://t.me/azwyokgsbzzz
222	tourism, tourist, luxurious, travel, huge	5	https://t.me/azwyokgsbzzz
224	radio, permit, unlimited, awards, apology	3	https://t.me/azwyokgsbzzz
225	vehicles, motorcycles, prohibiting, traffic, motor	7	https://t.me/azwyokgsbzzz
227	visions, issue, existential, exchanged, reflected	1	https://t.me/azwyokgsbzzz
229	blood, nuba, trade, controlled, legend	5	https://t.me/azwyokgsbzzz
230	cities, denouncing, marches, demonstration, anwar	4	https://t.me/azwyokgsbzzz
232	generals, invaders, display, officials, cowardly	7	https://t.me/azwyokgsbzzz
233	tabiya, likely, december, agar, malik	1	https://t.me/azwyokgsbzzz
234	systematically, heat, kitchen, camp, zamzam	1	https://t.me/azwyokgsbzzz
235	meteorology, rains, varying, wind, expecting	4	https://t.me/azwyokgsbzzz
236	execution, hanging, wood, accused, rich	3	https://t.me/azwyokgsbzzz
237	image, uae, suit, comments, strange	5	https://t.me/azwyokgsbzzz
238	village, gathered, joy, domination, al	7	https://t.me/azwyokgsbzzz
239	jazeera, project, al, artistic, outlets	5	https://t.me/azwyokgsbzzz
240	dabba, convoy, mr, din, shelters	4	https://t.me/azwyokgsbzzz
242	methods, impersonating, 105, illegal, fragile	2	https://t.me/azwyokgsbzzz
243	detainees, floor, detention, pillar, different	4	https://t.me/azwyokgsbzzz
244	genocide, dissolved, properties, committed, crimes	4	https://t.me/azwyokgsbzzz
245	tijani, soft, suddenly, immigrant, ruler	1	https://t.me/azwyokgsbzzz
247	island, beloved, villages, nature, land	11	https://t.me/azwyokgsbzzz
248	infantry, division, 22nd, officers, 18th	4	https://t.me/azwyokgsbzzz
249	girl, arqin, arrested, quantity, ambush	1	https://t.me/azwyokgsbzzz
250	meat, zakat, bureau, bags, distribution	3	https://t.me/azwyokgsbzzz
251	occupied, unfortunately, videos, displacement, homes	9	https://t.me/azwyokgsbzzz
252	salva, kiir, advisor, tut, qalwak	2	https://t.me/azwyokgsbzzz
253	fixed, epic, sufi, treating, knew	5	https://t.me/azwyokgsbzzz
254	homeland, patriotism, pulse, unity, winds	5	https://t.me/azwyokgsbzzz
255	elected, success, hatem, election, wishing	1	https://t.me/azwyokgsbzzz
258	milk, satisfaction, address, listened, clinics	2	https://t.me/azwyokgsbzzz
259	pregnant, women, honey, mothers, nutritional	1	https://t.me/azwyokgsbzzz
260	qatina, stormed, hamad, villages, mustermen	7	https://t.me/azwyokgsbzzz
261	reassure, stable, officers, seventy, youssef	3	https://t.me/azwyokgsbzzz
263	middle, hands, remain, needs, free	1	https://t.me/azwyokgsbzzz
264	wish, speedy, recovery, wounded, injured	2	https://t.me/azwyokgsbzzz
265	moving, drought, awlad, eid, nazir	2	https://t.me/azwyokgsbzzz
266	division, entertainment, infantry, 1st, guidance	1	https://t.me/azwyokgsbzzz
267	extremist, arabs, stems, racial, tabiya	1	https://t.me/azwyokgsbzzz
269	queues, endeavors, succeed, repeated, ireland	6	https://t.me/azwyokgsbzzz
270	mohamed, convinced, chadian, influential, suspicious	1	https://t.me/azwyokgsbzzz
271	crossing, adre, border, approved, trucks	5	https://t.me/azwyokgsbzzz
273	hatred, traitor, traitors, explanation, learn	2	https://t.me/azwyokgsbzzz
275	uae, weapon, stop, clarified, achieved	5	https://t.me/azwyokgsbzzz
279	systematically, instability, scale, blatant, directly	1	https://t.me/azwyokgsbzzz
280	uae, evidence, disregard, emirates, ignorance	3	https://t.me/azwyokgsbzzz
281	extremely, record, aqar, voice, thanks	1	https://t.me/azwyokgsbzzz
284	channel, telegram, karry, httpstmekraray224466, share	1	https://t.me/azwyokgsbzzz
-1	al, burhan, war, army, sudanese	668	https://t.me/munawaeatsudanih26622
0	army, rapid, al, artillery, forces	66	https://t.me/munawaeatsudanih26622
1	school, educational, students, education, postponement	17	https://t.me/munawaeatsudanih26622
2	aid, humanitarian, food, children, famine	23	https://t.me/munawaeatsudanih26622
3	sports, al, hilal, team, league	37	https://t.me/munawaeatsudanih26622
5	burhan, headlines, touring, sword, prominent	2	https://t.me/munawaeatsudanih26622
6	ethiopian, ethiopia, fighters, border, addis	14	https://t.me/munawaeatsudanih26622
7	cholera, cases, deaths, suspected, disease	15	https://t.me/munawaeatsudanih26622
9	reinforces, owns, whereabouts, fight, views	7	https://t.me/munawaeatsudanih26622
10	sexual, girls, women, violence, save	6	https://t.me/munawaeatsudanih26622
11	dependence, washing, producers, productive, gradually	3	https://t.me/munawaeatsudanih26622
12	civilians, outside, dead, million, engaged	16	https://t.me/munawaeatsudanih26622
13	god, oh, sorry, curse, mighty	8	https://t.me/munawaeatsudanih26622
16	phase, mentioning, leaks, advocates, nomination	4	https://t.me/munawaeatsudanih26622
17	appeals, crescent, red, respond, cross	1	https://t.me/munawaeatsudanih26622
18	conventions, race, lesson, turns, soldier	3	https://t.me/munawaeatsudanih26622
19	happen, burhan, anticipated, secretary, generals	2	https://t.me/munawaeatsudanih26622
20	meets, governor, burhan, executive, health	10	https://t.me/munawaeatsudanih26622
21	doctors, health, floods, hunger, famine	12	https://t.me/munawaeatsudanih26622
22	applies, undoubtedly, uniform, uses, dealt	1	https://t.me/munawaeatsudanih26622
23	founding, hamdok, names, arabiya, satti	4	https://t.me/munawaeatsudanih26622
24	percent, 90, remained, families, neighborhood	1	https://t.me/munawaeatsudanih26622
25	refugees, 98, lost, chad, hungry	3	https://t.me/munawaeatsudanih26622
26	northern, blue, discussing, budget, nile	4	https://t.me/munawaeatsudanih26622
27	corps, losses, al, area, exit	5	https://t.me/munawaeatsudanih26622
28	ethiopian, ethiopia, stuck, refugees, deteriorating	3	https://t.me/munawaeatsudanih26622
29	duties, burhan, mohieddin, assigning, police	2	https://t.me/munawaeatsudanih26622
30	bank, banks, banking, devices, surveillance	5	https://t.me/munawaeatsudanih26622
31	flights, airlines, airport, casualties, flying	7	https://t.me/munawaeatsudanih26622
32	passport, passports, visa, approvals, obtaining	7	https://t.me/munawaeatsudanih26622
33	clip, hall, inaugurates, video, police	2	https://t.me/munawaeatsudanih26622
34	floods, torrents, rains, rain, torrential	4	https://t.me/munawaeatsudanih26622
35	parties, exposing, documented, conflict, bills	6	https://t.me/munawaeatsudanih26622
37	nature, burhan, reality, bargain, arabiya	4	https://t.me/munawaeatsudanih26622
38	prosecutors, submitted, draft, investigations, discussions	1	https://t.me/munawaeatsudanih26622
39	factor, deliberations, oman, sultanate, absent	2	https://t.me/munawaeatsudanih26622
40	traditional, examining, mining, ways, develop	1	https://t.me/munawaeatsudanih26622
42	rights, human, reuters, report, draft	3	https://t.me/munawaeatsudanih26622
43	gun, sleep, dreams, volcker, merchants	1	https://t.me/munawaeatsudanih26622
45	municipal, liquor, quantities, dongola, seized	1	https://t.me/munawaeatsudanih26622
47	takes, waiting, answer, zero, think	1	https://t.me/munawaeatsudanih26622
48	african, bills, faki, union, moussa	2	https://t.me/munawaeatsudanih26622
49	companions, prophet, grant, bless, oh	6	https://t.me/munawaeatsudanih26622
51	restore, electricity, nyala, 10, months	1	https://t.me/munawaeatsudanih26622
52	insufficient, properties, overcrowding, miserable, suffering	3	https://t.me/munawaeatsudanih26622
53	refinery, seized, ice, stones, oil	2	https://t.me/munawaeatsudanih26622
54	headlines, army, al, burhan, news	14	https://t.me/munawaeatsudanih26622
55	farouk, beat, issa, mahmoud, purpose	2	https://t.me/munawaeatsudanih26622
56	views, 2023, received, million, sudanese	1	https://t.me/munawaeatsudanih26622
58	basket, arrivals, karari, launches, locality	1	https://t.me/munawaeatsudanih26622
62	headlines, newspapers, 22, newspaper, 2024	2	https://t.me/munawaeatsudanih26622
63	unsafe, almighty, god, like, protect	2	https://t.me/munawaeatsudanih26622
64	wife, mother, wants, let, children	1	https://t.me/munawaeatsudanih26622
66	neighboring, seventy, endeavors, 2005, ring	2	https://t.me/munawaeatsudanih26622
68	abandon, exclusion, goes, exception, differences	1	https://t.me/munawaeatsudanih26622
70	passports, passport, immigration, online, issuing	5	https://t.me/munawaeatsudanih26622
72	court, criminal, crimes, committed, prosecutor	5	https://t.me/munawaeatsudanih26622
73	seat, din, visiting, intends, bases	5	https://t.me/munawaeatsudanih26622
74	satisfaction, understand, sign, silence, dont	1	https://t.me/munawaeatsudanih26622
75	speedy, recovery, mercy, consider, forgiveness	1	https://t.me/munawaeatsudanih26622
76	contrast, prefer, guns, equipped, machine	2	https://t.me/munawaeatsudanih26622
77	artists, revive, dispersed, works, cairo	1	https://t.me/munawaeatsudanih26622
79	stations, pumping, exit, communication, station	2	https://t.me/munawaeatsudanih26622
80	religion, path, divine, god, ansar	4	https://t.me/munawaeatsudanih26622
82	rents, rent, tell, house, stripped	4	https://t.me/munawaeatsudanih26622
83	morgue, forensic, rehabilitating, doctor, looking	1	https://t.me/munawaeatsudanih26622
90	hand, protects, listen, serves, replace	2	https://t.me/munawaeatsudanih26622
91	kiir, salva, hajj, juba, ali	2	https://t.me/munawaeatsudanih26622
92	transports, preparedness, mobilizes, cemeteries, eagles	3	https://t.me/munawaeatsudanih26622
93	pharmaceutical, medicines, poisons, manufacturing, sold	3	https://t.me/munawaeatsudanih26622
94	significant, expected, fuel, prices, increase	1	https://t.me/munawaeatsudanih26622
96	mobilization, congratulated, energies, positively, ninth	2	https://t.me/munawaeatsudanih26622
100	mobilizing, mobilization, soldiers, proof, carrying	4	https://t.me/munawaeatsudanih26622
103	gosh, loyal, considered, hemedti, force	1	https://t.me/munawaeatsudanih26622
104	unit, karama, addressing, came, area	1	https://t.me/munawaeatsudanih26622
105	suggest, awlad, transgressions, branches, blind	1	https://t.me/munawaeatsudanih26622
106	substances, alcohol, 53, mecca, symposium	1	https://t.me/munawaeatsudanih26622
108	humanitarian, permits, wishing, principles, organizations	2	https://t.me/munawaeatsudanih26622
110	drones, promoted, shot, signal, rumor	4	https://t.me/munawaeatsudanih26622
114	migration, figures, organization, million, internal	1	https://t.me/munawaeatsudanih26622
115	titles, black, dollar, pound, rates	9	https://t.me/munawaeatsudanih26622
117	rents, hasahisa, scattered, imagine, doors	2	https://t.me/munawaeatsudanih26622
121	slightly, temperatures, meteorology, drop, continue	1	https://t.me/munawaeatsudanih26622
122	hospitals, rabak, feed, inability, sold	3	https://t.me/munawaeatsudanih26622
123	reconsider, moatasem, researcher, besieging, doctors	1	https://t.me/munawaeatsudanih26622
124	chadian, cruisers, 280, nilein, anti	1	https://t.me/munawaeatsudanih26622
126	ships, endowments, pilgrims, religious, transport	1	https://t.me/munawaeatsudanih26622
127	sleeper, text, cells, nature, terrorist	2	https://t.me/munawaeatsudanih26622
129	push, amendments, rejected, saying, attempts	1	https://t.me/munawaeatsudanih26622
137	weather, early, cold, winter, rains	1	https://t.me/munawaeatsudanih26622
138	apart, seats, falling, assume, sought	2	https://t.me/munawaeatsudanih26622
139	insurance, benefited, 57, 500, health	2	https://t.me/munawaeatsudanih26622
140	shops, looted, cars, business, closed	2	https://t.me/munawaeatsudanih26622
141	split, sandal, burhan, hemedti, 2004	6	https://t.me/munawaeatsudanih26622
144	film, goodbye, prize, grand, festival	2	https://t.me/munawaeatsudanih26622
148	fees, determined, httpstmesaqwl, noted, coverage	1	https://t.me/munawaeatsudanih26622
150	declining, resettlement, paper, industries, investment	2	https://t.me/munawaeatsudanih26622
153	categories, licensing, railway, accident, vehicle	2	https://t.me/munawaeatsudanih26622
158	sinar, disabilities, distributes, kind, care	1	https://t.me/munawaeatsudanih26622
162	al, km, devoid, medani, wadi	2	https://t.me/munawaeatsudanih26622
165	watan, 25, monday, december, 2023	1	https://t.me/munawaeatsudanih26622
166	democratic, founding, entity, democracy, coordination	1	https://t.me/munawaeatsudanih26622
167	tuti, crowd, crying, tears, collapsed	2	https://t.me/munawaeatsudanih26622
168	tariq, destination, haj, kidnapped, unknown	1	https://t.me/munawaeatsudanih26622
169	sincerity, spoils, characterized, unify, initiatives	1	https://t.me/munawaeatsudanih26622
174	february, thursday, 2024, ad, news	1	https://t.me/munawaeatsudanih26622
175	congestion, overcrowding, online, payment, account	2	https://t.me/munawaeatsudanih26622
178	forget, sinja, buses, chief, 750	1	https://t.me/munawaeatsudanih26622
181	falling, rank, inflicted, commanders, casualties	1	https://t.me/munawaeatsudanih26622
183	rent, imagine, place, mother, elderly	1	https://t.me/munawaeatsudanih26622
184	accurately, determines, location, concludes, heart	3	https://t.me/munawaeatsudanih26622
185	launched, raids, warplanes, panic, shops	2	https://t.me/munawaeatsudanih26622
186	colonel, musa, bed, bahri, hassan	2	https://t.me/munawaeatsudanih26622
188	internet, cut, cover, sides, electricity	1	https://t.me/munawaeatsudanih26622
189	uganda, flooded, rainfall, forests, complain	1	https://t.me/munawaeatsudanih26622
193	killer, smuggle, thwarting, currencies, cessation	1	https://t.me/munawaeatsudanih26622
195	various, cities, states, khartoum, source	1	https://t.me/munawaeatsudanih26622
196	active, gang, looting, arrest, river	1	https://t.me/munawaeatsudanih26622
200	dissolve, conflict, burhan, obeid, writes	3	https://t.me/munawaeatsudanih26622
208	residing, sanctions, european, including, sudan	1	https://t.me/munawaeatsudanih26622
209	intelligence, service, suburb, dissolution, emerged	2	https://t.me/munawaeatsudanih26622
210	internet, communications, outage, digital, starlink	5	https://t.me/munawaeatsudanih26622
213	veterinary, specialists, communicate, controlled, appeal	1	https://t.me/munawaeatsudanih26622
216	alert, tree, important, urgent, resistance	1	https://t.me/munawaeatsudanih26622
217	archaeological, heritage, secrets, pyramids, merowe	3	https://t.me/munawaeatsudanih26622
218	zakat, bureau, trustees, expansion, board	2	https://t.me/munawaeatsudanih26622
227	dam, dams, renaissance, collapse, storage	2	https://t.me/munawaeatsudanih26622
229	warm, talk, necessary, abroad, reached	1	https://t.me/munawaeatsudanih26622
233	analyst, war, nahud, stop, jeddah	5	https://t.me/munawaeatsudanih26622
239	budget, turning, hosting, jazeera, affected	1	https://t.me/munawaeatsudanih26622
243	conduct, release, negotiations, able, arrested	1	https://t.me/munawaeatsudanih26622
247	fight, unruly, claiming, sends, stolen	1	https://t.me/munawaeatsudanih26622
249	counterfeiting, active, currency, network, operations	1	https://t.me/munawaeatsudanih26622
251	majority, elderly, left, young, families	1	https://t.me/munawaeatsudanih26622
253	bills, bite, tongue, owners, says	1	https://t.me/munawaeatsudanih26622
260	neighborhood, 100, neighborhoods, militia, pillars	2	https://t.me/munawaeatsudanih26622
265	diaspora, expense, falls, arabs, inch	1	https://t.me/munawaeatsudanih26622
267	issuing, burhan, 30th, passport, fatah	1	https://t.me/munawaeatsudanih26622
275	periods, short, succeeded, ceasefire, achieved	1	https://t.me/munawaeatsudanih26622
278	memorial, islamist, penetrated, archaeological, justifications	1	https://t.me/munawaeatsudanih26622
280	representatives, facilitated, kingdom, earlier, resumption	1	https://t.me/munawaeatsudanih26622
281	counting, volunteers, sectors, components, unit	2	https://t.me/munawaeatsudanih26622
282	kuwaiti, hospital, doors, children, notice	1	https://t.me/munawaeatsudanih26622
-1	al, bashir, government, burhan, sudanese	7336	https://t.me/sahfyu
0	darfur, el, fasher, camp, rapid	112	https://t.me/sahfyu
1	students, education, school, university, exams	463	https://t.me/sahfyu
2	humanitarian, food, aid, nations, united	84	https://t.me/sahfyu
3	hilal, al, stadium, league, sports	248	https://t.me/sahfyu
4	qatari, iran, saudi, syria, iraqi	135	https://t.me/sahfyu
5	newspaper, al, headlines, newspapers, political	162	https://t.me/sahfyu
6	ethiopian, ethiopia, tigray, border, addis	194	https://t.me/sahfyu
7	cases, cholera, malaria, aids, health	56	https://t.me/sahfyu
8	israel, israeli, normalization, palestinian, gaza	93	https://t.me/sahfyu
9	al, village, villages, citizens, fasher	39	https://t.me/sahfyu
10	women, sexual, violence, rape, girls	44	https://t.me/sahfyu
11	pounds, bag, agricultural, livestock, wheat	116	https://t.me/sahfyu
12	looting, property, homes, civilians, displacement	52	https://t.me/sahfyu
13	god, ask, mercy, forgiveness, paralysis	74	https://t.me/sahfyu
14	corona, coronavirus, virus, cases, suspected	214	https://t.me/sahfyu
15	computer, nursing, pharmacy, analysis, asia	1	https://t.me/sahfyu
16	legislative, constitutional, party, freedom, change	183	https://t.me/sahfyu
17	charity, qatar, baskets, food, families	38	https://t.me/sahfyu
18	crimes, genocide, law, international, civilians	40	https://t.me/sahfyu
19	ambassador, foreign, relations, affairs, egyptian	75	https://t.me/sahfyu
20	meets, al, suna, governor, minister	56	https://t.me/sahfyu
21	doctors, medical, hospitals, health, borders	37	https://t.me/sahfyu
22	struggle, battle, armed, frustration, victory	28	https://t.me/sahfyu
23	hamdok, party, communist, al, freedom	145	https://t.me/sahfyu
24	displaced, tawila, fasher, al, families	40	https://t.me/sahfyu
25	refugees, commissioner, chad, refugee, high	37	https://t.me/sahfyu
26	nile, river, governor, blue, locality	34	https://t.me/sahfyu
27	al, area, infantry, forces, armed	16	https://t.me/sahfyu
28	ethiopian, refugees, tigray, ethiopia, influx	87	https://t.me/sahfyu
29	police, security, khartoum, crime, interior	53	https://t.me/sahfyu
30	bank, banks, exchange, pound, dollar	92	https://t.me/sahfyu
31	airport, flights, airlines, aviation, flight	82	https://t.me/sahfyu
32	passports, passport, foreigners, immigration, visa	57	https://t.me/sahfyu
33	security, intelligence, police, crime, arrested	74	https://t.me/sahfyu
34	floods, torrents, rains, flood, collapse	55	https://t.me/sahfyu
35	peace, parties, agreement, truce, stop	47	https://t.me/sahfyu
36	revolution, revolutionary, revolutionaries, freedom, glorious	76	https://t.me/sahfyu
37	al, traitor, knights, leader, burhan	33	https://t.me/sahfyu
38	corruption, court, prosecution, article, judge	75	https://t.me/sahfyu
39	voluntary, egypt, stranded, embassy, return	28	https://t.me/sahfyu
40	gold, mining, mineral, company, production	51	https://t.me/sahfyu
42	rights, human, atrocities, commission, crimes	31	https://t.me/sahfyu
43	dollar, exchange, rate, inflation, banks	88	https://t.me/sahfyu
44	corona, cases, virus, infections, suspected	114	https://t.me/sahfyu
45	drugs, drug, pills, seized, ice	57	https://t.me/sahfyu
46	trafficking, human, smuggling, victims, investigations	68	https://t.me/sahfyu
47	think, answer, mean, ok, clarified	61	https://t.me/sahfyu
48	african, union, igad, continent, president	25	https://t.me/sahfyu
49	god, bless, jurisprudence, almighty, messenger	26	https://t.me/sahfyu
50	salah, 2021, bin, channel, warns	2	https://t.me/sahfyu
51	electricity, generation, station, energy, electrical	42	https://t.me/sahfyu
52	displaced, return, shelter, directed, voluntary	16	https://t.me/sahfyu
53	fuel, gasoline, refinery, gas, energy	68	https://t.me/sahfyu
54	headlines, explosives, seized, army, omdurman	5	https://t.me/sahfyu
55	al, tayeb, bilal, writes, abdul	53	https://t.me/sahfyu
56	signal, telecommunications, internet, networks, starlink	31	https://t.me/sahfyu
57	news, ad, wednesday, 2025, 2017	46	https://t.me/sahfyu
58	khartoum, ministries, ministers, chair, governor	29	https://t.me/sahfyu
59	customs, dogs, crossings, smuggling, goods	38	https://t.me/sahfyu
60	budget, finance, taxes, economic, citizen	85	https://t.me/sahfyu
62	headlines, newspapers, suna, newspaper, agency	30	https://t.me/sahfyu
63	god, glory, mercy, protect, oh	19	https://t.me/sahfyu
64	sudanese, mosquito, love, man, like	65	https://t.me/sahfyu
65	health, hospital, doctors, machines, medical	54	https://t.me/sahfyu
66	sanctions, security, peretz, council, nations	25	https://t.me/sahfyu
67	id, facebook, story, page, addressing	3	https://t.me/sahfyu
68	revolution, freedom, democratic, political, equal	43	https://t.me/sahfyu
69	suna, agency, news, sama, condition	2	https://t.me/sahfyu
70	passports, immigration, passport, administration, registry	36	https://t.me/sahfyu
71	journalists, media, press, professional, sona	25	https://t.me/sahfyu
72	court, criminal, crimes, prosecutor, bashir	41	https://t.me/sahfyu
73	brotherly, egypt, welcomes, cairo, stability	17	https://t.me/sahfyu
74	trouble, left, waiting, swear, talk	54	https://t.me/sahfyu
75	speedy, recovery, martyrs, mercy, wounded	16	https://t.me/sahfyu
76	vehicles, clearance, bird, snipers, device	7	https://t.me/sahfyu
77	artist, ask, forgiveness, art, artists	31	https://t.me/sahfyu
78	terrorist, claims, terrorism, regional, condemnation	14	https://t.me/sahfyu
79	water, station, meters, stations, dam	36	https://t.me/sahfyu
80	muslim, church, brotherhood, god, eritrean	7	https://t.me/sahfyu
81	foreigners, immigration, deportation, immigrants, legal	25	https://t.me/sahfyu
82	rent, eviction, rents, urban, housing	19	https://t.me/sahfyu
83	nursing, hospital, health, medical, specialists	18	https://t.me/sahfyu
84	prosecution, accused, martyr, court, trial	52	https://t.me/sahfyu
85	newspapers, headlines, issued, political, newspaper	22	https://t.me/sahfyu
86	religious, church, mosque, mosques, values	31	https://t.me/sahfyu
87	workers, employees, salaries, wage, labor	43	https://t.me/sahfyu
88	debts, bank, debt, billion, economic	40	https://t.me/sahfyu
89	chinese, countries, foreign, relations, affairs	39	https://t.me/sahfyu
90	pardon, reporting, armed, renew, unit	26	https://t.me/sahfyu
91	juba, peace, item, agreement, south	35	https://t.me/sahfyu
92	shield, enemy, decisively, aqla, idea	14	https://t.me/sahfyu
93	pharmaceutical, strip, medicines, medicine, price	29	https://t.me/sahfyu
94	oil, gasoline, fuel, prices, price	35	https://t.me/sahfyu
95	kordofan, west, rashad, governor, hamid	23	https://t.me/sahfyu
96	command, chief, summary, stable, 2023	29	https://t.me/sahfyu
97	media, journalists, professionals, misinformation, publishing	32	https://t.me/sahfyu
98	ethiopian, newspaper, ethiopia, renaissance, dam	27	https://t.me/sahfyu
100	soldiers, salute, discover, patriotism, emphasis	8	https://t.me/sahfyu
101	corporation, television, radio, kordofan, west	71	https://t.me/sahfyu
102	trump, biden, covers, walls, america	20	https://t.me/sahfyu
103	burhan, al, tribe, interview, achieved	8	https://t.me/sahfyu
104	victory, biography, despair, knights, covenant	8	https://t.me/sahfyu
105	ministries, amin, demonstrations, demonstrators, revolutionary	33	https://t.me/sahfyu
106	mahdi, sadiq, imam, al, mourns	24	https://t.me/sahfyu
107	lieutenant, sovereignty, council, abdel, commander	12	https://t.me/sahfyu
108	humanitarian, organizations, aid, relief, commission	14	https://t.me/sahfyu
109	refugees, refugee, appointments, deport, delegation	11	https://t.me/sahfyu
110	missile, drones, missiles, spy, tank	4	https://t.me/sahfyu
111	kidney, dialysis, patients, liver, patient	21	https://t.me/sahfyu
112	libyan, kufra, immigrants, libya, migrants	12	https://t.me/sahfyu
113	honey, strains, wild, diplomatic, best	1	https://t.me/sahfyu
114	migration, migrants, organization, libya, million	11	https://t.me/sahfyu
115	economic, hamida, titles, policies, expert	8	https://t.me/sahfyu
116	haftar, libya, libyan, kufra, tripoli	16	https://t.me/sahfyu
117	estate, real, housing, apartments, apartment	20	https://t.me/sahfyu
118	love, mother, husband, sleeping, crying	31	https://t.me/sahfyu
119	wished, glorious, mercy, souls, speedy	1	https://t.me/sahfyu
120	hotels, speech, unamid, al, peace	17	https://t.me/sahfyu
121	temperatures, meteorology, low, gradual, slight	5	https://t.me/sahfyu
122	apartments, patients, medical, infected, treatment	8	https://t.me/sahfyu
123	disappearance, rashid, turkish, hospital, mysterious	2	https://t.me/sahfyu
124	chadian, chad, qaisan, emirati, border	6	https://t.me/sahfyu
126	hajj, umrah, pilgrims, ah, holy	14	https://t.me/sahfyu
127	terrorists, countryside, trenches, finds, term	4	https://t.me/sahfyu
128	youtube, bit, click, httpstmesudaaan, httpswhatsappcomchaannel0029vb2jdpaixnnnnnnnnnnnnnpxuj5a1x	1	https://t.me/sahfyu
129	betrayed, war, trust, longer, winning	10	https://t.me/sahfyu
132	darfur, west, arko, minawi, sultan	20	https://t.me/sahfyu
134	sit, sitin, dispersing, protesters, dispersal	40	https://t.me/sahfyu
135	climate, basics, change, fails, introducing	2	https://t.me/sahfyu
138	party, umma, elections, sadiq, political	20	https://t.me/sahfyu
139	insurance, health, kadugli, seminar, organizes	11	https://t.me/sahfyu
140	looting, breaking, shops, releasing, homes	5	https://t.me/sahfyu
141	kizan, advisors, empowerment, fired, manna	29	https://t.me/sahfyu
142	watan, balad, news, al, 2025	4	https://t.me/sahfyu
143	bashir, albashir, deposed, al, trial	37	https://t.me/sahfyu
144	film, series, character, heroes, star	25	https://t.me/sahfyu
145	list, terrorism, terrorist, sponsoring, remove	27	https://t.me/sahfyu
147	deterioration, migration, immigration, wrong, voluntary	16	https://t.me/sahfyu
148	httpstmesaqwl, fees, coverage, fee, permission	2	https://t.me/sahfyu
149	suicide, animal, birds, bird, think	15	https://t.me/sahfyu
150	investment, economy, producers, subsidies, sector	22	https://t.me/sahfyu
151	pounds, price, kilo, vegetables, prices	30	https://t.me/sahfyu
152	coast, migrants, boat, mediterranean, tunisian	19	https://t.me/sahfyu
153	transportation, railway, tariffs, buses, line	25	https://t.me/sahfyu
154	balad, karari, 2018, headlines, ad	5	https://t.me/sahfyu
155	road, roads, kilometers, bridges, length	14	https://t.me/sahfyu
157	defeated, hero, asphalt, audio, remember	5	https://t.me/sahfyu
158	intensification, living, services, society, homeless	8	https://t.me/sahfyu
159	unamid, mission, unitams, security, peretz	28	https://t.me/sahfyu
160	gentlemen, peace, agreement, process, parties	18	https://t.me/sahfyu
161	empowerment, committee, professionals, association, removal	34	https://t.me/sahfyu
162	houses, neighborhood, collapsed, partially, al	11	https://t.me/sahfyu
163	rashad, kordofan, locality, health, festival	9	https://t.me/sahfyu
165	summary, best, 2021, start, news	51	https://t.me/sahfyu
166	coup, freedom, change, revolutionary, elections	31	https://t.me/sahfyu
167	dr, health, akram, haitham, ministry	15	https://t.me/sahfyu
168	newspaper, akhbar, al, watan, documentation	17	https://t.me/sahfyu
169	negotiation, facilitates, controversial, task, negotiating	25	https://t.me/sahfyu
170	replaced, helped, god, wants, oh	2	https://t.me/sahfyu
172	islamic, movement, religious, sheikh, biggest	28	https://t.me/sahfyu
173	artistic, clock, honest, rates, site	16	https://t.me/sahfyu
174	summary, news, best, start, ad	62	https://t.me/sahfyu
175	transferring, balance, safely, discount, din	2	https://t.me/sahfyu
177	ii, rule, man, invaders, rahman	14	https://t.me/sahfyu
178	flag, commander, chief, chairman, independence	11	https://t.me/sahfyu
179	hammam, shafiq, magdy, science, technology	13	https://t.me/sahfyu
180	transportation, buses, tariffs, traffic, bus	16	https://t.me/sahfyu
181	bahri, enemy, vehicles, rebel, destroyed	6	https://t.me/sahfyu
182	london, european, constructive, british, engagement	10	https://t.me/sahfyu
183	taught, expatriates, tell, worked, expatriate	13	https://t.me/sahfyu
184	located, nile, shalatin, closest, satisfy	7	https://t.me/sahfyu
185	bombing, civilians, violent, militia, residential	8	https://t.me/sahfyu
186	rukn, major, general, 14th, moatasem	6	https://t.me/sahfyu
187	sisi, egyptian, visit, burhan, president	17	https://t.me/sahfyu
188	draft, law, communications, groups, information	14	https://t.me/sahfyu
189	uganda, tarco, kampala, praising, appreciation	3	https://t.me/sahfyu
190	whatsapp, follow, brother, telegram, oh	3	https://t.me/sahfyu
191	agreement, negotiations, informal, negotiation, framework	26	https://t.me/sahfyu
192	journey, woman, tells, authentic, story	10	https://t.me/sahfyu
193	prison, imprisonment, man, girl, young	16	https://t.me/sahfyu
195	source, informing, ad, omdurman, khartoum	18	https://t.me/sahfyu
196	investigation, police, east, theft, investigations	18	https://t.me/sahfyu
197	uae, emirates, judge, zayed, fatal	10	https://t.me/sahfyu
199	ministerial, obeid, declaration, homeland, reviews	1	https://t.me/sahfyu
200	hemedti, dagalo, rahim, burhan, defect	4	https://t.me/sahfyu
201	dam, renaissance, reservations, filling, withdraws	30	https://t.me/sahfyu
202	service, civil, employees, selection, commission	16	https://t.me/sahfyu
203	funeral, obeid, held, cemetery, gengueid	1	https://t.me/sahfyu
205	supposed, contain, gasoline, honey, means	1	https://t.me/sahfyu
206	quran, sharia, jurisprudence, rent, holy	10	https://t.me/sahfyu
207	clothing, winter, communication, clothes, 2020	6	https://t.me/sahfyu
208	sanctions, european, union, expired, deadline	11	https://t.me/sahfyu
209	intelligence, service, cells, sleeper, general	12	https://t.me/sahfyu
210	telecommunications, explanatory, regulatory, internet, technologies	5	https://t.me/sahfyu
212	asia, correspondent, daily, caliph, axis	4	https://t.me/sahfyu
213	treatment, providing, sick, dilling, hospitals	6	https://t.me/sahfyu
215	69, sudantoday, possess, sudannews, army	7	https://t.me/sahfyu
216	floods, damage, homes, damaged, rates	12	https://t.me/sahfyu
217	antiquities, archaeological, discovery, partnerships, rehabilitate	8	https://t.me/sahfyu
218	zakat, bureau, secretary, expatriates, sharia	19	https://t.me/sahfyu
219	distress, popularresistance, sudanesearmedforces, evident, independence	5	https://t.me/sahfyu
220	headlines, 2020, political, 2019, newspaper	33	https://t.me/sahfyu
221	budget, heba, amer, finance, economic	25	https://t.me/sahfyu
222	tourism, tourist, shendi, travel, travelers	13	https://t.me/sahfyu
223	contrary, losing, defenseless, prisoners, ask	1	https://t.me/sahfyu
224	radio, television, broadcast, channel, broadcasting	19	https://t.me/sahfyu
225	motorcycles, cruiser, cars, vehicles, quantity	9	https://t.me/sahfyu
227	dam, renaissance, unilateral, filling, ethiopia	22	https://t.me/sahfyu
228	unhcr, designated, relevant, transferred, centres	4	https://t.me/sahfyu
229	crying, darfur, burned, blood, relation	5	https://t.me/sahfyu
230	abroad, protests, sit, voice, expose	4	https://t.me/sahfyu
232	asks, dismissed, invaders, enlightened, arts	5	https://t.me/sahfyu
233	truce, jeddah, ain, war, end	7	https://t.me/sahfyu
234	massive, broke, kalma, property, causes	6	https://t.me/sahfyu
235	meteorology, rainfall, expected, rain, warns	5	https://t.me/sahfyu
236	ransom, asked, pay, accused, defendants	13	https://t.me/sahfyu
237	terrorist, sky, crimes, militia, festival	7	https://t.me/sahfyu
238	saad, salma, village, al, trap	4	https://t.me/sahfyu
239	jazeera, agent, project, restrictions, al	6	https://t.me/sahfyu
240	grade, dabba, expedite, foundation, isolation	7	https://t.me/sahfyu
242	illegal, drugs, immigration, designed, trafficking	11	https://t.me/sahfyu
243	prison, detainees, prisons, house, detention	11	https://t.me/sahfyu
244	ethnic, hemedti, torture, murder, civilians	4	https://t.me/sahfyu
245	obligation, loaf, eating, luxury, afraid	4	https://t.me/sahfyu
246	car, cars, import, controls, expatriates	29	https://t.me/sahfyu
247	ella, colleagues, island, longer, devoted	3	https://t.me/sahfyu
248	infantry, division, commander, 22nd, brigade	1	https://t.me/sahfyu
249	gold, kilos, investigations, smuggle, thwarted	12	https://t.me/sahfyu
250	zakat, bureau, office, man, brother	4	https://t.me/sahfyu
251	misery, exists, tents, longer, sound	7	https://t.me/sahfyu
252	salva, kiir, juba, machar, ugandan	9	https://t.me/sahfyu
253	discover, discovered, al, ones, let	12	https://t.me/sahfyu
254	sake, homeland, souls, sorry, failures	8	https://t.me/sahfyu
255	hamdok, mirghani, glorious, mr, fulfill	20	https://t.me/sahfyu
256	umma, party, national, rebuilding, affirms	20	https://t.me/sahfyu
257	applicants, luck, broadcaster, apply, gets	5	https://t.me/sahfyu
258	milk, kilograms, omani, half, 900	2	https://t.me/sahfyu
259	pregnant, mothers, nutritional, age, breastfeeding	13	https://t.me/sahfyu
260	jabra, stormed, sheikh, village, assaulted	4	https://t.me/sahfyu
261	columns, bulletin, promise, nabil, directing	2	https://t.me/sahfyu
262	forensic, morgue, bodies, deceased, unidentified	17	https://t.me/sahfyu
263	rulings, disgrace, globally, aspect, customers	4	https://t.me/sahfyu
264	wished, material, offered, aware, speedy	5	https://t.me/sahfyu
265	curse, plundered, misseriya, native, hearts	1	https://t.me/sahfyu
266	graduation, entertainment, recruits, division, infantry	6	https://t.me/sahfyu
267	garda, wahid, weapons, aggression, initiative	5	https://t.me/sahfyu
269	endeavors, succeed, matrix, responsibilities, work	12	https://t.me/sahfyu
270	chadian, chad, origins, mohamed, tribe	4	https://t.me/sahfyu
271	points, freely, border, embassy, delegate	3	https://t.me/sahfyu
273	traitors, bite, traitor, hate, mouth	15	https://t.me/sahfyu
274	preparation, monitoring, 2017, newspapers, headlines	10	https://t.me/sahfyu
275	parties, uae, clarified, translation, unilateral	5	https://t.me/sahfyu
276	withdraws, institute, language, english, canada	3	https://t.me/sahfyu
277	museum, forest, tree, green, forestry	5	https://t.me/sahfyu
278	gold, deposed, bashir, bank, case	11	https://t.me/sahfyu
279	confrontation, legitimate, war, modern, institution	4	https://t.me/sahfyu
280	jordanian, uae, diplomats, diplomatic, emirates	5	https://t.me/sahfyu
281	locality, kurmuk, executive, dalami, habila	13	https://t.me/sahfyu
282	kassab, enormous, wounded, count, shambat	2	https://t.me/sahfyu
-1	al, facebook, minister, governor, id	1361	https://t.me/m_alkarama2023
0	chief, commander, sovereign, axis, fasher	27	https://t.me/m_alkarama2023
1	education, exams, certificate, students, school	163	https://t.me/m_alkarama2023
2	humanitarian, aid, nations, food, united	17	https://t.me/m_alkarama2023
3	facebook, id, sports, 249, gengueid	67	https://t.me/m_alkarama2023
4	turkish, al, jurisprudence, islamic, attend	13	https://t.me/m_alkarama2023
6	ethiopian, tigray, ethiopia, eritrean, crossing	7	https://t.me/m_alkarama2023
7	cholera, cases, dengue, disease, fever	25	https://t.me/m_alkarama2023
8	gaza, palestinian, israeli, israel, summit	10	https://t.me/m_alkarama2023
9	kikel, village, contacted, wish, fasher	6	https://t.me/m_alkarama2023
10	women, violence, rape, sexual, celebrates	9	https://t.me/m_alkarama2023
11	agricultural, season, farmers, production, seeds	35	https://t.me/m_alkarama2023
12	bombed, looted, wounding, casualties, burri	10	https://t.me/m_alkarama2023
13	god, mercy, ask, lord, bless	19	https://t.me/m_alkarama2023
16	concrete, isolated, absent, ministers, achievements	4	https://t.me/m_alkarama2023
17	baskets, food, crescent, distributes, distribution	30	https://t.me/m_alkarama2023
18	aspect, laws, legal, accordance, doubt	5	https://t.me/m_alkarama2023
19	foreign, affairs, minister, china, ambassador	13	https://t.me/m_alkarama2023
20	sovereign, jaber, member, minister, governor	10	https://t.me/m_alkarama2023
21	drinking, medical, water, medicines, 74	8	https://t.me/m_alkarama2023
22	defeat, battle, honest, history, pride	11	https://t.me/m_alkarama2023
24	dabbah, displaced, al, atbara, suki	9	https://t.me/m_alkarama2023
25	rituals, 140, 350, chad, 41	3	https://t.me/m_alkarama2023
26	nile, governor, blue, white, launches	22	https://t.me/m_alkarama2023
27	siege, al, length, army, area	9	https://t.me/m_alkarama2023
28	flight, fourth, transport, southern, refugees	1	https://t.me/m_alkarama2023
29	police, security, khartoum, crime, seizes	20	https://t.me/m_alkarama2023
30	branch, managers, bank, currency, facebook	8	https://t.me/m_alkarama2023
31	airport, underway, mills, flights, doors	2	https://t.me/m_alkarama2023
32	foreigners, passports, passport, illegally, procedures	6	https://t.me/m_alkarama2023
33	sabreen, police, rehabilitate, specialized, cameras	10	https://t.me/m_alkarama2023
34	rains, torrential, floods, rain, torrents	7	https://t.me/m_alkarama2023
35	ceasefire, supplied, rebels, facilitated, beneficiaries	5	https://t.me/m_alkarama2023
36	56, built, marginalization, foolish, ignoring	4	https://t.me/m_alkarama2023
37	withdrawal, aggression, prey, catch, prolonged	15	https://t.me/m_alkarama2023
38	2030, prosecution, explanatory, recover, prosecutor	3	https://t.me/m_alkarama2023
39	net, 650, voluntary, trains, deportation	4	https://t.me/m_alkarama2023
40	mineral, mining, gold, resources, company	17	https://t.me/m_alkarama2023
41	httpstmesaqwl, watch, account, application, following	4	https://t.me/m_alkarama2023
42	lakes, overcoming, horn, malik, rights	1	https://t.me/m_alkarama2023
43	balance, according, dollar, exchange, rate	1	https://t.me/m_alkarama2023
44	spokesperson, interview, administration, slogan, risk	2	https://t.me/m_alkarama2023
45	drug, drugs, pills, seized, heads	9	https://t.me/m_alkarama2023
46	trafficking, human, ethical, governing, smuggling	4	https://t.me/m_alkarama2023
47	affects, jump, dimensions, realize, think	7	https://t.me/m_alkarama2023
48	african, kenyan, union, president, summit	7	https://t.me/m_alkarama2023
49	god, lord, messenger, bless, grant	7	https://t.me/m_alkarama2023
50	whatsapp, reliable, follow, coverage, immediate	8	https://t.me/m_alkarama2023
51	electricity, station, conversion, energy, operate	15	https://t.me/m_alkarama2023
52	generous, original, environment, safe, areas	1	https://t.me/m_alkarama2023
53	refinery, oil, energy, petroleum, fuel	11	https://t.me/m_alkarama2023
55	falsehood, written, better, musa, truth	1	https://t.me/m_alkarama2023
56	impact, style, contained, limits, publication	3	https://t.me/m_alkarama2023
57	ad, 2026, enlightening, saturday, 2025	5	https://t.me/m_alkarama2023
58	ministries, kamel, controversy, idris, khartoum	19	https://t.me/m_alkarama2023
59	customs, smuggle, smuggled, smuggling, goods	15	https://t.me/m_alkarama2023
60	finance, revenues, budget, spending, focuses	8	https://t.me/m_alkarama2023
62	tom, mourns, professor, othman, agency	1	https://t.me/m_alkarama2023
63	god, master, shame, mighty, long	3	https://t.me/m_alkarama2023
64	deserves, farms, asks, anger, forget	5	https://t.me/m_alkarama2023
65	health, center, surgery, equipment, devices	16	https://t.me/m_alkarama2023
66	promises, hunting, saved, deng, donald	2	https://t.me/m_alkarama2023
67	weather, moderate, facebook, temperatures, meteorology	36	https://t.me/m_alkarama2023
68	words, assistance, does, need, sudan	1	https://t.me/m_alkarama2023
70	passports, hijri, immigration, administration, passport	5	https://t.me/m_alkarama2023
71	media, journalists, cohesion, waging, press	4	https://t.me/m_alkarama2023
73	enlighten, lieutenant, chief, expands, non	3	https://t.me/m_alkarama2023
74	jump, darkness, actually, greater, left	3	https://t.me/m_alkarama2023
75	recovery, speedy, prayers, martyrs, righteous	3	https://t.me/m_alkarama2023
76	armored, vehicles, moments, enemy, command	6	https://t.me/m_alkarama2023
77	artist, band, artistic, intellectual, artists	8	https://t.me/m_alkarama2023
78	terrorist, step, condemnation, condemned, crimes	5	https://t.me/m_alkarama2023
79	water, station, dar, salaam, es	12	https://t.me/m_alkarama2023
80	god, know, let, grace, praise	11	https://t.me/m_alkarama2023
81	legalize, nationalities, resident, violators, occupation	3	https://t.me/m_alkarama2023
82	philanthropists, district, residential, training, localities	10	https://t.me/m_alkarama2023
83	health, hospital, center, praises, minister	18	https://t.me/m_alkarama2023
84	doha, fined, privacy, insults, filed	2	https://t.me/m_alkarama2023
86	mosque, ruler, birthday, obeid, evaluate	14	https://t.me/m_alkarama2023
87	sponsor, labor, recommendations, improve, aims	2	https://t.me/m_alkarama2023
88	looking, accounts, spring, currency, shall	2	https://t.me/m_alkarama2023
89	regulation, responds, invitation, washington, facilitate	2	https://t.me/m_alkarama2023
90	arming, enemy, honorable, command, maintained	5	https://t.me/m_alkarama2023
91	interventions, external, dialogue, began, sudanese	1	https://t.me/m_alkarama2023
92	calculations, ward, subject, battles, destroyed	2	https://t.me/m_alkarama2023
93	medicines, poisons, pharmaceutical, shipment, solutions	2	https://t.me/m_alkarama2023
94	warehouse, adopting, 56, amendments, gas	2	https://t.me/m_alkarama2023
95	minni, arko, minawi, kordofan, governorates	7	https://t.me/m_alkarama2023
96	chief, commander, chairman, corps, armored	7	https://t.me/m_alkarama2023
97	media, workshop, press, professionals, publications	9	https://t.me/m_alkarama2023
100	tidings, division, queues, army, horizon	6	https://t.me/m_alkarama2023
101	medium, kordofan, corporation, television, locality	3	https://t.me/m_alkarama2023
102	trump, trap, donald, race, oath	3	https://t.me/m_alkarama2023
103	facebook, id, arabic, arabs, strength	3	https://t.me/m_alkarama2023
104	dedicate, cleanse, resolve, kinds, permission	5	https://t.me/m_alkarama2023
105	mourn, hope, village, martyrs, prime	1	https://t.me/m_alkarama2023
106	pilgrims, hajj, ramadan, widows, preachers	11	https://t.me/m_alkarama2023
107	sovereignty, overall, oath, yahya, council	6	https://t.me/m_alkarama2023
108	humanitarian, aid, consultant, fee, exemptions	5	https://t.me/m_alkarama2023
109	refugee, budgets, foreigners, identical, views	6	https://t.me/m_alkarama2023
110	anti, missiles, kenana, drones, responded	1	https://t.me/m_alkarama2023
111	kidney, dialysis, patients, center, hospital	12	https://t.me/m_alkarama2023
112	click, message, net, immigrants, dignity	1	https://t.me/m_alkarama2023
114	migration, significant, returnees, expected, reach	1	https://t.me/m_alkarama2023
115	grow, expects, improve, economy, program	1	https://t.me/m_alkarama2023
117	estate, sabreen, floating, raided, confrontation	2	https://t.me/m_alkarama2023
118	phrase, grief, surroundings, feelings, sadness	3	https://t.me/m_alkarama2023
120	jaber, sovereign, meets, reviews, japanese	7	https://t.me/m_alkarama2023
121	temperatures, meteorology, slight, maximum, decrease	20	https://t.me/m_alkarama2023
122	limbs, condemnations, artificial, medical, captured	3	https://t.me/m_alkarama2023
123	detains, sentenced, hanging, alleviate, acute	2	https://t.me/m_alkarama2023
126	hajj, ah, umrah, pilgrims, perform	9	https://t.me/m_alkarama2023
127	hear, describing, single, dhabi, cover	1	https://t.me/m_alkarama2023
129	citizen, morally, complaint, war, definitely	4	https://t.me/m_alkarama2023
132	net, chief, darfur, commander, classifying	4	https://t.me/m_alkarama2023
135	message249, climate, link, follow, resolutions	15	https://t.me/m_alkarama2023
137	weather, hot, temperatures, parts, moderate	30	https://t.me/m_alkarama2023
139	insurance, health, fund, services, financing	17	https://t.me/m_alkarama2023
140	evacuate, promise, homes, deny, looting	4	https://t.me/m_alkarama2023
141	fadil, taqaddam, mubarak, activists, diaspora	1	https://t.me/m_alkarama2023
142	watan, 2025, news, al, august	37	https://t.me/m_alkarama2023
144	theater, film, celebrates, shown, bamdurman	5	https://t.me/m_alkarama2023
145	instability, extremism, terrorism, alike, enables	1	https://t.me/m_alkarama2023
147	voluntary, deposited, 450, amend, institutional	3	https://t.me/m_alkarama2023
149	horse, prevents, shooting, bear, social	2	https://t.me/m_alkarama2023
150	industry, wheel, employers, proposes, sector	3	https://t.me/m_alkarama2023
151	ruler, commerce, chamber, reconstruction, success	1	https://t.me/m_alkarama2023
152	boat, net, read, missing, coast	2	https://t.me/m_alkarama2023
153	arranges, licensing, transportation, stops, random	1	https://t.me/m_alkarama2023
155	road, roads, asphalt, rehabilitation, maintenance	12	https://t.me/m_alkarama2023
156	watan, nasr, 2025, festival, marwa	4	https://t.me/m_alkarama2023
157	comfort, moved, middle, battle, fought	7	https://t.me/m_alkarama2023
158	welfare, child, homeless, social, reunification	9	https://t.me/m_alkarama2023
160	preserve, rights, rebels, negotiations, satisfy	1	https://t.me/m_alkarama2023
161	performing, decision, practice, appropriate, relevant	2	https://t.me/m_alkarama2023
162	vacation, qadarif, notables, recognition, inspected	3	https://t.me/m_alkarama2023
163	damazin, governor, health, hospital, insurance	6	https://t.me/m_alkarama2023
167	health, haitham, medicines, jazeera, stands	6	https://t.me/m_alkarama2023
169	sponsor, dictates, americans, america, geneva	6	https://t.me/m_alkarama2023
170	victory, god, grant, enemies, plots	8	https://t.me/m_alkarama2023
173	scholarship, admission, apply, university, municipality	1	https://t.me/m_alkarama2023
175	payment, account, transactions, financial, click	9	https://t.me/m_alkarama2023
177	abundant, civilization, ancient, helping, contribution	1	https://t.me/m_alkarama2023
178	incubator, atta, founding, extends, yasser	3	https://t.me/m_alkarama2023
179	science, technology, magazine, publishing, hammam	1	https://t.me/m_alkarama2023
180	containing, toll, resuming, buses, arqin	1	https://t.me/m_alkarama2023
181	infantry, retreated, destroyed, station, attack	6	https://t.me/m_alkarama2023
182	engagement, britain, positive, agree, relations	1	https://t.me/m_alkarama2023
184	jazeera, white, large, villages, displacement	1	https://t.me/m_alkarama2023
185	zone, industrial, obeid, condemns, bombing	1	https://t.me/m_alkarama2023
186	rukn, commander, al, major, general	8	https://t.me/m_alkarama2023
187	cairo, egyptian, relations, discuss, reference	6	https://t.me/m_alkarama2023
188	job, game, replace, lose, happen	2	https://t.me/m_alkarama2023
190	facebook, id, whatsapp, use, follow	16	https://t.me/m_alkarama2023
191	matter, negotiate, negotiation, accept, possible	2	https://t.me/m_alkarama2023
192	exhausted, difficulty, spirit, europe, plane	1	https://t.me/m_alkarama2023
193	imprisonment, facebook, id, prison, death	4	https://t.me/m_alkarama2023
195	omdurman, clean, medina, regulatory, tells	2	https://t.me/m_alkarama2023
196	investigation, theft, paid, criminal, police	7	https://t.me/m_alkarama2023
197	evidence, emirates, mentioning, publicly, pushed	3	https://t.me/m_alkarama2023
199	homeland, 2026, ad, news, november	26	https://t.me/m_alkarama2023
202	reform, service, civil, aqar, shall	5	https://t.me/m_alkarama2023
203	cemetery, gengueid, read, net, details	13	https://t.me/m_alkarama2023
205	homeland, november, 2025, ad, news	19	https://t.me/m_alkarama2023
206	holy, mosques, quran, imams, facebook	10	https://t.me/m_alkarama2023
207	notification, karama, contribute, awad, organization	8	https://t.me/m_alkarama2023
208	surprised, false, regard, reject, accusations	1	https://t.me/m_alkarama2023
209	forgery, sleeper, tight, cells, threats	1	https://t.me/m_alkarama2023
210	digital, transformation, expansion, communications, technologies	1	https://t.me/m_alkarama2023
211	operational, february, 11, tuesday, position	1	https://t.me/m_alkarama2023
213	nights, learned, departure, patients, brought	1	https://t.me/m_alkarama2023
215	69, sudantoday, sudannews, diplomat, spokesperson	1	https://t.me/m_alkarama2023
216	floods, autumn, rain, injuries, 68	4	https://t.me/m_alkarama2023
217	archaeological, antiquities, heritage, culture, cultural	8	https://t.me/m_alkarama2023
218	zakat, trustees, permissible, shift, balance	5	https://t.me/m_alkarama2023
219	id, popularresistance, facebook, sudanesearmedforces, evident	1	https://t.me/m_alkarama2023
222	tourism, kilo, discusses, suakin, ways	2	https://t.me/m_alkarama2023
224	radio, facebook, id, television, channel	5	https://t.me/m_alkarama2023
225	motorcycles, traffic, highlighting, documents, dens	4	https://t.me/m_alkarama2023
227	issue, existential, visions, countries, water	2	https://t.me/m_alkarama2023
229	started, rebels, lying, stole, plundered	2	https://t.me/m_alkarama2023
230	miserable, breaking, union, contribute, entire	1	https://t.me/m_alkarama2023
231	facebook, message249, id, khartoumjanjaweedcemetery, battleofdignity	32	https://t.me/m_alkarama2023
232	openly, panic, heard, hosts, calls	1	https://t.me/m_alkarama2023
235	meteorology, varying, rains, rainfall, thunderstorms	9	https://t.me/m_alkarama2023
236	sentence, execution, hanging, accused, death	8	https://t.me/m_alkarama2023
237	platforms, scores, facilitated, ordinary, sponsors	2	https://t.me/m_alkarama2023
238	sons, exhaustion, tribes, rushing, summoned	2	https://t.me/m_alkarama2023
239	jazeera, factor, al, project, recovering	5	https://t.me/m_alkarama2023
240	alleviate, zone, burden, gedaref, baskets	3	https://t.me/m_alkarama2023
242	tours, skills, proven, illegal, missions	1	https://t.me/m_alkarama2023
246	adhering, cancels, model, import, cars	1	https://t.me/m_alkarama2023
247	attacked, rebels, island, villages, army	1	https://t.me/m_alkarama2023
248	infantry, division, 22nd, 18th, tandelti	4	https://t.me/m_alkarama2023
249	gold, mystery, kilograms, kilo, claim	2	https://t.me/m_alkarama2023
250	zakat, meat, bags, rahad, distribution	5	https://t.me/m_alkarama2023
251	slightest, regulation, prolonged, breath, hope	2	https://t.me/m_alkarama2023
252	mona, comments, denounces, reception, arko	1	https://t.me/m_alkarama2023
253	emigrate, contradiction, faith, prophet, mecca	2	https://t.me/m_alkarama2023
255	elected, nazir, success, unite, hatem	3	https://t.me/m_alkarama2023
256	kasla, hosts, suna, society, platform	1	https://t.me/m_alkarama2023
257	specializations, read, available, know, details	1	https://t.me/m_alkarama2023
258	watan, january, 2025, 27, 24	2	https://t.me/m_alkarama2023
259	guide, reproductive, planning, facebook, workshop	2	https://t.me/m_alkarama2023
260	purposes, cutting, deliberately, assault, looks	2	https://t.me/m_alkarama2023
262	posted, perpetrator, catch, corpses, sad	1	https://t.me/m_alkarama2023
263	middle, hands, remain, needs, free	1	https://t.me/m_alkarama2023
265	glory, arabs, mercenary, diaspora, africa	1	https://t.me/m_alkarama2023
266	graduation, cooperative, guidance, 72, batch	2	https://t.me/m_alkarama2023
267	adre, crossing, alharith, activation, stipulated	1	https://t.me/m_alkarama2023
269	identifies, carefully, disagreement, studied, points	1	https://t.me/m_alkarama2023
270	worrying, affects, interim, neighboring, contained	1	https://t.me/m_alkarama2023
271	adre, crossing, obstruction, border, permits	3	https://t.me/m_alkarama2023
273	immoral, morals, indicates, heroes, brought	1	https://t.me/m_alkarama2023
277	forests, forest, 128, trees, activation	5	https://t.me/m_alkarama2023
279	indirectly, indirect, managed, tools, multiple	1	https://t.me/m_alkarama2023
280	inevitably, certain, spokesperson, fine, confirming	1	https://t.me/m_alkarama2023
281	shall, hands, watan, slogan, initiative	1	https://t.me/m_alkarama2023
282	getting, specialized, condemns, bombing, hospital	1	https://t.me/m_alkarama2023
287	reliable, coverage, whatsapp, immediate, maximum	6	https://t.me/m_alkarama2023
-1	al, bashir, newspaper, government, link	5521	https://t.me/sd_news_network
0	displaced, rapid, al, darfur, scene	158	https://t.me/sd_news_network
1	students, education, school, exams, certificate	402	https://t.me/sd_news_network
2	humanitarian, food, aid, million, nations	163	https://t.me/sd_news_network
3	hilal, al, cup, sports, league	123	https://t.me/sd_news_network
4	qatari, saudi, yemen, iran, arabia	329	https://t.me/sd_news_network
5	newspaper, al, headlines, newspapers, sudani	259	https://t.me/sd_news_network
6	ethiopian, ethiopia, eritrea, border, eritrean	112	https://t.me/sd_news_network
7	cases, cholera, malaria, infected, aids	45	https://t.me/sd_news_network
8	israel, israeli, palestinian, normalization, gaza	117	https://t.me/sd_news_network
9	al, village, villages, jazeera, displacement	45	https://t.me/sd_news_network
10	women, sexual, rape, violence, girls	40	https://t.me/sd_news_network
11	agricultural, farmers, livestock, wheat, pounds	88	https://t.me/sd_news_network
12	90, killed, dead, forced, displacement	34	https://t.me/sd_news_network
13	god, almighty, blessings, desired, mind	17	https://t.me/sd_news_network
14	corona, cases, virus, coronavirus, infection	91	https://t.me/sd_news_network
15	net, click, opportunities, required, looking	4	https://t.me/sd_news_network
16	legislative, elections, constitution, election, party	97	https://t.me/sd_news_network
17	baskets, charitable, donate, charity, meals	29	https://t.me/sd_news_network
18	crimes, international, civilians, law, norms	16	https://t.me/sd_news_network
19	relations, foreign, ambassador, affairs, countries	88	https://t.me/sd_news_network
20	al, meets, minister, reviews, governor	47	https://t.me/sd_news_network
21	doctors, medical, room, emergency, borders	34	https://t.me/sd_news_network
22	decisively, amin, wing, seriously, warn	3	https://t.me/sd_news_network
23	hamdok, party, al, leader, freedom	103	https://t.me/sd_news_network
24	displaced, residents, village, camp, urgently	22	https://t.me/sd_news_network
25	refugees, commissioner, high, chad, unhcr	78	https://t.me/sd_news_network
26	blue, plant, checks, acres, winter	8	https://t.me/sd_news_network
27	occurred, ambush, area, sixth, vehicle	9	https://t.me/sd_news_network
28	ethiopian, refugees, ethiopia, tigray, stranded	38	https://t.me/sd_news_network
29	police, hadi, yahya, crime, security	11	https://t.me/sd_news_network
30	bank, exchange, dollar, banks, pound	92	https://t.me/sd_news_network
31	airport, flight, airlines, aviation, plane	44	https://t.me/sd_news_network
32	passports, passport, immigration, citizenship, visa	28	https://t.me/sd_news_network
33	police, security, deploying, intelligence, prestige	30	https://t.me/sd_news_network
34	floods, rains, torrents, rain, collapse	36	https://t.me/sd_news_network
35	ceasefire, peace, parties, agreement, truce	34	https://t.me/sd_news_network
36	revolution, change, freedom, revolutionary, power	32	https://t.me/sd_news_network
37	hilal, faki, al, component, want	12	https://t.me/sd_news_network
38	corruption, court, prosecution, case, judge	39	https://t.me/sd_news_network
39	syrians, stranded, embassy, egypt, sharjah	33	https://t.me/sd_news_network
40	gold, mining, mineral, production, company	40	https://t.me/sd_news_network
42	rights, human, maulana, expert, independent	8	https://t.me/sd_news_network
43	exchange, dollar, rate, inflation, currency	69	https://t.me/sd_news_network
44	corona, cases, suspected, infections, 112	36	https://t.me/sd_news_network
45	drugs, drug, pills, combating, seized	50	https://t.me/sd_news_network
46	trafficking, human, smuggling, victims, gang	46	https://t.me/sd_news_network
47	noticed, answer, character, reconcile, wait	10	https://t.me/sd_news_network
48	african, continent, union, summit, president	28	https://t.me/sd_news_network
49	soul, muslim, book, patience, contact	3	https://t.me/sd_news_network
50	follow, telegram, link, application, news	28	https://t.me/sd_news_network
51	electricity, energy, power, outages, generation	25	https://t.me/sd_news_network
52	displaced, shelter, elderly, harsh, food	37	https://t.me/sd_news_network
53	fuel, refinery, oil, energy, gasoline	39	https://t.me/sd_news_network
54	newspaper, headlines, al, wajdi, army	7	https://t.me/sd_news_network
55	tayeb, bilal, writes, al, professor	10	https://t.me/sd_news_network
56	followers, telecommunications, accounts, networks, starlink	15	https://t.me/sd_news_network
57	2017, headlines, preparation, monitoring, issued	23	https://t.me/sd_news_network
58	explaining, accomplished, republic, ministers, khartoum	23	https://t.me/sd_news_network
59	customs, smuggling, goods, authority, quantities	26	https://t.me/sd_news_network
60	budget, finance, spending, parliament, economy	42	https://t.me/sd_news_network
61	scene, link, telegram, join, httpstmesdnewsnetwork	184	https://t.me/sd_news_network
62	headlines, newspapers, newspaper, 2022, 2017	88	https://t.me/sd_news_network
63	serve, sacrifices, god, living, blood	2	https://t.me/sd_news_network
64	brother, innocent, blood, minawi, sudanese	1	https://t.me/sd_news_network
65	health, doctors, hospital, patients, strategy	29	https://t.me/sd_news_network
66	sanctions, security, mission, united, council	22	https://t.me/sd_news_network
67	facebook, meteorology, page, posts, weather	7	https://t.me/sd_news_network
68	revolution, power, quotas, partial, peace	17	https://t.me/sd_news_network
70	passports, immigration, registry, administration, identity	6	https://t.me/sd_news_network
71	journalists, media, professional, federation, cairo	17	https://t.me/sd_news_network
72	court, criminal, bashir, crimes, genocide	19	https://t.me/sd_news_network
73	bashir, egyptian, relations, egypt, president	25	https://t.me/sd_news_network
74	advised, advice, understand, saying, continued	9	https://t.me/sd_news_network
75	body, martyr, offering, 55, speedy	2	https://t.me/sd_news_network
77	artist, artists, song, singing, nour	32	https://t.me/sd_news_network
78	terrorist, terrorism, muslims, names, classify	10	https://t.me/sd_news_network
79	water, dams, wells, dam, stations	33	https://t.me/sd_news_network
80	considers, weapon, presidency, vision, sheikh	1	https://t.me/sd_news_network
81	immigrants, immigration, parents, illegal, foreigners	20	https://t.me/sd_news_network
82	rent, housing, house, segments, rented	16	https://t.me/sd_news_network
83	health, medical, doctors, hamida, personnel	22	https://t.me/sd_news_network
84	court, accused, case, prosecution, mahdi	33	https://t.me/sd_news_network
85	newspapers, headlines, political, morning, prominent	73	https://t.me/sd_news_network
86	religious, religion, tolerance, islam, coexistence	25	https://t.me/sd_news_network
87	workers, labor, expatriate, saudi, 2017	31	https://t.me/sd_news_network
88	debts, bank, debt, billion, economic	46	https://t.me/sd_news_network
89	chinese, china, countries, foreign, decision	36	https://t.me/sd_news_network
90	tactical, expensive, discord, guardianship, barracks	6	https://t.me/sd_news_network
91	peace, juba, agreement, south, kiir	25	https://t.me/sd_news_network
92	rahad, besiege, recognize, killed, example	2	https://t.me/sd_news_network
93	pharmaceutical, medicines, pharmacies, strip, medicine	29	https://t.me/sd_news_network
94	oil, gasoline, prices, gas, fuel	44	https://t.me/sd_news_network
95	kordofan, west, awlad, tribes, governor	11	https://t.me/sd_news_network
96	chief, staff, armed, defense, pledged	15	https://t.me/sd_news_network
97	publications, press, media, journalists, publishing	18	https://t.me/sd_news_network
98	ethiopian, newspaper, ethiopia, renaissance, dam	43	https://t.me/sd_news_network
100	produce, enemies, fronts, specific, thousand	4	https://t.me/sd_news_network
102	trump, republican, racist, biden, immigrants	21	https://t.me/sd_news_network
103	burhan, religions, neutrality, single, eastern	3	https://t.me/sd_news_network
104	muslims, badr, bin, battle, medina	11	https://t.me/sd_news_network
105	demonstrations, bashir, demonstrators, tear, protesters	29	https://t.me/sd_news_network
106	pilgrims, mosques, custodian, holy, parliament	20	https://t.me/sd_news_network
107	khater, sovereignty, president, lieutenant, commanderinchief	9	https://t.me/sd_news_network
108	humanitarian, priorities, funding, crews, plan	5	https://t.me/sd_news_network
109	deport, refugees, refugee, germany, administrative	12	https://t.me/sd_news_network
110	tank, golden, tanks, palm, asia	6	https://t.me/sd_news_network
111	dialysis, kidney, patients, liver, hospital	11	https://t.me/sd_news_network
112	libya, illegal, immigrants, libyan, migrants	45	https://t.me/sd_news_network
113	honey, strains, wild, best, africa	103	https://t.me/sd_news_network
114	migration, migrants, organization, international, reintegration	21	https://t.me/sd_news_network
115	economic, poverty, policies, wars, titles	10	https://t.me/sd_news_network
116	haftar, libyan, libya, tripoli, accord	25	https://t.me/sd_news_network
117	estate, housing, real, apartment, apartments	20	https://t.me/sd_news_network
118	love, desire, know, emotional, crying	5	https://t.me/sd_news_network
119	scene, link, telegram, httpswhatsappcomchaannel0029vb2jdpaixnnnnnnnnnnnnpxuj5a1x, sudanese	47	https://t.me/sd_news_network
120	bashir, al, unamid, meets, president	28	https://t.me/sd_news_network
121	temperatures, meteorology, winds, slight, maximum	4	https://t.me/sd_news_network
122	patients, teams, medical, msf, survive	5	https://t.me/sd_news_network
123	network, doctors, result, injured, killed	18	https://t.me/sd_news_network
124	chadian, chad, geneina, regime, border	9	https://t.me/sd_news_network
126	hajj, umrah, pilgrims, establishments, ah	11	https://t.me/sd_news_network
129	lot, complaining, shall, neutral, crying	2	https://t.me/sd_news_network
130	join, scene, httpstmesdnewsnetlork, link, telegram	92	https://t.me/sd_news_network
132	darfur, geneina, events, tribal, west	12	https://t.me/sd_news_network
133	testing, careful, bet, quality, laboratory	54	https://t.me/sd_news_network
134	sit, dispersal, sitin, demonstrators, dispersing	29	https://t.me/sd_news_network
135	net, click, climate, details, sales	3	https://t.me/sd_news_network
138	party, elections, legislative, national, political	28	https://t.me/sd_news_network
139	insurance, cost, requirements, health, umbrella	5	https://t.me/sd_news_network
140	looted, property, vandalized, burned, market	8	https://t.me/sd_news_network
141	appointed, al, congress, leaders, gosh	22	https://t.me/sd_news_network
143	bashir, albashir, court, al, wahed	26	https://t.me/sd_news_network
144	experience, series, dramatic, writing, realistic	14	https://t.me/sd_news_network
145	list, terrorism, sponsoring, remove, terrorist	31	https://t.me/sd_news_network
147	return, returnees, voluntary, migration, deterioration	15	https://t.me/sd_news_network
149	animal, prey, celebrated, cries, uproot	4	https://t.me/sd_news_network
150	companies, investment, sectors, economic, reform	24	https://t.me/sd_news_network
151	pounds, price, kilo, prices, meat	19	https://t.me/sd_news_network
152	migrants, coast, boat, mediterranean, libyan	24	https://t.me/sd_news_network
153	transportation, train, railways, railway, lines	10	https://t.me/sd_news_network
154	headlines, local, karari, newspaper, ad	17	https://t.me/sd_news_network
155	bridge, road, length, roads, asphalt	11	https://t.me/sd_news_network
157	canal, transformed, northeast, battalion, stationed	1	https://t.me/sd_news_network
158	level, evaluate, organizations, easy, reaches	3	https://t.me/sd_news_network
159	unamid, mission, darfur, security, nations	21	https://t.me/sd_news_network
160	peace, negotiations, agreement, component, parties	10	https://t.me/sd_news_network
161	professionals, empowerment, association, committee, removal	10	https://t.me/sd_news_network
162	locality, witnessing, contributing, tayeb, din	2	https://t.me/sd_news_network
163	mamoun, reflected, reference, allah, establishing	1	https://t.me/sd_news_network
164	inquiries, 249918984706, orders, delivery, best	77	https://t.me/sd_news_network
166	coup, plotters, change, freedom, justifications	20	https://t.me/sd_news_network
167	health, akram, dr, ministry, garda	14	https://t.me/sd_news_network
168	newspaper, watan, akhbar, al, alwatan	33	https://t.me/sd_news_network
169	interests, principles, america, abide, optimistic	4	https://t.me/sd_news_network
172	islamic, republican, movement, al, religious	20	https://t.me/sd_news_network
173	scholarships, funded, fully, students, scholarship	1	https://t.me/sd_news_network
175	payment, transactions, methods, easily, sitting	5	https://t.me/sd_news_network
176	scene, link, telegram, join, httpstmesdnewsnetwork	71	https://t.me/sd_news_network
177	invaders, coups, warrants, nigeria, egyptians	5	https://t.me/sd_news_network
178	bashir, saluted, defense, armed, independence	5	https://t.me/sd_news_network
179	hammam, shafiq, magdy, science, technology	54	https://t.me/sd_news_network
180	bus, buses, traffic, transportation, transport	10	https://t.me/sd_news_network
181	crush, enemy, fears, rebels, bashir	3	https://t.me/sd_news_network
182	british, london, britain, foreign, bilateral	7	https://t.me/sd_news_network
183	rent, swear, expatriates, mother, home	7	https://t.me/sd_news_network
184	bride, located, favorite, gained, cairo	6	https://t.me/sd_news_network
185	split, ages, explosion, examining, tripartite	3	https://t.me/sd_news_network
186	commanders, ayoub, officers, deputies, deter	3	https://t.me/sd_news_network
187	egyptian, relations, president, visit, cooperation	9	https://t.me/sd_news_network
188	information, communications, law, draft, spending	21	https://t.me/sd_news_network
189	uganda, refugee, rwandan, ugandan, rwanda	3	https://t.me/sd_news_network
190	whatsapp, contact, group, join, follow	6	https://t.me/sd_news_network
191	negotiations, affirming, agreement, determination, observer	13	https://t.me/sd_news_network
192	cold, immigrate, meanings, insulting, drink	2	https://t.me/sd_news_network
193	tear, prison, courts, gas, investigation	8	https://t.me/sd_news_network
194	scene, link, telegram, join, httpstmesdnewsnetwork	65	https://t.me/sd_news_network
195	ago, october, months, khartoum, return	2	https://t.me/sd_news_network
196	hotbed, fugitives, thieves, salem, recent	1	https://t.me/sd_news_network
198	german, language, programme, study, integration	1	https://t.me/sd_news_network
200	movement, liberation, tribe, wahid, movements	10	https://t.me/sd_news_network
201	dam, renaissance, filling, negotiations, issue	15	https://t.me/sd_news_network
202	civil, service, allocations, empower, failures	4	https://t.me/sd_news_network
205	original, sidr, testing, bet, quality	5	https://t.me/sd_news_network
206	duration, quran, holy, imams, sermon	11	https://t.me/sd_news_network
207	donate, burden, want, abboud, materials	18	https://t.me/sd_news_network
208	sanctions, european, union, stipulates, ban	7	https://t.me/sd_news_network
209	intelligence, service, employees, egyptian, ashkit	6	https://t.me/sd_news_network
210	daein, sudani, telecommunications, internet, hall	5	https://t.me/sd_news_network
213	individuals, sick, disease, elderly, wellness	6	https://t.me/sd_news_network
215	unregulated, scene, collection, link, sudanesearmedforces	2	https://t.me/sd_news_network
216	floods, hit, storms, weather, poor	6	https://t.me/sd_news_network
217	antiquities, discovery, archaeological, heritage, museum	7	https://t.me/sd_news_network
218	zakat, evade, approached, determining, governmental	3	https://t.me/sd_news_network
220	headlines, 2020, political, attention, issued	15	https://t.me/sd_news_network
221	heba, budget, crises, revenues, economic	21	https://t.me/sd_news_network
222	tourism, tourist, travelers, hamed, 700	3	https://t.me/sd_news_network
224	channels, satellite, programs, commented, semester	3	https://t.me/sd_news_network
225	traffic, cars, drive, wheel, activating	6	https://t.me/sd_news_network
227	dam, renaissance, water, differences, ethiopia	8	https://t.me/sd_news_network
228	unhcr, detention, alike, pointing, resettlement	4	https://t.me/sd_news_network
229	imagined, complaining, crying, pages, barbaric	2	https://t.me/sd_news_network
230	flags, want, seek, absolutely, countries	3	https://t.me/sd_news_network
233	mediators, ceasefire, jeddah, igad, effort	1	https://t.me/sd_news_network
234	broke, crops, fires, houses, burned	12	https://t.me/sd_news_network
235	dry, rains, heading, warned, meteorology	2	https://t.me/sd_news_network
236	accused, rulings, judicial, fugitive, imprisonment	5	https://t.me/sd_news_network
237	strongly, criteria, sponsors, flows, classified	3	https://t.me/sd_news_network
239	websites, jazeera, sky, arabic, owner	3	https://t.me/sd_news_network
240	baraka, geneina, foundation, saleh, meetings	4	https://t.me/sd_news_network
241	driving, license, 39, applicants, age	6	https://t.me/sd_news_network
242	illegal, transient, secured, boats, drugs	5	https://t.me/sd_news_network
243	prisons, detainees, prison, poor, detention	9	https://t.me/sd_news_network
244	ugliest, regardless, forms, geneina, cities	1	https://t.me/sd_news_network
245	kilograms, meat, lentils, cultural, food	22	https://t.me/sd_news_network
246	cars, import, customs, expatriates, car	10	https://t.me/sd_news_network
247	got, gun, producers, circle, traitors	2	https://t.me/sd_news_network
249	gold, mining, kilos, arrested, random	14	https://t.me/sd_news_network
250	zakat, bureau, riyals, kingdom, mukhtar	5	https://t.me/sd_news_network
252	salva, kiir, machar, kiirs, juba	19	https://t.me/sd_news_network
253	discover, discovered, harmed, saw, ones	9	https://t.me/sd_news_network
254	faces, traitor, let, wasting, heroism	2	https://t.me/sd_news_network
255	representatives, republic, counselor, constitutional, honorary	5	https://t.me/sd_news_network
256	umma, party, rebuilding, national, affirms	12	https://t.me/sd_news_network
257	admission, receiving, completion, secure, final	17	https://t.me/sd_news_network
258	milk, 2017, preparation, monitoring, kilograms	32	https://t.me/sd_news_network
259	honey, nutritional, pregnant, child, wounds	9	https://t.me/sd_news_network
260	village, intimidating, assaulted, beating, stormed	1	https://t.me/sd_news_network
262	morgue, forensic, unidentified, bodies, deceased	10	https://t.me/sd_news_network
263	gulf, rich, income, crises, successively	1	https://t.me/sd_news_network
264	bodies, drowned, survived, injured, woman	12	https://t.me/sd_news_network
265	bushra, immigrated, asia, woman, prepared	2	https://t.me/sd_news_network
266	phenomena, negative, 650, appreciating, consists	2	https://t.me/sd_news_network
267	deployment, adre, crossing, hajar, soldiers	8	https://t.me/sd_news_network
268	looking, intend, courses, opportunities, whatsapp	1	https://t.me/sd_news_network
269	endeavors, succeed, teams, weekly, brought	6	https://t.me/sd_news_network
270	chadian, bashir, chad, written, prime	6	https://t.me/sd_news_network
271	crossing, freely, border, crossings, visas	4	https://t.me/sd_news_network
272	latest, application, link, follow, telegram	40	https://t.me/sd_news_network
274	preparation, monitoring, 2018, newspapers, headlines	29	https://t.me/sd_news_network
275	dilapidated, warring, stop, jeddah, remaining	1	https://t.me/sd_news_network
276	think, english, language, luck, benefit	1	https://t.me/sd_news_network
277	museum, tree, appreciate, writer, specialist	2	https://t.me/sd_news_network
278	liquidity, bank, bashir, gold, seizure	17	https://t.me/sd_news_network
281	locality, addressing, presidency, basic, mayor	2	https://t.me/sd_news_network
282	dead, wounded, preliminary, hospital, doctors	5	https://t.me/sd_news_network
287	age, assessment, shout, obtaining, maximum	1	https://t.me/sd_news_network
-1	al, facebook, governor, minister, id	1273	https://t.me/khartoummagbara
0	chief, cemetery, net, whatsapp, al	38	https://t.me/khartoummagbara
1	education, exams, certificate, students, university	152	https://t.me/khartoummagbara
2	aid, humanitarian, food, problem, commitment	12	https://t.me/khartoummagbara
3	facebook, id, football, sports, 249	73	https://t.me/khartoummagbara
4	turkish, al, jurisprudence, islamic, qatar	11	https://t.me/khartoummagbara
5	tina, unilateral, consolidating, governorates, denouncing	1	https://t.me/khartoummagbara
6	eritrean, crossing, ethiopia, ethiopian, qalabat	6	https://t.me/khartoummagbara
7	cholera, cases, disease, dengue, health	26	https://t.me/khartoummagbara
8	palestinian, gaza, israeli, israel, irresponsible	6	https://t.me/khartoummagbara
9	artillery, injury, shelling, maternity, dedicate	6	https://t.me/khartoummagbara
10	women, violence, celebrates, trauma, gender	10	https://t.me/khartoummagbara
11	agricultural, season, farmers, production, agriculture	36	https://t.me/khartoummagbara
12	looted, bombed, burri, intimidating, sweet	8	https://t.me/khartoummagbara
13	god, approached, oh, lord, reward	12	https://t.me/khartoummagbara
16	offers, secretariat, positions, leadership, ministers	1	https://t.me/khartoummagbara
17	baskets, crescent, food, distributes, displaced	33	https://t.me/khartoummagbara
18	encourages, doubt, punishment, sponsor, massacres	1	https://t.me/khartoummagbara
19	foreign, china, minister, affairs, forum	11	https://t.me/khartoummagbara
20	minister, federal, health, governor, meets	10	https://t.me/khartoummagbara
21	doctors, medical, medicines, 74, ambulances	9	https://t.me/khartoummagbara
22	soldier, tent, army, fabric, recruitment	9	https://t.me/khartoummagbara
23	mona, symposium, arko, paris, participating	1	https://t.me/khartoummagbara
24	district, dabbah, al, displaced, jazira	10	https://t.me/khartoummagbara
25	net, refugees, rituals, chad, 140	4	https://t.me/khartoummagbara
26	nile, governor, blue, white, launches	22	https://t.me/khartoummagbara
27	siege, soba, facebook, click, id	13	https://t.me/khartoummagbara
28	flight, fourth, transport, southern, refugees	1	https://t.me/khartoummagbara
29	police, security, khartoum, crime, remove	24	https://t.me/khartoummagbara
30	bank, branch, currency, omdurman, koko	8	https://t.me/khartoummagbara
31	50, reduction, airlines, aviation, seats	4	https://t.me/khartoummagbara
32	foreigners, passports, card, passport, issuing	7	https://t.me/khartoummagbara
33	sabreen, police, defendants, rehabilitate, specialized	11	https://t.me/khartoummagbara
34	rains, floods, heavy, rain, torrential	8	https://t.me/khartoummagbara
36	56, built, marginalization, purify, rebellion	5	https://t.me/khartoummagbara
37	al, militia, deposited, burhan, islamist	13	https://t.me/khartoummagbara
38	honor, prosecution, 2030, frameworks, ok	7	https://t.me/khartoummagbara
39	gengueid, cemetery, net, egypt, voluntary	6	https://t.me/khartoummagbara
40	mineral, mining, gold, resources, minerals	14	https://t.me/khartoummagbara
41	httpstmesaqwl, watch, account, application, following	6	https://t.me/khartoummagbara
42	rights, lakes, human, overcoming, improvement	2	https://t.me/khartoummagbara
43	indian, strengthening, discuss, relations, ambassador	1	https://t.me/khartoummagbara
44	risk, global, health, assessment, federal	3	https://t.me/khartoummagbara
45	drug, drugs, pills, control, seized	11	https://t.me/khartoummagbara
46	trafficking, human, ethical, governing, anti	3	https://t.me/khartoummagbara
47	mentioning, ok, examples, preserved, apologize	3	https://t.me/khartoummagbara
48	african, jaber, union, summit, lieutenant	6	https://t.me/khartoummagbara
49	messenger, god, grant, jar, weapon	7	https://t.me/khartoummagbara
50	whatsapp, reliable, coverage, follow, immediate	17	https://t.me/khartoummagbara
51	electricity, station, energy, electrical, line	14	https://t.me/khartoummagbara
52	adequate, relatively, honored, safe, generous	3	https://t.me/khartoummagbara
53	oil, energy, gasoline, gas, counterpart	6	https://t.me/khartoummagbara
55	khojali, 1446, seven, hassan, evidence	2	https://t.me/khartoummagbara
56	networks, complicated, internet, contacted, periods	4	https://t.me/khartoummagbara
57	ad, 2026, enlightening, saturday, 2025	5	https://t.me/khartoummagbara
58	ministries, khartoum, governor, determine, tour	14	https://t.me/khartoummagbara
59	customs, smuggling, smuggle, smuggled, goods	15	https://t.me/khartoummagbara
60	finance, revenues, budget, spending, focuses	7	https://t.me/khartoummagbara
62	tom, mourns, addresses, morning, professor	2	https://t.me/khartoummagbara
63	god, protect, blessings, happy, victory	3	https://t.me/khartoummagbara
64	tonight, boys, forget, intervene, chadian	2	https://t.me/khartoummagbara
65	health, center, surgery, equipment, devices	14	https://t.me/khartoummagbara
66	promises, saved, deng, dirty, donald	1	https://t.me/khartoummagbara
67	weather, temperatures, moderate, facebook, meteorology	35	https://t.me/khartoummagbara
68	wasted, agendas, narrow, aspirations, serve	1	https://t.me/khartoummagbara
70	passports, immigration, normally, administration, registry	4	https://t.me/khartoummagbara
71	media, journalists, professionals, machinery, bearing	4	https://t.me/khartoummagbara
73	enlighten, lieutenant, chief, expands, non	3	https://t.me/khartoummagbara
74	personally, satisfied, fact, left, clear	3	https://t.me/khartoummagbara
75	speedy, recovery, martyrs, mercy, acceptance	4	https://t.me/khartoummagbara
76	armored, vehicles, moments, enemy, command	6	https://t.me/khartoummagbara
77	artist, intellectual, qader, artists, artistic	6	https://t.me/khartoummagbara
78	condemn, punished, dirty, terrorist, prompted	3	https://t.me/khartoummagbara
79	water, station, salaam, es, drinking	10	https://t.me/khartoummagbara
80	god, praise, mercenary, messenger, blessings	5	https://t.me/khartoummagbara
81	foreigners, anticipating, deports, citizenship, resident	4	https://t.me/khartoummagbara
82	philanthropists, district, residential, training, localities	11	https://t.me/khartoummagbara
83	health, hospital, medical, center, federal	16	https://t.me/khartoummagbara
84	doha, fined, privacy, insults, filed	2	https://t.me/khartoummagbara
86	obeid, mosque, evaluate, church, kassala	10	https://t.me/khartoummagbara
87	sponsor, labor, recommendations, improve, aims	2	https://t.me/khartoummagbara
88	looking, accounts, spring, currency, shall	2	https://t.me/khartoummagbara
89	responds, invitation, washington, visit, affairs	1	https://t.me/khartoummagbara
90	arming, enemy, honorable, maintained, command	2	https://t.me/khartoummagbara
91	engaging, proposed, paths, interventions, spoke	2	https://t.me/khartoummagbara
92	weapon, fights, robbed, colleague, surprising	1	https://t.me/khartoummagbara
93	medicines, poisons, pharmaceutical, shipment, solutions	2	https://t.me/khartoummagbara
94	hiatus, pumping, warehouse, adopting, 56	3	https://t.me/khartoummagbara
95	governorates, kordofan, legitimate, temporary, inaugurates	4	https://t.me/khartoummagbara
96	chief, commander, chairman, corps, armored	7	https://t.me/khartoummagbara
97	media, press, workshop, professionals, publications	6	https://t.me/khartoummagbara
100	tidings, horizon, axis, 18th, victory	4	https://t.me/khartoummagbara
101	medium, manager, stage, inspects, certificate	1	https://t.me/khartoummagbara
102	trump, trap, donald, race, oath	3	https://t.me/khartoummagbara
103	revolutions, hear, riyadh, karari, returning	1	https://t.me/khartoummagbara
104	art, resolve, speedy, valiant, victory	5	https://t.me/khartoummagbara
105	mourn, hope, village, martyrs, prime	1	https://t.me/khartoummagbara
106	pilgrims, hajj, ramadan, widows, preachers	10	https://t.me/khartoummagbara
107	sovereignty, overall, region, victories, council	4	https://t.me/khartoummagbara
108	consultant, consistent, salvation, humanitarian, nawara	3	https://t.me/khartoummagbara
109	refugee, deport, refugees, foreigners, identical	7	https://t.me/khartoummagbara
110	aircraft, anti, drones, missiles, kenana	2	https://t.me/khartoummagbara
111	kidney, dialysis, merowe, hospital, medical	8	https://t.me/khartoummagbara
112	illegal, anti, benghazi, morgue, immigrants	2	https://t.me/khartoummagbara
114	vast, majority, migration, returned, june	1	https://t.me/khartoummagbara
115	grow, expects, improve, economy, program	1	https://t.me/khartoummagbara
116	tolerate, triangle, libyan, warns, entry	1	https://t.me/khartoummagbara
117	estate, sabreen, floating, raided, confrontation	2	https://t.me/khartoummagbara
120	jaber, sovereign, meets, reviews, japanese	7	https://t.me/khartoummagbara
121	temperatures, meteorology, slight, maximum, decrease	20	https://t.me/khartoummagbara
122	limbs, artificial, ensures, captured, meal	3	https://t.me/khartoummagbara
123	targeting, atbara, detains, 11, march	2	https://t.me/khartoummagbara
126	hajj, ah, umrah, pilgrims, perform	9	https://t.me/khartoummagbara
127	hear, describing, single, dhabi, cover	1	https://t.me/khartoummagbara
129	skill, likes, purify, benefits, traitors	2	https://t.me/khartoummagbara
132	net, classifying, chief, alignment, reflected	3	https://t.me/khartoummagbara
135	message249, link, climate, follow, resolutions	17	https://t.me/khartoummagbara
137	weather, hot, temperatures, moderate, parts	31	https://t.me/khartoummagbara
138	electoral, observers, produce, changed, criticism	2	https://t.me/khartoummagbara
139	insurance, health, fund, services, financing	18	https://t.me/khartoummagbara
140	guided, looting, owners, homes, singa	2	https://t.me/khartoummagbara
141	fadil, taqaddam, mubarak, activists, diaspora	1	https://t.me/khartoummagbara
142	watan, 2025, news, al, august	37	https://t.me/khartoummagbara
144	theater, film, celebrates, shown, slander	6	https://t.me/khartoummagbara
145	instability, extremism, terrorism, alike, enables	1	https://t.me/khartoummagbara
147	deposited, 450, voluntary, amend, dabba	2	https://t.me/khartoummagbara
149	divisions, prevents, refuse, shooting, does	3	https://t.me/khartoummagbara
150	investment, industry, wheel, forum, employers	4	https://t.me/khartoummagbara
151	ruler, commerce, chamber, reconstruction, success	1	https://t.me/khartoummagbara
152	coast, boat, missing, libyan, rescue	4	https://t.me/khartoummagbara
153	arranges, licensing, transportation, stops, random	1	https://t.me/khartoummagbara
155	road, asphalt, roads, maintenance, rehabilitation	12	https://t.me/khartoummagbara
156	watan, 2025, festival, nasr, marwa	3	https://t.me/khartoummagbara
157	facebook, gengueid, id, cemetery, sennar	6	https://t.me/khartoummagbara
158	welfare, child, homeless, reunification, social	7	https://t.me/khartoummagbara
160	preserve, rights, rebels, negotiations, satisfy	1	https://t.me/khartoummagbara
161	better, solutions, young, spread, change	1	https://t.me/khartoummagbara
162	calm, cautious, vacation, qadarif, notables	4	https://t.me/khartoummagbara
163	damazin, governor, health, hospital, insurance	6	https://t.me/khartoummagbara
167	health, haitham, medicines, jazeera, stands	6	https://t.me/khartoummagbara
169	dictates, americans, conversation, emphasizing, preserving	2	https://t.me/khartoummagbara
170	immoral, game, saved, god, recruits	2	https://t.me/khartoummagbara
173	scholarship, admission, apply, university, municipality	1	https://t.me/khartoummagbara
175	payment, account, easily, transactions, safely	8	https://t.me/khartoummagbara
177	republican, palace, proof, arrives, rebellion	1	https://t.me/khartoummagbara
178	atta, adventures, yasser, fateful, proceeding	3	https://t.me/khartoummagbara
179	science, technology, magazine, publishing, hammam	1	https://t.me/khartoummagbara
180	containing, toll, resuming, buses, arqin	1	https://t.me/khartoummagbara
181	infantry, station, rebels, retreated, destroyed	8	https://t.me/khartoummagbara
182	highlight, engagement, haitham, britain, york	2	https://t.me/khartoummagbara
184	jazeera, white, large, villages, displacement	1	https://t.me/khartoummagbara
185	moment, rebel, violent, force, taking	4	https://t.me/khartoummagbara
186	rukn, abyad, commander, lieutenant, al	7	https://t.me/khartoummagbara
187	egyptian, cairo, relations, discuss, sisi	6	https://t.me/khartoummagbara
189	uganda, named, finding, refugee, tensions	1	https://t.me/khartoummagbara
190	facebook, whatsapp, id, use, join	13	https://t.me/khartoummagbara
192	marra, jebel, woman, suffering, way	1	https://t.me/khartoummagbara
193	imprisonment, facebook, id, prison, death	4	https://t.me/khartoummagbara
195	medina, regulatory, crossing, rehabilitate, arqin	2	https://t.me/khartoummagbara
196	investigation, theft, paid, criminal, police	7	https://t.me/khartoummagbara
197	evidence, emirates, mentioning, publicly, pushed	3	https://t.me/khartoummagbara
199	homeland, 2026, ad, november, news	25	https://t.me/khartoummagbara
202	update, auspices, service, civil, transitional	2	https://t.me/khartoummagbara
203	cemetery, gengueid, read, whatsapp, khartoumal	41	https://t.me/khartoummagbara
205	homeland, november, 2025, news, ad	23	https://t.me/khartoummagbara
206	quran, holy, mosques, imams, facebook	10	https://t.me/khartoummagbara
207	notification, karama, contribute, awad, organization	7	https://t.me/khartoummagbara
208	surprised, false, regard, reject, accusations	1	https://t.me/khartoummagbara
209	forgery, sleeper, cells, tight, intelligence	2	https://t.me/khartoummagbara
210	digital, transformation, expansion, internet, communications	2	https://t.me/khartoummagbara
211	operational, position, february, 26, 21	3	https://t.me/khartoummagbara
212	asia, caliph, correspondent, daily, axis	1	https://t.me/khartoummagbara
215	69, sudantoday, sudannews, diplomat, spokesperson	1	https://t.me/khartoummagbara
216	floods, autumn, rain, injuries, 68	4	https://t.me/khartoummagbara
217	archaeological, antiquities, heritage, culture, cultural	7	https://t.me/khartoummagbara
218	zakat, trustees, permissible, shift, balance	5	https://t.me/khartoummagbara
219	id, popularresistance, facebook, sudanesearmedforces, evident	1	https://t.me/khartoummagbara
222	tourism, conduct, jazira, travel, chamber	4	https://t.me/khartoummagbara
224	radio, facebook, id, television, channel	5	https://t.me/khartoummagbara
225	motorcycles, traffic, highlighting, documents, dens	4	https://t.me/khartoummagbara
227	issue, existential, views, exchanged, reflected	1	https://t.me/khartoummagbara
228	relevant, organization, necessary, refugees, immigration	1	https://t.me/khartoummagbara
229	started, rebels, lying, victim, stole	2	https://t.me/khartoummagbara
230	absolutely, interviews, mashad, miserable, enemies	2	https://t.me/khartoummagbara
231	facebook, id, message249, whatsapp, khartoumjanjaweedcemetery	20	https://t.me/khartoummagbara
232	gets, understand, openly, dirty, assist	3	https://t.me/khartoummagbara
233	occupied, ending, map, burhan, withdrawal	1	https://t.me/khartoummagbara
235	meteorology, varying, rains, rainfall, thunderstorms	9	https://t.me/khartoummagbara
236	hanging, execution, sentence, accused, anti	6	https://t.me/khartoummagbara
237	disturbing, interrogation, frustration, sponsors, powerful	2	https://t.me/khartoummagbara
238	sons, exhaustion, tribes, rushing, summoned	1	https://t.me/khartoummagbara
239	jazeera, factor, project, recovering, atta	4	https://t.me/khartoummagbara
240	alleviate, zone, gedaref, burden, baskets	4	https://t.me/khartoummagbara
243	prisons, breaking, prominent, death, official	1	https://t.me/khartoummagbara
245	saving, permissible, meat, eat, disappeared	2	https://t.me/khartoummagbara
246	adhering, cancels, model, import, cars	1	https://t.me/khartoummagbara
247	deceived, escaping, daklu, crying, family	3	https://t.me/khartoummagbara
248	infantry, division, tandelti, 18th, 6th	3	https://t.me/khartoummagbara
249	gold, mystery, kilograms, kilo, claim	2	https://t.me/khartoummagbara
250	zakat, meat, bureau, bags, rahad	6	https://t.me/khartoummagbara
252	mona, comments, denounces, reception, arko	1	https://t.me/khartoummagbara
253	salvation, dispute, owner, air, intelligence	1	https://t.me/khartoummagbara
254	patriotic, purely, belong, cup, care	1	https://t.me/khartoummagbara
255	elected, nazir, success, unite, hatem	3	https://t.me/khartoummagbara
256	kasla, hosts, suna, society, platform	1	https://t.me/khartoummagbara
257	specializations, read, available, know, details	1	https://t.me/khartoummagbara
258	watan, january, 2025, 27, 24	2	https://t.me/khartoummagbara
259	guide, breastfeeding, reproductive, planning, facebook	3	https://t.me/khartoummagbara
260	purposes, cutting, deliberately, assault, looks	2	https://t.me/khartoummagbara
266	graduation, cooperative, guidance, 72, batch	2	https://t.me/khartoummagbara
267	adre, crossing, alharith, activation, stipulated	1	https://t.me/khartoummagbara
269	slow, suspicion, collaborators, regard, file	1	https://t.me/khartoummagbara
271	adre, crossing, obstruction, border, permits	3	https://t.me/khartoummagbara
277	forests, forest, 128, trees, activation	6	https://t.me/khartoummagbara
280	inevitably, certain, spokesperson, fine, confirming	1	https://t.me/khartoummagbara
282	getting, specialized, condemns, bombing, hospital	1	https://t.me/khartoummagbara
287	reliable, coverage, whatsapp, immediate, maximum	8	https://t.me/khartoummagbara
-1	al, saqwl, burhan, governor, nile	6576	https://t.me/saqwl
0	rapid, army, al, el, fasher	248	https://t.me/saqwl
1	students, education, exams, school, certificate	382	https://t.me/saqwl
2	humanitarian, aid, food, famine, nations	112	https://t.me/saqwl
3	hilal, al, stadium, sports, league	165	https://t.me/saqwl
4	bin, arabia, syria, saudi, qatar	87	https://t.me/saqwl
5	newspaper, al, sudani, headlines, newspapers	150	https://t.me/saqwl
6	ethiopian, ethiopia, border, addis, tigray	92	https://t.me/saqwl
7	cholera, cases, epidemic, infected, aids	73	https://t.me/saqwl
8	israel, israeli, palestinian, gaza, normalization	77	https://t.me/saqwl
9	village, al, militia, villages, shouk	80	https://t.me/saqwl
10	women, violence, sexual, girls, rape	43	https://t.me/saqwl
11	agricultural, season, wheat, acres, livestock	94	https://t.me/saqwl
12	killed, gunfire, homes, bullets, civilians	40	https://t.me/saqwl
13	god, oh, lord, willing, praise	65	https://t.me/saqwl
14	corona, coronavirus, virus, cases, pandemic	139	https://t.me/saqwl
16	constitutional, legislative, freedom, change, democratic	75	https://t.me/saqwl
17	baskets, food, crescent, charity, families	78	https://t.me/saqwl
18	genocide, crimes, civilians, law, violations	42	https://t.me/saqwl
19	ambassador, foreign, relations, brotherly, egyptian	63	https://t.me/saqwl
20	meets, al, governor, confirms, minister	242	https://t.me/saqwl
21	doctors, medical, health, borders, saqwl	42	https://t.me/saqwl
22	struggle, liberation, valiant, armed, popular	32	https://t.me/saqwl
23	hamdok, party, leader, legislative, al	77	https://t.me/saqwl
24	displaced, saqwl, al, camp, fasher	56	https://t.me/saqwl
25	refugees, commissioner, chad, high, nations	49	https://t.me/saqwl
26	blue, nile, northern, governor, north	157	https://t.me/saqwl
27	al, fasher, el, area, axis	34	https://t.me/saqwl
28	ethiopian, refugees, ethiopia, tigray, thousand	50	https://t.me/saqwl
29	police, security, foreigners, khartoum, committee	50	https://t.me/saqwl
30	bank, exchange, pound, dollar, banks	48	https://t.me/saqwl
31	airport, flights, flight, airlines, plane	54	https://t.me/saqwl
32	passport, passports, immigration, foreigners, registry	72	https://t.me/saqwl
33	police, security, crime, intelligence, services	49	https://t.me/saqwl
34	floods, rains, rain, affected, torrential	34	https://t.me/saqwl
35	truce, ceasefire, peace, agreement, parties	39	https://t.me/saqwl
36	revolution, revolutionary, coup, change, freedom	50	https://t.me/saqwl
37	al, burhan, rizeigat, military, rebel	40	https://t.me/saqwl
38	court, corruption, prosecution, code, criminal	43	https://t.me/saqwl
39	egypt, syrians, embassy, egyptian, deported	48	https://t.me/saqwl
40	mining, gold, mineral, company, production	43	https://t.me/saqwl
41	saqwl, httpstmesaqwl, spokesperson, office, watch	185	https://t.me/saqwl
42	rights, human, commission, african, mission	23	https://t.me/saqwl
43	currency, dollar, exchange, inflation, rate	34	https://t.me/saqwl
44	corona, cases, infections, recorded, deaths	37	https://t.me/saqwl
45	drug, drugs, pills, anti, seized	35	https://t.me/saqwl
46	trafficking, human, smuggling, victims, investigations	41	https://t.me/saqwl
47	far, answer, zero, clarify, hope	19	https://t.me/saqwl
48	african, union, president, continent, ugandan	40	https://t.me/saqwl
49	god, bless, prophet, messenger, lord	20	https://t.me/saqwl
50	attached, pictures, sona, hot, follow	3	https://t.me/saqwl
51	electricity, electrical, maintenance, energy, station	41	https://t.me/saqwl
52	displaced, blankets, eat, harsh, conditions	12	https://t.me/saqwl
53	refinery, fuel, oil, energy, gas	32	https://t.me/saqwl
54	burhan, headlines, al, army, news	110	https://t.me/saqwl
55	al, din, writes, hassan, tayeb	26	https://t.me/saqwl
56	starlink, internet, networks, communication, devices	23	https://t.me/saqwl
57	ad, news, bulletin, 2025, headlines	25	https://t.me/saqwl
58	ministries, khartoum, governor, ministers, service	34	https://t.me/saqwl
59	customs, crossings, goods, thwarting, smuggling	25	https://t.me/saqwl
60	budget, finance, revenue, revenues, collection	15	https://t.me/saqwl
62	headlines, newspapers, ad, morning, newspaper	26	https://t.me/saqwl
63	god, oh, protect, mighty, mercy	14	https://t.me/saqwl
64	fires, passing, nation, life, history	13	https://t.me/saqwl
65	health, hospital, medical, hospitals, doctors	21	https://t.me/saqwl
66	sanctions, security, mission, council, united	26	https://t.me/saqwl
67	weather, moderate, willing, temperatures, rain	21	https://t.me/saqwl
68	quotas, partial, power, political, wahid	17	https://t.me/saqwl
69	suna, agency, news, sudan, sona	161	https://t.me/saqwl
70	passports, immigration, passport, administration, registry	32	https://t.me/saqwl
71	journalists, media, press, credibility, role	22	https://t.me/saqwl
72	court, genocide, criminal, justice, crimes	34	https://t.me/saqwl
73	egyptian, president, foreign, sovereignty, egypt	34	https://t.me/saqwl
74	play, respectable, night, understood, observer	18	https://t.me/saqwl
75	martyrs, recovery, speedy, wounded, mercy	13	https://t.me/saqwl
76	vehicles, combat, equipment, armored, valiant	11	https://t.me/saqwl
77	artist, artists, singing, song, illness	31	https://t.me/saqwl
78	terrorist, classify, terrorism, criteria, classification	18	https://t.me/saqwl
79	water, wells, station, digging, dam	25	https://t.me/saqwl
80	god, victory, conquest, protector, honorable	13	https://t.me/saqwl
81	foreigners, immigration, residency, legal, deportation	37	https://t.me/saqwl
82	rent, planning, house, residential, housing	25	https://t.me/saqwl
83	health, hospital, medical, center, al	32	https://t.me/saqwl
84	ruling, court, accused, kushayb, hebrew	35	https://t.me/saqwl
85	newspapers, headlines, ad, political, akhbar	41	https://t.me/saqwl
86	church, religious, churches, mosque, values	21	https://t.me/saqwl
87	workers, labor, employees, wage, mobility	20	https://t.me/saqwl
88	bank, debts, billion, debt, economic	32	https://t.me/saqwl
89	american, chinese, foreign, affairs, took	18	https://t.me/saqwl
90	pardon, reporting, renew, rebellion, unit	18	https://t.me/saqwl
91	peace, kiir, agreement, juba, south	29	https://t.me/saqwl
92	kikel, attack, strength, enemy, valor	11	https://t.me/saqwl
93	pharmaceutical, medicines, strip, medicine, pharmacies	30	https://t.me/saqwl
94	gasoline, gas, fuel, prices, price	23	https://t.me/saqwl
95	kordofan, west, governor, north, agar	58	https://t.me/saqwl
96	command, chief, summary, stable, armed	15	https://t.me/saqwl
97	media, professionals, press, misinformation, journalists	16	https://t.me/saqwl
98	ethiopian, newspaper, renaissance, dam, hamdok	46	https://t.me/saqwl
99	httpstmesaqwl, saqwl, , , 	117	https://t.me/saqwl
100	soldiers, salute, army, step, hope	11	https://t.me/saqwl
101	kordofan, corporation, television, radio, west	29	https://t.me/saqwl
102	trump, biden, republican, senate, saying	19	https://t.me/saqwl
103	al, arabs, rizeigat, tweezers, axis	14	https://t.me/saqwl
104	martyrs, brigades, sons, forgiveness, sword	4	https://t.me/saqwl
105	demonstrators, demonstrations, protests, protesters, tear	28	https://t.me/saqwl
106	mahdi, prayers, eid, sadiq, imam	17	https://t.me/saqwl
107	sovereignty, chief, chairman, lieutenant, council	21	https://t.me/saqwl
108	humanitarian, aid, emergencies, efficiency, principle	11	https://t.me/saqwl
109	refugees, refugee, deport, administrative, delegation	12	https://t.me/saqwl
110	missiles, drones, range, crews, air	14	https://t.me/saqwl
111	kidney, dialysis, patients, liver, center	18	https://t.me/saqwl
112	migrants, immigrants, libya, libyan, illegal	19	https://t.me/saqwl
114	migration, organization, migrants, international, million	20	https://t.me/saqwl
115	titles, incidents, economic, black, pound	48	https://t.me/saqwl
116	haftar, libyan, libya, khalifa, kufra	26	https://t.me/saqwl
117	estate, apartment, license, rent, apartments	16	https://t.me/saqwl
118	daughter, absent, love, marriage, missing	13	https://t.me/saqwl
120	meets, sovereignty, salma, minister, praises	28	https://t.me/saqwl
121	temperatures, slight, meteorology, maximum, parts	9	https://t.me/saqwl
122	incubators, medical, thanked, damaged, solar	9	https://t.me/saqwl
123	network, doctors, injured, result, medical	9	https://t.me/saqwl
124	chadian, chad, border, test, geneina	18	https://t.me/saqwl
126	umrah, hajj, pilgrims, ah, establishments	14	https://t.me/saqwl
127	gangs, terrorist, city, militia, shells	4	https://t.me/saqwl
129	war, cast, capture, winning, foolish	5	https://t.me/saqwl
132	minni, arko, minawi, darfur, governor	17	https://t.me/saqwl
134	demonstrators, sitin, sit, demonstrations, square	14	https://t.me/saqwl
135	climate, impact, chains, sector, microfinance	3	https://t.me/saqwl
136	win, strength, god, direct, feet	2	https://t.me/saqwl
137	temperatures, drop, weather, parts, holiday	2	https://t.me/saqwl
138	party, umma, parties, congress, national	20	https://t.me/saqwl
139	insurance, health, umbrella, branches, financing	15	https://t.me/saqwl
140	looted, looting, property, shops, guided	15	https://t.me/saqwl
141	appointed, demands, al, gosh, fadl	17	https://t.me/saqwl
142	watan, news, 14th, haja, 2025	2	https://t.me/saqwl
143	bashir, albashir, al, court, criminal	11	https://t.me/saqwl
144	series, film, saqwl, touching, frequent	6	https://t.me/saqwl
145	list, terrorism, terrorist, officially, removing	12	https://t.me/saqwl
147	numbered, deterioration, buses, deported, week	12	https://t.me/saqwl
148	saqwl, httpstmesaqwl, coverage, fees, determined	57	https://t.me/saqwl
149	neck, animal, sleeping, flying, attend	4	https://t.me/saqwl
150	investment, elected, attract, companies, investors	11	https://t.me/saqwl
151	pounds, kilo, prices, price, meat	14	https://t.me/saqwl
152	migrants, boat, coast, mediterranean, tunisian	20	https://t.me/saqwl
153	transportation, railway, tariffs, buses, proposal	17	https://t.me/saqwl
154	headlines, balad, ad, karari, local	12	https://t.me/saqwl
155	road, roads, internal, monitors, continental	6	https://t.me/saqwl
156	jazira, july, wednesday, events, important	1	https://t.me/saqwl
157	regiment, vacuum, sennar, tambour, battle	5	https://t.me/saqwl
158	homeless, social, services, welfare, children	18	https://t.me/saqwl
159	unamid, mission, unitams, darfur, nations	13	https://t.me/saqwl
160	peace, negotiations, agreement, initiatives, juba	12	https://t.me/saqwl
161	empowerment, committee, removal, decision, professionals	14	https://t.me/saqwl
162	calm, normal, witnessed, poles, life	6	https://t.me/saqwl
163	health, insurance, governor, kordofan, locality	43	https://t.me/saqwl
165	summary, news, ad, best, start	20	https://t.me/saqwl
166	coup, freedom, change, justifications, tyranny	14	https://t.me/saqwl
167	health, medicines, tom, akram, al	10	https://t.me/saqwl
168	akhbar, newspaper, al, watan, alwatan	13	https://t.me/saqwl
169	shifting, regaining, regionally, dependence, neck	4	https://t.me/saqwl
170	victory, god, conquest, grant, hearts	10	https://t.me/saqwl
172	mahdi, movement, al, sadiq, sheikh	18	https://t.me/saqwl
174	summary, news, best, ad, start	10	https://t.me/saqwl
175	request, easier, transactions, bank, let	29	https://t.me/saqwl
177	personality, astonishment, egyptians, reason, forget	10	https://t.me/saqwl
178	brigades, excellency, dagalo, armed, battalions	9	https://t.me/saqwl
180	traffic, buses, transportation, department, vehicles	14	https://t.me/saqwl
181	enemy, vehicles, babanusa, rebel, clashes	6	https://t.me/saqwl
182	britain, british, david, affirmed, london	10	https://t.me/saqwl
183	careful, home, financially, striking, illness	5	https://t.me/saqwl
184	cairo, wonders, karmuk, telling, qaisan	10	https://t.me/saqwl
185	stormed, rahad, shouk, jabra, massacre	8	https://t.me/saqwl
186	rukn, major, general, al, commander	13	https://t.me/saqwl
187	egyptian, adjust, egypt, geography, send	5	https://t.me/saqwl
188	technology, information, secretariat, fined, technologies	8	https://t.me/saqwl
189	uganda, ugandan, embassy, kampala, events	7	https://t.me/saqwl
191	framework, agreement, negotiating, beja, ignores	10	https://t.me/saqwl
192	mountains, woman, severely, sun, heat	3	https://t.me/saqwl
193	prison, accused, transferred, police, investigation	11	https://t.me/saqwl
195	blogging, tweezers, moments, omdurman, source	8	https://t.me/saqwl
196	complainant, police, theft, investigation, accused	8	https://t.me/saqwl
197	uae, emirates, chad, waged, emirati	6	https://t.me/saqwl
199	homeland, ad, 2024, november, 2026	3	https://t.me/saqwl
200	liberation, movement, popular, minni, arko	9	https://t.me/saqwl
201	dam, renaissance, filling, irrigation, negotiations	15	https://t.me/saqwl
202	service, civil, commission, shall, periodic	12	https://t.me/saqwl
203	cemetery, cemeteries, gengueid, transporting, khartoumal	2	https://t.me/saqwl
206	holy, quran, imams, preachers, preacher	8	https://t.me/saqwl
207	clothes, sell, single, mobile, ramadan	2	https://t.me/saqwl
208	sanctions, european, union, linked, masses	8	https://t.me/saqwl
209	intelligence, service, sleeper, cells, security	8	https://t.me/saqwl
210	digital, communications, transformation, telecommunications, internet	14	https://t.me/saqwl
211	operational, august, 2024, 31, situation	2	https://t.me/saqwl
213	patients, band, elderly, pile, admitted	8	https://t.me/saqwl
216	floods, damage, torrents, disaster, rain	12	https://t.me/saqwl
217	antiquities, discovery, archaeological, whereabouts, shalatin	5	https://t.me/saqwl
218	zakat, diwan, evade, 135, fruits	6	https://t.me/saqwl
219	authorized, guardian, mind, popularresistance, existence	1	https://t.me/saqwl
220	2020, headlines, political, newspapers, ad	8	https://t.me/saqwl
221	economy, revenues, budget, pandemic, heba	7	https://t.me/saqwl
222	tourism, travel, tourist, agencies, travelers	13	https://t.me/saqwl
224	radio, television, broadcasting, unesco, incentives	12	https://t.me/saqwl
225	vehicles, possessions, unregistered, motorcycles, cars	8	https://t.me/saqwl
227	dam, renaissance, ethiopia, dams, differences	8	https://t.me/saqwl
228	unhcr, refugees, refugee, resettlement, transfer	9	https://t.me/saqwl
229	unfortunately, accustomed, dance, happened, caring	2	https://t.me/saqwl
230	demonstration, london, european, protest, union	10	https://t.me/saqwl
232	barrier, lions, stood, heroes, supported	6	https://t.me/saqwl
233	stop, war, burhan, iran, conflict	12	https://t.me/saqwl
234	houses, burned, broke, fires, completely	6	https://t.me/saqwl
235	rainfall, varying, tropical, meteorology, rain	9	https://t.me/saqwl
236	perpetrators, imprisonment, mislead, mere, suspects	6	https://t.me/saqwl
237	uae, narratives, kenyan, discord, agent	6	https://t.me/saqwl
238	eliminated, bride, sand, entrances, effectively	3	https://t.me/saqwl
239	jazeera, sky, al, emirates, project	8	https://t.me/saqwl
240	approximately, reached, halfa, displaced, foundation	7	https://t.me/saqwl
242	illegal, foreigners, motorcycles, immigrants, ensured	14	https://t.me/saqwl
243	prison, detainees, child, detention, release	9	https://t.me/saqwl
244	race, sponsor, genocide, crimes, humiliating	5	https://t.me/saqwl
245	shake, served, types, dinner, coffee	5	https://t.me/saqwl
246	model, car, dollars, controls, cars	5	https://t.me/saqwl
247	mafia, terrified, got, gun, circle	2	https://t.me/saqwl
248	infantry, division, sixth, 22nd, officers	5	https://t.me/saqwl
249	kilos, gold, currency, mining, arrested	7	https://t.me/saqwl
250	zakat, office, bureau, locality, meat	11	https://t.me/saqwl
251	shocked, openness, devoid, refuge, completely	2	https://t.me/saqwl
252	salva, kiir, deng, president, kiirs	11	https://t.me/saqwl
253	curse, faki, khater, confirmation, manna	3	https://t.me/saqwl
254	expels, homeland, solid, nation, traitor	7	https://t.me/saqwl
255	hamdok, imported, prime, era, fulfill	9	https://t.me/saqwl
256	umma, party, rebuilding, affirms, dissolving	5	https://t.me/saqwl
257	electronically, send, data, final, documents	1	https://t.me/saqwl
258	milk, satisfaction, address, listened, clinics	1	https://t.me/saqwl
259	pregnant, reproductive, guide, 240, 125	3	https://t.me/saqwl
260	areas, direction, play, rebel, opposite	3	https://t.me/saqwl
261	division, infantry, armed, skill, celebrates	3	https://t.me/saqwl
262	morgue, bodies, forensic, unidentified, terrifying	9	https://t.me/saqwl
263	uae, emirates, dhabi, emirati, dubai	11	https://t.me/saqwl
264	injured, exceed, toll, leg, digging	9	https://t.me/saqwl
265	neighbors, harm, refuge, arabs, diversity	6	https://t.me/saqwl
266	brigade, division, recruits, infantry, graduation	8	https://t.me/saqwl
267	militia, rapid, crossing, civilians, accountable	8	https://t.me/saqwl
269	ambiguity, double, indicates, leaves, effort	2	https://t.me/saqwl
270	chadian, chad, neighboring, president, peaceful	8	https://t.me/saqwl
271	obstruction, crossing, transport, permits, visas	3	https://t.me/saqwl
272	latest, application, link, saqwl, follow	1	https://t.me/saqwl
273	traitor, treason, tolerate, hate, participants	3	https://t.me/saqwl
274	newspapers, 31, headlines, 2019, arab	1	https://t.me/saqwl
275	stop, uae, peretz, lay, warring	4	https://t.me/saqwl
277	forest, forestry, forests, trees, gum	12	https://t.me/saqwl
278	liquidity, banks, bashir, gold, wahid	8	https://t.me/saqwl
280	compensation, occupation, uae, dhabi, emirates	3	https://t.me/saqwl
281	locality, commissioner, youth, damage, executive	8	https://t.me/saqwl
282	doctors, pregnant, network, khater, dead	5	https://t.me/saqwl
-1	al, militia, war, janjaweed, diaspora	2225	https://t.me/feda2wa3ee
0	rebel, militia, army, al, vehicles	70	https://t.me/feda2wa3ee
1	exams, students, certificate, education, school	105	https://t.me/feda2wa3ee
2	humanitarian, aid, food, relief, nations	37	https://t.me/feda2wa3ee
3	sports, football, club, team, hilal	35	https://t.me/feda2wa3ee
4	iran, iranian, saudi, pakistan, china	39	https://t.me/feda2wa3ee
5	salt, blackmail, sell, false, praise	1	https://t.me/feda2wa3ee
6	ethiopian, ethiopia, secretary, eritrea, addis	19	https://t.me/feda2wa3ee
7	cholera, cases, mosquitoes, epidemic, dengue	20	https://t.me/feda2wa3ee
8	israel, gaza, israeli, palestinian, jews	88	https://t.me/feda2wa3ee
9	militia, al, civilians, villages, martyrdom	15	https://t.me/feda2wa3ee
10	women, gender, violence, sexual, rape	14	https://t.me/feda2wa3ee
11	agricultural, acres, season, crops, farmers	12	https://t.me/feda2wa3ee
12	homes, corpses, looted, women, civilians	15	https://t.me/feda2wa3ee
13	god, lord, wise, strength, ask	30	https://t.me/feda2wa3ee
16	opposition, america, democracy, religion, elections	14	https://t.me/feda2wa3ee
17	baskets, families, relief, crescent, al	16	https://t.me/feda2wa3ee
18	law, violation, international, crimes, torture	19	https://t.me/feda2wa3ee
19	ambassador, china, foreign, burhan, fruitful	13	https://t.me/feda2wa3ee
20	basket, kasla, blankets, returnees, halfa	2	https://t.me/feda2wa3ee
21	foot, questions, hospital, respond, set	6	https://t.me/feda2wa3ee
22	victory, army, armed, struggle, battle	38	https://t.me/feda2wa3ee
23	politics, political, governance, burhan, hamdok	9	https://t.me/feda2wa3ee
24	assured, hasahisa, jazira, displaced, al	7	https://t.me/feda2wa3ee
25	refugees, chad, chadian, commissioner, adre	9	https://t.me/feda2wa3ee
26	nile, blue, governor, rahad, white	8	https://t.me/feda2wa3ee
27	battle, destroys, al, area, militia	15	https://t.me/feda2wa3ee
28	ethiopian, eritrean, refugees, ethiopia, community	8	https://t.me/feda2wa3ee
29	police, security, khartoum, presence, committee	35	https://t.me/feda2wa3ee
30	bank, currency, banking, central, banks	5	https://t.me/feda2wa3ee
31	flights, airlines, airport, aviation, flight	24	https://t.me/feda2wa3ee
32	passports, passport, immigration, foreigners, police	20	https://t.me/feda2wa3ee
33	intelligence, phenomena, security, crime, negative	19	https://t.me/feda2wa3ee
34	rains, damaged, floods, rain, torrential	4	https://t.me/feda2wa3ee
35	truce, russia, drag, unless, war	10	https://t.me/feda2wa3ee
36	revolution, colonialism, insults, abandon, america	23	https://t.me/feda2wa3ee
37	withdrawal, al, urban, rebellion, rebel	21	https://t.me/feda2wa3ee
38	case, court, request, 74, indictment	6	https://t.me/feda2wa3ee
39	violators, disappearance, oman, sultanate, egypt	6	https://t.me/feda2wa3ee
40	mining, gold, mineral, resources, companies	13	https://t.me/feda2wa3ee
42	rights, human, observatory, testimony, claim	9	https://t.me/feda2wa3ee
43	meaning, deal, completed, exchange, great	1	https://t.me/feda2wa3ee
44	spokesperson, administration, slogan, risk, health	2	https://t.me/feda2wa3ee
45	drug, drugs, anti, gang, managed	10	https://t.me/feda2wa3ee
46	course, gangs, trafficking, mafia, italy	3	https://t.me/feda2wa3ee
47	2013, topic, version, happened, understand	27	https://t.me/feda2wa3ee
48	african, union, president, vice, framework	6	https://t.me/feda2wa3ee
49	messenger, god, blessings, bless, prophet	18	https://t.me/feda2wa3ee
50	released, december, sunday, 2024, follow	1	https://t.me/feda2wa3ee
51	electricity, energy, electrical, solar, sustainable	15	https://t.me/feda2wa3ee
52	crazy, person, equipped, homeless, commodity	6	https://t.me/feda2wa3ee
53	oil, energy, refinery, chinese, fuel	8	https://t.me/feda2wa3ee
54	chief, economist, abdulaziz, daklu, financial	2	https://t.me/feda2wa3ee
55	hamidati, khaled, abdul, ibrahim, al	11	https://t.me/feda2wa3ee
56	telecommunications, artificial, networks, efficiency, companies	14	https://t.me/feda2wa3ee
57	ad, 2025, saturday, 17, 2024	17	https://t.me/feda2wa3ee
58	assign, chairman, ministries, optimism, khartoum	7	https://t.me/feda2wa3ee
59	customs, smuggling, thwarts, goods, port	11	https://t.me/feda2wa3ee
60	methodology, indicator, finance, item, spending	3	https://t.me/feda2wa3ee
62	prominent, headlines, 2023, november, newspaper	4	https://t.me/feda2wa3ee
63	god, consciousness, oh, surprise, diaspora	15	https://t.me/feda2wa3ee
64	father, humiliate, wanted, gave, pride	27	https://t.me/feda2wa3ee
65	health, surgery, center, hospital, heart	14	https://t.me/feda2wa3ee
66	council, security, colonialism, sanctions, session	8	https://t.me/feda2wa3ee
67	weather, moderate, meteorology, temperatures, hot	12	https://t.me/feda2wa3ee
68	gets, points, generally, injustice, sphere	6	https://t.me/feda2wa3ee
70	passports, immigration, hijri, administration, passport	15	https://t.me/feda2wa3ee
71	journalists, media, opinion, journalist, pens	6	https://t.me/feda2wa3ee
72	court, criminal, complaint, request, justice	9	https://t.me/feda2wa3ee
73	egypt, say, burhan, quartet, salem	8	https://t.me/feda2wa3ee
74	look, spoil, tonight, personality, bitterness	16	https://t.me/feda2wa3ee
75	speedy, recovery, martyrs, wounded, eternity	9	https://t.me/feda2wa3ee
76	vehicles, armored, combat, clearance, equipment	13	https://t.me/feda2wa3ee
77	artist, pain, mourns, suleiman, artistic	8	https://t.me/feda2wa3ee
78	terrorist, terrorism, classify, supporters, step	20	https://t.me/feda2wa3ee
79	water, station, meters, drinking, plant	9	https://t.me/feda2wa3ee
80	battle, god, consciousness, surprise, ask	17	https://t.me/feda2wa3ee
81	immigrants, illegal, citizenship, trump, foreigners	9	https://t.me/feda2wa3ee
82	shambat, estate, housing, streets, real	10	https://t.me/feda2wa3ee
83	localization, ezz, din, praises, health	3	https://t.me/feda2wa3ee
84	ruling, qatari, momentum, privacy, criminal	2	https://t.me/feda2wa3ee
86	mosques, mosque, prayers, preacher, ages	5	https://t.me/feda2wa3ee
87	rented, employment, reduction, sponsor, determined	1	https://t.me/feda2wa3ee
88	debts, spring, monetary, economic, finance	4	https://t.me/feda2wa3ee
89	served, london, prepared, courtesy, affairs	9	https://t.me/feda2wa3ee
90	throw, army, protecting, armed, leadership	18	https://t.me/feda2wa3ee
91	satisfaction, african, defeat, union, representative	1	https://t.me/feda2wa3ee
92	shield, destroy, aqla, mercenaries, defeat	12	https://t.me/feda2wa3ee
93	pharmaceutical, industries, medicines, holds, second	2	https://t.me/feda2wa3ee
94	oil, separation, barrels, approximately, watan	2	https://t.me/feda2wa3ee
95	actually, greater, minawi, began, beginning	6	https://t.me/feda2wa3ee
96	chief, officers, institute, command, commander	8	https://t.me/feda2wa3ee
97	media, press, workshop, journalists, publications	9	https://t.me/feda2wa3ee
100	army, officers, soldiers, stable, soldier	23	https://t.me/feda2wa3ee
101	medium, stands, 124, bahri, grand	2	https://t.me/feda2wa3ee
102	trump, biden, congress, material, house	13	https://t.me/feda2wa3ee
103	al, diaspora, janjaweed, write, burhan	13	https://t.me/feda2wa3ee
104	badr, bin, muslims, battle, victory	10	https://t.me/feda2wa3ee
105	harming, interim, mukhtar, amin, transition	2	https://t.me/feda2wa3ee
106	widows, preachers, imams, scholars, ramadan	5	https://t.me/feda2wa3ee
107	ruler, overall, region, abyei, defeated	2	https://t.me/feda2wa3ee
108	humanitarian, relief, sectors, interesting, supplied	5	https://t.me/feda2wa3ee
109	deport, registered, refugees, foreigners, refugee	5	https://t.me/feda2wa3ee
110	drones, device, missiles, missile, losses	9	https://t.me/feda2wa3ee
111	dialysis, patients, center, kidney, mr	3	https://t.me/feda2wa3ee
112	reaction, algerian, kufra, morocco, libyan	2	https://t.me/feda2wa3ee
116	haftar, disposal, double, libya, criminals	3	https://t.me/feda2wa3ee
117	apartment, license, estate, apartments, advised	5	https://t.me/feda2wa3ee
118	love, nights, fellow, mother, son	3	https://t.me/feda2wa3ee
121	temperatures, slight, meteorology, maximum, small	19	https://t.me/feda2wa3ee
124	chadian, chad, arabs, rid, diaspora	6	https://t.me/feda2wa3ee
126	hajj, agent, pilgrims, let, rituals	3	https://t.me/feda2wa3ee
127	terrorist, axis, motor, militia, infiltrate	4	https://t.me/feda2wa3ee
129	war, withdraw, citizen, participated, army	20	https://t.me/feda2wa3ee
132	province, darfur, stood, arko, governor	4	https://t.me/feda2wa3ee
134	136, jumped, migrant, stages, shot	2	https://t.me/feda2wa3ee
135	climate, change, mr, message249, jobs	6	https://t.me/feda2wa3ee
136	win, strength, god, prevail, gods	58	https://t.me/feda2wa3ee
137	slight, temperatures, weather, rise, hot	5	https://t.me/feda2wa3ee
139	insurance, health, cost, jazeera, installing	9	https://t.me/feda2wa3ee
140	looted, centers, health, looting, property	1	https://t.me/feda2wa3ee
141	signature, taqaddam, coordinating, jazira, mobilization	2	https://t.me/feda2wa3ee
143	difference, big, john, bashir, nearby	3	https://t.me/feda2wa3ee
144	theater, fingers, symptoms, pioneers, television	4	https://t.me/feda2wa3ee
145	classify, valued, condemning, fast, terrorist	1	https://t.me/feda2wa3ee
147	foreigners, voluntary, deported, regard, deposited	6	https://t.me/feda2wa3ee
149	skin, silent, cows, crocodile, horse	9	https://t.me/feda2wa3ee
153	transportation, internal, travel, lack, market	1	https://t.me/feda2wa3ee
155	road, asphalt, rehabilitation, linking, roads	6	https://t.me/feda2wa3ee
156	watan, 2025, ad, news, nasr	39	https://t.me/feda2wa3ee
157	discovered, percentage, largest, battle, mustafarin	12	https://t.me/feda2wa3ee
158	undoubtedly, wheel, punish, affects, replace	1	https://t.me/feda2wa3ee
160	mali, agreement, peace, land, 2015	3	https://t.me/feda2wa3ee
161	heated, professionals, association, dialogue, spokesman	1	https://t.me/feda2wa3ee
162	hantoub, outskirts, location, umm, force	2	https://t.me/feda2wa3ee
163	rehabilitation, jelly, installation, furniture, solar	1	https://t.me/feda2wa3ee
167	haitham, competence, health, surprised, exploited	8	https://t.me/feda2wa3ee
168	issam, saeed, agency, newspaper, alwatan	1	https://t.me/feda2wa3ee
169	america, speech, americans, ignored, washington	13	https://t.me/feda2wa3ee
170	victory, god, agent, conquest, openly	8	https://t.me/feda2wa3ee
173	scholarship, admission, apply, university, municipality	1	https://t.me/feda2wa3ee
175	financial, transactions, payment, contracts, types	2	https://t.me/feda2wa3ee
177	civilization, kizan, restored, history, rule	9	https://t.me/feda2wa3ee
178	inch, armed, burhan, chief, praising	4	https://t.me/feda2wa3ee
179	science, technology, hammam, shafiq, magdy	2	https://t.me/feda2wa3ee
180	traffic, excellency, inspected, departments, buses	4	https://t.me/feda2wa3ee
181	retreated, farm, tweezers, fought, marine	3	https://t.me/feda2wa3ee
182	topic, monitored, british, 26, qatari	2	https://t.me/feda2wa3ee
183	expatriate, conditioning, expatriates, married, grain	7	https://t.me/feda2wa3ee
184	muya, located, ancient, sennar, al	8	https://t.me/feda2wa3ee
185	hillat, rebel, civilians, attempts, cell	4	https://t.me/feda2wa3ee
186	rukn, 2nd, azraq, din, shams	2	https://t.me/feda2wa3ee
187	speaker, nawara, kuwaiti, watan, egyptian	2	https://t.me/feda2wa3ee
188	rooms, poses, determining, information, preventive	2	https://t.me/feda2wa3ee
189	uganda, second, group, refugees, return	1	https://t.me/feda2wa3ee
190	posted, youtube, facebook, whatsapp, group	3	https://t.me/feda2wa3ee
191	narrative, preserves, consolidating, sponsoring, thought	3	https://t.me/feda2wa3ee
192	holder, cries, satisfy, yacoub, notables	1	https://t.me/feda2wa3ee
193	prison, imprisonment, rebel, criminal, measure	6	https://t.me/feda2wa3ee
195	informing, source, august, ad, 2025	7	https://t.me/feda2wa3ee
196	theft, investigation, paid, police, criminal	8	https://t.me/feda2wa3ee
197	uae, involvement, proving, bin, zayed	7	https://t.me/feda2wa3ee
198	languages, english, graduated, tongue, hebrew	1	https://t.me/feda2wa3ee
199	submitted, burhan, homeland, fattah, convoy	1	https://t.me/feda2wa3ee
200	coups, strife, alert, create, possible	3	https://t.me/feda2wa3ee
201	dam, egypt, renaissance, trump, resorting	1	https://t.me/feda2wa3ee
202	commission, challenges, auspices, transitional, fulfill	3	https://t.me/feda2wa3ee
205	homeland, september, 2025, tuesday, ad	2	https://t.me/feda2wa3ee
206	prize, trustees, creativity, tayeb, postponement	3	https://t.me/feda2wa3ee
207	notification, accepted, contributes, whatsapp, brothers	2	https://t.me/feda2wa3ee
208	sanctions, european, approved, reuters, union	5	https://t.me/feda2wa3ee
209	intelligence, service, general, misleading, sleeper	5	https://t.me/feda2wa3ee
210	telecommunications, regulatory, explanatory, digital, transformation	3	https://t.me/feda2wa3ee
211	operational, gandhi, position, monitoring, 2025	3	https://t.me/feda2wa3ee
212	asia, correspondent, daily, axis, caliph	2	https://t.me/feda2wa3ee
213	caring, sick, elderly, standing, priority	2	https://t.me/feda2wa3ee
215	69, sudantoday, army, bahri, sudannews	5	https://t.me/feda2wa3ee
217	antiquities, heritage, archaeological, mount, unesco	12	https://t.me/feda2wa3ee
218	zakat, balance, debts, agrees, seek	2	https://t.me/feda2wa3ee
219	distress, evident, popularresistance, strength, sudanesearmedforces	5	https://t.me/feda2wa3ee
222	tourism, tourist, flights, travel, oman	6	https://t.me/feda2wa3ee
224	shams, bakri, network, madani, head	1	https://t.me/feda2wa3ee
225	motorcycles, traffic, vehicles, highlighting, named	10	https://t.me/feda2wa3ee
227	risks, showed, dam, extent, impact	1	https://t.me/feda2wa3ee
228	supposed, treat, visiting, unprecedented, turn	1	https://t.me/feda2wa3ee
229	crying, believe, absolute, logic, brutal	6	https://t.me/feda2wa3ee
230	demonstration, london, berlin, genocide, british	9	https://t.me/feda2wa3ee
231	redemptionandawareness, khartoumjanjaweedcemetery, battleofdignity, httpstmealrisala249, httpswwwfacebookcomprofilephpid61556457563338	1	https://t.me/feda2wa3ee
232	spend, barrier, lions, aggressors, mobilization	7	https://t.me/feda2wa3ee
233	burhan, interview, intervention, exclusive, determines	2	https://t.me/feda2wa3ee
235	meteorology, rains, thunderstorms, wind, warns	6	https://t.me/feda2wa3ee
236	execution, hanging, anti, wood, sentence	3	https://t.me/feda2wa3ee
237	terrorist, uae, classifying, crimes, militia	7	https://t.me/feda2wa3ee
238	soldiers, battle, fighting, perished, carrier	4	https://t.me/feda2wa3ee
239	jazeera, translated, fadil, exploited, sky	4	https://t.me/feda2wa3ee
240	stood, rahman, provide, reconstruction, connect	3	https://t.me/feda2wa3ee
243	supervising, convicted, hadi, participated, prison	1	https://t.me/feda2wa3ee
244	dissolved, huge, crimes, emirates, fifteenth	2	https://t.me/feda2wa3ee
245	small, popular, kilograms, meat, lentils	1	https://t.me/feda2wa3ee
248	division, infantry, 6th, sixth, 22nd	5	https://t.me/feda2wa3ee
249	girl, arqin, arrested, quantity, ambush	1	https://t.me/feda2wa3ee
250	meat, bags, distribution, kilos, allocated	1	https://t.me/feda2wa3ee
251	symptoms, gone, violated, imposed, looted	2	https://t.me/feda2wa3ee
252	salva, kiir, forget, presidential, burhan	1	https://t.me/feda2wa3ee
253	ibn, al, discover, discovered, friend	1	https://t.me/feda2wa3ee
254	traitor, homeland, homelands, land, courtesy	8	https://t.me/feda2wa3ee
256	umma, kasla, steal, supposed, party	3	https://t.me/feda2wa3ee
259	reproductive, clinics, mobile, inauguration, sinnar	1	https://t.me/feda2wa3ee
261	officers, kabashi, non, salute, chief	2	https://t.me/feda2wa3ee
263	emirates, uae, buy, believes, created	15	https://t.me/feda2wa3ee
264	drowned, child, old, 10, year	1	https://t.me/feda2wa3ee
265	arabs, diaspora, desert, bbc, definition	11	https://t.me/feda2wa3ee
267	idris, wait, worsening, proper, complexities	2	https://t.me/feda2wa3ee
269	collaborators, confused, faces, occurred, addition	2	https://t.me/feda2wa3ee
270	chadian, chad, france, president, peaceful	6	https://t.me/feda2wa3ee
271	crossing, adre, inhumane, notification, border	4	https://t.me/feda2wa3ee
273	traitors, traitor, mouth, punish, frankly	6	https://t.me/feda2wa3ee
275	weapon, achieved, direct, uae, stop	1	https://t.me/feda2wa3ee
277	forest, forests, forestry, activation, identifying	3	https://t.me/feda2wa3ee
279	dubai, narrative, known, exaggeration, harness	3	https://t.me/feda2wa3ee
280	watch, uae, disregard, emirates, inevitably	4	https://t.me/feda2wa3ee
281	daein, phenomena, negative, fatah, captain	3	https://t.me/feda2wa3ee
282	doctors, 37, deliberately, defenseless, revealing	2	https://t.me/feda2wa3ee
-1	al, militia, god, armed, diaspora	595	https://t.me/alagcd
0	rapid, bahri, vehicles, militia, destroyed	19	https://t.me/alagcd
1	university, complexes, professors, hantoub, destruction	11	https://t.me/alagcd
2	fulfill, collective, involvement, famine, secretary	1	https://t.me/alagcd
3	supporters, share, hilal, sports, team	28	https://t.me/alagcd
4	constitute, growth, dhabi, times, older	3	https://t.me/alagcd
6	ethiopian, ethiopia, page, failed, capabilities	7	https://t.me/alagcd
7	dengue, tests, fever, home, cases	2	https://t.me/alagcd
8	jews, gaza, israel, palestinian, threaten	8	https://t.me/alagcd
9	kikel, contacted, wish, disappearance, injury	2	https://t.me/alagcd
10	rape, frequent, practicing, trips, surprised	2	https://t.me/alagcd
12	evacuate, terrorize, homes, use, looting	2	https://t.me/alagcd
13	god, lord, earth, oh, did	22	https://t.me/alagcd
16	definition, alliances, apparatus, identity, electoral	6	https://t.me/alagcd
18	crimes, ethnic, records, atrocities, basis	6	https://t.me/alagcd
19	discussions, egypt, constructive, fruitful, brotherly	5	https://t.me/alagcd
22	defeat, believe, thieves, army, democracy	9	https://t.me/alagcd
23	yacoub, advisor, hamdok, party, communist	1	https://t.me/alagcd
24	al, parts, neighborhoods, stadium, wave	1	https://t.me/alagcd
25	article, demographic, dangerous, integration, refugees	2	https://t.me/alagcd
26	initiative, praised, rice, identify, selection	1	https://t.me/alagcd
28	patriotic, secrets, sensitive, facility, soul	1	https://t.me/alagcd
29	checkpoints, transformed, underway, expand, requirements	2	https://t.me/alagcd
31	exceed, plane, addis, cost, qamar	2	https://t.me/alagcd
32	passports, passport, satisfaction, procedures, 200	1	https://t.me/alagcd
33	extraordinary, specialist, systems, effort, evidence	1	https://t.me/alagcd
34	river, dinder, flooded, torrents, peak	3	https://t.me/alagcd
35	china, ii, broadcaster, maintains, maneuvers	2	https://t.me/alagcd
36	revolution, civilization, colonialism, revolutionary, biased	8	https://t.me/alagcd
37	burhan, aisha, decide, say, bloc	7	https://t.me/alagcd
39	learned, residence, refused, obtain, reason	1	https://t.me/alagcd
44	incorrect, submits, penalty, organizations, referring	1	https://t.me/alagcd
45	temptations, young, heavy, drugs, drug	1	https://t.me/alagcd
47	2013, happened, clarification, examples, september	9	https://t.me/alagcd
48	igad, african, parallel, attend, recognize	3	https://t.me/alagcd
49	god, messenger, bless, grant, prophet	15	https://t.me/alagcd
52	tired, hunger, hidden, yesterday, canal	4	https://t.me/alagcd
53	refinery, oil, fuel, employees, energy	6	https://t.me/alagcd
54	burhan, aqar, criticizes, truce, news	3	https://t.me/alagcd
55	hassan, abdul, fadil, hamidati, sharif	5	https://t.me/alagcd
56	bird, tv, page, charge, supporters	2	https://t.me/alagcd
57	september, bulletin, ad, evening, 78	4	https://t.me/alagcd
58	disappointed, concepts, remember, view, reform	1	https://t.me/alagcd
63	dance, god, protect, nairobi, walk	4	https://t.me/alagcd
64	eviction, convince, patriotic, minds, mount	4	https://t.me/alagcd
65	hours, treatments, weight, hour, solutions	1	https://t.me/alagcd
70	passports, immigration, administration, passport, electronic	7	https://t.me/alagcd
73	courtesy, mali, appreciate, worse, goes	1	https://t.me/alagcd
74	sees, challenge, addressing, come, dont	4	https://t.me/alagcd
75	speedy, recovery, martyrs, mercy, wounded	4	https://t.me/alagcd
76	batches, assurances, gate, passage, seen	1	https://t.me/alagcd
77	listen, art, finally, symposium, shameless	2	https://t.me/alagcd
78	condemnation, vandalism, blogging, terrorist, crimes	2	https://t.me/alagcd
79	hole, cut, suffered, station, main	1	https://t.me/alagcd
80	victory, battle, god, jihad, supporters	7	https://t.me/alagcd
81	citizenship, knowing, violation, deports, convicted	2	https://t.me/alagcd
82	estate, real, seller, buys, introduced	4	https://t.me/alagcd
83	policies, followed, violation, considered, clear	1	https://t.me/alagcd
86	gateway, arts, prophet, amer, ancient	1	https://t.me/alagcd
90	arming, enemy, honorable, pardon, reporting	2	https://t.me/alagcd
92	enemy, possible, night, constant, repel	4	https://t.me/alagcd
96	command, 17th, conveyed, spokesman, greetings	2	https://t.me/alagcd
98	jibril, equality, stored, demolition, bashaer	1	https://t.me/alagcd
100	wagner, win, determination, army, leaders	3	https://t.me/alagcd
103	introduced, contradicts, little, salvation, sadiq	5	https://t.me/alagcd
104	deeds, speedy, victory, resolve, dedicate	5	https://t.me/alagcd
108	immediate, urgent, need, aid, areas	1	https://t.me/alagcd
110	taiba, armored, tested, warplanes, corps	2	https://t.me/alagcd
117	kassala, abide, rents, ceiling, rented	1	https://t.me/alagcd
118	happiness, love, mother, son, know	1	https://t.me/alagcd
124	chadian, crush, dreams, stance, hashem	1	https://t.me/alagcd
129	strong, threat, battles, frightening, war	4	https://t.me/alagcd
132	tribes, minni, arko, covenant, darfur	1	https://t.me/alagcd
134	restrict, involving, justification, actors, elements	1	https://t.me/alagcd
136	win, strength, god, almighty, strive	1	https://t.me/alagcd
140	burning, present, returnees, markets, house	2	https://t.me/alagcd
143	nizar, bashir, represent, al, albashir	2	https://t.me/alagcd
144	fingers, symptoms, slander, produced, actors	2	https://t.me/alagcd
147	inevitably, lessons, learned, earth, takes	1	https://t.me/alagcd
149	far, imagined, mourning, hole, thugs	5	https://t.me/alagcd
157	married, promise, appears, small, tribal	1	https://t.me/alagcd
158	assistance, affirmed, making, axes, shelter	1	https://t.me/alagcd
161	pleased, appointed, look, specialized, study	1	https://t.me/alagcd
162	wedding, salah, houses, calm, neighborhood	1	https://t.me/alagcd
170	god, tone, fence, victory, mighty	3	https://t.me/alagcd
172	sword, propose, islam, brotherhood, muslim	1	https://t.me/alagcd
178	excellency, reassured, inch, chief, great	2	https://t.me/alagcd
181	45, destroyed, rebel, large, killed	1	https://t.me/alagcd
183	expatriate, help, money, way, family	1	https://t.me/alagcd
185	hillat, attempts, continues, squares, civilians	3	https://t.me/alagcd
188	activate, incitement, lose, things, law	2	https://t.me/alagcd
191	affirming, observer, visions, participants, attend	1	https://t.me/alagcd
197	turns, fugitives, shoulders, crushed, worthy	1	https://t.me/alagcd
200	defended, befell, felt, alive, din	2	https://t.me/alagcd
205	statistics, perished, tv, niger, arabs	1	https://t.me/alagcd
206	jurisprudence, send, appeals, academy, sacrifices	1	https://t.me/alagcd
209	places, fear, intelligence, rest, house	1	https://t.me/alagcd
215	page, 69, sudantoday, sudannews, spokesperson	2	https://t.me/alagcd
217	heritage, historical, cultural, antiquities, archaeological	1	https://t.me/alagcd
219	evident, distress, strength, leadership, popularresistance	1	https://t.me/alagcd
230	demonstration, british, london, associations, activists	2	https://t.me/alagcd
233	fifteenth, sinkat, loots, waged, engaged	3	https://t.me/alagcd
238	fought, civilization, biggest, mistake, pure	3	https://t.me/alagcd
240	sleeping, interior, parties, work, ministry	1	https://t.me/alagcd
244	tried, pointing, crimes, committed, race	2	https://t.me/alagcd
245	carry, tea, dates, lot, medicines	1	https://t.me/alagcd
251	wrote, displaced, displacement, occupied, longer	1	https://t.me/alagcd
253	hungry, walking, phones, walk, mountains	1	https://t.me/alagcd
255	does, resigned, worker, hamdok, question	1	https://t.me/alagcd
259	mothers, bought, pregnant, benefited, hungry	2	https://t.me/alagcd
260	zalingei, complicated, looting, neighborhood, militias	1	https://t.me/alagcd
261	nouri, tractors, mail, tariq, hadi	1	https://t.me/alagcd
264	skin, witnessing, destruction, head, injured	1	https://t.me/alagcd
265	janjaweed, acknowledge, settle, shameless, arabs	2	https://t.me/alagcd
269	endeavors, succeed, like, practical, developed	2	https://t.me/alagcd
270	worrying, affects, doubt, chad, 150	1	https://t.me/alagcd
279	colonialism, agent, concepts, marginal, resisting	1	https://t.me/alagcd
280	dhabi, uae, complexities, lacking, calculations	2	https://t.me/alagcd
281	quotas, covered, existing, fair, standing	1	https://t.me/alagcd
-1	al, god, militia, janjaweed, mercenaries	1040	https://t.me/sport6780
0	axis, artillery, air, fasher, nyala	38	https://t.me/sport6780
1	family, school, exams, al, ayoub	14	https://t.me/sport6780
2	activities, humanitarian, kadugli, crescent, guise	3	https://t.me/sport6780
3	dealt, goal, numbering, neutralize, apartments	4	https://t.me/sport6780
4	emptied, spoils, indication, cargo, kept	1	https://t.me/sport6780
6	ethiopian, matama, ethiopia, takes, army	2	https://t.me/sport6780
8	palestinian, israel, violating, israeli, eyes	4	https://t.me/sport6780
9	villages, al, village, kikel, hasahisa	20	https://t.me/sport6780
10	intimidation, kidnapping, theft, murder, girls	1	https://t.me/sport6780
11	jelly, somali, northwest, gift, low	3	https://t.me/sport6780
12	young, women, shelter, death, retaliation	15	https://t.me/sport6780
13	god, oh, lord, ask, willing	54	https://t.me/sport6780
16	concrete, elected, positively, commitment, separation	4	https://t.me/sport6780
17	weekly, donate, donations, wants, families	1	https://t.me/sport6780
18	crimes, plundering, rules, law, ethnic	6	https://t.me/sport6780
22	struggle, victory, battle, armed, precious	23	https://t.me/sport6780
24	village, al, wad, displaced, district	20	https://t.me/sport6780
25	refugees, chad, sticks, camp, chadian	5	https://t.me/sport6780
27	base, area, axis, vehicles, artillery	14	https://t.me/sport6780
28	ethiopians, refugees, ethiopian, ethiopia, meaning	5	https://t.me/sport6780
29	forged, infiltrators, combing, cell, identity	1	https://t.me/sport6780
31	airport, flights, located, flight, aviation	6	https://t.me/sport6780
32	passport, passports, foreigners, mr, immigration	5	https://t.me/sport6780
33	proper, normally, abuses, police, regulatory	4	https://t.me/sport6780
34	rains, floods, drowning, rawaba, cut	4	https://t.me/sport6780
35	lookout, infiltrators, excuse, warned, monitoring	1	https://t.me/sport6780
36	soul, morale, revolution, bleeding, inevitable	3	https://t.me/sport6780
37	words, arman, relatives, militia, al	12	https://t.me/sport6780
38	exposes, questioning, severity, legal, spent	3	https://t.me/sport6780
39	deports, buses, halfa, 11, egypt	1	https://t.me/sport6780
40	cultivation, linked, gold, trade, mining	1	https://t.me/sport6780
45	drugs, pills, fatigue, drug, executing	3	https://t.me/sport6780
47	instructions, 48, purpose, answer, occurrence	10	https://t.me/sport6780
48	igad, insists, continental, preceded, enabling	1	https://t.me/sport6780
49	god, prophet, bless, companions, blessings	12	https://t.me/sport6780
51	hantoub, electricity, imagine, outages, restored	1	https://t.me/sport6780
52	save, experienced, extermination, cold, displaced	5	https://t.me/sport6780
53	refinery, ended, depression, strength, garden	3	https://t.me/sport6780
55	damazin, al, muhammad, abdul, hassan	12	https://t.me/sport6780
56	networks, communication, starlink, operational, devices	17	https://t.me/sport6780
57	2024, 29, ad, 24, february	2	https://t.me/sport6780
58	controversy, tijani, appointment, kamel, idris	4	https://t.me/sport6780
59	customs, ok, guidance, del, prohibition	4	https://t.me/sport6780
60	print, pennies, 34, quantity, inventory	2	https://t.me/sport6780
63	god, oh, protect, mighty, blessings	42	https://t.me/sport6780
64	love, clouds, arm, souls, disturbed	9	https://t.me/sport6780
65	clinic, visitors, attractive, park, comfort	1	https://t.me/sport6780
68	fixed, achieves, extended, pride, accountability	1	https://t.me/sport6780
70	printing, capacity, printed, passports, learned	1	https://t.me/sport6780
72	french, court, mutilation, accepts, trials	2	https://t.me/sport6780
73	mohieddin, salem, expel, invasion, happening	1	https://t.me/sport6780
74	page, share, come, like, stick	11	https://t.me/sport6780
75	speedy, recovery, mercy, martyrs, righteous	13	https://t.me/sport6780
76	vehicles, combat, losses, anti, equipment	17	https://t.me/sport6780
77	singing, sanctities, visitors, watching, code	1	https://t.me/sport6780
80	dear, god, victory, heroes, files	7	https://t.me/sport6780
81	violators, doing, deport, going, batch	3	https://t.me/sport6780
82	walked, difficulty, withdrawing, growth, 120	2	https://t.me/sport6780
84	victim, 41, rejecting, arrests, kamel	2	https://t.me/sport6780
86	guests, bite, bans, resource, followers	2	https://t.me/sport6780
87	bribe, lost, clothes, incentives, hot	2	https://t.me/sport6780
89	wants, contribute, renaissance, neighboring, good	1	https://t.me/sport6780
90	equipped, doubt, ports, fully, fear	2	https://t.me/sport6780
92	heroes, valiant, mercenaries, moving, defeat	12	https://t.me/sport6780
93	consent, pharmacists, abi, occupying, method	1	https://t.me/sport6780
94	realized, careful, wadi, happening, fuel	1	https://t.me/sport6780
96	integration, del, greeting, expertise, nightmare	2	https://t.me/sport6780
97	enlightening, summary, ministries, says, culture	1	https://t.me/sport6780
100	battalion, road, army, white, come	12	https://t.me/sport6780
103	al, diaspora, arabs, write, janjaweed	12	https://t.me/sport6780
104	valiant, art, janjaweed, resolve, reassure	13	https://t.me/sport6780
105	gas, tear, disperse, protesters, fired	2	https://t.me/sport6780
108	terrifying, enlightening, emergencies, hotel, souls	2	https://t.me/sport6780
109	displace, resettlement, 600, deporting, kill	2	https://t.me/sport6780
110	bought, concentrations, drones, deals, compatible	6	https://t.me/sport6780
111	notice, dialysis, patients, account, muhammad	1	https://t.me/sport6780
112	tunisia, unsafe, tunisian, immigrants, killing	1	https://t.me/sport6780
116	haftar, capture, libya, tom, linking	2	https://t.me/sport6780
117	housing, imagine, market, rental, hilla	3	https://t.me/sport6780
118	gaps, guarding, parents, alive, mother	4	https://t.me/sport6780
122	medical, limbs, undertake, clinics, exacerbated	3	https://t.me/sport6780
126	riyals, hajj, pilgrims, abdulaziz, umrah	6	https://t.me/sport6780
127	gangs, terrorist, city, artillery, operational	14	https://t.me/sport6780
129	likes, purify, sweeping, pages, crushing	6	https://t.me/sport6780
136	win, strength, god, strengthen, victory	4	https://t.me/sport6780
138	expense, partner, nuba, interests, coalition	1	https://t.me/sport6780
140	guided, steal, looting, property, owners	3	https://t.me/sport6780
144	fingers, symptoms, produced, actors, wealth	1	https://t.me/sport6780
147	deported, injured, voluntary, returnees, return	1	https://t.me/sport6780
149	die, refuse, look, cause, enter	3	https://t.me/sport6780
156	nasr, near, open, god, watan	3	https://t.me/sport6780
157	nubia, placed, sennar, expelled, battle	6	https://t.me/sport6780
158	reassured, terms, capabilities, services, excellency	2	https://t.me/sport6780
159	resolution, prohibits, sale, cause, community	1	https://t.me/sport6780
161	create, specialized, committees, high, committee	1	https://t.me/sport6780
162	calm, cautious, witnessed, relative, neighborhoods	9	https://t.me/sport6780
170	god, valiant, victory, ask, conquest	6	https://t.me/sport6780
175	steps, account, application, apply, reliable	1	https://t.me/sport6780
177	enlightened, history, pride, knowledge, abundant	6	https://t.me/sport6780
178	inch, great, determination, wished, chief	1	https://t.me/sport6780
180	quantity, direction, specific, heading, currently	1	https://t.me/sport6780
183	expatriates, washing, private, sure, attach	5	https://t.me/sport6780
184	nile, qatina, gandhi, box, blogging	6	https://t.me/sport6780
185	cautious, confronting, shouk, prayers, calm	1	https://t.me/sport6780
186	naval, din, captain, sheikh, command	1	https://t.me/sport6780
187	reference, denied, existence, saying, absence	1	https://t.me/sport6780
188	applied, decisively, replace, dealt, networks	2	https://t.me/sport6780
189	ugandan, kampala, attacked, witnessing, violent	1	https://t.me/sport6780
190	send, whatsapp, join, group, number	1	https://t.me/sport6780
191	affirming, observer, visions, participants, attend	2	https://t.me/sport6780
192	singa, tells, tears, child, housing	1	https://t.me/sport6780
195	middle, lesson, result, conclusion, omdurman	4	https://t.me/sport6780
196	owns, pharmacies, registered, accused, explained	1	https://t.me/sport6780
197	emirates, uae, lord, aggression, chad	3	https://t.me/sport6780
200	advice, glasses, restored, handing, trip	1	https://t.me/sport6780
202	transparent, bids, specific, deal, benefit	1	https://t.me/sport6780
206	father, studied, jihad, ukraine, studying	3	https://t.me/sport6780
207	asking, contact, money, notification, donate	1	https://t.me/sport6780
209	intelligence, gosh, salah, service, apparatus	4	https://t.me/sport6780
211	operational, gandhi, position, monitoring, friday	8	https://t.me/sport6780
212	asia, khalifa, correspondent, major, war	1	https://t.me/sport6780
213	urgently, care, malnutrition, treatment, wound	3	https://t.me/sport6780
215	69, sudantoday, sudannews, diplomat, spokesperson	1	https://t.me/sport6780
216	disaster, floods, commissioners, bride, recurrence	2	https://t.me/sport6780
219	news, khartoum, popularresistance, sudan, sudanesearmedforces	1	https://t.me/sport6780
221	oh, got, thieves, inventory, patient	1	https://t.me/sport6780
222	spring, trips, shameless, summer, winter	1	https://t.me/sport6780
225	vehicles, transport, forbidden, owners, vehicle	1	https://t.me/sport6780
228	schedule, contact, interview, communications, information	1	https://t.me/sport6780
229	blood, accept, firmly, shake, personally	1	https://t.me/sport6780
230	hisham, capitals, protest, adding, voice	1	https://t.me/sport6780
232	fighters, barrier, lions, aggressors, resistance	7	https://t.me/sport6780
235	rain, nyala, second, time, meteorology	1	https://t.me/sport6780
236	records, portion, hesitation, habitual, walked	2	https://t.me/sport6780
238	leader, battle, beware, lost, latif	5	https://t.me/sport6780
239	jazeera, collaborators, al, worked, ended	3	https://t.me/sport6780
240	imagine, alleviate, model, shelters, improve	2	https://t.me/sport6780
243	fadil, detainees, prisoners, psychological, prison	3	https://t.me/sport6780
245	kitchens, offering, representation, nutrition, competition	1	https://t.me/sport6780
247	island, exhausted, traitors, birth, approaching	3	https://t.me/sport6780
248	infantry, division, sixth, remaining, accurately	5	https://t.me/sport6780
249	girl, arqin, arrested, quantity, ambush	1	https://t.me/sport6780
250	bureau, zakat, happy, sinar, organizes	1	https://t.me/sport6780
251	reason, displacement, separated, unfortunately, speak	6	https://t.me/sport6780
253	swear, mustafa, entered, excellency, difficult	2	https://t.me/sport6780
254	hands, traitors, homeland, homelands, contrast	5	https://t.me/sport6780
258	milk, satisfaction, address, listened, clinics	1	https://t.me/sport6780
259	breastfeeding, knows, pregnant, honey, mothers	1	https://t.me/sport6780
260	expanding, using, assaulted, freely, opposite	2	https://t.me/sport6780
261	prominent, stated, mustafa, gets, 2025	4	https://t.me/sport6780
263	uae, did, emirates, gulf, dubai	1	https://t.me/sport6780
265	acknowledge, settle, shameless, janjaweed, arabs	1	https://t.me/sport6780
266	entertainment, corps, auspices, colonel, community	2	https://t.me/sport6780
269	collaborators, endeavors, succeed, slow, suspicion	3	https://t.me/sport6780
273	humiliated, morals, courage, corrupt, extent	2	https://t.me/sport6780
280	evidence, uae, chain, wide, agenda	1	https://t.me/sport6780
-1	saf, rsf, guardians, forces, glorious	781	https://t.me/rsfsudan
0	guardians, glorious, rsf, rapid, darfur	65	https://t.me/rsfsudan
1	students, education, educational, exams, rsf	14	https://t.me/rsfsudan
2	humanitarian, aid, rsf, relief, organizations	38	https://t.me/rsfsudan
3	sports, football, match, stadium, cup	15	https://t.me/rsfsudan
6	ababa, dagalo, addis, deputy, ethiopia	2	https://t.me/rsfsudan
9	thousands, guardians, burhan, glorious, kabkabiya	9	https://t.me/rsfsudan
10	reflected, upcoming, expand, role, vital	1	https://t.me/rsfsudan
12	innocent, elderly, women, indiscriminate, assault	9	https://t.me/rsfsudan
16	democratic, discussion, building, aware, differences	5	https://t.me/rsfsudan
18	crimes, civilians, conventions, law, international	57	https://t.me/rsfsudan
19	terrorism, conveyed, sponsoring, describing, egyptian	1	https://t.me/rsfsudan
22	guardians, righteous, foundations, glorious, forgiveness	38	https://t.me/rsfsudan
23	altoum, legislative, turn, described, illegal	1	https://t.me/rsfsudan
24	jebel, guardians, trucks, praise, glorious	5	https://t.me/rsfsudan
27	attacking, hamdan, gen, ceasefire, fasher	5	https://t.me/rsfsudan
29	haj, security, sea, 2013, counterfeiting	3	https://t.me/rsfsudan
32	decent, mahdi, bureau, systems, umma	1	https://t.me/rsfsudan
33	coordinating, section, security, phenomenon, police	10	https://t.me/rsfsudan
34	floods, disaster, rains, consequences, leaving	2	https://t.me/rsfsudan
35	negotiation, initiatives, principle, responded, saf	8	https://t.me/rsfsudan
36	revolution, terrified, glorious, generals, revolutionary	7	https://t.me/rsfsudan
37	accessing, driven, oppressive, confiscation, misinformation	3	https://t.me/rsfsudan
38	rsf, individual, legal, procedures, reports	3	https://t.me/rsfsudan
41	httpstmesaqwl, spokesperson, office, official, rapid	15	https://t.me/rsfsudan
42	rights, human, declaration, international, discrimination	15	https://t.me/rsfsudan
45	drugs, drug, shipment, container, pills	8	https://t.me/rsfsudan
46	trafficking, human, smuggling, gang, hostages	11	https://t.me/rsfsudan
47	affirm, beginning, following, waiting, answer	2	https://t.me/rsfsudan
48	african, union, continent, commission, transitional	7	https://t.me/rsfsudan
49	supplied, mislead, pray, misleading, allah	2	https://t.me/rsfsudan
52	safer, examined, hostility, areas, decide	5	https://t.me/rsfsudan
57	silence, occurred, amid, regional, media	1	https://t.me/rsfsudan
64	future, sudan, father, love, sudanese	1	https://t.me/rsfsudan
68	injustice, foundations, regime, democracy, marginalization	23	https://t.me/rsfsudan
70	immigration, file, illegal, prevent, representative	1	https://t.me/rsfsudan
71	journalists, facts, media, highlighting, accuracy	3	https://t.me/rsfsudan
75	martyrs, righteous, mercy, speedy, forgiveness	3	https://t.me/rsfsudan
76	vehicles, enemy, equipment, ammunition, losses	11	https://t.me/rsfsudan
78	terrorist, brigades, extremist, crimes, regime	15	https://t.me/rsfsudan
79	clean, drinking, voluntary, achieve, water	1	https://t.me/rsfsudan
80	heinous, young, mind, racist, brings	4	https://t.me/rsfsudan
82	securing, cooperate, threats, removing, private	1	https://t.me/rsfsudan
90	dedicated, professional, establish, unified, aim	4	https://t.me/rsfsudan
91	track, dagalo, peace, head, signed	3	https://t.me/rsfsudan
92	jibril, chose, pile, poisons, valor	4	https://t.me/rsfsudan
96	rsf, honorable, saf, lt, absolutely	5	https://t.me/rsfsudan
97	media, accuracy, professionalism, credibility, outlets	5	https://t.me/rsfsudan
100	tongue, tries, admitted, firmly, inform	2	https://t.me/rsfsudan
104	honorable, allah, representatives, gen, halted	2	https://t.me/rsfsudan
107	vice, lieutenant, sovereignty, reconciliation, hamdan	4	https://t.me/rsfsudan
108	humanitarian, aid, principles, relief, agencies	8	https://t.me/rsfsudan
110	drones, object, attempted, drone, hostile	2	https://t.me/rsfsudan
119	guardians, righteous, glorious, forgiveness, mercy	22	https://t.me/rsfsudan
122	sarah, segment, happiness, perform, roles	2	https://t.me/rsfsudan
123	misleading, targeting, deny, circulated, district	1	https://t.me/rsfsudan
124	chadian, chad, attracted, joint, stability	4	https://t.me/rsfsudan
127	refinery, terrorist, terrorists, explosive, barrels	7	https://t.me/rsfsudan
131	spokesperson, office, sudandefense, httpstmedefenssuda, official	19	https://t.me/rsfsudan
132	intimidation, west, mayor, darfur, arresting	4	https://t.me/rsfsudan
138	elections, agreement, undertaken, norway, invite	2	https://t.me/rsfsudan
140	obstruction, property, shops, destruction, theft	2	https://t.me/rsfsudan
141	cowardly, urge, classify, extremist, act	1	https://t.me/rsfsudan
144	crying, participants, directing, scene, engage	3	https://t.me/rsfsudan
147	emigrate, believed, lies, addressing, solution	1	https://t.me/rsfsudan
157	alike, revolutions, passes, greatest, commanders	1	https://t.me/rsfsudan
158	key, ensuring, operate, vital, services	2	https://t.me/rsfsudan
159	unamid, cooperate, deputy, seriousness, mandate	1	https://t.me/rsfsudan
160	negotiations, peace, engage, ready, tracks	3	https://t.me/rsfsudan
166	coup, 25th, liquidating, ignite, explicit	3	https://t.me/rsfsudan
167	medicines, eligible, laboratories, requested, taha	1	https://t.me/rsfsudan
170	mourn, souls, cost, victory, lost	1	https://t.me/rsfsudan
176	twitter, status, 19, join, scene	1	https://t.me/rsfsudan
177	gabriel, 25th, deposited, eve, certainty	1	https://t.me/rsfsudan
181	militants, enabled, professionalism, thwart, shields	1	https://t.me/rsfsudan
185	bombing, obstruct, gate, flagrant, headquarters	1	https://t.me/rsfsudan
186	gen, fatah, uniform, tolerance, khamis	2	https://t.me/rsfsudan
187	republic, sisi, visit, concluded, afternoon	1	https://t.me/rsfsudan
191	contributions, rules, adhere, principles, involved	2	https://t.me/rsfsudan
196	stones, pioneering, tayeb, claiming, jumaa	2	https://t.me/rsfsudan
200	divide, minni, claims, arko, rejected	1	https://t.me/rsfsudan
208	sanctions, decisions, treasury, destabilizing, motivated	1	https://t.me/rsfsudan
212	correspondent, asia, 50, alkhalifa, juma	1	https://t.me/rsfsudan
216	demolition, torrential, struck, victims, declare	1	https://t.me/rsfsudan
218	zakat, bureau, expatriates, trustees, collection	1	https://t.me/rsfsudan
223	guardians, righteous, glorious, forgiveness, mercy	22	https://t.me/rsfsudan
228	advisor, cross, unit, rsf, migration	1	https://t.me/rsfsudan
229	mercenary, deceive, arko, regime, darfur	9	https://t.me/rsfsudan
237	manufacture, manipulate, dramatic, display, executed	1	https://t.me/rsfsudan
242	illegal, immigration, combat, trafficking, pushes	11	https://t.me/rsfsudan
244	crimes, thirty, burhan, bombed, genocide	4	https://t.me/rsfsudan
247	remnants, deceive, enlightened, freed, welcoming	2	https://t.me/rsfsudan
248	brigade, 17th, infantry, liberating, division	1	https://t.me/rsfsudan
249	fake, pounds, selling, 200, real	1	https://t.me/rsfsudan
255	dinner, honor, mirghani, lord, burhan	1	https://t.me/rsfsudan
261	honorable, joining, welcome, rsf, regardless	7	https://t.me/rsfsudan
265	perpetrator, dropping, explosive, barrels, planes	1	https://t.me/rsfsudan
266	graduation, recruits, batch, graduates, presenting	4	https://t.me/rsfsudan
269	objective, described, workshop, endeavors, succeed	1	https://t.me/rsfsudan
271	adre, crucial, crossing, delivering, border	2	https://t.me/rsfsudan
273	deception, deter, pursuit, contrary, practicing	2	https://t.me/rsfsudan
-1	al, channel, whatsapp, follow, militia	2734	https://t.me/sudaaan
0	channel, whatsapp, al, follow, army	151	https://t.me/sudaaan
1	education, students, school, exams, certificate	137	https://t.me/sudaaan
2	humanitarian, aid, food, famine, crossing	34	https://t.me/sudaaan
3	club, football, federation, league, sports	18	https://t.me/sudaaan
4	alliances, malaysia, quickly, hamad, saudi	13	https://t.me/sudaaan
6	ethiopian, ethiopia, qalabat, border, abi	16	https://t.me/sudaaan
7	cholera, cases, epidemic, dengue, health	22	https://t.me/sudaaan
8	palestinian, israel, trump, israeli, palestine	10	https://t.me/sudaaan
9	village, al, villages, militia, citizens	40	https://t.me/sudaaan
10	women, violence, sexual, girls, unit	13	https://t.me/sudaaan
11	agricultural, farmers, agriculture, productivity, economics	16	https://t.me/sudaaan
12	homes, looting, injury, militia, hospitals	37	https://t.me/sudaaan
13	god, willing, lord, oh, tired	45	https://t.me/sudaaan
14	clean, continue, efforts, channel, areas	1	https://t.me/sudaaan
15	required, officer, degree, assistant, vacant	457	https://t.me/sudaaan
16	democracy, ministers, concrete, dismissing, stick	11	https://t.me/sudaaan
17	kitchen, baskets, initiative, food, shendi	36	https://t.me/sudaaan
18	crimes, ethnic, law, genocide, conventions	20	https://t.me/sudaaan
19	foreign, affairs, badr, egyptian, minister	25	https://t.me/sudaaan
20	blankets, halfa, century, performs, basket	1	https://t.me/sudaaan
21	doctors, medical, health, patients, room	25	https://t.me/sudaaan
22	battle, victory, struggle, popular, heroes	37	https://t.me/sudaaan
23	sits, enthusiasm, completely, seat, reduced	3	https://t.me/sudaaan
24	al, displaced, village, neighborhoods, villages	32	https://t.me/sudaaan
25	refugees, upper, chad, camps, commissioner	14	https://t.me/sudaaan
26	launches, nile, blue, rings, ramadan	6	https://t.me/sudaaan
27	al, forces, area, fasher, city	38	https://t.me/sudaaan
28	ethiopian, ethiopia, refugees, channel, follow	10	https://t.me/sudaaan
29	police, security, cell, foreigners, khartoum	32	https://t.me/sudaaan
30	bank, branches, branch, banking, sennar	7	https://t.me/sudaaan
31	airlines, flights, plane, airport, aviation	12	https://t.me/sudaaan
32	passports, passport, foreigners, immigration, administration	16	https://t.me/sudaaan
33	rates, crime, police, security, intelligence	20	https://t.me/sudaaan
34	floods, rains, torrents, cut, road	20	https://t.me/sudaaan
35	emphasize, factory, hostilities, stop, parties	12	https://t.me/sudaaan
36	14th, crowd, revolution, neighbors, undermine	6	https://t.me/sudaaan
37	al, brigades, does, trenches, rebel	15	https://t.me/sudaaan
38	article, criminal, law, 74, code	8	https://t.me/sudaaan
39	embassy, egypt, voluntary, return, egyptian	17	https://t.me/sudaaan
40	product, gold, production, company, mineral	3	https://t.me/sudaaan
42	rights, human, finding, african, geneva	11	https://t.me/sudaaan
43	fulfilled, clearing, bank, management, reuters	3	https://t.me/sudaaan
44	corona, cases, disease, preventive, evaluating	2	https://t.me/sudaaan
45	drugs, despair, easier, expelling, spread	2	https://t.me/sudaaan
46	trafficking, human, cell, hostages, smuggling	6	https://t.me/sudaaan
47	waiting, clarify, zero, adds, clear	16	https://t.me/sudaaan
48	african, union, africans, guardianship, called	3	https://t.me/sudaaan
49	god, lord, almighty, prophet, bless	25	https://t.me/sudaaan
50	channel, follow, whatsapp, telegram, httpstmesudaaan	138	https://t.me/sudaaan
51	electricity, electrical, stations, outages, station	15	https://t.me/sudaaan
52	box, displaced, thank, cold, confident	18	https://t.me/sudaaan
53	refinery, oil, energy, employees, fuel	7	https://t.me/sudaaan
54	coincided, unesco, warehouses, collecting, mothers	1	https://t.me/sudaaan
55	tonight, fine, shaking, al, walid	7	https://t.me/sudaaan
56	networks, devices, communication, starlink, photo	12	https://t.me/sudaaan
57	plastic, headlines, 2025, important, ad	13	https://t.me/sudaaan
58	ministries, controversy, tijani, appointment, kamel	14	https://t.me/sudaaan
59	customs, luggage, smuggling, voluntary, fees	8	https://t.me/sudaaan
60	budget, finance, priorities, 2025, spending	6	https://t.me/sudaaan
62	watan, channel, newspaper, follow, telegram	1	https://t.me/sudaaan
63	god, channel, oh, follow, whatsapp	35	https://t.me/sudaaan
64	grandfather, drink, pennies, determining, keeping	5	https://t.me/sudaaan
65	nurses, complex, medical, vigilance, hospitals	5	https://t.me/sudaaan
66	resolution, voting, ceasefire, talks, envoy	7	https://t.me/sudaaan
67	weather, temperatures, meteorology, slight, maximum	6	https://t.me/sudaaan
68	elite, congress, party, position, agenda	6	https://t.me/sudaaan
70	passports, immigration, passport, administration, suspects	12	https://t.me/sudaaan
71	journalists, media, channels, crises, representatives	6	https://t.me/sudaaan
72	court, genocide, complaint, justice, regarding	1	https://t.me/sudaaan
73	external, brotherly, egyptian, friendly, aggression	8	https://t.me/sudaaan
74	personally, play, courtesy, stick, suddenly	20	https://t.me/sudaaan
75	speedy, recovery, martyrs, mercy, wounded	21	https://t.me/sudaaan
76	vehicles, armored, enemy, equipment, losses	24	https://t.me/sudaaan
77	emirati, tijani, torn, boy, excuse	3	https://t.me/sudaaan
78	terrorist, classifying, sabotage, college, racial	8	https://t.me/sudaaan
79	regrets, irrigation, systematic, presidency, destruction	1	https://t.me/sudaaan
80	channel, whatsapp, conquest, follow, god	23	https://t.me/sudaaan
81	citizenship, foreigners, legal, immigration, records	11	https://t.me/sudaaan
82	rent, house, rents, neighborhoods, relationships	22	https://t.me/sudaaan
83	hospital, health, medical, salman, hospitals	8	https://t.me/sudaaan
84	sentence, doha, competent, ruled, case	1	https://t.me/sudaaan
86	abuja, mosques, prayer, problems, holy	7	https://t.me/sudaaan
87	restoring, workers, employees, salaries, labor	15	https://t.me/sudaaan
89	promotion, aspects, ways, regulation, establishment	5	https://t.me/sudaaan
90	pardon, reporting, renew, unit, losing	13	https://t.me/sudaaan
91	affirming, timing, preparatory, jurisdiction, accelerate	1	https://t.me/sudaaan
92	enemy, remnants, infiltrating, mercenaries, noticed	16	https://t.me/sudaaan
93	pharmacy, pharmaceutical, medicines, veterinary, profession	7	https://t.me/sudaaan
94	realized, crisis, lebanon, likely, escalating	2	https://t.me/sudaaan
95	successively, wound, pumping, incubators, regions	2	https://t.me/sudaaan
96	command, summary, 2023, stable, rebel	11	https://t.me/sudaaan
97	background, journalism, suitable, marketing, insistence	3	https://t.me/sudaaan
100	soldiers, victory, army, tidings, discover	9	https://t.me/sudaaan
102	congress, investigative, deliberations, dean, journalism	3	https://t.me/sudaaan
103	tribe, al, tribes, write, rizeigat	10	https://t.me/sudaaan
104	honorable, victory, speedy, valiant, dismantling	7	https://t.me/sudaaan
105	suddenly, mandate, demonstrations, chanting, tonight	1	https://t.me/sudaaan
106	obaid, reconstruction, acting, rashid, fasting	4	https://t.me/sudaaan
107	sovereignty, oath, yahya, overall, chief	2	https://t.me/sudaaan
108	agencies, humanitarian, emergencies, aid, recommendation	6	https://t.me/sudaaan
109	refugee, deport, delegation, refugees, deportation	7	https://t.me/sudaaan
110	drones, losses, concentrations, deals, lookout	6	https://t.me/sudaaan
111	kidney, dialysis, patients, liver, hospital	7	https://t.me/sudaaan
112	rescued, accident, vehicle, trying, cross	1	https://t.me/sudaaan
114	migration, organization, million, channel, 154	7	https://t.me/sudaaan
116	haftar, libya, libyan, wagner, chad	5	https://t.me/sudaaan
117	hilla, al, market, housing, pennies	7	https://t.me/sudaaan
118	son, did, know, uncle, told	21	https://t.me/sudaaan
119	whatsapp, channel, follow, telegram, httpswhatsappcomchaannel0029vb2jdpaixnnnnnnnnnnnnpxuj5a1x	25	https://t.me/sudaaan
120	eliminated, collapsed, rebellion, houses, bridge	2	https://t.me/sudaaan
121	slight, temperatures, maximum, meteorology, rise	1	https://t.me/sudaaan
122	clinic, medical, khashm, patients, room	12	https://t.me/sudaaan
123	dinder, room, medicine, scourge, emergency	1	https://t.me/sudaaan
124	chadian, chad, fact, diaspora, emirati	7	https://t.me/sudaaan
125	whatsapp, correspondent, follow, channel, httpstmesudannm	97	https://t.me/sudaaan
126	hajj, pilgrims, agent, let, packages	4	https://t.me/sudaaan
127	terrorist, gangs, city, militia, artillery	15	https://t.me/sudaaan
128	channel, whatsapp, follow, telegram, httpstmesudaaan	94	https://t.me/sudaaan
129	war, party, issue, ambitions, violations	9	https://t.me/sudaaan
130	migrant, httpstmesdnewsnetlork, telegram, join, scene	1	https://t.me/sudaaan
132	sets, passports, arko, printed, mona	2	https://t.me/sudaaan
134	survived, escaped, dispersal, death, traffickers	1	https://t.me/sudaaan
135	jobs, study, interested, courses, organizations	23	https://t.me/sudaaan
137	weather, slight, temperatures, hot, parts	5	https://t.me/sudaaan
138	secretary, party, congress, organizational, issa	3	https://t.me/sudaaan
139	insurance, establishments, orphans, specializations, resources	2	https://t.me/sudaaan
140	looting, looted, property, guided, solar	17	https://t.me/sudaaan
141	faki, taqaddam, freeze, jaafar, membership	1	https://t.me/sudaaan
143	prisoners, reassures, monitors, exposed, karama	1	https://t.me/sudaaan
144	biography, prize, won, islam, festival	1	https://t.me/sudaaan
146	whatsapp, channel, follow, httpswhatsappcomchannel0029vapgy3o7dmecjcizwq2x, telegram	85	https://t.me/sudaaan
147	card, insufficient, 79, returned, deteriorated	6	https://t.me/sudaaan
148	coverage, fees, httpstmesaqwl, determined, noted	25	https://t.me/sudaaan
149	bird, birds, norway, research, sheep	20	https://t.me/sudaaan
150	economy, availability, investment, restoring, factories	7	https://t.me/sudaaan
151	industries, manufacturing, modern, vegetables, pounds	2	https://t.me/sudaaan
152	boat, mediterranean, migrant, survivors, searching	1	https://t.me/sudaaan
153	transportation, tariffs, proposal, lines, company	6	https://t.me/sudaaan
155	birds, inspecting, allocate, road, reassures	2	https://t.me/sudaaan
156	watan, festival, marwa, collaborator, student	1	https://t.me/sudaaan
157	sennar, placed, discovered, siege, sinja	13	https://t.me/sudaaan
158	responding, reduced, survival, restoration, services	3	https://t.me/sudaaan
159	dimension, juma, briefing, volker, othman	3	https://t.me/sudaaan
160	suspicions, juba, say, peace, healing	2	https://t.me/sudaaan
161	ethical, vote, decision, performing, practice	3	https://t.me/sudaaan
162	greater, al, life, neighborhoods, street	9	https://t.me/sudaaan
163	hospital, heralds, funeral, deceased, clinics	2	https://t.me/sudaaan
165	watan, ad, 2024, news, newspaper	2	https://t.me/sudaaan
166	honest, prevents, coup, appropriate, looking	1	https://t.me/sudaaan
167	competence, haitham, surprised, exploited, health	3	https://t.me/sudaaan
168	symposium, coverage, agency, newspaper, alwatan	1	https://t.me/sudaaan
169	quartet, fingers, consolidating, want, parties	4	https://t.me/sudaaan
170	valiant, cowardly, reassuring, god, victory	2	https://t.me/sudaaan
171	jobs, courses, study, scholarship, opportunity	74	https://t.me/sudaaan
173	scholarship, admission, apply, university, luck	31	https://t.me/sudaaan
175	customers, bank, features, zain, balance	6	https://t.me/sudaaan
177	republican, palace, governorate, proof, abundant	5	https://t.me/sudaaan
178	incubator, atta, chief, commander, mauritanian	4	https://t.me/sudaaan
180	transport, reasons, parking, beans, traffic	8	https://t.me/sudaaan
181	babanusa, clashes, repelled, enemy, vehicles	10	https://t.me/sudaaan
182	london, european, british, union, imposed	5	https://t.me/sudaaan
183	politics, sorry, spare, spent, expatriate	4	https://t.me/sudaaan
184	cairo, definitely, quiet, alexandria, nile	7	https://t.me/sudaaan
185	shouk, rounds, vegetable, qatina, 20	2	https://t.me/sudaaan
186	captain, reuters, nabil, ship, brigadier	2	https://t.me/sudaaan
187	cairo, egyptian, fattah, sisi, returns	4	https://t.me/sudaaan
188	rooms, communications, poses, email, information	4	https://t.me/sudaaan
189	ugandan, uganda, refugees, camp, leadership	6	https://t.me/sudaaan
190	whatsapp, channel, follow, opportunities, facebook	2	https://t.me/sudaaan
191	sponsoring, switzerland, thought, passed, represent	2	https://t.me/sudaaan
192	tells, journey, times, reservoir, dabba	7	https://t.me/sudaaan
193	imprisonment, gang, death, measure, hanging	2	https://t.me/sudaaan
195	posts, omdurman, wild, remember, khalifa	4	https://t.me/sudaaan
196	owns, pharmacies, registered, accused, explained	1	https://t.me/sudaaan
197	uae, emirates, america, geneva, insist	4	https://t.me/sudaaan
198	study, german, actual, english, language	25	https://t.me/sudaaan
200	prince, liberation, abdul, ensuring, al	4	https://t.me/sudaaan
202	shall, transitional, periodic, auspices, submit	3	https://t.me/sudaaan
203	cemetery, gengueid, khartoumal, graves, read	4	https://t.me/sudaaan
204	channel, follow, telegram, httpstmesudaaan, sudan	63	https://t.me/sudaaan
205	statistics, arabs, perished, tv, diaspora	2	https://t.me/sudaaan
206	recognized, view, laws, point, islamic	1	https://t.me/sudaaan
207	raouf, whatsapp, channel, prophet, donate	5	https://t.me/sudaaan
208	sanctions, european, entities, union, trade	4	https://t.me/sudaaan
209	intelligence, egyptian, head, places, fear	2	https://t.me/sudaaan
210	communications, digital, networks, communication, network	3	https://t.me/sudaaan
211	gandhi, operational, monitoring, ibrahim, daily	5	https://t.me/sudaaan
212	asia, correspondent, caliph, khalifa, daily	6	https://t.me/sudaaan
213	hospital, elderly, sick, assisting, destiny	8	https://t.me/sudaaan
215	means, kutum, army, nour, 27	2	https://t.me/sudaaan
218	diwan, zakat, bureau, segment, looked	2	https://t.me/sudaaan
219	liberation, channel, movement, popularresistance, telegram	1	https://t.me/sudaaan
222	istanbul, tourism, travel, summit, fully	5	https://t.me/sudaaan
223	allowance, acceptable, euros, airlines, tickets	25	https://t.me/sudaaan
224	devastation, scenes, television, night, documents	1	https://t.me/sudaaan
225	identification, transport, vehicles, vehicle, highlighting	4	https://t.me/sudaaan
226	compulsory, language, certificate, interact, karry	25	https://t.me/sudaaan
227	dam, renaissance, water, danger, ethiopia	2	https://t.me/sudaaan
228	partnership, prospects, netherlands, seekers, unhcr	6	https://t.me/sudaaan
229	plastic, gang, version, leader, remain	3	https://t.me/sudaaan
230	london, demonstrations, demonstrate, persecution, capitals	3	https://t.me/sudaaan
231	halfaya, deny, khartoumjanjaweedcemetery, volunteers, rumors	1	https://t.me/sudaaan
232	invaders, preaching, greeting, dignity, immediately	8	https://t.me/sudaaan
233	discourse, realistic, root, wagner, indirect	2	https://t.me/sudaaan
234	whatsapp, sabah, garden, channel, follow	3	https://t.me/sudaaan
235	repeat, hour, random, thank, half	1	https://t.me/sudaaan
236	fugitives, speaks, basket, asking, punishment	2	https://t.me/sudaaan
237	image, uae, leak, shows, embassies	3	https://t.me/sudaaan
238	fought, wad, village, al, joy	12	https://t.me/sudaaan
239	jazeera, al, project, transmitted, artistic	3	https://t.me/sudaaan
240	stood, poverty, rahman, connect, assign	3	https://t.me/sudaaan
241	driver, license, driving, drivers, unhcr	44	https://t.me/sudaaan
242	illegal, impersonating, 105, freely, firmly	3	https://t.me/sudaaan
243	supervising, escaping, convicted, prisons, hadi	2	https://t.me/sudaaan
244	harming, rush, humiliating, watching, condemning	2	https://t.me/sudaaan
245	tea, hotel, types, lentils, started	9	https://t.me/sudaaan
247	island, beloved, villages, land, village	9	https://t.me/sudaaan
248	infantry, division, brigade, 22nd, sixth	4	https://t.me/sudaaan
249	girl, arqin, gold, intelligence, kilos	4	https://t.me/sudaaan
250	zakat, whatsapp, bureau, category, kassala	4	https://t.me/sudaaan
251	plundered, occupied, refuge, homes, went	3	https://t.me/sudaaan
253	bleeding, sword, al, bit, hungry	4	https://t.me/sudaaan
254	hands, homelands, betrayed, limbs, truly	2	https://t.me/sudaaan
255	nazir, mansour, moneim, passing, loss	1	https://t.me/sudaaan
256	steal, supposed, elections, help, umma	1	https://t.me/sudaaan
257	study, admission, apply, luck, register	21	https://t.me/sudaaan
258	milk, satisfaction, address, listened, clinics	1	https://t.me/sudaaan
259	bought, hungry, pregnant, mothers, milk	2	https://t.me/sudaaan
260	qatina, house, gandhi, stormed, neighborhoods	9	https://t.me/sudaaan
261	officers, kabashi, non, salute, reassure	4	https://t.me/sudaaan
262	bodies, stray, mamoun, dogs, recovered	2	https://t.me/sudaaan
263	chasing, morally, legally, middle, says	3	https://t.me/sudaaan
265	moments, rizeigat, hearts, words, arabs	5	https://t.me/sudaaan
266	division, entertainment, infantry, 1st, guidance	1	https://t.me/sudaaan
267	commit, crimes, militia, eradicate, ethnicity	3	https://t.me/sudaaan
268	courses, english, academy, networking, study	42	https://t.me/sudaaan
269	ireland, slow, honesty, suspicion, collaborators	2	https://t.me/sudaaan
270	danger, chadian, changes, reflects, points	1	https://t.me/sudaaan
271	failure, claim, specific, crossing, basis	1	https://t.me/sudaaan
272	version, 46, latest, application, follow	1	https://t.me/sudaaan
273	iron, beating, lesson, perpetrators, making	1	https://t.me/sudaaan
275	uae, focus, weapon, clarified, parties	6	https://t.me/sudaaan
276	english, language, luck, benefit, hoping	37	https://t.me/sudaaan
277	successful, enhance, remove, protection, land	1	https://t.me/sudaaan
279	impose, relying, systematically, instability, scale	2	https://t.me/sudaaan
280	uae, sits, disregard, geneva, mediator	2	https://t.me/sudaaan
281	khair, shall, hands, makkawi, extremely	3	https://t.me/sudaaan
282	dead, doctors, wounded, result, network	3	https://t.me/sudaaan
283	courses, english, language, interested, jobs	40	https://t.me/sudaaan
285	channel, telegram, follow, sudan, single	39	https://t.me/sudaaan
286	jobs, interested, organizations, courses, contains	40	https://t.me/sudaaan
287	maximum, age, 30, years, reliable	25	https://t.me/sudaaan
-1	al, militia, burhan, war, sudanese	3844	https://t.me/kraray224466
0	al, axis, army, rapid, fasher	178	https://t.me/kraray224466
1	education, students, exams, certificate, school	188	https://t.me/kraray224466
2	humanitarian, aid, food, united, nations	67	https://t.me/kraray224466
3	hilal, sports, league, al, cup	84	https://t.me/kraray224466
4	iran, iranian, uae, missiles, saudi	32	https://t.me/kraray224466
5	newspaper, sudani, al, kamel, headlines	28	https://t.me/kraray224466
6	ethiopian, ethiopia, tigray, eritrea, addis	42	https://t.me/kraray224466
7	cholera, cases, dengue, fever, epidemic	36	https://t.me/kraray224466
8	palestinian, gaza, israeli, israel, palestine	29	https://t.me/kraray224466
9	al, village, militia, hasahisa, fasher	54	https://t.me/kraray224466
10	women, girls, violence, sexual, rape	24	https://t.me/kraray224466
11	season, agricultural, agriculture, winter, farmers	30	https://t.me/kraray224466
12	militia, civilians, women, displacement, neighborhoods	38	https://t.me/kraray224466
13	god, oh, reward, lord, ask	57	https://t.me/kraray224466
14	publish, showing, trips, messages, send	2	https://t.me/kraray224466
16	definition, alliances, absent, apparatus, forming	15	https://t.me/kraray224466
17	baskets, food, crescent, volunteers, distributes	73	https://t.me/kraray224466
18	genocide, crimes, international, systematic, memory	33	https://t.me/kraray224466
19	foreign, ambassador, egyptian, affairs, brotherly	40	https://t.me/kraray224466
20	meets, al, governor, minister, health	19	https://t.me/kraray224466
21	doctors, medical, azhari, health, shelter	30	https://t.me/kraray224466
22	steadfast, valiant, army, axes, victory	53	https://t.me/kraray224466
23	burhan, hamdok, prime, arman, party	17	https://t.me/kraray224466
24	displaced, al, tawila, fasher, el	31	https://t.me/kraray224466
25	refugees, commissioner, chad, unhcr, chadian	16	https://t.me/kraray224466
26	blue, nile, karry, governor, north	62	https://t.me/kraray224466
27	al, city, benishangul, defenses, fasher	28	https://t.me/kraray224466
28	ethiopian, ethiopia, refugees, forests, kidnapped	13	https://t.me/kraray224466
29	police, security, crime, campaigns, khartoum	31	https://t.me/kraray224466
30	bank, banks, dollar, pound, currency	22	https://t.me/kraray224466
31	airport, flights, aviation, airlines, airspace	32	https://t.me/kraray224466
32	passports, passport, registry, immigration, police	32	https://t.me/kraray224466
33	police, crime, security, intelligence, secure	27	https://t.me/kraray224466
34	rain, floods, rains, torrential, torrents	24	https://t.me/kraray224466
35	ceasefire, commitments, truce, coordinate, warring	15	https://t.me/kraray224466
36	rebellion, revolution, 56, wing, democracy	15	https://t.me/kraray224466
37	al, rebel, taher, relatives, hemedti	27	https://t.me/kraray224466
38	law, case, court, justice, judge	22	https://t.me/kraray224466
39	egypt, embassy, deportation, voluntary, egyptian	25	https://t.me/kraray224466
40	mineral, mining, company, gold, resources	25	https://t.me/kraray224466
42	rights, human, geneva, commission, african	21	https://t.me/kraray224466
43	banks, banking, portfolio, billion, rate	5	https://t.me/kraray224466
44	assessment, concludes, risk, global, workshop	1	https://t.me/kraray224466
45	drug, drugs, pills, smuggling, seize	13	https://t.me/kraray224466
46	trafficking, human, hostages, smuggling, operations	7	https://t.me/kraray224466
47	answer, slightest, clarify, definitely, zero	14	https://t.me/kraray224466
48	african, union, membership, continent, president	30	https://t.me/kraray224466
49	god, bless, messenger, grant, oh	28	https://t.me/kraray224466
50	bid, farewell, heading, thank, eastern	1	https://t.me/kraray224466
51	electricity, electrical, stations, company, maintenance	19	https://t.me/kraray224466
52	displaced, renting, apartments, rented, exacerbates	9	https://t.me/kraray224466
53	energy, oil, refinery, pumping, moscow	5	https://t.me/kraray224466
54	headlines, al, burhan, news, army	53	https://t.me/kraray224466
55	97, al, abdul, din, hamid	41	https://t.me/kraray224466
56	starlink, networks, communication, devices, ones	22	https://t.me/kraray224466
57	ad, bulletin, 2024, headlines, 2025	26	https://t.me/kraray224466
58	ministries, khartoum, kamel, returned, headquarters	22	https://t.me/kraray224466
59	customs, luggage, exempt, brigadier, goods	24	https://t.me/kraray224466
60	taxes, budget, finance, mandate, exemptions	10	https://t.me/kraray224466
62	sudani, headlines, karari, newspaper, newspapers	19	https://t.me/kraray224466
63	oh, god, protect, mighty, victory	14	https://t.me/kraray224466
64	battle, adversity, truth, history, stands	23	https://t.me/kraray224466
65	health, personnel, vigilance, exist, surgery	6	https://t.me/kraray224466
66	envoy, representative, council, security, proposals	18	https://t.me/kraray224466
67	weather, moderate, temperatures, hot, cold	9	https://t.me/kraray224466
68	revolutions, revolution, political, injustice, real	20	https://t.me/kraray224466
69	suna, agency, news, sudan, sama	1	https://t.me/kraray224466
70	passports, passport, immigration, administration, general	17	https://t.me/kraray224466
71	journalists, media, professionals, syndicate, union	13	https://t.me/kraray224466
72	court, genocide, justice, crimes, criminal	15	https://t.me/kraray224466
73	egyptian, egypt, brotherly, russian, foreign	30	https://t.me/kraray224466
74	riding, slow, tonight, tight, expect	7	https://t.me/kraray224466
75	speedy, recovery, martyrs, mercy, wounded	15	https://t.me/kraray224466
76	vehicles, losses, equipment, combat, heavy	14	https://t.me/kraray224466
77	artist, artists, artistic, pain, dimension	18	https://t.me/kraray224466
78	terrorist, terrorism, militia, classify, crimes	17	https://t.me/kraray224466
79	water, station, aba, drinking, irrigation	13	https://t.me/kraray224466
80	god, battle, dear, victory, conquest	19	https://t.me/kraray224466
81	deportation, violators, deported, immigration, foreigners	16	https://t.me/kraray224466
82	shambat, rental, neighborhoods, repair, eligible	11	https://t.me/kraray224466
83	hospital, center, health, medical, al	17	https://t.me/kraray224466
84	lawyer, victim, accused, court, ruled	10	https://t.me/kraray224466
85	headlines, newspapers, sudani, newspaper, issued	8	https://t.me/kraray224466
86	church, mosque, khair, solidarity, sheikh	9	https://t.me/kraray224466
87	restoring, workers, unemployment, labor, skilled	8	https://t.me/kraray224466
88	debts, bank, finance, mohiuddin, fifteenth	5	https://t.me/kraray224466
89	london, location, foreign, countries, relations	10	https://t.me/kraray224466
90	equal, formations, try, customers, army	13	https://t.me/kraray224466
91	expressed, satisfaction, peace, african, league	5	https://t.me/kraray224466
92	infiltrating, heroes, usual, battle, enemy	14	https://t.me/kraray224466
93	pharmacists, association, pharmaceutical, professionals, caution	7	https://t.me/kraray224466
94	oil, marketing, petroleum, adel, company	5	https://t.me/kraray224466
95	kordofan, west, conflicts, realize, little	7	https://t.me/kraray224466
96	command, chief, officers, personnel, strengthened	4	https://t.me/kraray224466
97	publications, media, emphasis, statements, press	2	https://t.me/kraray224466
100	soldiers, army, field, confidence, joy	10	https://t.me/kraray224466
101	kordofan, blue, north, corporation, television	3	https://t.me/kraray224466
102	trump, investigative, deliberations, journalism, supporter	5	https://t.me/kraray224466
103	hamad, shield, diaspora, tribe, homeland	10	https://t.me/kraray224466
104	speedy, resolve, valiant, conquest, victory	9	https://t.me/kraray224466
105	kamel, apology, 64, demonstrations, idris	5	https://t.me/kraray224466
106	widows, preachers, imams, ramadan, umrah	8	https://t.me/kraray224466
107	sovereignty, overall, chief, lieutenant, briefed	11	https://t.me/kraray224466
108	sectors, enlightening, humanitarian, emergencies, hotel	3	https://t.me/kraray224466
109	cards, yellow, deport, registered, refugees	5	https://t.me/kraray224466
110	drones, missiles, anti, drone, sky	12	https://t.me/kraray224466
111	kidney, dialysis, patients, hospital, machines	13	https://t.me/kraray224466
112	libya, yes, immigrants, libyan, illegal	7	https://t.me/kraray224466
114	migration, internally, million, dutch, 12	4	https://t.me/kraray224466
115	sectors, external, economic, workers, infrastructure	7	https://t.me/kraray224466
116	haftar, libyan, libya, desert, khalifa	12	https://t.me/kraray224466
117	rental, estate, sabreen, apartment, real	10	https://t.me/kraray224466
118	mother, son, nights, daughter, returning	4	https://t.me/kraray224466
120	sabotage, al, cultural, communications, stray	4	https://t.me/kraray224466
121	temperatures, slight, meteorology, maximum, rise	12	https://t.me/kraray224466
122	stray, treatment, ice, clinics, embrace	4	https://t.me/kraray224466
123	doctors, network, killed, medical, trapped	6	https://t.me/kraray224466
124	chadian, chad, border, birth, nationality	13	https://t.me/kraray224466
126	hajj, pilgrims, umrah, ah, season	19	https://t.me/kraray224466
127	terrorist, artillery, city, militia, gangs	12	https://t.me/kraray224466
129	chosen, war, imposed, debate, divide	9	https://t.me/kraray224466
132	minawi, leave, bias, minni, voices	2	https://t.me/kraray224466
134	noon, demonstration, london, greater, 14	1	https://t.me/kraray224466
135	climate, change, summit, message249, jobs	8	https://t.me/kraray224466
136	win, strength, god, prevail, help	6	https://t.me/kraray224466
137	weather, hot, temperatures, moderate, parts	10	https://t.me/kraray224466
138	secretary, party, elections, bloc, congress	7	https://t.me/kraray224466
139	insurance, installing, orphans, health, 56	4	https://t.me/kraray224466
140	looting, infiltrate, stealing, outskirts, vandalized	4	https://t.me/kraray224466
141	accurate, poles, transient, excessive, rational	3	https://t.me/kraray224466
142	watan, 2025, dubai, news, al	4	https://t.me/kraray224466
143	bashir, temptations, sentenced, escaped, politicians	3	https://t.me/kraray224466
144	film, fingers, shown, theater, symptoms	8	https://t.me/kraray224466
145	instability, extremism, list, terrorist, terrorism	6	https://t.me/kraray224466
147	returnees, return, registered, residency, voluntary	8	https://t.me/kraray224466
149	cows, sheep, discovered, farm, saw	7	https://t.me/kraray224466
150	economy, restoring, factories, investment, medium	5	https://t.me/kraray224466
151	meat, availability, pounds, economies, reopen	5	https://t.me/kraray224466
152	boat, coast, migrants, tunisian, drowned	3	https://t.me/kraray224466
153	transportation, maintaining, site, arranges, bathrooms	5	https://t.me/kraray224466
154	karari, headlines, channel, 2026, issued	48	https://t.me/kraray224466
155	road, roads, maintenance, bridge, halfaya	7	https://t.me/kraray224466
156	watan, nasr, 2025, festival, ad	10	https://t.me/kraray224466
157	egyptian, steadfast, regiment, history, immigrated	9	https://t.me/kraray224466
158	organizing, shelter, social, planning, homeless	9	https://t.me/kraray224466
159	guterres, secretary, ceasefire, unamid, marches	4	https://t.me/kraray224466
160	possibilities, amani, narratives, peace, analysis	4	https://t.me/kraray224466
161	decision, performing, representation, professionals, practice	5	https://t.me/kraray224466
162	calm, neighborhood, normal, life, witnessed	17	https://t.me/kraray224466
163	health, insurance, eid, governor, kordofan	10	https://t.me/kraray224466
165	watan, ad, 2024, news, summary	4	https://t.me/kraray224466
166	july, freeze, victorious, alongside, balance	3	https://t.me/kraray224466
167	haitham, health, 115, ministry, al	5	https://t.me/kraray224466
168	newspaper, sawt, al, balad, atta	10	https://t.me/kraray224466
169	allies, interests, truce, america, american	6	https://t.me/kraray224466
170	god, victory, oh, willing, grant	17	https://t.me/kraray224466
172	broadcasts, taqaddam, umm, store, brotherhood	4	https://t.me/kraray224466
173	scholarship, admission, apply, university, municipality	1	https://t.me/kraray224466
175	payment, features, transactions, banks, valued	5	https://t.me/kraray224466
177	flags, republican, ella, palace, quartet	10	https://t.me/kraray224466
178	fateful, reassured, pride, armed, fronts	10	https://t.me/kraray224466
180	traffic, reckless, vehicles, buses, staying	5	https://t.me/kraray224466
181	retreated, farm, snipers, fought, soba	3	https://t.me/kraray224466
182	constructive, european, british, engagement, britain	11	https://t.me/kraray224466
183	expatriates, striking, married, apartment, publish	4	https://t.me/kraray224466
184	desert, spot, discover, photos, narrow	8	https://t.me/kraray224466
185	hillat, attempts, civilians, rebel, bombing	7	https://t.me/kraray224466
186	lieutenant, abyad, jaber, commander, general	10	https://t.me/kraray224466
187	egyptian, adjust, conveyed, nawara, 120	6	https://t.me/kraray224466
188	information, personality, applied, technologies, email	5	https://t.me/kraray224466
189	uganda, ugandan, refugees, fall, reassurance	4	https://t.me/kraray224466
190	interaction, channel, follow, whatsapp, telegram	16	https://t.me/kraray224466
191	affirming, ignores, observer, visions, participants	3	https://t.me/kraray224466
192	del, smugglers, search, journey, libya	7	https://t.me/kraray224466
193	imprisonment, sentence, insulting, prison, death	8	https://t.me/kraray224466
195	omdurman, blogging, source, 2025, wild	7	https://t.me/kraray224466
196	items, theft, household, residence, age	5	https://t.me/kraray224466
197	uae, fatal, emirates, revenge, embassies	9	https://t.me/kraray224466
198	karari, channel, telegram, study, httpstmekraray224466	38	https://t.me/kraray224466
199	homeland, 2026, ad, november, news	5	https://t.me/kraray224466
200	letter, al, division, anwar, sorry	2	https://t.me/kraray224466
201	dams, dam, renaissance, construction, egypt	2	https://t.me/kraray224466
202	evaluating, shall, periodic, depends, submit	3	https://t.me/kraray224466
203	cemetery, gengueid, khartoumal, cemeteries, sadness	1	https://t.me/kraray224466
205	homeland, 2025, november, ad, news	6	https://t.me/kraray224466
206	holy, quran, jurisprudence, ramadan, pray	4	https://t.me/kraray224466
207	clothes, notification, contribute, sends, lot	7	https://t.me/kraray224466
208	unanimously, prohibition, sanctions, 2005, freezing	1	https://t.me/kraray224466
209	intelligence, service, misleading, sleeper, saw	6	https://t.me/kraray224466
210	digital, transformation, communications, expansion, devices	4	https://t.me/kraray224466
211	operational, gender, plot, dispersed, destroyed	18	https://t.me/kraray224466
212	asia, correspondent, daily, axis, khalifa	6	https://t.me/kraray224466
213	elderly, band, hospital, wounded, reassured	7	https://t.me/kraray224466
214	channel, httpstmekraray224466, karry, net, repeat	60	https://t.me/kraray224466
215	69, sudanesearmedforces, sudantoday, sudannews, army	4	https://t.me/kraray224466
216	electric, heavily, zadna, 52, torrents	4	https://t.me/kraray224466
217	antiquities, documentation, heritage, museum, library	3	https://t.me/kraray224466
218	zakat, bureau, segment, expatriates, thirty	8	https://t.me/kraray224466
221	dirhams, professor, fatima, tayeb, rabak	2	https://t.me/kraray224466
222	tourism, oman, flights, travel, establishes	5	https://t.me/kraray224466
224	tv, sell, radio, waste, television	2	https://t.me/kraray224466
225	highlighting, car, documents, attached, attend	3	https://t.me/kraray224466
226	interact, karry, compulsory, channel, telegram	30	https://t.me/kraray224466
227	existential, dams, dam, water, renaissance	5	https://t.me/kraray224466
228	unhcr, play, questioning, strictly, resettlement	4	https://t.me/kraray224466
229	darfur, mercenary, marginalized, sedition, cheap	8	https://t.me/kraray224466
230	demonstration, london, british, gathering, honorable	9	https://t.me/kraray224466
232	meters, barrier, lions, mattresses, stood	7	https://t.me/kraray224466
233	end, stop, aqar, war, consult	3	https://t.me/kraray224466
234	varying, area, tents, destroys, marra	3	https://t.me/kraray224466
235	meteorology, rains, rain, heavy, warns	5	https://t.me/kraray224466
236	hanging, sentence, foreigner, imprisoned, complain	4	https://t.me/kraray224466
237	uae, image, narratives, terrorist, embassies	7	https://t.me/kraray224466
238	village, joy, domination, unwavering, belief	4	https://t.me/kraray224466
239	jazeera, al, project, factor, anwar	9	https://t.me/kraray224466
240	al, inspection, arqin, imminent, conditions	6	https://t.me/kraray224466
242	adri, 95, illegally, residing, remaining	2	https://t.me/kraray224466
243	release, detention, detainees, deprivation, prison	4	https://t.me/kraray224466
244	massacres, crimes, committed, civilians, janjaweed	6	https://t.me/kraray224466
245	dinner, procession, turns, collective, kilograms	1	https://t.me/kraray224466
246	cars, import, cabinet, procedures, relevant	2	https://t.me/kraray224466
247	island, beloved, liberation, luxurious, assaults	7	https://t.me/kraray224466
248	infantry, division, brigade, anti, 22nd	8	https://t.me/kraray224466
249	gold, vigilance, seized, sisters, thirty	3	https://t.me/kraray224466
250	meat, bags, zakat, distribution, localities	2	https://t.me/kraray224466
251	rubble, turns, slightest, regulation, prolonged	6	https://t.me/kraray224466
252	salva, kiir, written, presidential, palace	2	https://t.me/kraray224466
253	retreated, neglected, ibn, missed, just	3	https://t.me/kraray224466
254	homeland, traitor, courtesy, imagined, adversity	7	https://t.me/kraray224466
255	crowd, unite, strongest, gathered, prime	3	https://t.me/kraray224466
256	shift, umma, party, suit, disavows	2	https://t.me/kraray224466
258	milk, satisfaction, address, listened, clinics	2	https://t.me/kraray224466
259	asphalt, awaiting, pregnant, birth, dignity	1	https://t.me/kraray224466
260	villages, looting, militia, expanding, caused	7	https://t.me/kraray224466
261	rukn, accordingly, minutes, sacrifice, colonel	3	https://t.me/kraray224466
262	stray, dogs, sad, drowned, bodies	2	https://t.me/kraray224466
263	builds, rulings, towers, customers, getting	5	https://t.me/kraray224466
264	initial, estimates, seventh, exceeded, indicate	2	https://t.me/kraray224466
265	arabs, looked, complicity, beings, certain	7	https://t.me/kraray224466
266	19th, division, infantry, marawi, recruits	3	https://t.me/kraray224466
267	massacre, civilians, heinous, militia, mediation	6	https://t.me/kraray224466
269	endeavors, ireland, succeed, honesty, efficiency	2	https://t.me/kraray224466
271	crossing, adre, extension, border, agreed	6	https://t.me/kraray224466
273	traitor, traitors, mouth, punish, humiliated	7	https://t.me/kraray224466
274	newspapers, precautions, preparation, monitoring, happiness	1	https://t.me/kraray224466
275	uae, repeatedly, stop, parties, clarified	9	https://t.me/kraray224466
277	forest, forests, forestry, blue, authority	5	https://t.me/kraray224466
278	strong, reserves, pakistan, quoted, sudani	2	https://t.me/kraray224466
279	reject, systematically, elites, instability, scale	3	https://t.me/kraray224466
280	uae, emirates, relations, diplomats, dhabi	7	https://t.me/kraray224466
281	shall, hands, extremely, record, watan	2	https://t.me/kraray224466
282	tortured, consultant, abyad, taher, fadl	2	https://t.me/kraray224466
284	karry, share, channel, httpstmekraray224466, telegram	39	https://t.me/kraray224466
285	channel, karry, telegram, share, follow	1	https://t.me/kraray224466
-1	tribune, post, appeared, rapid, al	3385	https://t.me/sudan_updates
0	rapid, fasher, tribune, el, artillery	922	https://t.me/sudan_updates
1	students, teachers, exams, education, school	125	https://t.me/sudan_updates
2	aid, humanitarian, famine, food, million	499	https://t.me/sudan_updates
3	outlet, refers, matches, clubs, judiciary	2	https://t.me/sudan_updates
4	urged, arabia, jeddah, saudi, fulfilling	6	https://t.me/sudan_updates
5	raja, window, jeddah, negotiations, face	1	https://t.me/sudan_updates
6	ethiopian, ethiopia, border, addis, ababa	49	https://t.me/sudan_updates
7	cholera, cases, fever, epidemic, dengue	230	https://t.me/sudan_updates
8	gaza, israel, israeli, talks, denies	9	https://t.me/sudan_updates
9	al, village, villages, rapid, jazeera	91	https://t.me/sudan_updates
10	women, sexual, violence, rape, girls	259	https://t.me/sudan_updates
11	fao, agricultural, farmers, seeds, production	39	https://t.me/sudan_updates
12	displacement, homes, civilians, looting, addition	131	https://t.me/sudan_updates
13	god, harms, produces, worthy, burns	6	https://t.me/sudan_updates
14	khader, tayeb, speaking, center, suspended	1	https://t.me/sudan_updates
16	democracy, parties, legitimacy, party, constitutional	15	https://t.me/sudan_updates
17	red, crescent, declining, cross, societies	12	https://t.me/sudan_updates
18	crimes, genocide, law, civilians, ethnic	85	https://t.me/sudan_updates
19	envoy, foreign, special, visa, american	31	https://t.me/sudan_updates
20	storms, minawi, spoke, burning, says	1	https://t.me/sudan_updates
21	doctors, borders, health, tribune, medical	143	https://t.me/sudan_updates
22	implementing, accordingly, constantly, guns, ambitions	5	https://t.me/sudan_updates
23	electoral, unionist, party, project, hamdok	5	https://t.me/sudan_updates
24	displaced, fasher, al, village, families	54	https://t.me/sudan_updates
25	refugees, chad, unhcr, commissioner, south	78	https://t.me/sudan_updates
26	commissioners, commit, policy, accordance, context	1	https://t.me/sudan_updates
27	fasher, rapid, el, city, control	76	https://t.me/sudan_updates
28	ethiopian, refugees, ethiopia, ababa, addis	57	https://t.me/sudan_updates
29	police, modernization, interior, doctrine, security	9	https://t.me/sudan_updates
30	decline, pound, dollar, currencies, pounds	9	https://t.me/sudan_updates
31	airport, flight, flights, kuwait, airlines	9	https://t.me/sudan_updates
32	passport, passports, amendment, ban, lists	8	https://t.me/sudan_updates
33	negative, allocate, manifestations, reporting, phenomena	2	https://t.me/sudan_updates
34	rains, floods, torrential, flood, torrents	54	https://t.me/sudan_updates
35	parties, ceasefire, conflict, hostilities, truce	62	https://t.me/sudan_updates
36	revolution, sabotage, fear, idea, revolutionary	6	https://t.me/sudan_updates
37	islamists, revenge, war, bury, praise	9	https://t.me/sudan_updates
38	prosecution, article, accountable, responsible, violations	14	https://t.me/sudan_updates
39	egypt, aswan, egyptian, return, buses	18	https://t.me/sudan_updates
40	gold, mining, 53, amounted, traditional	4	https://t.me/sudan_updates
42	rights, human, mission, finding, expert	64	https://t.me/sudan_updates
43	dollar, inflation, parallel, 600, bureau	6	https://t.me/sudan_updates
44	importing, corona, suspected, infections, utensils	5	https://t.me/sudan_updates
45	addiction, treatment, drug, closed, center	5	https://t.me/sudan_updates
46	trafficking, human, smuggling, hostages, gangs	9	https://t.me/sudan_updates
47	familiar, consideration, individual, approach, ask	6	https://t.me/sudan_updates
48	african, union, membership, continent, summit	23	https://t.me/sudan_updates
51	electricity, markets, electrical, power, dissatisfaction	5	https://t.me/sudan_updates
52	displaced, shelter, food, lack, families	56	https://t.me/sudan_updates
53	oil, stations, refinery, gasoline, fuel	3	https://t.me/sudan_updates
55	salem, shouk, abu, idris, abdullah	1	https://t.me/sudan_updates
56	starlink, internet, networks, devices, communications	20	https://t.me/sudan_updates
57	really, appreciate, helped, colleagues, coverage	3	https://t.me/sudan_updates
58	employees, appointment, administrative, positions, included	9	https://t.me/sudan_updates
59	customs, duties, electrical, voluntary, personal	8	https://t.me/sudan_updates
60	fees, reservations, unregulated, reconcile, commission	2	https://t.me/sudan_updates
62	criticizing, headlines, verify, validity, pages	3	https://t.me/sudan_updates
63	brothers, reconcile, sides, fear, god	1	https://t.me/sudan_updates
64	book, pride, proud, page, humanity	4	https://t.me/sudan_updates
65	hospital, medical, registration, doctors, excluded	6	https://t.me/sudan_updates
66	sanctions, security, council, united, nations	43	https://t.me/sudan_updates
68	grassroots, political, war, building, change	7	https://t.me/sudan_updates
70	route, passports, travel, passport, immigration	2	https://t.me/sudan_updates
71	journalists, media, female, syndicate, male	50	https://t.me/sudan_updates
72	court, genocide, crimes, criminal, conviction	20	https://t.me/sudan_updates
73	burhan, egyptian, egypt, foreign, cairo	21	https://t.me/sudan_updates
74	longer, morning, dont, come, didnt	1	https://t.me/sudan_updates
76	vehicles, showing, combat, destroying, tightened	4	https://t.me/sudan_updates
77	drawing, artist, singing, posted, shaqra	4	https://t.me/sudan_updates
78	constitutes, arrangement, extremist, groups, terrorist	5	https://t.me/sudan_updates
79	water, material, pump, blocks, dirt	3	https://t.me/sudan_updates
80	hear, suffered, cries, ruins, bleeding	2	https://t.me/sudan_updates
81	status, immigration, temporary, citizenship, residency	4	https://t.me/sudan_updates
82	rent, rents, eviction, rental, replaced	4	https://t.me/sudan_updates
83	health, ambulances, ministry, shambat, kadugli	4	https://t.me/sudan_updates
84	supervised, incite, morgue, assassinated, room	5	https://t.me/sudan_updates
86	congo, church, wonderful, image, sake	7	https://t.me/sudan_updates
87	salaries, workers, jobs, labor, employees	9	https://t.me/sudan_updates
88	bank, finance, world, obligations, financing	4	https://t.me/sudan_updates
89	diplomats, exchanging, expose, exercise, violates	5	https://t.me/sudan_updates
90	brief, amazing, drawn, burdens, rid	2	https://t.me/sudan_updates
91	kiir, salva, peace, igad, south	18	https://t.me/sudan_updates
92	book, plots, armies, ancient, forest	1	https://t.me/sudan_updates
93	pharmaceutical, medications, exceeded, medicines, factories	7	https://t.me/sudan_updates
94	oil, transit, energy, fuel, economists	2	https://t.me/sudan_updates
95	sandal, explain, issa, suleiman, dismissal	1	https://t.me/sudan_updates
96	dilemma, founded, non, cooper, gave	4	https://t.me/sudan_updates
97	incubators, classified, journalists, professionals, communities	4	https://t.me/sudan_updates
102	trump, deep, republican, woman, confrontation	6	https://t.me/sudan_updates
103	lifted, restored, stolen, siege, indicated	1	https://t.me/sudan_updates
105	celebrations, demonstrations, equality, prolonged, fragility	2	https://t.me/sudan_updates
107	secure, forming, routine, sami, blue	3	https://t.me/sudan_updates
108	humanitarian, funding, organizations, saving, aid	15	https://t.me/sudan_updates
109	refugee, administrative, delegation, tribune, commissioner	20	https://t.me/sudan_updates
110	drones, missiles, aircraft, fighter, anti	13	https://t.me/sudan_updates
111	patients, dialysis, kidney, center, shut	6	https://t.me/sudan_updates
112	illegal, libya, immigrants, immigration, european	4	https://t.me/sudan_updates
114	migration, organization, returned, migrants, libya	17	https://t.me/sudan_updates
115	poverty, economy, 71, declined, income	16	https://t.me/sudan_updates
117	difficult, rent, crazy, estate, refuge	1	https://t.me/sudan_updates
118	mother, husband, terrified, children, quoted	6	https://t.me/sudan_updates
120	writers, millet, interviews, finding, hadi	3	https://t.me/sudan_updates
122	medical, medicines, room, scarcity, facilities	34	https://t.me/sudan_updates
123	doctors, network, killed, injured, rapid	46	https://t.me/sudan_updates
124	chadian, chad, border, territory, authorities	20	https://t.me/sudan_updates
129	war, words, wars, ignorant, like	12	https://t.me/sudan_updates
132	darfur, arko, minni, region, minawi	18	https://t.me/sudan_updates
134	approve, decisively, comment, protest, demonstrations	2	https://t.me/sudan_updates
138	democratic, bloc, party, unionist, jaafar	5	https://t.me/sudan_updates
140	looted, property, looting, burned, disrupted	12	https://t.me/sudan_updates
141	iftar, rejected, wants, minawi, address	1	https://t.me/sudan_updates
144	film, virtue, writer, japanese, tonight	2	https://t.me/sudan_updates
145	creates, unrest, exacerbates, excellence, flows	2	https://t.me/sudan_updates
147	returnees, average, stated, individuals, expecting	6	https://t.me/sudan_updates
150	zone, program, achieving, economy, ground	1	https://t.me/sudan_updates
151	kilo, pounds, prices, kadugli, siege	8	https://t.me/sudan_updates
152	coast, boat, libyan, guard, migrants	4	https://t.me/sudan_updates
153	tax, transportation, ticket, bus, buses	9	https://t.me/sudan_updates
155	linking, road, asphalt, dirt, tokar	3	https://t.me/sudan_updates
157	fall, madani, boat, shot, jazira	3	https://t.me/sudan_updates
158	children, social, lacking, referral, densely	6	https://t.me/sudan_updates
159	unamid, experts, resolution, mission, security	7	https://t.me/sudan_updates
160	peace, agreement, war, jeddah, ceasefire	11	https://t.me/sudan_updates
161	contacts, freeze, membership, course, taking	1	https://t.me/sudan_updates
162	faki, hashim, wad, passengers, jazira	3	https://t.me/sudan_updates
166	coup, liquidating, touches, seeing, 1989	4	https://t.me/sudan_updates
167	filing, approvals, recommended, lawsuit, supplies	3	https://t.me/sudan_updates
168	registered, sabah, agreeing, incitement, taqadum	1	https://t.me/sudan_updates
169	quartet, title, focus, initiatives, domination	4	https://t.me/sudan_updates
172	sects, religious, religions, christian, definition	3	https://t.me/sudan_updates
173	appeared, tribune, scholarship, click, net	21	https://t.me/sudan_updates
177	biography, examples, associated, regained, crossed	2	https://t.me/sudan_updates
178	incubator, atta, founding, extends, yasser	5	https://t.me/sudan_updates
180	buses, travel, tax, traffic, chamber	5	https://t.me/sudan_updates
181	zalingei, attack, rapid, forces, 21st	9	https://t.me/sudan_updates
182	berlin, envoy, lamamra, conference, british	7	https://t.me/sudan_updates
183	income, stopped, asked, available, expatriates	8	https://t.me/sudan_updates
184	incursion, 45, noteworthy, waves, white	2	https://t.me/sudan_updates
185	muya, jabal, observatory, shouk, massacre	7	https://t.me/sudan_updates
186	brigadier, din, supervised, commander, tamboul	4	https://t.me/sudan_updates
187	key, neighbors, kenya, discussion, regional	2	https://t.me/sudan_updates
188	extracted, accusation, activist, indicate, accused	4	https://t.me/sudan_updates
189	uganda, ugandan, kampala, refugees, camp	33	https://t.me/sudan_updates
192	journey, mother, story, years, woman	29	https://t.me/sudan_updates
193	autopsy, reinforced, dogs, ugandan, police	1	https://t.me/sudan_updates
196	view, happening, described, crime, committed	1	https://t.me/sudan_updates
197	uae, atta, france, involvement, emirates	8	https://t.me/sudan_updates
200	movement, liberation, hadi, minawi, idris	18	https://t.me/sudan_updates
201	dam, merowe, vital, facilities, renaissance	1	https://t.me/sudan_updates
202	service, employees, selection, decisions, administrative	9	https://t.me/sudan_updates
208	sanctions, european, union, companies, imposed	17	https://t.me/sudan_updates
209	intelligence, retired, service, tasks, authentic	3	https://t.me/sudan_updates
210	digital, transformation, communications, internet, experts	15	https://t.me/sudan_updates
213	elderly, saving, sick, devices, care	7	https://t.me/sudan_updates
216	floods, rains, torrential, torrents, shelter	9	https://t.me/sudan_updates
218	zakat, taxes, describing, complex, imposed	1	https://t.me/sudan_updates
224	radio, channel, 24, broadcasting, licenses	4	https://t.me/sudan_updates
227	meters, decreased, imported, decrease, instead	1	https://t.me/sudan_updates
228	unhcr, protection, resettlement, adjust, lacking	5	https://t.me/sudan_updates
229	screens, websites, ambassadorial, misery, feelings	2	https://t.me/sudan_updates
232	recruit, threatened, forcibly, ranks, fight	1	https://t.me/sudan_updates
233	jeddah, war, end, hemedti, burhan	16	https://t.me/sudan_updates
234	fires, broke, camps, massive, tawila	18	https://t.me/sudan_updates
236	suddenly, suspicion, knowing, placed, visiting	1	https://t.me/sudan_updates
237	narratives, crimes, classifying, genocide, terrorism	4	https://t.me/sudan_updates
238	gun, sultanate, old, issue, supporting	1	https://t.me/sudan_updates
240	dabba, adding, makkawi, rushing, refusing	3	https://t.me/sudan_updates
242	immigrants, europe, gang, secure, planning	2	https://t.me/sudan_updates
243	detainees, detention, prison, fatal, liquidated	6	https://t.me/sudan_updates
244	crimes, genocide, committed, violations, civilians	17	https://t.me/sudan_updates
245	lentils, utensils, household, ran, cooking	4	https://t.me/sudan_updates
246	crowding, exception, cars, commerce, obtaining	1	https://t.me/sudan_updates
248	22nd, infantry, division, clips, platforms	3	https://t.me/sudan_updates
251	occurs, despair, depriving, fathers, home	5	https://t.me/sudan_updates
252	withdrew, ugandan, escalating, tension, beginning	1	https://t.me/sudan_updates
253	friend, ibn, trip, certain, mansour	2	https://t.me/sudan_updates
256	cooperative, umma, teacher, countryside, points	1	https://t.me/sudan_updates
259	pregnant, mother, birth, distance, baby	7	https://t.me/sudan_updates
260	looting, al, wad, hostage, hillat	2	https://t.me/sudan_updates
262	minors, graves, body, story, prosecutor	2	https://t.me/sudan_updates
264	injured, victims, women, children, electric	9	https://t.me/sudan_updates
265	emirate, saw, rejection, expatriate, establishment	1	https://t.me/sudan_updates
267	weapons, ban, silence, community, flight	5	https://t.me/sudan_updates
269	realized, canceled, severity, scheduled, activities	1	https://t.me/sudan_updates
270	chadian, chad, diplomats, non, mohamed	13	https://t.me/sudan_updates
271	visitors, embassy, visas, weekly, inform	3	https://t.me/sudan_updates
273	circle, expanded, quickly, evil, parts	1	https://t.me/sudan_updates
275	jeddah, ceasefire, sides, agreement, parties	5	https://t.me/sudan_updates
277	tropical, rare, trees, geographical, distance	1	https://t.me/sudan_updates
278	39, freezes, samoud, leaders, freeze	1	https://t.me/sudan_updates
279	reading, war, internal, planning, marginalization	23	https://t.me/sudan_updates
280	uae, relations, dhabi, diplomats, diplomatic	6	https://t.me/sudan_updates
282	dead, hospital, khater, doctors, tribune	18	https://t.me/sudan_updates
