Topic	Words	Frequency	Timestamp
-1	facebook, network, bashir, snn, al	160	2017-05-13 01:25:09.570000000
0	rebels, colonel, wadi, saleh, capture	4	2017-05-13 01:25:09.570000000
1	students, khair, school, schools, education	21	2017-05-13 01:25:09.570000000
2	appreciation, nations, guterres, united, secretary	3	2017-05-13 01:25:09.570000000
3	player, 39, contacts, watery, pills	1	2017-05-13 01:25:09.570000000
4	qatar, gulf, qatari, terrorism, boycott	8	2017-05-13 01:25:09.570000000
5	hammam, shafiq, magdy, 2017, science	3	2017-05-13 01:25:09.570000000
7	diarrhea, watery, epidemic, cases, contain	3	2017-05-13 01:25:09.570000000
11	carry, farms, tools, afternoon, bags	1	2017-05-13 01:25:09.570000000
12	inhabited, exceed, toll, 300, statistics	1	2017-05-13 01:25:09.570000000
13	likewise, blessings, earth, seeking, leaving	1	2017-05-13 01:25:09.570000000
16	microscope, mps, negligence, complains, bearing	2	2017-05-13 01:25:09.570000000
17	charitable, crescent, organization, philanthropists, initiative	5	2017-05-13 01:25:09.570000000
19	swiss, excellency, mr, bilateral, foreign	4	2017-05-13 01:25:09.570000000
23	acknowledge, french, legislative, elections, kingdom	1	2017-05-13 01:25:09.570000000
27	ain, pursue, rebels, enter, difficult	1	2017-05-13 01:25:09.570000000
30	banking, bank, banks, transfers, anticipating	3	2017-05-13 01:25:09.570000000
32	non, passes, patriotism, trading, referred	1	2017-05-13 01:25:09.570000000
34	vast, storms, 46, nigeria, quoted	2	2017-05-13 01:25:09.570000000
35	obstacle, biggest, regions, disagreements, sector	2	2017-05-13 01:25:09.570000000
38	97, assault, judiciary, funds, public	1	2017-05-13 01:25:09.570000000
43	banks, financial, boards, managers, complications	1	2017-05-13 01:25:09.570000000
44	rice, specified, eat, isolated, specific	1	2017-05-13 01:25:09.570000000
46	microscope, trafficking, point, used, network	1	2017-05-13 01:25:09.570000000
47	reconcile, waiting, answer, zero, think	1	2017-05-13 01:25:09.570000000
57	2017, preparation, monitoring, june, friday	1	2017-05-13 01:25:09.570000000
62	snn, facebook, headlines, 2017, network	4	2017-05-13 01:25:09.570000000
66	unamid, reducing, successor, disrupt, mission	3	2017-05-13 01:25:09.570000000
67	dust, surgery, drop, expects, temperatures	1	2017-05-13 01:25:09.570000000
73	bashir, egyptian, relations, egypt, opinion	4	2017-05-13 01:25:09.570000000
74	care, dont, come, didnt, personally	1	2017-05-13 01:25:09.570000000
79	water, 54, dire, drinking, sources	2	2017-05-13 01:25:09.570000000
91	somalia, bilateral, discussed, harboring, peace	2	2017-05-13 01:25:09.570000000
92	recognize, killed, example, battle, continued	1	2017-05-13 01:25:09.570000000
95	named, eyes, negative, account, welfare	2	2017-05-13 01:25:09.570000000
104	follows, overall, year, implementation, mission	1	2017-05-13 01:25:09.570000000
106	mosques, holy, saudi, custodian, sanctions	1	2017-05-13 01:25:09.570000000
114	migrants, journey, sahara, mediterranean, crowd	1	2017-05-13 01:25:09.570000000
116	haftar, alongside, libyan, egypt, forces	1	2017-05-13 01:25:09.570000000
117	housing, estate, fund, halfa, project	6	2017-05-13 01:25:09.570000000
120	refers, gulf, bashir, garda, diarrhea	2	2017-05-13 01:25:09.570000000
121	temperatures, winds, meteorology, slight, climate	1	2017-05-13 01:25:09.570000000
138	counting, publishing, lot, cultural, document	1	2017-05-13 01:25:09.570000000
143	anticipated, killer, watery, structures, diarrhea	1	2017-05-13 01:25:09.570000000
153	railway, linking, station, western, center	1	2017-05-13 01:25:09.570000000
157	canal, transformed, northeast, battalion, stationed	1	2017-05-13 01:25:09.570000000
159	unamid, reducing, considering, objection, hinder	1	2017-05-13 01:25:09.570000000
160	resolved, differences, escalation, want, dialogue	1	2017-05-13 01:25:09.570000000
177	warrants, egyptians, angry, arabs, speech	1	2017-05-13 01:25:09.570000000
179	hammam, shafiq, magdy, science, technology	3	2017-05-13 01:25:09.570000000
184	bride, gained, largest, kosti, ancient	1	2017-05-13 01:25:09.570000000
188	oversight, internet, opinion, campaigns, public	1	2017-05-13 01:25:09.570000000
193	fine, wealth, prisoners, tried, illegal	1	2017-05-13 01:25:09.570000000
200	ain, northwest, range, mountain, kutum	1	2017-05-13 01:25:09.570000000
208	technologies, embargo, sanctions, directing, products	1	2017-05-13 01:25:09.570000000
209	spy, network, soldier, machar, ghandour	1	2017-05-13 01:25:09.570000000
218	approached, zakat, collection, funds, half	1	2017-05-13 01:25:09.570000000
250	zakat, bureau, riyals, kingdom, mukhtar	2	2017-05-13 01:25:09.570000000
258	facebook, sudannewsnetwork, website, middle, network	1	2017-05-13 01:25:09.570000000
264	moved, search, cross, bodies, according	1	2017-05-13 01:25:09.570000000
274	preparation, 2017, monitoring, newspapers, headlines	1	2017-05-13 01:25:09.570000000
-1	bashir, al, diarrhea, saudi, isis	135	2017-06-15 14:45:55.348623853
1	students, fadil, defenders, school, russia	8	2017-06-15 14:45:55.348623853
2	necessitated, logical, positively, justification, reflected	1	2017-06-15 14:45:55.348623853
3	activity, sports, hajj, football, freeze	6	2017-06-15 14:45:55.348623853
4	trump, iraq, iran, saudi, kuwaiti	4	2017-06-15 14:45:55.348623853
5	mahdi, ban, bashir, trump, partial	2	2017-06-15 14:45:55.348623853
6	violently, refutes, youssef, libyan, separating	1	2017-06-15 14:45:55.348623853
7	watery, diarrhea, passed, critical, yemen	1	2017-06-15 14:45:55.348623853
13	frustration, prophet, wish, died, know	1	2017-06-15 14:45:55.348623853
16	presenting, candidate, capable, presidential, civil	1	2017-06-15 14:45:55.348623853
19	discussions, foreign, relations, france, netherlands	5	2017-06-15 14:45:55.348623853
20	prayer, larger, sabah, sheikh, azraq	1	2017-06-15 14:45:55.348623853
23	referendum, tolerate, holders, secession, southerners	2	2017-06-15 14:45:55.348623853
25	refugees, commissioner, south, high, 2017	5	2017-06-15 14:45:55.348623853
29	heated, formation, session, leadership, regarding	1	2017-06-15 14:45:55.348623853
30	retreats, agar, forming, bank, attacks	1	2017-06-15 14:45:55.348623853
32	certification, gulf, contract, signing, establish	1	2017-06-15 14:45:55.348623853
35	stakeholders, encourages, hostilities, agree, beginning	1	2017-06-15 14:45:55.348623853
38	prosecution, 66, code, 53, 51	4	2017-06-15 14:45:55.348623853
40	extracted, volume, gold, companies, production	2	2017-06-15 14:45:55.348623853
43	banking, policies, assistant, change, president	1	2017-06-15 14:45:55.348623853
45	drugs, drug, mafia, fadil, alcohol	4	2017-06-15 14:45:55.348623853
46	trafficking, lifted, citizen, sanctions, burden	1	2017-06-15 14:45:55.348623853
48	nomination, obtains, ghandour, counterpart, igad	1	2017-06-15 14:45:55.348623853
50	network, follow, tribune, telegram, sudan	1	2017-06-15 14:45:55.348623853
57	2017, headlines, preparation, monitoring, july	7	2017-06-15 14:45:55.348623853
60	unemployment, spending, deficit, reducing, rates	1	2017-06-15 14:45:55.348623853
62	hammam, shafiq, 2017, magdy, headlines	3	2017-06-15 14:45:55.348623853
78	bought, homelands, sold, owners, terrorism	1	2017-06-15 14:45:55.348623853
84	accused, court, prosecution, prison, latif	2	2017-06-15 14:45:55.348623853
89	countries, statement, chinese, foreign, affairs	1	2017-06-15 14:45:55.348623853
91	reduction, outcomes, commit, unamid, welcomes	1	2017-06-15 14:45:55.348623853
93	locally, produced, directive, banning, buy	1	2017-06-15 14:45:55.348623853
94	2016, youtube, award, petroleum, imported	1	2017-06-15 14:45:55.348623853
100	fronts, initiative, army, soldiers, morale	1	2017-06-15 14:45:55.348623853
106	italy, watery, ghandour, diarrhea, umrah	1	2017-06-15 14:45:55.348623853
107	upper, presents, agar, experience, summit	1	2017-06-15 14:45:55.348623853
112	carefully, identify, clock, italy, ghandour	1	2017-06-15 14:45:55.348623853
120	bashir, gulf, al, relieve, bilal	3	2017-06-15 14:45:55.348623853
126	hajj, excluded, believes, republic, guidance	1	2017-06-15 14:45:55.348623853
145	consideration, lift, terrorism, combating, imposed	1	2017-06-15 14:45:55.348623853
147	expecting, transformed, deadline, highest, estimated	2	2017-06-15 14:45:55.348623853
150	medium, term, hard, industries, financing	1	2017-06-15 14:45:55.348623853
155	bridge, attention, working, al, road	1	2017-06-15 14:45:55.348623853
166	net, pictures, rumors, arrests, coup	1	2017-06-15 14:45:55.348623853
175	transactions, banking, facilitate, information, agreement	1	2017-06-15 14:45:55.348623853
179	hammam, shafiq, magdy, science, technology	4	2017-06-15 14:45:55.348623853
183	criticizing, expatriates, concerns, bad, dear	2	2017-06-15 14:45:55.348623853
187	faltered, hassabo, concluded, proposal, egyptian	1	2017-06-15 14:45:55.348623853
208	scenarios, expect, sanctions, kiir, salva	1	2017-06-15 14:45:55.348623853
221	correction, attended, oversight, treasury, fake	1	2017-06-15 14:45:55.348623853
228	alike, meet, donors, needs, current	1	2017-06-15 14:45:55.348623853
258	2017, hammam, shafiq, magdy, preparation	1	2017-06-15 14:45:55.348623853
263	gulf, rich, income, crises, successively	1	2017-06-15 14:45:55.348623853
270	chadian, written, message, bashir, dissatisfaction	1	2017-06-15 14:45:55.348623853
274	2017, preparation, monitoring, newspapers, headlines	1	2017-06-15 14:45:55.348623853
-1	bashir, al, halayeb, consulate, parliament	159	2017-07-15 20:57:23.697247706
0	khor, vandalism, sabotaging, popularity, 72	2	2017-07-15 20:57:23.697247706
1	students, resign, declining, suit, concluding	6	2017-07-15 20:57:23.697247706
3	presidency, league, hilal, removes, moatasem	3	2017-07-15 20:57:23.697247706
4	iran, accustomed, bartam, sanctity, inspect	3	2017-07-15 20:57:23.697247706
5	newspapers, hammam, shafiq, magdy, 2017	2	2017-07-15 20:57:23.697247706
6	shalatin, ethiopia, egyptian, killed, army	1	2017-07-15 20:57:23.697247706
8	azhari, palestinian, confiscates, jews, compete	3	2017-07-15 20:57:23.697247706
9	khor, silent, chamber, happened, remain	1	2017-07-15 20:57:23.697247706
11	minute, storage, circle, european, food	4	2017-07-15 20:57:23.697247706
13	resign, commit, did, god, oh	1	2017-07-15 20:57:23.697247706
16	mutilation, followed, turned, agreed, 100	1	2017-07-15 20:57:23.697247706
19	visit, ambassador, ghandour, fadl, discussions	3	2017-07-15 20:57:23.697247706
23	fatima, berlin, allocations, parliament, disclosure	4	2017-07-15 20:57:23.697247706
29	deployment, police, wide, attributed, decrease	1	2017-07-15 20:57:23.697247706
30	deposits, challenge, rates, reduce, currency	1	2017-07-15 20:57:23.697247706
33	silent, opinion, safety, citizen, regarding	1	2017-07-15 20:57:23.697247706
39	returnees, karar, grace, suakin, records	1	2017-07-15 20:57:23.697247706
40	shipping, purchase, increases, gold, private	1	2017-07-15 20:57:23.697247706
43	pumping, deposits, transfers, written, lift	2	2017-07-15 20:57:23.697247706
45	drug, minute, resolve, problems, increasing	1	2017-07-15 20:57:23.697247706
46	plot, influence, trafficking, lifting, charge	1	2017-07-15 20:57:23.697247706
48	parliamentarians, crowd, setting, soba, african	2	2017-07-15 20:57:23.697247706
56	introducing, towers, impossible, limits, internet	3	2017-07-15 20:57:23.697247706
57	2017, august, preparation, monitoring, headlines	4	2017-07-15 20:57:23.697247706
58	bridges, unlike, built, touched, cut	2	2017-07-15 20:57:23.697247706
60	hateful, biased, resignation, demanding, finance	1	2017-07-15 20:57:23.697247706
62	hammam, shafiq, 2017, magdy, headlines	5	2017-07-15 20:57:23.697247706
72	targets, lifting, turkish, court, sanctions	1	2017-07-15 20:57:23.697247706
73	jordan, agreements, paved, memorandums, halayeb	1	2017-07-15 20:57:23.697247706
89	fields, bilateral, countries, design, programmes	1	2017-07-15 20:57:23.697247706
91	splm, agreements, sudanese, peace, juba	1	2017-07-15 20:57:23.697247706
93	shout, medications, chronic, containers, medicines	2	2017-07-15 20:57:23.697247706
97	malfunctions, cooperating, apologizes, dismiss, investigating	4	2017-07-15 20:57:23.697247706
105	funeral, fatima, resignation, submit, threaten	1	2017-07-15 20:57:23.697247706
106	negligent, locally, produced, import, accused	1	2017-07-15 20:57:23.697247706
111	trade, rumors, users, dialysis, kidney	2	2017-07-15 20:57:23.697247706
112	partner, illegal, combating, extremism, immigration	2	2017-07-15 20:57:23.697247706
120	bashir, morocco, visit, burn, teachers	4	2017-07-15 20:57:23.697247706
126	hajj, pilgrims, umrah, ports, returnee	1	2017-07-15 20:57:23.697247706
132	72, smuggle, thwarting, clean, given	1	2017-07-15 20:57:23.697247706
141	ambiguity, resign, nationalism, apologize, curse	3	2017-07-15 20:57:23.697247706
143	bashir, fatima, fighter, speaker, soba	2	2017-07-15 20:57:23.697247706
145	terrorism, partner, combating, extremism, list	3	2017-07-15 20:57:23.697247706
151	vegetables, annually, imports, 150, interior	1	2017-07-15 20:57:23.697247706
155	bridge, length, road, meters, asphalt	3	2017-07-15 20:57:23.697247706
172	arrange, directive, presidential, official, islamic	1	2017-07-15 20:57:23.697247706
184	problems, cairo, nile, white, located	1	2017-07-15 20:57:23.697247706
188	imprisonment, penalty, assigning, navy, signature	3	2017-07-15 20:57:23.697247706
206	photo, parliamentarian, ibn, cancels, islam	1	2017-07-15 20:57:23.697247706
217	antiquities, museum, khalifa, fears, damage	1	2017-07-15 20:57:23.697247706
224	semester, 85, goes, allocated, television	1	2017-07-15 20:57:23.697247706
243	dilapidated, shout, prisons, 200, homes	1	2017-07-15 20:57:23.697247706
252	salva, kiir, sharing, parliamentarians, intend	2	2017-07-15 20:57:23.697247706
253	disappear, interact, disappeared, friend, pain	2	2017-07-15 20:57:23.697247706
262	floating, secret, suspected, body, missing	1	2017-07-15 20:57:23.697247706
278	pumps, jihad, rumor, jurisprudence, deceased	1	2017-07-15 20:57:23.697247706
-1	bashir, al, weapons, collection, collecting	170	2017-08-15 03:08:52.045871559
0	bahr, seizes, opposition, southern, cities	1	2017-08-15 03:08:52.045871559
1	education, students, business, certificate, hammam	17	2017-08-15 03:08:52.045871559
2	italian, italy, children, unicef, aid	6	2017-08-15 03:08:52.045871559
3	russian, sports, cup, congratulates, consulate	3	2017-08-15 03:08:52.045871559
4	sheikh, mahmoud, al, summon, fugitives	1	2017-08-15 03:08:52.045871559
5	hammam, shafiq, magdy, 2017, science	3	2017-08-15 03:08:52.045871559
6	bashir, ethiopian, relations, ethiopia, kurmuk	6	2017-08-15 03:08:52.045871559
8	israel, israeli, immigrants, fadil, mubarak	11	2017-08-15 03:08:52.045871559
11	expertise, italian, agricultural, technologies, forestry	2	2017-08-15 03:08:52.045871559
13	mercy, god, oh, lord, ask	1	2017-08-15 03:08:52.045871559
16	constitution, amend, intention, laws, amending	6	2017-08-15 03:08:52.045871559
19	italy, ambassador, italian, poverty, keenness	5	2017-08-15 03:08:52.045871559
20	al, eid, congratulates, parliamentarian, proposes	3	2017-08-15 03:08:52.045871559
23	meanings, opposing, consolidate, harassment, voices	3	2017-08-15 03:08:52.045871559
24	settlements, welcomed, refused, longer, welcome	1	2017-08-15 03:08:52.045871559
25	refugees, commissioner, high, chad, 2017	7	2017-08-15 03:08:52.045871559
28	ethiopian, ethiopia, deport, ethiopians, 2014	2	2017-08-15 03:08:52.045871559
34	nader, villagers, sweep, hasahisa, village	2	2017-08-15 03:08:52.045871559
38	precedent, auditor, asks, minute, silence	1	2017-08-15 03:08:52.045871559
39	secure, fadil, libya, borders, criticizes	1	2017-08-15 03:08:52.045871559
40	conviction, mining, company, billions, expired	1	2017-08-15 03:08:52.045871559
43	investing, diabetes, excellent, sell, carries	1	2017-08-15 03:08:52.045871559
45	paralysis, medications, drugs, drug, activating	3	2017-08-15 03:08:52.045871559
46	75, bashir, trafficking, smuggling, arrested	1	2017-08-15 03:08:52.045871559
48	african, continent, nafi, hamed, parties	4	2017-08-15 03:08:52.045871559
50	network, follow, tribune, telegram, sudan	1	2017-08-15 03:08:52.045871559
51	electrical, generation, flood, decline, electricity	1	2017-08-15 03:08:52.045871559
56	telecommunications, containing, text, sending, short	1	2017-08-15 03:08:52.045871559
57	apology, 2017, accepted, august, preparation	2	2017-08-15 03:08:52.045871559
60	auditor, expulsion, parliamentary, recommendations, weak	3	2017-08-15 03:08:52.045871559
62	hammam, shafiq, 2017, magdy, headlines	2	2017-08-15 03:08:52.045871559
73	pays, algeria, bashir, lifting, elements	1	2017-08-15 03:08:52.045871559
80	considers, weapon, presidency, vision, sheikh	1	2017-08-15 03:08:52.045871559
81	belgium, inform, possibility, manner, seeking	1	2017-08-15 03:08:52.045871559
82	sale, representatives, lands, demand, kassala	1	2017-08-15 03:08:52.045871559
84	forgery, operates, sarah, puts, trips	2	2017-08-15 03:08:52.045871559
86	kamal, praising, talk, person, omar	1	2017-08-15 03:08:52.045871559
87	labor, skilled, workers, reduced, amendments	1	2017-08-15 03:08:52.045871559
89	indicator, bright, tourist, star, chinese	1	2017-08-15 03:08:52.045871559
91	kurmuk, foremost, consolidate, compliance, engage	1	2017-08-15 03:08:52.045871559
92	rahad, besiege, able, river, enemy	1	2017-08-15 03:08:52.045871559
93	pharmaceutical, locally, produced, persecution, atmosphere	2	2017-08-15 03:08:52.045871559
95	legislature, dispute, renewed, south, governor	1	2017-08-15 03:08:52.045871559
100	enemies, ready, communications, peace, war	1	2017-08-15 03:08:52.045871559
105	fatima, rwanda, leaves, bashir, mourns	1	2017-08-15 03:08:52.045871559
106	resort, bakri, haj, surprised, holiday	3	2017-08-15 03:08:52.045871559
112	illegal, kufra, immigrants, immigration, agency	3	2017-08-15 03:08:52.045871559
115	china, websites, requiring, spraying, flies	1	2017-08-15 03:08:52.045871559
116	mahmoud, libyan, using, groups, ali	1	2017-08-15 03:08:52.045871559
132	lords, bashir, conflicts, agree, tribal	1	2017-08-15 03:08:52.045871559
143	agenda, negotiating, bashir, mechanism, reveals	1	2017-08-15 03:08:52.045871559
147	insists, better, asylum, came, life	1	2017-08-15 03:08:52.045871559
168	section, watan, takes, away, sports	1	2017-08-15 03:08:52.045871559
179	hammam, shafiq, magdy, science, technology	5	2017-08-15 03:08:52.045871559
180	conditional, permission, passengers, independent, transport	1	2017-08-15 03:08:52.045871559
187	sewage, wasted, trillion, sacrificial, ibn	1	2017-08-15 03:08:52.045871559
188	communications, accessing, websites, permission, thieves	3	2017-08-15 03:08:52.045871559
191	loss, negotiations, room, property, regions	2	2017-08-15 03:08:52.045871559
201	dam, renaissance, identical, sweep, forgotten	1	2017-08-15 03:08:52.045871559
210	audit, commissions, outcomes, cards, data	1	2017-08-15 03:08:52.045871559
221	incentives, insufficient, ambitious, attract, savings	1	2017-08-15 03:08:52.045871559
225	wheel, confiscated, drive, compensation, owners	1	2017-08-15 03:08:52.045871559
227	dam, cuts, banning, renaissance, 36	1	2017-08-15 03:08:52.045871559
236	rulings, cotton, judicial, protests, holding	1	2017-08-15 03:08:52.045871559
250	imposes, pretext, burden, dinder, reducing	1	2017-08-15 03:08:52.045871559
253	harmed, messenger, sadiq, cabinet, mubarak	1	2017-08-15 03:08:52.045871559
256	competence, lacks, hassabo, deteriorating, party	1	2017-08-15 03:08:52.045871559
270	chadian, alert, bashir, unlimited, resign	2	2017-08-15 03:08:52.045871559
278	54, mirghani, agar, dead, hassan	1	2017-08-15 03:08:52.045871559
287	age, assessment, shout, obtaining, maximum	1	2017-08-15 03:08:52.045871559
-1	bashir, sanctions, al, lifting, president	195	2017-09-14 09:20:20.394495412
1	admission, students, education, applying, private	14	2017-09-14 09:20:20.394495412
2	european, union, euros, 60, dairy	3	2017-09-14 09:20:20.394495412
3	pyramids, paris, strengthens, starts, qatar	2	2017-09-14 09:20:20.394495412
4	qatari, arabia, saudi, qatar, iraq	14	2017-09-14 09:20:20.394495412
5	2017, hammam, shafiq, magdy, bashir	4	2017-09-14 09:20:20.394495412
6	raping, regrets, disabled, fail, execution	1	2017-09-14 09:20:20.394495412
8	israel, normalization, palestine, palestinian, israeli	9	2017-09-14 09:20:20.394495412
9	170, 26, died, clashes, injured	1	2017-09-14 09:20:20.394495412
10	mainly, amended, identify, 95, raped	2	2017-09-14 09:20:20.394495412
11	lifted, double, ban, production, day	1	2017-09-14 09:20:20.394495412
13	desired, almighty, evaluating, amending, permission	1	2017-09-14 09:20:20.394495412
16	roles, opposition, ii, right, elected	5	2017-09-14 09:20:20.394495412
17	waiting, breastfeeding, point, charitable, refugees	2	2017-09-14 09:20:20.394495412
19	foreign, european, relations, discussed, countries	13	2017-09-14 09:20:20.394495412
21	approves, vacation, morgue, plastic, licenses	1	2017-09-14 09:20:20.394495412
23	legend, accord, elected, buried, term	2	2017-09-14 09:20:20.394495412
25	refugees, commissioner, high, south, meters	5	2017-09-14 09:20:20.394495412
26	demonstrated, scandal, waste, facts, foundation	1	2017-09-14 09:20:20.394495412
29	phase, informing, kinds, having, collecting	1	2017-09-14 09:20:20.394495412
30	dollar, transfers, decline, banks, bank	10	2017-09-14 09:20:20.394495412
31	plates, airspace, aviation, afternoon, minute	2	2017-09-14 09:20:20.394495412
33	wins, bashir, french, service, participate	3	2017-09-14 09:20:20.394495412
34	magnitude, referendum, detected, earthquake, korea	1	2017-09-14 09:20:20.394495412
35	hope, culture, revive, helps, south	2	2017-09-14 09:20:20.394495412
38	complainant, judge, bakri, complaint, released	1	2017-09-14 09:20:20.394495412
39	transgressions, incentive, halayeb, speaker, limit	1	2017-09-14 09:20:20.394495412
40	policy, smuggling, gold, bank, khartoum	1	2017-09-14 09:20:20.394495412
43	exploitation, traders, aspirations, banking, lift	2	2017-09-14 09:20:20.394495412
44	sorting, ended, monitoring, cases, corona	1	2017-09-14 09:20:20.394495412
45	anti, prohibited, drugs, seized, truck	4	2017-09-14 09:20:20.394495412
46	trafficking, smuggling, human, largest, gang	2	2017-09-14 09:20:20.394495412
47	good, waiting, answer, zero, think	1	2017-09-14 09:20:20.394495412
49	soul, book, muslim, kill, god	1	2017-09-14 09:20:20.394495412
53	gas, oil, pumping, produces, refinery	2	2017-09-14 09:20:20.394495412
59	renk, regulate, 54, rabak, allowed	2	2017-09-14 09:20:20.394495412
60	summoned, thirty, parliamentary, bread, parliament	2	2017-09-14 09:20:20.394495412
62	2017, headlines, newspapers, hammam, shafiq	5	2017-09-14 09:20:20.394495412
66	sanctions, collection, memorandum, bangladesh, compulsory	2	2017-09-14 09:20:20.394495412
71	journalists, federation, cairo, authorities, action	2	2017-09-14 09:20:20.394495412
73	104, spark, demolition, 88, maneuvers	4	2017-09-14 09:20:20.394495412
77	amin, club, officers, theater, feeling	1	2017-09-14 09:20:20.394495412
82	cycle, segments, bureau, needy, poverty	1	2017-09-14 09:20:20.394495412
83	hamida, disagreements, doctors, federal, preventing	1	2017-09-14 09:20:20.394495412
87	deadline, determine, russian, house, company	1	2017-09-14 09:20:20.394495412
88	debts, forgive, community, benefit, credit	1	2017-09-14 09:20:20.394495412
90	guard, legitimate, microscope, border, political	1	2017-09-14 09:20:20.394495412
93	thwarts, swiss, indian, kidney, europe	1	2017-09-14 09:20:20.394495412
94	oil, barrels, production, 150, 2013	4	2017-09-14 09:20:20.394495412
96	determines, text, formation, current, armed	2	2017-09-14 09:20:20.394495412
97	lawyers, reporters, impersonating, licenses, suspend	3	2017-09-14 09:20:20.394495412
102	recovered, ready, men, like, president	2	2017-09-14 09:20:20.394495412
105	bashir, al, lift, hajj, memories	2	2017-09-14 09:20:20.394495412
107	bashir, reserve, prey, interfere, burdens	1	2017-09-14 09:20:20.394495412
110	missile, destroying, territory, launched, saudi	1	2017-09-14 09:20:20.394495412
117	specializing, hafez, estate, real, establish	1	2017-09-14 09:20:20.394495412
120	bashir, flour, sanctions, president, al	6	2017-09-14 09:20:20.394495412
126	pilgrims, completed, secretary, 20, arrival	1	2017-09-14 09:20:20.394495412
138	opposition, criticizing, confident, regardless, unarmed	1	2017-09-14 09:20:20.394495412
141	pilgrims, counted, bashir, legislative, body	1	2017-09-14 09:20:20.394495412
143	wahed, kalma, bashir, events, abdel	1	2017-09-14 09:20:20.394495412
144	dragged, minutes, 60, starting, november	1	2017-09-14 09:20:20.394495412
145	terrorism, commitment, maximize, consolidate, implement	1	2017-09-14 09:20:20.394495412
147	2015, seekers, proposed, referred, noteworthy	2	2017-09-14 09:20:20.394495412
150	banned, big, removing, opinion, step	1	2017-09-14 09:20:20.394495412
152	rescued, migrants, mediterranean, incident, magazine	2	2017-09-14 09:20:20.394495412
153	turns, transportation, omar, issue, ibrahim	1	2017-09-14 09:20:20.394495412
159	unamid, treating, kalma, assist, resolution	2	2017-09-14 09:20:20.394495412
175	methods, payment, prohibited, purposes, transfers	1	2017-09-14 09:20:20.394495412
179	hammam, shafiq, magdy, science, technology	1	2017-09-14 09:20:20.394495412
188	information, spending, growth, testing, breaches	3	2017-09-14 09:20:20.394495412
195	october, return, khartoum, source, omdurman	1	2017-09-14 09:20:20.394495412
198	german, language, programme, study, integration	1	2017-09-14 09:20:20.394495412
200	absorb, calling, exposing, destructive, goodness	1	2017-09-14 09:20:20.394495412
213	individuals, 82, chronic, reached, 250	1	2017-09-14 09:20:20.394495412
224	channels, satellite, jurisprudence, broadcast, scholars	1	2017-09-14 09:20:20.394495412
252	kiir, salva, deputy, movement, kiirs	1	2017-09-14 09:20:20.394495412
253	event, site, happened, details, camp	1	2017-09-14 09:20:20.394495412
254	let, ring, rejoice, song, horses	1	2017-09-14 09:20:20.394495412
258	2017, hammam, shafiq, magdy, preparation	2	2017-09-14 09:20:20.394495412
264	dead, victims, issue, injured, information	1	2017-09-14 09:20:20.394495412
265	bushra, immigrated, asia, prepared, jaber	1	2017-09-14 09:20:20.394495412
267	shout, involved, 40, rebels, intelligence	1	2017-09-14 09:20:20.394495412
269	teams, raising, level, framework, culture	1	2017-09-14 09:20:20.394495412
274	preparation, 2017, monitoring, newspapers, headlines	1	2017-09-14 09:20:20.394495412
-1	al, bashir, said, nuba, saudi	518	2017-10-14 15:31:48.743119264
0	tanks, camp, adam, panic, soldiers	2	2017-10-14 15:31:48.743119264
1	school, students, mean, education, educational	26	2017-10-14 15:31:48.743119264
2	flows, struck, addition, inventory, famine	1	2017-10-14 15:31:48.743119264
3	league, time, channel, week, sports	32	2017-10-14 15:31:48.743119264
4	iraqi, qatari, iran, saudi, kirkuk	70	2017-10-14 15:31:48.743119264
5	lakes, adopts, collected, proposals, hammam	1	2017-10-14 15:31:48.743119264
6	id, ethiopians, pays, features, legitimacy	2	2017-10-14 15:31:48.743119264
8	palestinian, britain, declaration, palestine, israel	8	2017-10-14 15:31:48.743119264
9	opposition, strikes, killed, libyan, 12	2	2017-10-14 15:31:48.743119264
10	emotional, loss, women, reinforced, mainly	2	2017-10-14 15:31:48.743119264
11	agriculture, food, agricultural, rural, forestry	9	2017-10-14 15:31:48.743119264
12	imprisoned, like, killed, world, displaced	1	2017-10-14 15:31:48.743119264
13	god, refuge, eye, seek, sanctity	5	2017-10-14 15:31:48.743119264
16	weakened, colleague, ella, election, constitution	14	2017-10-14 15:31:48.743119264
17	donate, missing, decided, care, mr	1	2017-10-14 15:31:48.743119264
19	trump, american, foreign, relations, worked	9	2017-10-14 15:31:48.743119264
23	municipal, elections, participate, emirati, racist	5	2017-10-14 15:31:48.743119264
24	kirkuk, spain, 120, thousand, displacement	2	2017-10-14 15:31:48.743119264
25	refugees, seasonal, south, bringing, estimated	2	2017-10-14 15:31:48.743119264
26	wearing, thank, kassala, god, governor	2	2017-10-14 15:31:48.743119264
29	precedent, insult, constitutes, mellit, bad	3	2017-10-14 15:31:48.743119264
30	incentive, pound, dollar, bank, exchange	5	2017-10-14 15:31:48.743119264
31	airport, pile, strive, planes, arriving	3	2017-10-14 15:31:48.743119264
33	abundant, enjoys, indicating, agencies, protects	3	2017-10-14 15:31:48.743119264
35	convinced, ignite, exhausted, goes, multiple	2	2017-10-14 15:31:48.743119264
38	complainant, prosecution, referring, procedures, writing	9	2017-10-14 15:31:48.743119264
40	corner, effect, amin, signs, gold	2	2017-10-14 15:31:48.743119264
42	rights, human, standard, right, stipulated	1	2017-10-14 15:31:48.743119264
43	dollar, exchange, pound, reasonable, reserves	8	2017-10-14 15:31:48.743119264
45	drugs, drug, seized, gang, east	7	2017-10-14 15:31:48.743119264
46	trafficking, human, smuggling, forum, combat	4	2017-10-14 15:31:48.743119264
47	true, completely, surprising, certain, think	6	2017-10-14 15:31:48.743119264
48	african, umbrella, union, welcomed, hosting	1	2017-10-14 15:31:48.743119264
49	stagnation, treatments, lord, imam, effective	3	2017-10-14 15:31:48.743119264
51	meter, categories, gain, reading, legislation	3	2017-10-14 15:31:48.743119264
52	places, delivered, pledged, secure, basic	2	2017-10-14 15:31:48.743119264
55	prof, hello, worthy, remain, absent	2	2017-10-14 15:31:48.743119264
56	unregistered, shout, cards, million, networks	2	2017-10-14 15:31:48.743119264
57	lottery, pages, 2017, morning, monitored	4	2017-10-14 15:31:48.743119264
58	sellers, deported, responsible, hold, begging	4	2017-10-14 15:31:48.743119264
60	parliament, meter, prohibition, budget, citizen	5	2017-10-14 15:31:48.743119264
62	2017, headlines, radio, november, newspapers	1	2017-10-14 15:31:48.743119264
65	wasted, hospital, minute, funds, maintained	4	2017-10-14 15:31:48.743119264
70	passport, ask, passports, procedure, counter	4	2017-10-14 15:31:48.743119264
71	yemeni, promoting, journalists, litigation, continuous	3	2017-10-14 15:31:48.743119264
73	bashir, preservation, surroundings, congratulated, solid	1	2017-10-14 15:31:48.743119264
74	waiting, talks, left, continued, year	4	2017-10-14 15:31:48.743119264
75	pure, door, escape, investment, speedy	2	2017-10-14 15:31:48.743119264
79	water, summer, irrigation, tripartite, scarcity	5	2017-10-14 15:31:48.743119264
81	restrict, exceeding, cadres, trend, attention	2	2017-10-14 15:31:48.743119264
83	personnel, challenge, permanent, doctors, concluding	3	2017-10-14 15:31:48.743119264
84	guarantor, arresting, mentioned, possibility, question	1	2017-10-14 15:31:48.743119264
86	religious, tolerance, bashir, values, religion	5	2017-10-14 15:31:48.743119264
87	migrant, workers, prosperity, salary, mark	6	2017-10-14 15:31:48.743119264
88	embargo, banking, stopped, facilities, providing	1	2017-10-14 15:31:48.743119264
89	choices, chinese, makes, strengthens, diplomacy	5	2017-10-14 15:31:48.743119264
91	reintegration, commission, programme, italian, ceremony	1	2017-10-14 15:31:48.743119264
92	clearing, surrounding, threats, calm, town	1	2017-10-14 15:31:48.743119264
94	oil, taxes, kirkuk, prices, discussions	7	2017-10-14 15:31:48.743119264
95	affiliation, tolerance, sky, conflicts, elections	2	2017-10-14 15:31:48.743119264
97	journalists, article, issue, opinion, media	7	2017-10-14 15:31:48.743119264
98	ethiopians, pays, 400, blood, money	2	2017-10-14 15:31:48.743119264
103	numbered, lose, invaded, natural, outskirts	1	2017-10-14 15:31:48.743119264
105	ordinary, amin, legislative, ezzedine, publications	4	2017-10-14 15:31:48.743119264
106	parliament, custodian, mosques, holy, embassy	2	2017-10-14 15:31:48.743119264
111	kidney, embassies, patients, dialysis, operations	5	2017-10-14 15:31:48.743119264
115	explicit, costs, exceeded, plundering, wealth	1	2017-10-14 15:31:48.743119264
117	housing, fund, estate, installments, mps	3	2017-10-14 15:31:48.743119264
118	love, sleeping, desire, emotional, crying	3	2017-10-14 15:31:48.743119264
121	meteorology, peak, temperatures, winds, instability	1	2017-10-14 15:31:48.743119264
126	arrivals, perform, chinese, receiving, million	1	2017-10-14 15:31:48.743119264
132	faki, gunmen, kalma, wounding, previously	1	2017-10-14 15:31:48.743119264
138	nuba, shame, congress, origin, voting	5	2017-10-14 15:31:48.743119264
143	symbol, atta, bashir, weak, mohamed	2	2017-10-14 15:31:48.743119264
144	resignation, minute, whatsapp, film, series	2	2017-10-14 15:31:48.743119264
145	terrorism, list, sponsoring, credibility, strategy	5	2017-10-14 15:31:48.743119264
147	wrong, heads, worthy, fulfilled, migration	3	2017-10-14 15:31:48.743119264
149	suicide, animal, mass, golden, bird	1	2017-10-14 15:31:48.743119264
150	growth, investment, economy, subsidies, succeeded	8	2017-10-14 15:31:48.743119264
153	transportation, bus, buses, street, line	3	2017-10-14 15:31:48.743119264
155	road, qasim, mellit, roads, forward	2	2017-10-14 15:31:48.743119264
161	associations, 48, 300, activists, 30	1	2017-10-14 15:31:48.743119264
162	striving, contributing, tayeb, din, development	2	2017-10-14 15:31:48.743119264
166	uniting, soft, opponents, engagement, minimum	2	2017-10-14 15:31:48.743119264
167	expense, decided, coffee, worker, regain	1	2017-10-14 15:31:48.743119264
168	sir, sarah, taj, obstruct, satisfied	2	2017-10-14 15:31:48.743119264
172	brotherhood, criticism, delivers, things, movement	2	2017-10-14 15:31:48.743119264
179	hammam, shafiq, magdy, science, technology	14	2017-10-14 15:31:48.743119264
181	salvation, soldiers, 20, killed, national	1	2017-10-14 15:31:48.743119264
182	collective, european, policy, dialogue, agendas	1	2017-10-14 15:31:48.743119264
183	love, expatriate, rational, guardian, refrain	2	2017-10-14 15:31:48.743119264
188	penalty, privacy, communications, law, phones	6	2017-10-14 15:31:48.743119264
191	mediator, negotiate, unified, let, know	1	2017-10-14 15:31:48.743119264
200	seventh, friendship, hall, door, weapon	2	2017-10-14 15:31:48.743119264
206	separating, correction, lessons, book, private	2	2017-10-14 15:31:48.743119264
208	medium, term, sanctions, lifting, impact	1	2017-10-14 15:31:48.743119264
209	intelligence, employees, ashkit, egyptian, service	3	2017-10-14 15:31:48.743119264
221	birds, eagles, darkness, monetary, revenge	4	2017-10-14 15:31:48.743119264
222	shendi, tourism, travel, company, ticket	3	2017-10-14 15:31:48.743119264
225	cars, confiscate, wheel, drive, effect	2	2017-10-14 15:31:48.743119264
227	method, consensus, dam, operating, necessity	2	2017-10-14 15:31:48.743119264
236	observatory, imprisonment, charges, establishing, life	2	2017-10-14 15:31:48.743119264
247	ella, colleagues, stand, man, able	2	2017-10-14 15:31:48.743119264
249	ella, dismissal, drug, involved, employees	2	2017-10-14 15:31:48.743119264
251	exists, sound, longer, emigrate, income	1	2017-10-14 15:31:48.743119264
253	discover, discovered, ones, let, time	3	2017-10-14 15:31:48.743119264
256	umma, party, foodstuffs, intend, iron	3	2017-10-14 15:31:48.743119264
258	2017, preparation, monitoring, newspapers, headlines	9	2017-10-14 15:31:48.743119264
259	mothers, did, pregnant, honey, nutritional	2	2017-10-14 15:31:48.743119264
269	idea, ambition, assignment, desired, productive	1	2017-10-14 15:31:48.743119264
273	rebuild, hate, love, subjected, destruction	1	2017-10-14 15:31:48.743119264
274	2017, preparation, monitoring, newspapers, headlines	7	2017-10-14 15:31:48.743119264
281	locality, addressing, presidency, basic, republic	1	2017-10-14 15:31:48.743119264
-1	hilal, bashir, al, musa, salt	324	2017-11-13 21:43:17.091743118
0	counted, 24, 14, awakening, wounded	1	2017-11-13 21:43:17.091743118
1	school, buying, students, cards, session	14	2017-11-13 21:43:17.091743118
2	corridor, south, million, famine, mark	6	2017-11-13 21:43:17.091743118
3	hilal, al, sports, wins, cup	9	2017-11-13 21:43:17.091743118
4	qatari, iran, highness, saudi, yemeni	62	2017-11-13 21:43:17.091743118
5	forging, trial, answer, hammam, shafiq	4	2017-11-13 21:43:17.091743118
6	highness, shura, egyptian, ethiopian, editorial	2	2017-11-13 21:43:17.091743118
8	israeli, israel, palestinian, jordan, historic	10	2017-11-13 21:43:17.091743118
11	livestock, plan, agricultural, earth, production	3	2017-11-13 21:43:17.091743118
12	explosive, accidents, governorates, discovered, rainfall	2	2017-11-13 21:43:17.091743118
13	world, god, oh, lord, ask	1	2017-11-13 21:43:17.091743118
16	elections, parties, recommendations, census, wasting	6	2017-11-13 21:43:17.091743118
17	qatar, making, 96, assistants, justifications	1	2017-11-13 21:43:17.091743118
18	rwanda, rwandan, exile, 800, moderate	1	2017-11-13 21:43:17.091743118
19	bakhit, european, foreign, cooperation, affairs	2	2017-11-13 21:43:17.091743118
20	congratulations, position, global, replaced, fatigue	1	2017-11-13 21:43:17.091743118
23	suit, weight, decided, hilal, come	1	2017-11-13 21:43:17.091743118
25	refugees, unhcr, voluntarily, commissioner, high	4	2017-11-13 21:43:17.091743118
27	ambush, vehicle, occurred, telling, regiment	2	2017-11-13 21:43:17.091743118
30	traders, exchange, dollar, parallel, rate	6	2017-11-13 21:43:17.091743118
31	aircraft, chinese, 60, airport, owned	3	2017-11-13 21:43:17.091743118
32	census, recommended, evaluate, documentation, tower	1	2017-11-13 21:43:17.091743118
33	gaps, drawn, acknowledged, bakri, appoint	3	2017-11-13 21:43:17.091743118
34	earthquake, 180, wind, felt, dams	3	2017-11-13 21:43:17.091743118
35	militants, violate, principle, ceasefire, actions	1	2017-11-13 21:43:17.091743118
37	hilal, mediator, contacts, knew, unfortunately	1	2017-11-13 21:43:17.091743118
38	compatible, procedure, code, amendments, independent	2	2017-11-13 21:43:17.091743118
40	gold, pushes, auditor, productive, proposals	2	2017-11-13 21:43:17.091743118
43	dollar, step, knows, price, banks	11	2017-11-13 21:43:17.091743118
45	drugs, combating, intentional, acknowledged, difficulty	4	2017-11-13 21:43:17.091743118
46	investigations, trafficking, provisions, prosecution, human	2	2017-11-13 21:43:17.091743118
47	doors, difficult, want, close, open	1	2017-11-13 21:43:17.091743118
48	continent, protocol, african, ababa, unified	1	2017-11-13 21:43:17.091743118
50	telegram, follow, httpstmesudaaan, channel, whatsapp	1	2017-11-13 21:43:17.091743118
51	electricity, station, chinese, masar, generation	4	2017-11-13 21:43:17.091743118
52	integrating, cold, original, options, stay	2	2017-11-13 21:43:17.091743118
56	bit, circulating, false, began, despite	1	2017-11-13 21:43:17.091743118
57	2017, 26, preparation, monitoring, november	1	2017-11-13 21:43:17.091743118
58	professions, councils, draft, speakers, playing	1	2017-11-13 21:43:17.091743118
59	customs, benefits, expatriates, older, intersections	4	2017-11-13 21:43:17.091743118
60	dues, non, checks, payment, violating	1	2017-11-13 21:43:17.091743118
62	hammam, shafiq, 2017, magdy, headlines	1	2017-11-13 21:43:17.091743118
63	god, power, uproot, choosing, authority	1	2017-11-13 21:43:17.091743118
65	patients, industry, technicians, surgical, treatment	3	2017-11-13 21:43:17.091743118
66	examining, roles, missions, sake, kiir	2	2017-11-13 21:43:17.091743118
68	homelands, positions, loyal, debt, sons	2	2017-11-13 21:43:17.091743118
71	hour, journalists, harvest, 30, spokesman	1	2017-11-13 21:43:17.091743118
73	halayeb, clouds, opinion, display, kirkuk	3	2017-11-13 21:43:17.091743118
74	advised, advice, understand, did, saying	2	2017-11-13 21:43:17.091743118
77	artists, plastic, artist, shops, painting	2	2017-11-13 21:43:17.091743118
78	terrorism, complicated, objective, creation, identified	2	2017-11-13 21:43:17.091743118
79	thirst, suffer, underway, 56, 36	1	2017-11-13 21:43:17.091743118
81	immigrants, americans, trump, wall, immigration	2	2017-11-13 21:43:17.091743118
83	health, 60, numbering, immigrated, interfering	2	2017-11-13 21:43:17.091743118
84	maulana, babiker, provisions, referring, prosecution	3	2017-11-13 21:43:17.091743118
87	workforce, mistake, furniture, wrong, guarantees	4	2017-11-13 21:43:17.091743118
88	debts, debt, bank, world, spring	11	2017-11-13 21:43:17.091743118
93	import, pharmacies, creating, drug, pharmaceutical	2	2017-11-13 21:43:17.091743118
94	jordanian, jordan, prices, oil, fuel	3	2017-11-13 21:43:17.091743118
102	agreements, amend, trump, withdrew, climate	2	2017-11-13 21:43:17.091743118
105	connect, waters, reservoir, contribution, bashir	3	2017-11-13 21:43:17.091743118
107	khater, amal, adam, prince, musa	1	2017-11-13 21:43:17.091743118
108	described, project, humanitarian, national, aid	1	2017-11-13 21:43:17.091743118
112	libya, migrants, libyan, immigrants, african	5	2017-11-13 21:43:17.091743118
115	recruit, unemployment, intends, poverty, organize	2	2017-11-13 21:43:17.091743118
132	salam, acting, planning, readiness, statements	1	2017-11-13 21:43:17.091743118
135	climate, aware, capable, confronting, ways	1	2017-11-13 21:43:17.091743118
138	elections, recommendations, practice, effectiveness, voting	1	2017-11-13 21:43:17.091743118
141	assistants, falsehood, incorrect, salem, dream	1	2017-11-13 21:43:17.091743118
143	arrest, bashir, trial, 50, hilal	1	2017-11-13 21:43:17.091743118
145	terrorism, list, sponsoring, bakhit, build	2	2017-11-13 21:43:17.091743118
153	railways, jordan, arabian, transportation, connect	2	2017-11-13 21:43:17.091743118
155	road, length, makkawi, 88, projects	1	2017-11-13 21:43:17.091743118
159	abyei, disputed, unicef, ethnicity, deployed	1	2017-11-13 21:43:17.091743118
167	outlets, false, commensurate, garda, mouth	1	2017-11-13 21:43:17.091743118
168	publishes, exciting, akhbar, russian, dialogue	1	2017-11-13 21:43:17.091743118
169	abide, hostility, friendship, disaster, seek	1	2017-11-13 21:43:17.091743118
172	refusal, declare, perpetrators, operation, attack	1	2017-11-13 21:43:17.091743118
178	musa, hilal, dealt, policy, salem	1	2017-11-13 21:43:17.091743118
179	hammam, shafiq, magdy, science, technology	12	2017-11-13 21:43:17.091743118
181	crush, bashir, rebels, violent, used	1	2017-11-13 21:43:17.091743118
182	london, british, britain, reforms, bilateral	2	2017-11-13 21:43:17.091743118
188	promoted, prosecution, stating, legal, contrary	2	2017-11-13 21:43:17.091743118
189	rwandan, rwanda, migrants, helpless, formula	1	2017-11-13 21:43:17.091743118
196	hotbed, fugitives, thieves, salem, recent	1	2017-11-13 21:43:17.091743118
200	liberation, movement, wahid, hostilities, cessation	1	2017-11-13 21:43:17.091743118
201	leaking, tayeb, waters, clarification, parliamentary	1	2017-11-13 21:43:17.091743118
202	filing, withdrawn, comments, delay, draft	1	2017-11-13 21:43:17.091743118
216	hit, storms, weather, floods, poor	3	2017-11-13 21:43:17.091743118
222	tourist, tourism, concerted, festival, organizing	1	2017-11-13 21:43:17.091743118
234	broke, destroyed, old, contents, houses	2	2017-11-13 21:43:17.091743118
245	short, coffee, intellectuals, writers, circles	1	2017-11-13 21:43:17.091743118
255	presidency, mars, abyei, removal, concessions	3	2017-11-13 21:43:17.091743118
258	2017, preparation, monitoring, newspapers, headlines	7	2017-11-13 21:43:17.091743118
269	weekly, goes, declaring, problem, want	2	2017-11-13 21:43:17.091743118
271	tighten, recommendations, points, implemented, crossings	1	2017-11-13 21:43:17.091743118
274	preparation, 2017, monitoring, newspapers, headlines	3	2017-11-13 21:43:17.091743118
278	presidential, bashir, exchange, directives, rate	1	2017-11-13 21:43:17.091743118
281	mayor, village, locality, shall, hands	1	2017-11-13 21:43:17.091743118
-1	al, bashir, projects, republic, president	219	2017-12-14 03:54:45.440366972
0	bordering, restrict, wheel, returned, km	3	2017-12-14 03:54:45.440366972
1	students, bakri, saluted, education, pointing	14	2017-12-14 03:54:45.440366972
2	food, aid, humanitarian, saving, provide	6	2017-12-14 03:54:45.440366972
3	qatar, gulf, french, tomorrow, winning	5	2017-12-14 03:54:45.440366972
4	iran, turkish, yemeni, qatari, syria	29	2017-12-14 03:54:45.440366972
5	denial, published, title, morning, saturday	1	2017-12-14 03:54:45.440366972
6	eritrea, border, ethiopian, crossings, eritrean	13	2017-12-14 03:54:45.440366972
7	hepatitis, foreigners, infected, transmitted, deported	3	2017-12-14 03:54:45.440366972
8	palestinian, israel, israeli, trump, seekers	18	2017-12-14 03:54:45.440366972
10	women, mere, occurrence, workshops, engage	3	2017-12-14 03:54:45.440366972
11	establishments, canal, maintenance, rehabilitation, project	1	2017-12-14 03:54:45.440366972
12	known, innocent, group, killed, civilians	1	2017-12-14 03:54:45.440366972
13	supporter, wake, walk, greatest, great	1	2017-12-14 03:54:45.440366972
17	charitable, cross, din, organization, activities	3	2017-12-14 03:54:45.440366972
18	decent, livelihoods, firm, ability, seeks	1	2017-12-14 03:54:45.440366972
19	countries, egyptian, cairo, egypt, relations	7	2017-12-14 03:54:45.440366972
20	renewal, harassment, radio, york, 91	2	2017-12-14 03:54:45.440366972
23	conflicts, resign, issam, adheres, dialogue	3	2017-12-14 03:54:45.440366972
25	refugees, commissioner, return, chad, chadian	3	2017-12-14 03:54:45.440366972
26	declaring, 2017, 50, regarding, emergency	1	2017-12-14 03:54:45.440366972
30	banks, banking, bank, dollar, exchange	6	2017-12-14 03:54:45.440366972
31	flights, pointing, daily, month, continue	1	2017-12-14 03:54:45.440366972
35	dialogue, tidings, dalgo, incite, regionalism	4	2017-12-14 03:54:45.440366972
37	makes, syria, 203, ranks, mahamid	2	2017-12-14 03:54:45.440366972
38	later, brought, trial, authorities, said	1	2017-12-14 03:54:45.440366972
39	ghandour, informed, 2018, religions, coexist	2	2017-12-14 03:54:45.440366972
42	rights, european, religious, human, freedoms	1	2017-12-14 03:54:45.440366972
43	payment, dollar, billion, week, end	1	2017-12-14 03:54:45.440366972
46	trafficking, human, vehicles, kassala, fear	2	2017-12-14 03:54:45.440366972
48	disappointment, apology, comment, anger, noteworthy	1	2017-12-14 03:54:45.440366972
51	hassabo, electricity, successively, dalgo, qualifying	2	2017-12-14 03:54:45.440366972
52	farms, depend, produce, engage, fabric	3	2017-12-14 03:54:45.440366972
53	gas, 104, refinery, normally, accord	3	2017-12-14 03:54:45.440366972
57	malfunction, noticed, 72, appearance, hours	2	2017-12-14 03:54:45.440366972
58	stipulated, restructuring, regulating, hashem, membership	1	2017-12-14 03:54:45.440366972
59	quantities, lentils, rice, raided, warehouse	1	2017-12-14 03:54:45.440366972
60	budget, tax, contribution, economy, 2018	2	2017-12-14 03:54:45.440366972
62	newspapers, hammam, shafiq, magdy, headlines	2	2017-12-14 03:54:45.440366972
65	supporting, utmost, saving, mistake, acknowledged	2	2017-12-14 03:54:45.440366972
71	satti, erupted, din, journalists, taher	1	2017-12-14 03:54:45.440366972
73	sisi, egypt, egyptian, bashir, president	3	2017-12-14 03:54:45.440366972
77	artist, nour, song, essam, issam	11	2017-12-14 03:54:45.440366972
79	water, finally, component, draft, developing	2	2017-12-14 03:54:45.440366972
81	expel, stage, second, added, foreigners	1	2017-12-14 03:54:45.440366972
82	280, survey, estate, conduct, package	1	2017-12-14 03:54:45.440366972
83	nursing, health, cadres, hospital, garda	4	2017-12-14 03:54:45.440366972
86	religious, churches, tolerance, coexistence, religions	2	2017-12-14 03:54:45.440366972
87	workers, quarter, unemployment, riyals, 2017	4	2017-12-14 03:54:45.440366972
89	invite, countries, desire, resume, economic	1	2017-12-14 03:54:45.440366972
93	dose, 150, cost, month, months	1	2017-12-14 03:54:45.440366972
95	unanimously, excessive, yassin, use, specified	2	2017-12-14 03:54:45.440366972
96	deputy, defense, prime, affairs, minister	1	2017-12-14 03:54:45.440366972
105	beggars, rebellion, displacing, criticized, turning	1	2017-12-14 03:54:45.440366972
106	religious, church, announcement, department, list	1	2017-12-14 03:54:45.440366972
108	projects, implement, identifying, year, plan	1	2017-12-14 03:54:45.440366972
111	kidney, cancer, heart, specialized, dialysis	1	2017-12-14 03:54:45.440366972
116	libyan, smuggling, muammar, 2011, gateway	2	2017-12-14 03:54:45.440366972
120	musa, hilal, correct, touring, delegation	1	2017-12-14 03:54:45.440366972
138	lions, right, likewise, deprive, beni	1	2017-12-14 03:54:45.440366972
139	insurance, regulations, develop, beginning, executive	1	2017-12-14 03:54:45.440366972
143	strange, bashir, incite, uncle, atmosphere	2	2017-12-14 03:54:45.440366972
147	undertake, caring, tasks, decided, presidency	1	2017-12-14 03:54:45.440366972
151	products, quality, pointing, goals, demand	1	2017-12-14 03:54:45.440366972
152	boats, coast, migrants, guard, tripoli	1	2017-12-14 03:54:45.440366972
155	blessing, road, km, inaugurated, linking	2	2017-12-14 03:54:45.440366972
162	scheduled, fact, witnessed, area, witnessing	1	2017-12-14 03:54:45.440366972
167	garda, wonderful, combined, bahr, achievements	1	2017-12-14 03:54:45.440366972
179	hammam, shafiq, magdy, science, technology	6	2017-12-14 03:54:45.440366972
187	constant, ties, depth, historical, confirm	1	2017-12-14 03:54:45.440366972
200	marking, renewal, rank, letter, monitored	1	2017-12-14 03:54:45.440366972
256	gentlemen, mistake, party, umma, limit	1	2017-12-14 03:54:45.440366972
258	2017, preparation, monitoring, newspapers, headlines	6	2017-12-14 03:54:45.440366972
264	115, killed, families, displaced, injured	1	2017-12-14 03:54:45.440366972
271	freely, rituals, constructive, existing, asking	2	2017-12-14 03:54:45.440366972
-1	bashir, al, non, smuggling, testing	154	2018-01-13 10:06:13.788990824
1	education, students, university, school, 70	11	2018-01-13 10:06:13.788990824
2	quarter, children, warning, unicef, reuters	7	2018-01-13 10:06:13.788990824
3	mars, racing, cooper, draw, cup	4	2018-01-13 10:06:13.788990824
4	yemen, coalition, yemeni, saudi, aid	12	2018-01-13 10:06:13.788990824
5	newspaper, al, cement, sales, headlines	3	2018-01-13 10:06:13.788990824
6	eritrea, eritrean, border, ethiopian, reinforcements	13	2018-01-13 10:06:13.788990824
8	abbas, palestinian, israeli, normalization, missile	2	2018-01-13 10:06:13.788990824
10	percent, focused, fadl, councils, membership	1	2018-01-13 10:06:13.788990824
11	abundant, sesame, cotton, commodities, taha	1	2018-01-13 10:06:13.788990824
16	advance, accordance, parliament, presented, working	1	2018-01-13 10:06:13.788990824
17	orphans, communication, 250, birth, organization	3	2018-01-13 10:06:13.788990824
18	warn, strongly, adding, want, monitoring	2	2018-01-13 10:06:13.788990824
19	duration, italian, bilateral, discussions, did	2	2018-01-13 10:06:13.788990824
20	bashir, olympic, meets, al, suakin	10	2018-01-13 10:06:13.788990824
23	summon, mirghani, capable, think, determined	2	2018-01-13 10:06:13.788990824
25	refugees, bulletin, january, south, arrive	2	2018-01-13 10:06:13.788990824
27	17th, striking, sinja, hassan, division	1	2018-01-13 10:06:13.788990824
29	hadi, crime, yahya, represents, police	1	2018-01-13 10:06:13.788990824
30	dollar, pound, bank, pounds, decline	7	2018-01-13 10:06:13.788990824
31	passenger, delayed, passport, tarco, examined	1	2018-01-13 10:06:13.788990824
33	strengthen, interior, role, called, police	1	2018-01-13 10:06:13.788990824
35	invite, asking, weapon, humanity, dialogue	1	2018-01-13 10:06:13.788990824
39	illegally, traveling, libya, foreign, ministry	1	2018-01-13 10:06:13.788990824
43	retreated, deficit, finally, canceling, balance	1	2018-01-13 10:06:13.788990824
45	hadi, constitutes, drugs, yahya, threat	1	2018-01-13 10:06:13.788990824
46	trafficking, diplomats, upcoming, microscope, match	1	2018-01-13 10:06:13.788990824
48	african, continent, reforming, summit, conflicts	4	2018-01-13 10:06:13.788990824
51	drums, windows, sure, 90, estimated	1	2018-01-13 10:06:13.788990824
52	temperature, low, dire, cold, weather	2	2018-01-13 10:06:13.788990824
53	reserves, barrels, raise, oil, million	1	2018-01-13 10:06:13.788990824
58	hatem, presidency, fadl, mr, republic	1	2018-01-13 10:06:13.788990824
59	dirar, customs, confiscation, amendments, smuggled	1	2018-01-13 10:06:13.788990824
60	spending, reducing, conferences, delegations, hosting	1	2018-01-13 10:06:13.788990824
73	files, harboring, obstacle, feeling, understandings	2	2018-01-13 10:06:13.788990824
74	dirty, said, dont, come, didnt	1	2018-01-13 10:06:13.788990824
81	reunification, solution, lottery, reforming, want	1	2018-01-13 10:06:13.788990824
82	identify, segments, weak, poor, needs	1	2018-01-13 10:06:13.788990824
83	medical, abroad, expertise, specialties, development	2	2018-01-13 10:06:13.788990824
86	lacks, award, quran, religious, rules	2	2018-01-13 10:06:13.788990824
87	participants, labor, workers, market, saudi	2	2018-01-13 10:06:13.788990824
89	berlin, participation, confirms, meeting, government	1	2018-01-13 10:06:13.788990824
90	striking, opinion, force, public, army	1	2018-01-13 10:06:13.788990824
91	curse, abd, reconciliation, rahman, document	1	2018-01-13 10:06:13.788990824
95	awlad, kordofan, tribes, west, forum	2	2018-01-13 10:06:13.788990824
100	thousand, 11, parties, military, soldiers	1	2018-01-13 10:06:13.788990824
102	trump, racist, republican, immigrants, lottery	7	2018-01-13 10:06:13.788990824
105	party, sarah, secretary, politicians, demonstrators	1	2018-01-13 10:06:13.788990824
112	migrants, cross, libya, crossing, head	1	2018-01-13 10:06:13.788990824
116	rescued, earlier, boat, officials, western	1	2018-01-13 10:06:13.788990824
121	temperatures, meteorology, drop, continue, slight	1	2018-01-13 10:06:13.788990824
134	john, symbol, named, rights, civil	2	2018-01-13 10:06:13.788990824
138	republic, governance, litigation, 76, consolidating	1	2018-01-13 10:06:13.788990824
139	insurance, zain, networks, charge, want	1	2018-01-13 10:06:13.788990824
150	spending, investment, dirar, consumption, productive	2	2018-01-13 10:06:13.788990824
152	migrants, coast, 90, fears, italy	1	2018-01-13 10:06:13.788990824
159	unamid, improved, optimism, nations, campaign	2	2018-01-13 10:06:13.788990824
160	reconciliation, forum, yusuf, permanently, decisions	1	2018-01-13 10:06:13.788990824
169	freedoms, remains, agreement, interests, america	1	2018-01-13 10:06:13.788990824
184	favorite, tunisia, boat, run, location	2	2018-01-13 10:06:13.788990824
191	preliminary, consultations, common, begun, determination	2	2018-01-13 10:06:13.788990824
201	issue, dam, renaissance, principles, signed	1	2018-01-13 10:06:13.788990824
202	empower, failures, conferences, outcomes, competent	1	2018-01-13 10:06:13.788990824
217	antiquities, spoiled, tanks, egyptians, containers	1	2018-01-13 10:06:13.788990824
220	councils, headlines, 2018, 2020, presidential	1	2018-01-13 10:06:13.788990824
234	crops, broke, fires, destruction, quantities	2	2018-01-13 10:06:13.788990824
235	dry, heading, warned, season, meteorology	1	2018-01-13 10:06:13.788990824
253	boat, mahdi, secret, like, deputy	1	2018-01-13 10:06:13.788990824
258	hammam, shafiq, magdy, preparation, monitoring	1	2018-01-13 10:06:13.788990824
267	optimistic, promising, provisions, feel, doha	1	2018-01-13 10:06:13.788990824
278	seizure, harboring, nilein, observers, arming	1	2018-01-13 10:06:13.788990824
-1	bashir, honey, al, bank, estate	109	2018-02-12 16:17:42.137614676
1	education, nomads, educational, students, exams	15	2018-02-12 16:17:42.137614676
2	ocha, food, difficulties, famine, face	2	2018-02-12 16:17:42.137614676
3	championship, highness, syrian, sports, hilal	4	2018-02-12 16:17:42.137614676
4	iran, yemeni, al, wadi, allocations	2	2018-02-12 16:17:42.137614676
8	blood, 66, donor, donate, gaza	1	2018-02-12 16:17:42.137614676
11	phase, 2nd, agricultural, bulletin, rainfall	2	2018-02-12 16:17:42.137614676
17	poor, contributions, accompanying, exhibition, needy	1	2018-02-12 16:17:42.137614676
18	reside, commit, break, fact, gulf	1	2018-02-12 16:17:42.137614676
19	majzoub, turkish, eternal, enjoyed, david	2	2018-02-12 16:17:42.137614676
20	al, olympic, defeats, hilal, meets	4	2018-02-12 16:17:42.137614676
23	guarantee, integrity, opens, independence, elections	1	2018-02-12 16:17:42.137614676
25	refugees, amended, existing, nationalities, dabba	4	2018-02-12 16:17:42.137614676
30	bank, exchange, gap, commodities, bashir	3	2018-02-12 16:17:42.137614676
32	parliament, nationalities, speaker, passports, foreigners	1	2018-02-12 16:17:42.137614676
33	opinions, relevant, decided, happened, agencies	1	2018-02-12 16:17:42.137614676
40	converting, counterfeiting, hassabo, zone, warn	1	2018-02-12 16:17:42.137614676
43	liquidity, exchange, rate, banks, sum	3	2018-02-12 16:17:42.137614676
46	trafficking, human, dismantle, illegal, transit	5	2018-02-12 16:17:42.137614676
58	museum, dinar, palace, sultan, rehabilitation	1	2018-02-12 16:17:42.137614676
59	amended, tampering, stipulated, penalties, origin	2	2018-02-12 16:17:42.137614676
60	income, 40, responsible, providing, ministry	1	2018-02-12 16:17:42.137614676
65	specialists, medicine, internal, doctors, society	4	2018-02-12 16:17:42.137614676
70	visa, reconsider, wrong, allows, cancellation	1	2018-02-12 16:17:42.137614676
72	court, conveying, criminal, warrants, convention	1	2018-02-12 16:17:42.137614676
78	add, acts, practice, terrorist, confirming	1	2018-02-12 16:17:42.137614676
79	diplomacy, practiced, renaissance, file, dam	1	2018-02-12 16:17:42.137614676
83	doctors, 650, 61, medicine, dean	1	2018-02-12 16:17:42.137614676
86	refuge, seeking, american, stability, security	1	2018-02-12 16:17:42.137614676
109	nominated, list, exile, refugees, options	2	2018-02-12 16:17:42.137614676
111	mafia, deceased, transferring, ismail, recently	1	2018-02-12 16:17:42.137614676
113	honey, strains, sidr, mountain, forest	1	2018-02-12 16:17:42.137614676
114	migration, reintegration, necessitated, organization, upgrading	1	2018-02-12 16:17:42.137614676
133	testing, bet, quality, laboratory, sidr	3	2018-02-12 16:17:42.137614676
145	list, terrorism, david, placing, false	5	2018-02-12 16:17:42.137614676
164	inquiries, 249918984706, orders, delivery, best	8	2018-02-12 16:17:42.137614676
179	hammam, shafiq, magdy, science, technology	1	2018-02-12 16:17:42.137614676
183	rent, mother, meet, vegetables, income	3	2018-02-12 16:17:42.137614676
192	immigrate, drink, alive, mediterranean, specifically	1	2018-02-12 16:17:42.137614676
205	original, sidr, testing, bet, quality	5	2018-02-12 16:17:42.137614676
207	holidays, clothes, buying, think, circumstances	1	2018-02-12 16:17:42.137614676
209	intelligence, service, congratulated, atta, expressing	1	2018-02-12 16:17:42.137614676
274	2018, preparation, monitoring, newspapers, headlines	1	2018-02-12 16:17:42.137614676
-1	bashir, al, generation, egypt, liquidity	80	2018-03-14 22:29:10.486238528
1	educational, school, technology, students, modern	7	2018-03-14 22:29:10.486238528
4	chemical, qatari, yemen, trump, highness	6	2018-03-14 22:29:10.486238528
5	bashir, honey, oil, newspaper, 2018	6	2018-03-14 22:29:10.486238528
9	dens, stores, destroyed, arrested, weapons	1	2018-03-14 22:29:10.486238528
12	closest, relatives, extremely, tragedy, horrific	1	2018-03-14 22:29:10.486238528
13	sake, waste, time, god, oh	1	2018-03-14 22:29:10.486238528
16	sits, shifting, exchanging, conviction, seat	1	2018-03-14 22:29:10.486238528
23	azhari, successor, sector, tijani, organizational	1	2018-03-14 22:29:10.486238528
30	bank, heated, selecting, transgressions, insults	3	2018-03-14 22:29:10.486238528
33	exposing, non, resist, powerful, containers	1	2018-03-14 22:29:10.486238528
34	pride, magnitude, earthquake, korea, japan	1	2018-03-14 22:29:10.486238528
35	provisions, doha, document, achieved, success	1	2018-03-14 22:29:10.486238528
38	trials, conducting, issuance, approaching, names	1	2018-03-14 22:29:10.486238528
43	atms, hatem, liquidity, resolve, banks	1	2018-03-14 22:29:10.486238528
45	drug, drugs, deported, manufacturing, punishment	3	2018-03-14 22:29:10.486238528
47	tomorrow, continue, waiting, answer, zero	1	2018-03-14 22:29:10.486238528
53	maintenance, refinery, precautions, coinciding, periodic	2	2018-03-14 22:29:10.486238528
60	lords, ceiling, withdrawing, speaker, recommendations	1	2018-03-14 22:29:10.486238528
62	2018, newspapers, prominent, headlines, 11	1	2018-03-14 22:29:10.486238528
71	cnn, nigeria, stormed, journalist, detention	1	2018-03-14 22:29:10.486238528
73	integral, quick, shout, interests, praises	1	2018-03-14 22:29:10.486238528
74	dont, come, didnt, personally, play	1	2018-03-14 22:29:10.486238528
84	sanctity, crimes, violating, steps, substances	2	2018-03-14 22:29:10.486238528
86	congratulate, tayeb, eid, defense, abdel	2	2018-03-14 22:29:10.486238528
87	regulations, laws, investment, trade, union	1	2018-03-14 22:29:10.486238528
88	billion, horses, australian, australia, deposits	2	2018-03-14 22:29:10.486238528
94	gasoline, value, vehicle, oil, petroleum	2	2018-03-14 22:29:10.486238528
113	honey, strains, sidr, mountain, diplomatic	3	2018-03-14 22:29:10.486238528
120	bashir, equality, signs, leader, imprisonment	1	2018-03-14 22:29:10.486238528
138	organizational, responsibilities, multiple, communication, sustain	1	2018-03-14 22:29:10.486238528
141	tijani, expertise, sensitive, crossed, managing	1	2018-03-14 22:29:10.486238528
143	step, arrests, bashir, albashir, punishment	2	2018-03-14 22:29:10.486238528
149	animal, asked, female, bird, birds	1	2018-03-14 22:29:10.486238528
150	demonstrate, owned, assets, additional, value	1	2018-03-14 22:29:10.486238528
159	stability, darfur, secretary, office, shadow	1	2018-03-14 22:29:10.486238528
164	inquiries, 249918984706, orders, delivery, best	8	2018-03-14 22:29:10.486238528
179	hammam, shafiq, magdy, science, technology	1	2018-03-14 22:29:10.486238528
188	draft, law, technology, combating, approves	3	2018-03-14 22:29:10.486238528
220	2018, headlines, march, political, microscope	2	2018-03-14 22:29:10.486238528
254	sake, forward, homeland, traitor, homelands	1	2018-03-14 22:29:10.486238528
266	650, consists, college, stadium, soldiers	1	2018-03-14 22:29:10.486238528
272	latest, application, link, follow, telegram	1	2018-03-14 22:29:10.486238528
274	2018, preparation, monitoring, newspapers, headlines	1	2018-03-14 22:29:10.486238528
278	suspicion, enters, faisal, bashir, banking	1	2018-03-14 22:29:10.486238528
-1	al, oil, bashir, honey, fuel	126	2018-04-14 04:40:38.834862384
1	leaking, exam, accused, digna, arrest	7	2018-04-14 04:40:38.834862384
2	unicef, children, item, integrated, saving	5	2018-04-14 04:40:38.834862384
3	al, goals, chances, amal, qualify	1	2018-04-14 04:40:38.834862384
4	iranian, iran, trump, yemeni, ships	20	2018-04-14 04:40:38.834862384
5	suspects, apartment, diplomat, 2018, akhbar	3	2018-04-14 04:40:38.834862384
8	trained, wahid, israel, oil, abdul	2	2018-04-14 04:40:38.834862384
10	women, discrimination, understand, speaker, meet	5	2018-04-14 04:40:38.834862384
16	cabinet, limited, address, leader, monday	2	2018-04-14 04:40:38.834862384
19	ghandour, bashir, diplomatic, insult, foreign	5	2018-04-14 04:40:38.834862384
20	faltered, marking, wind, shorouk, fail	1	2018-04-14 04:40:38.834862384
23	resolves, nazir, turk, differences, congress	2	2018-04-14 04:40:38.834862384
25	refugees, donor, splm, ethiopia, blue	3	2018-04-14 04:40:38.834862384
26	dongola, employ, planning, diagnostic, holds	1	2018-04-14 04:40:38.834862384
29	police, hadi, yahya, locations, transports	1	2018-04-14 04:40:38.834862384
30	banking, banks, practices, requirements, dealings	1	2018-04-14 04:40:38.834862384
31	landing, plane, woman, make, egyptian	1	2018-04-14 04:40:38.834862384
34	survived, rubble, hotel, recovered, collapse	1	2018-04-14 04:40:38.834862384
38	forward, talk, corruption, step, fighting	1	2018-04-14 04:40:38.834862384
40	worker, thirst, loss, death, national	2	2018-04-14 04:40:38.834862384
42	maulana, rights, expert, justice, independent	1	2018-04-14 04:40:38.834862384
45	pills, drug, accidents, drugs, seized	4	2018-04-14 04:40:38.834862384
46	trafficking, human, smuggling, gang, 66	7	2018-04-14 04:40:38.834862384
48	condolences, arrives, africa, prime, central	2	2018-04-14 04:40:38.834862384
51	zero, thirst, faces, problem, station	2	2018-04-14 04:40:38.834862384
53	oil, refinery, fuel, gasoline, companies	6	2018-04-14 04:40:38.834862384
54	acres, bombed, middle, pump, problem	1	2018-04-14 04:40:38.834862384
55	personally, ghandour, present, did, damazin	1	2018-04-14 04:40:38.834862384
56	panic, cause, scarcity, minute, fuel	1	2018-04-14 04:40:38.834862384
58	extraordinary, ministers, details, meeting, khartoum	1	2018-04-14 04:40:38.834862384
60	wonders, loan, indian, parliamentary, 35	1	2018-04-14 04:40:38.834862384
62	2018, prominent, headlines, morning, published	3	2018-04-14 04:40:38.834862384
84	mahdi, leaking, chemical, sharif, sadiq	2	2018-04-14 04:40:38.834862384
88	economic, dealing, lifting, reform, american	2	2018-04-14 04:40:38.834862384
89	decision, missions, stipulated, reduction, embassies	4	2018-04-14 04:40:38.834862384
94	oil, gasoline, institutes, 34, tons	4	2018-04-14 04:40:38.834862384
98	honey, ethiopian, 2018, smc, relieved	2	2018-04-14 04:40:38.834862384
113	honey, strains, sidr, diplomatic, mountain	7	2018-04-14 04:40:38.834862384
114	migrants, assess, survey, migration, conducted	1	2018-04-14 04:40:38.834862384
120	assistants, iron, seventh, gosh, berlin	1	2018-04-14 04:40:38.834862384
124	recommends, chadian, strengthening, importance, conference	1	2018-04-14 04:40:38.834862384
133	testing, careful, bet, quality, laboratory	14	2018-04-14 04:40:38.834862384
143	punishment, bashir, affiliated, movements, armed	2	2018-04-14 04:40:38.834862384
145	terrorism, sponsoring, cooperating, looks, list	2	2018-04-14 04:40:38.834862384
151	coffee, declining, counterparts, compared, foreign	1	2018-04-14 04:40:38.834862384
152	coast, migrants, navy, libyan, boat	2	2018-04-14 04:40:38.834862384
153	skilled, parking, brokers, transportation, resolved	1	2018-04-14 04:40:38.834862384
154	2018, headlines, 22, newspapers, karari	2	2018-04-14 04:40:38.834862384
164	inquiries, 249918984706, orders, delivery, best	16	2018-04-14 04:40:38.834862384
167	therapeutic, treatment, aspects, medicine, kas	1	2018-04-14 04:40:38.834862384
168	relieve, ghandour, republican, akhbar, professor	1	2018-04-14 04:40:38.834862384
172	christian, split, recommendation, writing, joined	1	2018-04-14 04:40:38.834862384
177	nigeria, african, white, republican, palace	1	2018-04-14 04:40:38.834862384
179	hammam, shafiq, magdy, science, technology	1	2018-04-14 04:40:38.834862384
180	tariffs, transportation, hello, prepared, hope	2	2018-04-14 04:40:38.834862384
201	shalatin, disputed, debate, dam, renaissance	1	2018-04-14 04:40:38.834862384
206	begging, nilein, beggars, giving, sermon	1	2018-04-14 04:40:38.834862384
221	origin, dar, discuss, federal, economic	1	2018-04-14 04:40:38.834862384
245	sweet, taste, meals, local, kilograms	2	2018-04-14 04:40:38.834862384
252	salva, kiir, machar, assassination, sets	1	2018-04-14 04:40:38.834862384
259	age, pregnant, child, mothers, 128	2	2018-04-14 04:40:38.834862384
270	chadian, consult, summon, prime, parliament	1	2018-04-14 04:40:38.834862384
272	latest, application, link, follow, telegram	9	2018-04-14 04:40:38.834862384
274	2018, preparation, monitoring, newspapers, headlines	2	2018-04-14 04:40:38.834862384
277	museum, tree, appreciate, writer, specialist	4	2018-04-14 04:40:38.834862384
-1	al, ships, parliament, ansar, latest	117	2018-05-14 10:52:07.183486236
0	al, kenana, jazeera, consulate, muhammad	3	2018-05-14 10:52:07.183486236
1	makers, hope, voluntary, specific, spoil	4	2018-05-14 10:52:07.183486236
2	food, million, shortage, stages, verified	9	2018-05-14 10:52:07.183486236
4	qatari, qatar, iran, jordan, mecca	9	2018-05-14 10:52:07.183486236
5	2018, ships, election, parliament, newspaper	4	2018-05-14 10:52:07.183486236
6	cancel, confidence, visa, build, entry	1	2018-05-14 10:52:07.183486236
8	companion, israel, attacked, asylum, rushed	1	2018-05-14 10:52:07.183486236
11	livestock, ship, question, arabia, saudi	2	2018-05-14 10:52:07.183486236
17	breakfast, baskets, meals, fasting, salman	4	2018-05-14 10:52:07.183486236
19	relations, foreign, countries, affairs, indicating	4	2018-05-14 10:52:07.183486236
25	resettlement, suspends, unhcr, allegations, refugees	3	2018-05-14 10:52:07.183486236
33	priorities, advertisement, providing, services, citizens	2	2018-05-14 10:52:07.183486236
34	injuries, rain, deaths, nyala, floods	2	2018-05-14 10:52:07.183486236
35	potential, anticipating, complexities, containing, options	1	2018-05-14 10:52:07.183486236
38	prosecution, corruption, present, witnesses, case	1	2018-05-14 10:52:07.183486236
39	registering, retreat, ban, goods, egyptian	1	2018-05-14 10:52:07.183486236
40	declined, 46, exports, gold, ban	1	2018-05-14 10:52:07.183486236
43	noticeable, decline, witnessing, exchange, defense	1	2018-05-14 10:52:07.183486236
47	satisfied, provided, waiting, answer, zero	1	2018-05-14 10:52:07.183486236
52	forcefully, evacuate, desire, policy, commissioner	1	2018-05-14 10:52:07.183486236
55	memory, resident, friend, awad, writes	1	2018-05-14 10:52:07.183486236
58	explaining, accomplished, achievements, expansion, republic	6	2018-05-14 10:52:07.183486236
60	exemption, shout, economic, crisis, addressing	5	2018-05-14 10:52:07.183486236
62	2018, headlines, prominent, morning, press	2	2018-05-14 10:52:07.183486236
77	artist, art, awad, memories, loved	5	2018-05-14 10:52:07.183486236
86	religion, prison, islam, kingdom, relationship	3	2018-05-14 10:52:07.183486236
87	topic, wages, advertisement, asking, matters	2	2018-05-14 10:52:07.183486236
88	entitlements, fulfilled, dues, debt, unless	1	2018-05-14 10:52:07.183486236
89	presentation, visions, china, relations, developing	3	2018-05-14 10:52:07.183486236
94	gasoline, negatively, fuel, oil, shortages	5	2018-05-14 10:52:07.183486236
104	muslims, badr, battle, caravan, bin	3	2018-05-14 10:52:07.183486236
106	charitable, salman, kingdom, advocacy, king	3	2018-05-14 10:52:07.183486236
112	immigrants, libya, accident, traffic, 10	4	2018-05-14 10:52:07.183486236
113	honey, strains, sidr, mountain, forest	6	2018-05-14 10:52:07.183486236
117	budgets, unlike, directing, allocated, housing	2	2018-05-14 10:52:07.183486236
118	communicating, contacted, banned, father, later	1	2018-05-14 10:52:07.183486236
132	inspecting, finding, 55, initial, visiting	1	2018-05-14 10:52:07.183486236
133	testing, careful, bet, quality, laboratory	6	2018-05-14 10:52:07.183486236
134	throwing, stones, intervened, windows, demonstrators	2	2018-05-14 10:52:07.183486236
141	dismantled, akhbar, printed, malaysia, pills	1	2018-05-14 10:52:07.183486236
144	series, heroes, dramatic, experience, compatible	10	2018-05-14 10:52:07.183486236
158	level, evaluate, organizations, 300, stopped	1	2018-05-14 10:52:07.183486236
164	inquiries, 249918984706, orders, delivery, best	6	2018-05-14 10:52:07.183486236
172	sight, palestine, lose, mosque, holy	1	2018-05-14 10:52:07.183486236
213	admitted, consciousness, regained, speak, unable	1	2018-05-14 10:52:07.183486236
221	crises, linked, dealing, stated, decisions	1	2018-05-14 10:52:07.183486236
233	sharp, differences, paris, reveal, coalition	1	2018-05-14 10:52:07.183486236
245	kilograms, lentils, dates, quarter, rice	2	2018-05-14 10:52:07.183486236
252	salva, kiir, throwing, machar, disappeared	3	2018-05-14 10:52:07.183486236
265	woman, british, history, came, arabs	1	2018-05-14 10:52:07.183486236
269	work, optimism, enthusiasm, accepting, presenting	2	2018-05-14 10:52:07.183486236
-1	expatriates, al, latest, republic, application	170	2018-06-13 17:03:35.532110088
1	school, bag, pounds, year, supplies	10	2018-06-13 17:03:35.532110088
2	declared, regional, strategy, counterpart, mechanisms	1	2018-06-13 17:03:35.532110088
3	cup, sports, team, mars, world	26	2018-06-13 17:03:35.532110088
4	yemeni, qatari, saudi, arabia, iranian	39	2018-06-13 17:03:35.532110088
5	machar, bashir, approach, summit, press	2	2018-06-13 17:03:35.532110088
6	ethiopian, prime, ethiopia, addis, ababa	3	2018-06-13 17:03:35.532110088
8	palestinian, israeli, israel, gaza, century	9	2018-06-13 17:03:35.532110088
9	900, attributed, refuge, marra, jebel	1	2018-06-13 17:03:35.532110088
11	livestock, agriculture, projects, development, farmers	8	2018-06-13 17:03:35.532110088
16	opinions, restricting, amending, depends, belongs	4	2018-06-13 17:03:35.532110088
19	chinese, european, relations, ambassador, union	5	2018-06-13 17:03:35.532110088
21	saving, treatment, benefits, pledged, represent	1	2018-06-13 17:03:35.532110088
23	leaking, changing, liberating, questions, heads	2	2018-06-13 17:03:35.532110088
30	withdrawn, bank, customers, error, man	2	2018-06-13 17:03:35.532110088
35	credible, broader, contained, guide, parties	1	2018-06-13 17:03:35.532110088
38	proven, released, fat, guarantees, words	2	2018-06-13 17:03:35.532110088
39	falling, gangs, shown, wishes, like	1	2018-06-13 17:03:35.532110088
40	interesting, leaking, summons, minerals, equivalent	2	2018-06-13 17:03:35.532110088
43	troika, stated, statement, dollar, exchange	1	2018-06-13 17:03:35.532110088
45	drugs, drug, administration, combating, society	7	2018-06-13 17:03:35.532110088
46	trafficking, human, combating, victims, combat	2	2018-06-13 17:03:35.532110088
47	noticed, character, proposal, recently, different	2	2018-06-13 17:03:35.532110088
48	african, summit, republic, union, mauritania	3	2018-06-13 17:03:35.532110088
51	electricity, dam, unit, upper, merowe	2	2018-06-13 17:03:35.532110088
52	original, aids, witnessing, continuing, necessary	1	2018-06-13 17:03:35.532110088
53	declined, produced, productivity, separation, oil	1	2018-06-13 17:03:35.532110088
55	dear, good, morning, damazin, abdul	1	2018-06-13 17:03:35.532110088
57	2018, 24, prominent, june, sunday	1	2018-06-13 17:03:35.532110088
59	customs, naval, bashir, smuggling, transient	1	2018-06-13 17:03:35.532110088
60	term, short, alternative, review, parliament	1	2018-06-13 17:03:35.532110088
62	2018, headlines, published, prominent, july	3	2018-06-13 17:03:35.532110088
65	card, golden, therapeutic, kind, obtaining	1	2018-06-13 17:03:35.532110088
66	contributing, convey, identifying, delegations, missions	1	2018-06-13 17:03:35.532110088
71	kept, tunisian, journalists, rescue, away	1	2018-06-13 17:03:35.532110088
72	uae, destructive, blockade, scenario, pyramids	2	2018-06-13 17:03:35.532110088
74	count, sitting, dont, come, didnt	2	2018-06-13 17:03:35.532110088
79	water, dams, wells, projects, unit	7	2018-06-13 17:03:35.532110088
81	parents, children, measure, prevented, place	2	2018-06-13 17:03:35.532110088
82	housing, projects, microfinance, positively, indicators	3	2018-06-13 17:03:35.532110088
83	concept, mamoun, hamida, master, promised	1	2018-06-13 17:03:35.532110088
84	latif, penalty, hamed, surprise, body	2	2018-06-13 17:03:35.532110088
86	ii, agree, celebrates, aims, administration	2	2018-06-13 17:03:35.532110088
88	troika, looks, appreciates, forward, talks	1	2018-06-13 17:03:35.532110088
89	china, chinese, foreign, deepening, prefer	4	2018-06-13 17:03:35.532110088
91	hosting, troika, role, southern, talks	2	2018-06-13 17:03:35.532110088
94	oil, economies, pumping, wells, agreement	3	2018-06-13 17:03:35.532110088
96	reforms, recruits, subsidies, restructuring, acceptance	1	2018-06-13 17:03:35.532110088
97	publications, draft, approves, press, ministers	1	2018-06-13 17:03:35.532110088
98	assassination, ethiopian, condemnation, perpetrator, azhari	1	2018-06-13 17:03:35.532110088
110	gets, terrifying, tank, 130, billions	1	2018-06-13 17:03:35.532110088
113	honey, strains, wild, bet, accurate	6	2018-06-13 17:03:35.532110088
114	migrants, migration, corridor, libya, transit	2	2018-06-13 17:03:35.532110088
116	libyan, haftar, rescues, navy, terrorism	2	2018-06-13 17:03:35.532110088
120	mechanism, establishment, directed, implementation, decisions	1	2018-06-13 17:03:35.532110088
141	prison, congress, immunity, khair, arrested	1	2018-06-13 17:03:35.532110088
144	experience, series, dramatic, writing, realistic	9	2018-06-13 17:03:35.532110088
145	summit, sahara, sahel, gender, palestine	1	2018-06-13 17:03:35.532110088
150	46, intensification, directs, distinguished, investments	2	2018-06-13 17:03:35.532110088
153	transportation, municipal, institutional, mediterranean, overcoming	2	2018-06-13 17:03:35.532110088
155	70, length, 140, divided, kilometers	1	2018-06-13 17:03:35.532110088
159	stability, noticeable, seriousness, inspected, learned	1	2018-06-13 17:03:35.532110088
163	mamoun, reflected, reference, allah, establishing	1	2018-06-13 17:03:35.532110088
164	inquiries, 249918984706, orders, delivery, best	2	2018-06-13 17:03:35.532110088
167	67, hamida, instead, rates, presidency	1	2018-06-13 17:03:35.532110088
172	paves, clearing, stance, prayer, occupation	1	2018-06-13 17:03:35.532110088
179	hammam, shafiq, magdy, science, technology	6	2018-06-13 17:03:35.532110088
217	heritage, site, justice, world, al	1	2018-06-13 17:03:35.532110088
227	secrets, renaissance, dam, ethiopian, position	1	2018-06-13 17:03:35.532110088
242	boats, modern, transient, aircraft, secure	1	2018-06-13 17:03:35.532110088
243	bathrooms, adequate, runs, clothing, clean	1	2018-06-13 17:03:35.532110088
245	meat, sugar, cooking, food, culture	7	2018-06-13 17:03:35.532110088
249	discovered, putting, machine, 200, examination	1	2018-06-13 17:03:35.532110088
252	salva, kiir, machar, naval, delegate	2	2018-06-13 17:03:35.532110088
258	hammam, shafiq, magdy, preparation, monitoring	1	2018-06-13 17:03:35.532110088
263	disgrace, century, pyramids, growth, break	1	2018-06-13 17:03:35.532110088
272	latest, application, wonderful, mona, link	1	2018-06-13 17:03:35.532110088
274	2018, preparation, monitoring, newspapers, headlines	6	2018-06-13 17:03:35.532110088
278	abbas, 62, deserves, acknowledges, wells	2	2018-06-13 17:03:35.532110088
-1	al, bashir, latest, application, newspaper	156	2018-07-13 23:15:03.880733944
1	students, school, schools, random, education	18	2018-07-13 23:15:03.880733944
2	voluntary, programs, european, resettlement, return	2	2018-07-13 23:15:03.880733944
3	hilal, stadium, cup, draw, highness	4	2018-07-13 23:15:03.880733944
4	qatari, yemen, yemeni, iran, trump	29	2018-07-13 23:15:03.880733944
5	newspaper, rain, nahud, al, flour	11	2018-07-13 23:15:03.880733944
6	bashir, parties, ethiopian, majority, al	2	2018-07-13 23:15:03.880733944
8	palestinian, israel, israeli, gaza, eve	4	2018-07-13 23:15:03.880733944
9	despair, planted, benefited, mines, storm	1	2018-07-13 23:15:03.880733944
10	tortured, stress, learned, suffering, committing	1	2018-07-13 23:15:03.880733944
11	gasoline, available, agriculture, room, season	1	2018-07-13 23:15:03.880733944
16	experiment, mistake, apologizes, reform, 2012	2	2018-07-13 23:15:03.880733944
19	ambassadors, republican, representation, structure, presidential	3	2018-07-13 23:15:03.880733944
25	consistent, sustainable, solutions, unhcr, vision	1	2018-07-13 23:15:03.880733944
30	exchange, economic, existence, finance, bank	2	2018-07-13 23:15:03.880733944
31	companies, airline, aviation, prices, airlines	10	2018-07-13 23:15:03.880733944
33	chase, cement, dealers, son, violent	1	2018-07-13 23:15:03.880733944
34	earthquake, spring, en, torrents, nahud	6	2018-07-13 23:15:03.880733944
35	signing, southern, parties, agreement, announces	1	2018-07-13 23:15:03.880733944
38	forgery, convicted, sentence, submit, complaints	2	2018-07-13 23:15:03.880733944
39	prefer, cairo, tripoli, voluntary, residing	3	2018-07-13 23:15:03.880733944
40	sand, export, matama, signs, drowning	6	2018-07-13 23:15:03.880733944
43	liquidity, dominance, structural, 64, inflation	2	2018-07-13 23:15:03.880733944
44	exceptions, text, example, infection, risk	1	2018-07-13 23:15:03.880733944
45	drugs, biggest, sayed, substances, alcohol	2	2018-07-13 23:15:03.880733944
46	trafficking, human, excellency, investigations, hostages	3	2018-07-13 23:15:03.880733944
49	patience, highest, mustafa, grant, mercy	1	2018-07-13 23:15:03.880733944
51	sisi, modern, stations, inaugurates, power	1	2018-07-13 23:15:03.880733944
53	pumping, oil, imminent, southern, announces	1	2018-07-13 23:15:03.880733944
56	networking, stay, away, sites, students	1	2018-07-13 23:15:03.880733944
58	mistake, acknowledges, legislative, planning, affected	1	2018-07-13 23:15:03.880733944
59	customs, concessions, branches, seizure, moral	2	2018-07-13 23:15:03.880733944
60	citizen, rates, economy, economists, investor	2	2018-07-13 23:15:03.880733944
65	actively, specialties, acknowledges, traditional, professions	3	2018-07-13 23:15:03.880733944
71	media, profession, journalists, academic, conference	3	2018-07-13 23:15:03.880733944
77	artist, jamal, fans, goes, taha	1	2018-07-13 23:15:03.880733944
79	gash, zero, thirst, levels, progress	1	2018-07-13 23:15:03.880733944
82	rent, violators, floor, enables, density	3	2018-07-13 23:15:03.880733944
83	regulate, draft, health, policy, migration	1	2018-07-13 23:15:03.880733944
84	immunity, lift, request, policeman, accused	2	2018-07-13 23:15:03.880733944
85	antiquities, tree, headlines, 2018, watan	2	2018-07-13 23:15:03.880733944
89	allowance, allocations, housing, ensuring, chinese	3	2018-07-13 23:15:03.880733944
91	shorouk, candidate, net, participants, arriving	1	2018-07-13 23:15:03.880733944
97	deprivation, vote, approve, articles, penalty	1	2018-07-13 23:15:03.880733944
101	kordofan, sabah, sarah, dairy, karima	1	2018-07-13 23:15:03.880733944
102	expresses, vice, migration, doctors, president	1	2018-07-13 23:15:03.880733944
106	pilgrims, yemeni, batches, custodian, emir	3	2018-07-13 23:15:03.880733944
112	asylum, france, 42, journey, arduous	1	2018-07-13 23:15:03.880733944
113	honey, strains, wild, bet, accurate	7	2018-07-13 23:15:03.880733944
115	sufficient, 400, prof, study, resources	1	2018-07-13 23:15:03.880733944
117	estate, real, prices, buy, rise	6	2018-07-13 23:15:03.880733944
126	hajj, pilgrims, umrah, establishments, digna	3	2018-07-13 23:15:03.880733944
138	beloved, express, organizing, britain, transformation	1	2018-07-13 23:15:03.880733944
143	nomination, determines, shura, bashir, soon	1	2018-07-13 23:15:03.880733944
147	voluntary, ages, 32, card, residence	2	2018-07-13 23:15:03.880733944
150	formula, processes, attract, finding, savings	1	2018-07-13 23:15:03.880733944
151	bakeries, scarcity, bread, gas, distribution	1	2018-07-13 23:15:03.880733944
155	ring, road, phase, cost, august	1	2018-07-13 23:15:03.880733944
158	reaches, organize, entering, source, adam	1	2018-07-13 23:15:03.880733944
165	2018, news, august, sunday, summary	1	2018-07-13 23:15:03.880733944
167	professions, burden, reducing, yasser, increased	1	2018-07-13 23:15:03.880733944
179	hammam, shafiq, magdy, science, technology	7	2018-07-13 23:15:03.880733944
180	transporting, driver, vehicle, evening, period	1	2018-07-13 23:15:03.880733944
182	lay, kingdom, reforming, economic, discuss	1	2018-07-13 23:15:03.880733944
217	expertise, offer, british, time, antiquities	1	2018-07-13 23:15:03.880733944
218	suspension, zakat, office, students, announces	1	2018-07-13 23:15:03.880733944
239	websites, source, jazeera, agencies, al	1	2018-07-13 23:15:03.880733944
249	mining, random, gold, greed, internal	1	2018-07-13 23:15:03.880733944
259	breastfeeding, presidency, affected, pregnant, honey	1	2018-07-13 23:15:03.880733944
272	latest, application, link, follow, telegram	1	2018-07-13 23:15:03.880733944
274	2018, preparation, monitoring, newspapers, headlines	8	2018-07-13 23:15:03.880733944
-1	al, machar, bashir, khartoum, liquidity	126	2018-08-13 05:26:32.229357792
0	yassin, anas, encourages, returned, localities	1	2018-08-13 05:26:32.229357792
1	student, students, school, education, university	6	2018-08-13 05:26:32.229357792
3	hilal, al, stadium, defeats, match	16	2018-08-13 05:26:32.229357792
4	chinese, saudi, china, yemeni, qatari	13	2018-08-13 05:26:32.229357792
5	newspaper, al, newspapers, headlines, 2018	15	2018-08-13 05:26:32.229357792
6	ethiopian, ethiopia, bashir, al, eritrea	3	2018-08-13 05:26:32.229357792
7	250, fever, washington, cases, thousand	1	2018-08-13 05:26:32.229357792
8	condemnations, gaza, catastrophic, cut, warning	1	2018-08-13 05:26:32.229357792
10	student, john, assaulted, sense, victim	1	2018-08-13 05:26:32.229357792
11	acres, rahad, rain, vegetables, excluded	3	2018-08-13 05:26:32.229357792
16	hesitate, negligence, event, accountable, parliament	1	2018-08-13 05:26:32.229357792
19	endowments, deputies, atta, hatem, resolved	1	2018-08-13 05:26:32.229357792
20	makki, surgeries, wedding, halls, outstanding	2	2018-08-13 05:26:32.229357792
23	effectiveness, moussa, moataz, choice, known	1	2018-08-13 05:26:32.229357792
25	refugees, south, 2013, southern, adjacent	2	2018-08-13 05:26:32.229357792
30	bank, banks, liquidity, atms, exchange	6	2018-08-13 05:26:32.229357792
34	magnitude, regains, earthquake, japanese, korea	1	2018-08-13 05:26:32.229357792
38	answered, yes, asked, court, corruption	1	2018-08-13 05:26:32.229357792
44	spreading, epidemic, reveal, dangerous, parts	1	2018-08-13 05:26:32.229357792
46	154, freed, traffickers, hostages, trafficking	2	2018-08-13 05:26:32.229357792
52	convoy, segments, organizations, vulnerable, contribution	1	2018-08-13 05:26:32.229357792
53	oil, pumping, preferred, tariffs, drivers	2	2018-08-13 05:26:32.229357792
56	followers, accounts, talal, place, amjad	6	2018-08-13 05:26:32.229357792
57	2018, apologize, events, titles, august	3	2018-08-13 05:26:32.229357792
60	optimism, neglected, draws, dissolve, reason	1	2018-08-13 05:26:32.229357792
65	strategy, preparing, comprehensive, coverage, policies	3	2018-08-13 05:26:32.229357792
71	smc, press, center, affairs, services	1	2018-08-13 05:26:32.229357792
72	die, bakri, let, court, criminal	1	2018-08-13 05:26:32.229357792
77	sadiq, artist, flag, brings, ceremony	3	2018-08-13 05:26:32.229357792
82	executives, dismissal, appointment, local, rent	1	2018-08-13 05:26:32.229357792
83	evaluation, global, conduct, vaccine, announced	2	2018-08-13 05:26:32.229357792
85	newspapers, 2018, prominent, published, headlines	2	2018-08-13 05:26:32.229357792
87	wage, minimum, transportation, workers, labor	1	2018-08-13 05:26:32.229357792
88	seller, conviction, tea, claiming, double	1	2018-08-13 05:26:32.229357792
92	entrances, enemies, closed, trade, border	1	2018-08-13 05:26:32.229357792
94	pumping, shorouk, net, resumption, oil	1	2018-08-13 05:26:32.229357792
96	staff, chief, statements, important, command	1	2018-08-13 05:26:32.229357792
101	caravan, district, rural, foundation, kordofan	1	2018-08-13 05:26:32.229357792
105	riek, raouf, demands, machar, legislative	1	2018-08-13 05:26:32.229357792
106	overcoming, japan, church, differences, contributed	1	2018-08-13 05:26:32.229357792
112	28, libya, infiltrate, triangle, libyan	1	2018-08-13 05:26:32.229357792
113	honey, strains, wild, bet, accurate	4	2018-08-13 05:26:32.229357792
118	happy, love, mother, son, know	1	2018-08-13 05:26:32.229357792
126	pilgrims, digna, sea, othman, mecca	2	2018-08-13 05:26:32.229357792
141	unlike, striking, preachers, devoid, 2017	1	2018-08-13 05:26:32.229357792
142	watan, balad, news, august, 29	1	2018-08-13 05:26:32.229357792
143	bashir, day, al, albashir, albashirs	1	2018-08-13 05:26:32.229357792
144	film, atta, hatem, arm, volume	1	2018-08-13 05:26:32.229357792
149	uproot, wind, unable, strong, bird	1	2018-08-13 05:26:32.229357792
160	reflected, peace, south, sudan, negotiations	1	2018-08-13 05:26:32.229357792
167	issue, garda, medicine, transformations, acquitted	2	2018-08-13 05:26:32.229357792
174	2018, news, headlines, summary, august	3	2018-08-13 05:26:32.229357792
179	hammam, shafiq, magdy, science, technology	1	2018-08-13 05:26:32.229357792
180	transportation, doubling, noticed, tariffs, ticket	2	2018-08-13 05:26:32.229357792
213	wellness, wishes, happy, serve, children	1	2018-08-13 05:26:32.229357792
240	baraka, saleh, reopening, integrate, significantly	1	2018-08-13 05:26:32.229357792
243	serving, term, prison, deported, detainees	1	2018-08-13 05:26:32.229357792
259	honey, nutritional, wounds, child, infant	3	2018-08-13 05:26:32.229357792
262	deceased, autopsy, identical, boy, referring	2	2018-08-13 05:26:32.229357792
272	latest, application, link, follow, telegram	1	2018-08-13 05:26:32.229357792
274	2018, preparation, monitoring, newspapers, 29	1	2018-08-13 05:26:32.229357792
278	ruling, bashir, rescues, wasting, case	1	2018-08-13 05:26:32.229357792
-1	al, bashir, parliament, government, fever	158	2018-09-12 11:38:00.577981648
0	split, ella, south, kordofan, army	2	2018-09-12 11:38:00.577981648
1	student, warrant, teacher, developed, difficulties	7	2018-09-12 11:38:00.577981648
3	hilal, al, stadium, match, league	15	2018-09-12 11:38:00.577981648
4	syria, saudi, arabia, qatari, crown	22	2018-09-12 11:38:00.577981648
5	newspaper, newspapers, 2018, headlines, al	15	2018-09-12 11:38:00.577981648
7	fever, precautionary, cases, suspected, carrier	1	2018-09-12 11:38:00.577981648
8	palestine, israel, billion, palestinian, israeli	6	2018-09-12 11:38:00.577981648
10	rahad, subject, manager, laws, study	1	2018-09-12 11:38:00.577981648
11	imported, pounds, agricultural, 280, sugar	7	2018-09-12 11:38:00.577981648
13	willing, tomorrow, meet, god, oh	1	2018-09-12 11:38:00.577981648
16	carefully, legislative, reform, republic, body	5	2018-09-12 11:38:00.577981648
23	vice, yusuf, conspiracies, wahed, thought	2	2018-09-12 11:38:00.577981648
24	razek, bakr, nahud, lost, 30	1	2018-09-12 11:38:00.577981648
25	refugees, responsibilities, chad, commissioner, assume	3	2018-09-12 11:38:00.577981648
29	fadil, decree, babiker, appointing, suna	1	2018-09-12 11:38:00.577981648
30	exchange, rate, liberalization, dollar, bank	6	2018-09-12 11:38:00.577981648
32	passports, travelers, registry, egyptian, months	2	2018-09-12 11:38:00.577981648
33	restrictions, needed, decree, babiker, appointing	2	2018-09-12 11:38:00.577981648
34	mountain, collapse, 29, rains, injured	1	2018-09-12 11:38:00.577981648
35	prevails, kept, renewing, spare, stops	3	2018-09-12 11:38:00.577981648
38	tightened, penalties, raised, resulting, years	1	2018-09-12 11:38:00.577981648
39	stranded, emirates, crisis, finding, formation	3	2018-09-12 11:38:00.577981648
43	dollar, rate, gosh, exchange, intention	7	2018-09-12 11:38:00.577981648
44	stable, neighboring, came, cases, stressed	1	2018-09-12 11:38:00.577981648
45	drugs, anti, quantity, sharif, aircraft	2	2018-09-12 11:38:00.577981648
49	character, prayer, betrayal, raised, soon	1	2018-09-12 11:38:00.577981648
55	mustafa, othman, al, damazin, abdul	1	2018-09-12 11:38:00.577981648
58	tayeb, career, legislation, ninth, decree	1	2018-09-12 11:38:00.577981648
59	customs, entry, amounts, exit, owner	1	2018-09-12 11:38:00.577981648
60	ambiguity, finance, surrounds, fat, spending	4	2018-09-12 11:38:00.577981648
62	moataz, 2018, headlines, october, friday	1	2018-09-12 11:38:00.577981648
67	tropical, tolerate, storm, rules, meteorology	1	2018-09-12 11:38:00.577981648
72	judicial, deported, procedures, arrested, explained	1	2018-09-12 11:38:00.577981648
74	yes, dont, come, didnt, personally	1	2018-09-12 11:38:00.577981648
85	newspapers, 2018, headlines, prominent, september	4	2018-09-12 11:38:00.577981648
87	employment, labor, inspect, paying, offices	2	2018-09-12 11:38:00.577981648
88	debts, profits, debt, billion, allocations	2	2018-09-12 11:38:00.577981648
89	chinese, innovation, premier, china, search	2	2018-09-12 11:38:00.577981648
91	umbrella, greatly, igad, reaching, impact	1	2018-09-12 11:38:00.577981648
93	determining, pharmaceutical, determine, import, banking	1	2018-09-12 11:38:00.577981648
102	pumps, expired, main, vice, president	1	2018-09-12 11:38:00.577981648
109	growing, giving, formed, particular, mechanisms	1	2018-09-12 11:38:00.577981648
113	honey, strains, wild, bet, accurate	7	2018-09-12 11:38:00.577981648
115	policies, economic, approves, buying, planes	2	2018-09-12 11:38:00.577981648
116	libyan, wind, average, effect, potential	2	2018-09-12 11:38:00.577981648
118	insisted, unless, accident, taken, house	1	2018-09-12 11:38:00.577981648
120	razek, denominations, referendum, rahad, pumps	1	2018-09-12 11:38:00.577981648
138	party, legislative, bashir, elections, candidates	6	2018-09-12 11:38:00.577981648
144	interesting, khojali, seller, users, presenting	1	2018-09-12 11:38:00.577981648
152	boat, boats, coast, migrants, survivors	2	2018-09-12 11:38:00.577981648
154	balad, 2018, headlines, september, saturday	1	2018-09-12 11:38:00.577981648
159	smc, fadil, unamid, mubarak, withdrawal	1	2018-09-12 11:38:00.577981648
160	peace, expensive, composition, ii, achieve	2	2018-09-12 11:38:00.577981648
161	relevant, immediate, review, ground, source	1	2018-09-12 11:38:00.577981648
172	islamic, challenges, young, movement, enabled	1	2018-09-12 11:38:00.577981648
179	hammam, shafiq, magdy, science, technology	3	2018-09-12 11:38:00.577981648
181	warring, separate, dinder, calm, returns	1	2018-09-12 11:38:00.577981648
188	draft, publishing, 2018, combating, law	3	2018-09-12 11:38:00.577981648
193	nilein, medal, awards, policeman, star	1	2018-09-12 11:38:00.577981648
220	microscope, 2018, headlines, political, newspapers	1	2018-09-12 11:38:00.577981648
221	obligations, budget, involved, currency, razek	3	2018-09-12 11:38:00.577981648
249	trap, banking, stolen, ready, confront	1	2018-09-12 11:38:00.577981648
255	representatives, republic, counselor, constitutional, honorary	1	2018-09-12 11:38:00.577981648
264	survived, rubble, 55, husband, removed	2	2018-09-12 11:38:00.577981648
266	phenomena, negative, appreciating, saeed, infantry	1	2018-09-12 11:38:00.577981648
273	defeated, traitors, traitor, deception, mouth	1	2018-09-12 11:38:00.577981648
274	2018, preparation, monitoring, newspapers, headlines	4	2018-09-12 11:38:00.577981648
-1	al, bank, hooray, parliament, dollar	133	2018-10-12 17:49:28.926605504
1	education, students, outstanding, school, educational	16	2018-10-12 17:49:28.926605504
2	quarter, insecurity, malnutrition, mainly, humanitarian	4	2018-10-12 17:49:28.926605504
3	hilal, al, team, stadium, ugandan	8	2018-10-12 17:49:28.926605504
4	kingdom, saudi, arabia, riyadh, bahrain	5	2018-10-12 17:49:28.926605504
5	newspaper, honey, al, mahdi, headlines	11	2018-10-12 17:49:28.926605504
6	reinforcements, harvest, minute, secure, formation	1	2018-10-12 17:49:28.926605504
11	livestock, camels, sesame, karim, prices	4	2018-10-12 17:49:28.926605504
16	threatened, drop, challenge, passed, congress	1	2018-10-12 17:49:28.926605504
19	2018, presidential, bilateral, followed, documents	3	2018-10-12 17:49:28.926605504
20	smc, legal, consultation, morocco, completes	1	2018-10-12 17:49:28.926605504
25	refugees, commissioner, instability, bilal, greatly	2	2018-10-12 17:49:28.926605504
26	sinkat, child, welfare, locality, budgets	1	2018-10-12 17:49:28.926605504
28	tours, inspection, paid, instead, salaries	1	2018-10-12 17:49:28.926605504
30	bank, banks, atms, pound, dollar	9	2018-10-12 17:49:28.926605504
32	citizenship, amendments, controversy, draft, law	3	2018-10-12 17:49:28.926605504
39	smc, nationalities, diaspora, confirmed, law	1	2018-10-12 17:49:28.926605504
40	gold, mining, companies, monopoly, sayed	2	2018-10-12 17:49:28.926605504
43	denominations, currency, distortions, introducing, inflation	4	2018-10-12 17:49:28.926605504
45	drugs, addiction, grew, anti, sentenced	2	2018-10-12 17:49:28.926605504
47	answer, hard, ready, ask, transfer	2	2018-10-12 17:49:28.926605504
48	african, fails, continent, bilal, indian	2	2018-10-12 17:49:28.926605504
51	pumps, supplying, solar, 400, electricity	1	2018-10-12 17:49:28.926605504
57	28th, edition, based, expected, success	1	2018-10-12 17:49:28.926605504
59	fines, normal, import, othman, procedures	1	2018-10-12 17:49:28.926605504
60	reform, parliament, stresses, implementation, economic	1	2018-10-12 17:49:28.926605504
62	bashir, 2018, newspapers, headlines, suna	2	2018-10-12 17:49:28.926605504
65	patients, subjected, ministry, health, hospital	1	2018-10-12 17:49:28.926605504
71	delegate, code, historic, honor, geneva	1	2018-10-12 17:49:28.926605504
72	views, moroccan, discussions, academic, develop	1	2018-10-12 17:49:28.926605504
73	forums, supportive, expresses, bashir, russia	2	2018-10-12 17:49:28.926605504
74	dialogue, said, dont, come, didnt	2	2018-10-12 17:49:28.926605504
77	arts, artistic, ambitious, recovering, love	2	2018-10-12 17:49:28.926605504
79	italian, disabilities, corporation, sign, language	1	2018-10-12 17:49:28.926605504
81	deprives, decree, immigrants, asylum, right	1	2018-10-12 17:49:28.926605504
84	minor, testimony, covenant, importers, ruling	2	2018-10-12 17:49:28.926605504
85	newspapers, 2018, prominent, headlines, october	3	2018-10-12 17:49:28.926605504
89	circle, expanding, benefits, ensuring, relationship	1	2018-10-12 17:49:28.926605504
91	republic, peace, president, south, juba	3	2018-10-12 17:49:28.926605504
93	pharmaceutical, medications, saving, tampering, pharmacy	2	2018-10-12 17:49:28.926605504
94	corporation, petroleum, gas, agents, increase	1	2018-10-12 17:49:28.926605504
96	chiefs, pledged, difficulties, tasks, overcome	1	2018-10-12 17:49:28.926605504
98	haroun, seminar, enforcement, prospects, assassinate	1	2018-10-12 17:49:28.926605504
101	foundation, network, media, kordofan, north	1	2018-10-12 17:49:28.926605504
102	happen, executive, way, order, added	1	2018-10-12 17:49:28.926605504
112	refuse, libya, awad, migrants, insist	2	2018-10-12 17:49:28.926605504
113	honey, strains, wild, bet, accurate	2	2018-10-12 17:49:28.926605504
114	tripoli, voluntarily, wish, difficulties, migration	1	2018-10-12 17:49:28.926605504
120	generals, steal, regret, kills, fierce	1	2018-10-12 17:49:28.926605504
123	decreased, incidents, 24, death, doctors	1	2018-10-12 17:49:28.926605504
132	guarding, shorouk, sharif, borders, enhancing	1	2018-10-12 17:49:28.926605504
138	achieve, signed, agreed, ensured, democratic	1	2018-10-12 17:49:28.926605504
144	mona, challenge, magdy, described, order	1	2018-10-12 17:49:28.926605504
145	terrorism, role, leads, reaching, combating	1	2018-10-12 17:49:28.926605504
151	bakeries, flour, bakery, pounds, price	3	2018-10-12 17:49:28.926605504
154	monitor, 2018, november, issued, ad	1	2018-10-12 17:49:28.926605504
155	sound, roads, establishing, transport, stresses	1	2018-10-12 17:49:28.926605504
164	inquiries, 249918984706, orders, delivery, best	2	2018-10-12 17:49:28.926605504
174	2018, news, november, saturday, headlines	2	2018-10-12 17:49:28.926605504
179	hammam, shafiq, magdy, science, technology	1	2018-10-12 17:49:28.926605504
187	accomplished, marshal, fruitful, sisi, mutual	3	2018-10-12 17:49:28.926605504
193	boy, inside, khartoum, imprisonment, prison	1	2018-10-12 17:49:28.926605504
221	advisory, reading, allocating, budget, policies	2	2018-10-12 17:49:28.926605504
224	commented, programs, introducing, channels, karim	1	2018-10-12 17:49:28.926605504
227	maximize, harming, soul, streets, preserve	1	2018-10-12 17:49:28.926605504
228	expertise, view, matrix, inventory, structure	1	2018-10-12 17:49:28.926605504
245	cultural, syrian, books, ammar, attracted	10	2018-10-12 17:49:28.926605504
252	salva, kiir, reference, exceeded, doha	2	2018-10-12 17:49:28.926605504
272	latest, application, link, follow, telegram	1	2018-10-12 17:49:28.926605504
274	2018, preparation, monitoring, newspapers, headlines	1	2018-10-12 17:49:28.926605504
278	pumping, shorouk, net, liquidity, counterpart	1	2018-10-12 17:49:28.926605504
-1	al, bashir, mahdi, libya, moataz	166	2018-11-12 00:00:57.275229352
1	school, education, secondary, exam, students	19	2018-11-12 00:00:57.275229352
3	stadium, olympic, hilal, team, sports	5	2018-11-12 00:00:57.275229352
4	king, bin, saudi, arabia, 84	11	2018-11-12 00:00:57.275229352
5	newspaper, al, newspapers, headlines, bashir	20	2018-11-12 00:00:57.275229352
6	crowds, strong, realized, abiy, writing	2	2018-11-12 00:00:57.275229352
8	israel, baseless, recognition, contacts, understandings	4	2018-11-12 00:00:57.275229352
16	election, voting, law, consensus, draft	5	2018-11-12 00:00:57.275229352
19	majid, haj, dismissed, ambassador, years	3	2018-11-12 00:00:57.275229352
20	daein, inaugurate, sudani, hall, generation	1	2018-11-12 00:00:57.275229352
23	election, amendments, conference, law, republic	7	2018-11-12 00:00:57.275229352
26	white, salam, 2019, budget, nile	2	2018-11-12 00:00:57.275229352
33	deploying, maintain, departure, locations, offices	1	2018-11-12 00:00:57.275229352
34	withstand, magnitude, designed, merowe, announcement	1	2018-11-12 00:00:57.275229352
35	quickly, decisive, bear, witness, concerned	2	2018-11-12 00:00:57.275229352
38	fines, imprisonment, heads, street, men	1	2018-11-12 00:00:57.275229352
39	84, sells, traffickers, freeing, hostages	1	2018-11-12 00:00:57.275229352
40	blow, painful, faisal, mining, deliver	1	2018-11-12 00:00:57.275229352
42	printing, file, currency, progress, rights	1	2018-11-12 00:00:57.275229352
43	ceiling, balance, transfers, rate, set	6	2018-11-12 00:00:57.275229352
45	pills, drug, instructions, strict, drugs	6	2018-11-12 00:00:57.275229352
46	84, freed, traffickers, hostages, grip	1	2018-11-12 00:00:57.275229352
48	proposed, structure, faisal, bringing, african	2	2018-11-12 00:00:57.275229352
55	pens, knowledge, materials, majzoub, bit	2	2018-11-12 00:00:57.275229352
58	enjoys, marginalized, umbada, salvation, bashir	1	2018-11-12 00:00:57.275229352
59	crops, customs, harvesting, constitute, deployed	1	2018-11-12 00:00:57.275229352
62	2018, headlines, newspaper, friday, newspapers	3	2018-11-12 00:00:57.275229352
66	burying, accusing, unamid, refuses, washington	1	2018-11-12 00:00:57.275229352
67	clouds, rainy, weather, parts, kingdom	1	2018-11-12 00:00:57.275229352
68	doha, jibril, sign, equality, negotiations	1	2018-11-12 00:00:57.275229352
72	offensive, clip, video, prosecution, court	1	2018-11-12 00:00:57.275229352
74	born, account, saying, continued, dont	1	2018-11-12 00:00:57.275229352
82	unsafe, eliminate, 2019, areas, rent	1	2018-11-12 00:00:57.275229352
85	newspapers, 2018, headlines, november, prominent	4	2018-11-12 00:00:57.275229352
86	tayeb, confirms, al, khartoum, religious	1	2018-11-12 00:00:57.275229352
87	introduction, hooray, materials, lost, job	1	2018-11-12 00:00:57.275229352
88	prohibited, cancels, allows, scarcity, import	1	2018-11-12 00:00:57.275229352
89	covered, america, chinese, foreign, countries	2	2018-11-12 00:00:57.275229352
94	barrel, oil, dams, shout, construction	1	2018-11-12 00:00:57.275229352
97	witness, stage, abdullah, media, cooperation	1	2018-11-12 00:00:57.275229352
98	honey, debate, punish, unidentified, introduction	1	2018-11-12 00:00:57.275229352
102	covers, america, party, decision, trump	2	2018-11-12 00:00:57.275229352
106	zakat, visit, addiction, procedure, 140	2	2018-11-12 00:00:57.275229352
107	republic, justified, reiterated, honored, guest	2	2018-11-12 00:00:57.275229352
112	awad, insisted, migrants, consul, traveling	1	2018-11-12 00:00:57.275229352
113	honey, strains, wild, bet, accurate	2	2018-11-12 00:00:57.275229352
114	bangladesh, somalia, belong, migrants, eritrea	1	2018-11-12 00:00:57.275229352
115	hamida, risk, livestock, exporting, ships	1	2018-11-12 00:00:57.275229352
116	libya, tayeb, southern, groups, die	3	2018-11-12 00:00:57.275229352
120	unamid, burying, refuses, eternal, ground	1	2018-11-12 00:00:57.275229352
126	140, hajj, expect, cost, agencies	1	2018-11-12 00:00:57.275229352
138	election, voting, disagreement, difference, postponing	2	2018-11-12 00:00:57.275229352
143	uprising, word, bashir, al, albashir	1	2018-11-12 00:00:57.275229352
145	sponsoring, list, terrorism, bilateral, noted	1	2018-11-12 00:00:57.275229352
151	pennies, sugar, bakeries, promising, pounds	1	2018-11-12 00:00:57.275229352
152	migrants, ship, coast, guard, libya	4	2018-11-12 00:00:57.275229352
158	easy, addressing, include, housing, means	1	2018-11-12 00:00:57.275229352
159	unamid, reintegration, memorandum, mission, 2020	2	2018-11-12 00:00:57.275229352
163	fourth, engineering, radiology, kordofan, session	1	2018-11-12 00:00:57.275229352
168	documentation, criticism, newspaper, supervisory, print	4	2018-11-12 00:00:57.275229352
172	islamic, movement, money, contributions, corruption	6	2018-11-12 00:00:57.275229352
179	hammam, shafiq, magdy, science, technology	1	2018-11-12 00:00:57.275229352
193	imprisonment, young, man, girl, accident	2	2018-11-12 00:00:57.275229352
210	daein, sudani, hall, company, inaugurate	1	2018-11-12 00:00:57.275229352
249	kilograms, smuggled, 29, half, gold	1	2018-11-12 00:00:57.275229352
256	umma, vice, party, president, national	1	2018-11-12 00:00:57.275229352
267	infiltrated, embargo, violate, extremist, helping	1	2018-11-12 00:00:57.275229352
272	latest, application, link, follow, telegram	7	2018-11-12 00:00:57.275229352
273	thieves, traitors, traitor, deception, mouth	1	2018-11-12 00:00:57.275229352
274	2018, newspapers, preparation, monitoring, headlines	2	2018-11-12 00:00:57.275229352
-1	bashir, al, mahdi, sabotage, economic	129	2018-12-12 06:12:25.623853208
0	waiting, survived, notice, devastation, battalion	2	2018-12-12 06:12:25.623853208
1	exam, students, crop, al, language	5	2018-12-12 06:12:25.623853208
3	stadium, al, league, match, goals	5	2018-12-12 06:12:25.623853208
4	turkey, 2018, bin, 76, custodian	4	2018-12-12 06:12:25.623853208
5	newspaper, cell, al, honey, bashir	4	2018-12-12 06:12:25.623853208
6	consultation, faisal, round, enlightenment, addis	1	2018-12-12 06:12:25.623853208
7	medications, malaria, shortage, economic, crisis	1	2018-12-12 06:12:25.623853208
12	imprisoned, like, killed, world, displaced	1	2018-12-12 06:12:25.623853208
13	pray, sees, miserable, learn, ones	2	2018-12-12 06:12:25.623853208
16	legislation, accompanying, features, draft, legislative	1	2018-12-12 06:12:25.623853208
21	diwan, seventy, inaugurated, availability, crop	1	2018-12-12 06:12:25.623853208
23	conferences, sharif, run, conference, renews	1	2018-12-12 06:12:25.623853208
26	kenana, white, shops, draft, 2019	1	2018-12-12 06:12:25.623853208
30	directing, bank, banks, non, machinery	1	2018-12-12 06:12:25.623853208
31	syria, airport, normally, proceeding, planes	2	2018-12-12 06:12:25.623853208
34	plays, wise, goes, patient, old	1	2018-12-12 06:12:25.623853208
43	dollar, speculation, declined, falling, rising	2	2018-12-12 06:12:25.623853208
45	pills, seizes, customs, 15, administration	1	2018-12-12 06:12:25.623853208
47	demonstration, repeat, certain, think, avoid	3	2018-12-12 06:12:25.623853208
51	energy, company, solar, urban, implementing	1	2018-12-12 06:12:25.623853208
52	settling, ella, voluntarily, alleviate, masses	2	2018-12-12 06:12:25.623853208
57	come, leave, morning, did, newspaper	1	2018-12-12 06:12:25.623853208
58	begging, streets, sheikh, free, al	1	2018-12-12 06:12:25.623853208
59	240, container, 38, customs, seizes	2	2018-12-12 06:12:25.623853208
60	decline, cost, currency, living, citizen	1	2018-12-12 06:12:25.623853208
71	journalists, federation, assembly, addresses, deputy	1	2018-12-12 06:12:25.623853208
74	waiting, left, year, day, dont	1	2018-12-12 06:12:25.623853208
75	martyr, offering, 55, seen, defending	1	2018-12-12 06:12:25.623853208
79	design, italian, mellit, climate, urban	1	2018-12-12 06:12:25.623853208
83	hamida, patients, hussein, significant, hospitals	1	2018-12-12 06:12:25.623853208
84	mahdi, testimony, asks, sharif, sadiq	2	2018-12-12 06:12:25.623853208
85	newspapers, 2018, headlines, prominent, published	2	2018-12-12 06:12:25.623853208
86	arabian, morocco, dream, iraq, pledge	1	2018-12-12 06:12:25.623853208
87	prosperity, hungry, talk, workers, labor	1	2018-12-12 06:12:25.623853208
93	manufacture, sell, tax, approved, requirements	1	2018-12-12 06:12:25.623853208
94	180, address, prices, issue, pain	1	2018-12-12 06:12:25.623853208
101	corporation, television, radio, kordofan, geological	3	2018-12-12 06:12:25.623853208
105	demonstrations, confronted, assassinations, manipulate, issam	4	2018-12-12 06:12:25.623853208
116	mention, airspace, weakness, strife, invasion	1	2018-12-12 06:12:25.623853208
118	sleeping, clock, crying, clothes, streets	1	2018-12-12 06:12:25.623853208
132	mps, longer, british, movements, rebel	1	2018-12-12 06:12:25.623853208
134	protests, striving, ignite, focusing, critical	2	2018-12-12 06:12:25.623853208
141	hostage, optimistic, drawn, atta, treating	3	2018-12-12 06:12:25.623853208
145	sponsoring, list, terrorism, impact, warning	2	2018-12-12 06:12:25.623853208
149	prey, cries, alive, animal, concern	1	2018-12-12 06:12:25.623853208
151	cement, price, pounds, markets, cash	2	2018-12-12 06:12:25.623853208
153	train, masar, railway, non, goes	1	2018-12-12 06:12:25.623853208
155	surveys, road, urban, tawila, studies	1	2018-12-12 06:12:25.623853208
159	unamid, exit, forming, process, follow	1	2018-12-12 06:12:25.623853208
168	respond, activists, othman, ali, leadership	1	2018-12-12 06:12:25.623853208
178	bashir, saluted, independence, equipment, defense	2	2018-12-12 06:12:25.623853208
220	2018, headlines, newspapers, december, issued	2	2018-12-12 06:12:25.623853208
221	crises, masar, question, liquidity, asked	1	2018-12-12 06:12:25.623853208
230	want, demonstrate, countries, accuse, express	1	2018-12-12 06:12:25.623853208
239	sky, arabic, owner, france, 24	1	2018-12-12 06:12:25.623853208
247	producers, traitors, agents, activists, described	1	2018-12-12 06:12:25.623853208
259	mothers, did, pregnant, honey, nutritional	1	2018-12-12 06:12:25.623853208
273	rebuild, hate, love, subjected, destruction	1	2018-12-12 06:12:25.623853208
-1	bashir, al, protests, demonstrations, newspaper	193	2019-01-11 12:23:53.972477056
0	videos, fired, destroys, 35, reviewing	1	2019-01-11 12:23:53.972477056
1	education, guidance, colleges, school, exams	15	2019-01-11 12:23:53.972477056
3	al, stadium, hilal, league, cup	18	2019-01-11 12:23:53.972477056
4	bin, qatar, saudi, highness, arabia	28	2019-01-11 12:23:53.972477056
5	bashir, newspaper, scholars, al, bullets	8	2019-01-11 12:23:53.972477056
6	ethiopian, addis, ababa, republic, summit	4	2019-01-11 12:23:53.972477056
10	shepherds, gathering, women, tampering, copy	3	2019-01-11 12:23:53.972477056
11	inputs, granting, amounts, rehabilitate, mechanisms	1	2019-01-11 12:23:53.972477056
16	party, youth, fields, vice, activities	1	2019-01-11 12:23:53.972477056
18	ordinary, shed, appealed, remains, secure	1	2019-01-11 12:23:53.972477056
19	bilateral, held, promote, aspects, celebration	2	2019-01-11 12:23:53.972477056
23	akhir, lahza, bashir, nomination, issa	8	2019-01-11 12:23:53.972477056
24	qalabat, karima, nationalities, opened, assistance	1	2019-01-11 12:23:53.972477056
26	sits, bride, want, workshop, expulsion	2	2019-01-11 12:23:53.972477056
28	confrontations, ethiopians, ethiopian, tigray, nationalities	2	2019-01-11 12:23:53.972477056
29	impersonating, criminal, complainant, commander, accidents	1	2019-01-11 12:23:53.972477056
30	exchange, banking, banks, bank, pursues	5	2019-01-11 12:23:53.972477056
31	plane, airport, passenger, flight, crew	10	2019-01-11 12:23:53.972477056
33	ethics, dispersing, track, conscience, gatherings	2	2019-01-11 12:23:53.972477056
34	thunderstorms, walid, dust, riyadh, youth	1	2019-01-11 12:23:53.972477056
37	incidents, youssef, abdel, army, security	1	2019-01-11 12:23:53.972477056
38	prosecutors, guards, allows, inspect, law	1	2019-01-11 12:23:53.972477056
39	syrians, sharjah, syrian, airport, syria	6	2019-01-11 12:23:53.972477056
43	banking, dollar, weekly, currencies, liquidity	9	2019-01-11 12:23:53.972477056
46	trafficking, human, influential, known, relatives	3	2019-01-11 12:23:53.972477056
52	voluntary, seriousness, promotion, supreme, promoting	1	2019-01-11 12:23:53.972477056
53	51, investments, agreements, 27, oil	1	2019-01-11 12:23:53.972477056
55	departure, anticipating, khojali, colleagues, witness	1	2019-01-11 12:23:53.972477056
59	pays, produce, 48, customs, advance	1	2019-01-11 12:23:53.972477056
60	budget, spending, parliamentarian, transparency, tom	3	2019-01-11 12:23:53.972477056
65	mellit, lighting, awareness, happening, apparatus	5	2019-01-11 12:23:53.972477056
66	lift, russia, sanctions, calls, security	2	2019-01-11 12:23:53.972477056
71	conclusion, forum, journalists, artists, media	2	2019-01-11 12:23:53.972477056
73	assurances, bashir, european, summit, sheikh	1	2019-01-11 12:23:53.972477056
74	glasses, selling, random, 17, centers	1	2019-01-11 12:23:53.972477056
82	reconstruction, chosen, revive, schedule, nahud	2	2019-01-11 12:23:53.972477056
84	abbasiya, victim, moataz, demonstration, asked	5	2019-01-11 12:23:53.972477056
85	newspapers, 2019, headlines, prominent, political	9	2019-01-11 12:23:53.972477056
86	dragging, punished, corrupt, scholars, warn	4	2019-01-11 12:23:53.972477056
87	wage, abide, disbursing, exploiting, eliminating	2	2019-01-11 12:23:53.972477056
88	investments, canal, zone, sisi, crises	1	2019-01-11 12:23:53.972477056
89	belt, china, bilateral, wants, strengthen	1	2019-01-11 12:23:53.972477056
93	pharmaceutical, loots, kurmuk, factories, approves	2	2019-01-11 12:23:53.972477056
94	pumping, oil, promising, resumption, unity	2	2019-01-11 12:23:53.972477056
98	sellers, 69, saving, container, harmed	1	2019-01-11 12:23:53.972477056
101	kordofan, corporation, television, radio, west	8	2019-01-11 12:23:53.972477056
102	just, pays, 48, advance, flour	1	2019-01-11 12:23:53.972477056
105	protests, demonstrations, politicians, cities, shakes	6	2019-01-11 12:23:53.972477056
106	tamper, 2030, steadily, deter, boats	1	2019-01-11 12:23:53.972477056
112	jordan, facilitates, migrants, nigeria, libya	1	2019-01-11 12:23:53.972477056
113	honey, strains, wild, bet, quality	5	2019-01-11 12:23:53.972477056
115	subsidized, spending, 200, instead, materials	1	2019-01-11 12:23:53.972477056
134	bullets, protests, demonstrations, abide, death	4	2019-01-11 12:23:53.972477056
143	wali, look, bashir, al, albashir	1	2019-01-11 12:23:53.972477056
144	frequent, revive, supplying, welcomed, proposal	2	2019-01-11 12:23:53.972477056
147	normal, plane, pointed, voluntary, returnees	1	2019-01-11 12:23:53.972477056
150	cement, forming, lead, company, transitional	1	2019-01-11 12:23:53.972477056
152	mediterranean, drowned, immigrants, illegal, 21	1	2019-01-11 12:23:53.972477056
163	warehouse, rahad, inspecting, grade, gum	1	2019-01-11 12:23:53.972477056
168	khader, reading, akhbar, independent, forum	2	2019-01-11 12:23:53.972477056
172	mahdi, protests, youssef, supports, man	2	2019-01-11 12:23:53.972477056
196	complainant, accused, licensing, phone, admitted	1	2019-01-11 12:23:53.972477056
206	preachers, imams, belt, tighten, stability	1	2019-01-11 12:23:53.972477056
208	merchant, imposes, sanctions, israeli, america	2	2019-01-11 12:23:53.972477056
220	2019, headlines, protest, detainees, newspapers	1	2019-01-11 12:23:53.972477056
221	attract, savings, ability, calling, file	1	2019-01-11 12:23:53.972477056
224	channels, radio, cadres, channel, television	3	2019-01-11 12:23:53.972477056
246	exemptions, incentives, cars, customs, secretary	2	2019-01-11 12:23:53.972477056
252	permissible, salva, kiir, relatives, officials	2	2019-01-11 12:23:53.972477056
262	forensic, examination, evidence, morgue, bodies	1	2019-01-11 12:23:53.972477056
263	exceeded, 2018, goodbye, maintains, rashid	1	2019-01-11 12:23:53.972477056
270	bashir, chadian, airport, stop, receives	2	2019-01-11 12:23:53.972477056
274	newspapers, 31, headlines, 2019, arab	1	2019-01-11 12:23:53.972477056
277	green, forest, seeds, worked, slogan	2	2019-01-11 12:23:53.972477056
278	liquidity, bashir, wahid, banks, flood	2	2019-01-11 12:23:53.972477056
281	commissioner, locality, examining, livelihood, extent	2	2019-01-11 12:23:53.972477056
-1	bashir, al, emergency, opposition, sorting	228	2019-02-10 18:35:22.321100912
0	camp, anti, issa, resident, slogans	1	2019-02-10 18:35:22.321100912
1	technical, education, students, certificate, secondary	36	2019-02-10 18:35:22.321100912
3	al, hilal, stadium, defeats, cup	25	2019-02-10 18:35:22.321100912
4	bin, syria, prince, crown, mohammed	14	2019-02-10 18:35:22.321100912
5	2019, newspapers, explosives, israeli, opposition	7	2019-02-10 18:35:22.321100912
6	ethiopian, deployment, bashir, ethiopia, staff	3	2019-02-10 18:35:22.321100912
9	penetrated, abbasiya, occupied, stationed, vehicles	1	2019-02-10 18:35:22.321100912
10	mutilation, trend, girls, subjected, women	1	2019-02-10 18:35:22.321100912
11	wheat, harvesting, acres, march, begin	5	2019-02-10 18:35:22.321100912
13	forgiveness, mercy, god, oh, lord	1	2019-02-10 18:35:22.321100912
16	amendments, professionals, constitutional, postponing, parliamentarians	10	2019-02-10 18:35:22.321100912
19	demonstrations, initiated, amending, amendment, amin	1	2019-02-10 18:35:22.321100912
23	uprising, nationalism, hajj, dissolving, postpones	7	2019-02-10 18:35:22.321100912
24	basics, verification, restrict, emerge, honesty	2	2019-02-10 18:35:22.321100912
26	river, nile, al, addresses, forum	3	2019-02-10 18:35:22.321100912
28	obstruct, group, aqar, refugees, trying	1	2019-02-10 18:35:22.321100912
29	turned, intersections, tent, chest, collecting	2	2019-02-10 18:35:22.321100912
30	bank, transfers, pound, banks, atms	8	2019-02-10 18:35:22.321100912
31	crew, airlines, flight, celebration, norwegian	1	2019-02-10 18:35:22.321100912
36	revolution, ruins, disappeared, built, activate	3	2019-02-10 18:35:22.321100912
37	tunnel, rukn, pledge, defense, popular	1	2019-02-10 18:35:22.321100912
38	complainant, court, imprisonment, corruption, ruled	5	2019-02-10 18:35:22.321100912
40	emergency, legislature, died, collapse, mining	2	2019-02-10 18:35:22.321100912
43	customers, surrendered, pound, atms, liquidity	7	2019-02-10 18:35:22.321100912
46	trafficking, human, smuggling, gang, defendants	9	2019-02-10 18:35:22.321100912
47	postponed, late, minute, transportation, want	4	2019-02-10 18:35:22.321100912
48	african, summit, continent, adoption, union	2	2019-02-10 18:35:22.321100912
49	prophet, blessings, birth, returned, peace	1	2019-02-10 18:35:22.321100912
51	electricity, sudden, summer, securing, increase	3	2019-02-10 18:35:22.321100912
53	gasoline, commercial, budget, increasing, prices	3	2019-02-10 18:35:22.321100912
54	explosives, seized, seizes, shipment, opposition	1	2019-02-10 18:35:22.321100912
55	din, taj, sharif, taha, yahya	4	2019-02-10 18:35:22.321100912
57	newspapers, reported, news, ad, todays	1	2019-02-10 18:35:22.321100912
59	customs, manipulate, reasonable, importers, reduces	3	2019-02-10 18:35:22.321100912
60	processing, pumping, spending, seriously, employee	1	2019-02-10 18:35:22.321100912
62	wonders, 2019, newspapers, march, ad	1	2019-02-10 18:35:22.321100912
65	personnel, distribution, hospitals, stresses, health	1	2019-02-10 18:35:22.321100912
66	permanently, lift, china, sanctions, generally	1	2019-02-10 18:35:22.321100912
67	page, facebook, addressing, close, management	1	2019-02-10 18:35:22.321100912
68	ambiguity, served, enthusiasm, visions, clearly	2	2019-02-10 18:35:22.321100912
74	know, dont, come, didnt, personally	1	2019-02-10 18:35:22.321100912
77	artist, artists, dutch, passport, hold	5	2019-02-10 18:35:22.321100912
79	station, inspect, agent, abyei, completion	2	2019-02-10 18:35:22.321100912
80	fear, character, battalions, morals, religion	1	2019-02-10 18:35:22.321100912
84	hebrew, accused, singing, court, reserves	5	2019-02-10 18:35:22.321100912
85	2019, newspapers, headlines, issued, sunday	4	2019-02-10 18:35:22.321100912
86	heritage, little, islamists, recover, chinese	1	2019-02-10 18:35:22.321100912
87	enlightened, classes, tea, class, employee	1	2019-02-10 18:35:22.321100912
88	debts, bank, forgive, world, sponsoring	6	2019-02-10 18:35:22.321100912
89	complexity, doubt, possibility, eliminate, transfer	1	2019-02-10 18:35:22.321100912
93	importing, medicines, controls, procedures, bank	1	2019-02-10 18:35:22.321100912
96	battalions, arm, shipment, sufficient, infantry	1	2019-02-10 18:35:22.321100912
97	impersonating, wrong, journalist, journalists, citizen	2	2019-02-10 18:35:22.321100912
100	soldiers, playing, thieves, sitting, blue	1	2019-02-10 18:35:22.321100912
101	corporation, television, radio, abyei, kordofan	6	2019-02-10 18:35:22.321100912
102	minute, trump, fruit, reactions, gosh	4	2019-02-10 18:35:22.321100912
105	demonstrators, tables, uprising, procession, unacceptable	6	2019-02-10 18:35:22.321100912
111	nafi, using, treatment, emergency, said	1	2019-02-10 18:35:22.321100912
113	honey, strains, wild, bet, quality	5	2019-02-10 18:35:22.321100912
114	migration, platform, studies, migrants, hijri	1	2019-02-10 18:35:22.321100912
117	estate, apartment, real, rent, amjad	2	2019-02-10 18:35:22.321100912
132	detainees, recent, 25, release, events	3	2019-02-10 18:35:22.321100912
134	demonstrators, freely, burri, stones, demonstrated	4	2019-02-10 18:35:22.321100912
138	masar, umma, coalition, party, consists	1	2019-02-10 18:35:22.321100912
141	appointed, gosh, assigning, ibn, imams	2	2019-02-10 18:35:22.321100912
142	14th, watan, february, akhbar, stated	1	2019-02-10 18:35:22.321100912
143	bashir, emerge, banner, prosecute, stronger	4	2019-02-10 18:35:22.321100912
144	series, video, al, film, shown	1	2019-02-10 18:35:22.321100912
147	ambro, focus, returnees, voluntary, implement	1	2019-02-10 18:35:22.321100912
149	neck, sleeping, fever, did, return	1	2019-02-10 18:35:22.321100912
153	colors, actual, transportation, train, operation	2	2019-02-10 18:35:22.321100912
155	road, kutum, requirements, completed, progress	2	2019-02-10 18:35:22.321100912
162	trend, 30, calm, neighborhood, normal	1	2019-02-10 18:35:22.321100912
163	parliamentarians, dialysis, legislative, foundation, contribute	2	2019-02-10 18:35:22.321100912
164	inquiries, 249918984706, orders, delivery, best	3	2019-02-10 18:35:22.321100912
165	2019, 17, february, abroad, newspapers	1	2019-02-10 18:35:22.321100912
172	movement, islamic, karti, fadlallah, monopoly	4	2019-02-10 18:35:22.321100912
178	brigades, evaluate, building, bashir, battalions	1	2019-02-10 18:35:22.321100912
184	wonders, preferred, earth, interior, nile	2	2019-02-10 18:35:22.321100912
188	fined, hebrew, wrote, messages, sending	1	2019-02-10 18:35:22.321100912
193	accused, prison, judge, investigation, mentioned	4	2019-02-10 18:35:22.321100912
196	reduced, attention, investigation, police, theft	1	2019-02-10 18:35:22.321100912
200	popular, defense, defended, fight, struggles	1	2019-02-10 18:35:22.321100912
201	dam, renaissance, referendum, propose, archaeological	2	2019-02-10 18:35:22.321100912
202	demanded, entity, unified, distributed, noted	1	2019-02-10 18:35:22.321100912
206	bushra, quran, understandings, class, rank	1	2019-02-10 18:35:22.321100912
209	cell, dirhams, intelligence, supplied, assassinations	1	2019-02-10 18:35:22.321100912
218	determining, zakat, 2018, legal, launch	2	2019-02-10 18:35:22.321100912
224	radio, unesco, broadcasting, tolerance, uniting	1	2019-02-10 18:35:22.321100912
230	protests, 2003, behalf, organizing, continued	1	2019-02-10 18:35:22.321100912
242	39, thwarts, mount, smuggle, illegal	2	2019-02-10 18:35:22.321100912
245	shake, served, types, different, coffee	2	2019-02-10 18:35:22.321100912
249	denominations, defendants, currencies, seized, arrested	3	2019-02-10 18:35:22.321100912
255	competent, bashir, lead, process, change	1	2019-02-10 18:35:22.321100912
266	promotions, retirement, ranks, army, division	1	2019-02-10 18:35:22.321100912
272	latest, application, link, follow, telegram	1	2019-02-10 18:35:22.321100912
277	forest, forestry, focusing, gum, workshops	1	2019-02-10 18:35:22.321100912
278	dismissing, assigning, emergency, hooray, owned	3	2019-02-10 18:35:22.321100912
-1	al, checks, bashir, auditor, commissioner	132	2019-03-13 00:46:50.669724768
1	education, guidance, students, certificate, examinations	16	2019-03-13 00:46:50.669724768
2	circumstances, current, provided, sudan, humanitarian	1	2019-03-13 00:46:50.669724768
3	hilal, al, match, sahel, stadium	13	2019-03-13 00:46:50.669724768
4	arabia, bin, al, 2019, mohammed	2	2019-03-13 00:46:50.669724768
5	exporters, al, newspaper, liquidity, islamists	5	2019-03-13 00:46:50.669724768
8	recognition, denounces, syria, israel, refuses	1	2019-03-13 00:46:50.669724768
10	conference, conclusion, witnesses, activities, women	2	2019-03-13 00:46:50.669724768
11	amal, marketing, resilience, concluded, fourth	3	2019-03-13 00:46:50.669724768
13	joy, unparalleled, shed, tears, manner	1	2019-03-13 00:46:50.669724768
16	dismissed, deputy, ministers, campaign, legislative	2	2019-03-13 00:46:50.669724768
19	balanced, policy, interests, diplomatic, successes	1	2019-03-13 00:46:50.669724768
20	conjunction, introduced, reveals, 500, salaries	3	2019-03-13 00:46:50.669724768
21	represented, doctors, withdrawn, recommendation, salvation	1	2019-03-13 00:46:50.669724768
23	dissolving, rukn, shura, outcomes, pledged	3	2019-03-13 00:46:50.669724768
26	nile, amani, razek, river, din	4	2019-03-13 00:46:50.669724768
29	juma, burri, emirate, ms, honoring	2	2019-03-13 00:46:50.669724768
30	34, bank, central, circulation, presentation	1	2019-03-13 00:46:50.669724768
31	thefts, airport, investigations, airlines, defendants	2	2019-03-13 00:46:50.669724768
34	magnitude, earthquake, geological, survey, festival	1	2019-03-13 00:46:50.669724768
35	settling, coexistence, dealing, components, effects	1	2019-03-13 00:46:50.669724768
36	darkness, writing, dream, retreat, overthrow	1	2019-03-13 00:46:50.669724768
38	questioning, taken, session, registering, court	3	2019-03-13 00:46:50.669724768
43	dollars, billion, total, decrease, deficit	3	2019-03-13 00:46:50.669724768
46	cleaning, trafficking, workers, foreigners, human	2	2019-03-13 00:46:50.669724768
51	ambulance, station, geneina, power, el	1	2019-03-13 00:46:50.669724768
53	heads, nafi, wells, advertisement, surprised	1	2019-03-13 00:46:50.669724768
58	regulations, service, civil, dismissing, ago	4	2019-03-13 00:46:50.669724768
65	supervising, seek, treatment, cleanliness, jurisdiction	3	2019-03-13 00:46:50.669724768
71	smc, press, center, services, journalists	1	2019-03-13 00:46:50.669724768
72	bashir, court, omar, criminal, warrants	6	2019-03-13 00:46:50.669724768
73	deploy, shorouk, ibn, net, protocol	2	2019-03-13 00:46:50.669724768
78	muslims, names, contained, twitter, reuters	4	2019-03-13 00:46:50.669724768
79	shaqra, dam, gap, drinking, discusses	2	2019-03-13 00:46:50.669724768
81	deported, checks, year, explained, years	1	2019-03-13 00:46:50.669724768
83	smc, medical, center, services, sudanese	2	2019-03-13 00:46:50.669724768
84	raided, allegations, site, denies, association	1	2019-03-13 00:46:50.669724768
85	2019, newspapers, headlines, attention, monday	1	2019-03-13 00:46:50.669724768
86	sermon, reap, nationalism, guaranteed, unarmed	1	2019-03-13 00:46:50.669724768
87	labor, workers, intended, wage, numbered	4	2019-03-13 00:46:50.669724768
93	medicines, import, haitham, fathi, sudani	2	2019-03-13 00:46:50.669724768
95	amer, native, declare, collect, contributed	1	2019-03-13 00:46:50.669724768
97	rumours, believes, confronting, media, realistic	4	2019-03-13 00:46:50.669724768
101	corporation, kordofan, television, radio, foundation	10	2019-03-13 00:46:50.669724768
102	trump, symbol, donald, considers, consider	2	2019-03-13 00:46:50.669724768
105	demonstrations, demonstrators, protests, gas, tear	5	2019-03-13 00:46:50.669724768
109	taher, accredited, enters, lists, hamad	1	2019-03-13 00:46:50.669724768
113	honey, strains, wild, bet, accurate	1	2019-03-13 00:46:50.669724768
115	monetary, describing, contain, liquidity, confidence	1	2019-03-13 00:46:50.669724768
117	stipulated, appoint, urban, formal, shorouk	1	2019-03-13 00:46:50.669724768
132	khader, lands, decision, agricultural, governor	1	2019-03-13 00:46:50.669724768
134	demonstrators, example, chanting, protesters, remarkable	3	2019-03-13 00:46:50.669724768
139	insurance, amal, partner, keenness, hospital	2	2019-03-13 00:46:50.669724768
140	sabotage, looting, operations, armed, looted	2	2019-03-13 00:46:50.669724768
150	investors, industry, fields, mining, agriculture	1	2019-03-13 00:46:50.669724768
154	balad, 26, 2019, headlines, march	1	2019-03-13 00:46:50.669724768
155	internal, results, road, projects, monitors	2	2019-03-13 00:46:50.669724768
159	unamid, exit, requirements, discussed, 2020	1	2019-03-13 00:46:50.669724768
164	inquiries, 249918984706, orders, delivery, best	1	2019-03-13 00:46:50.669724768
165	2019, news, wednesday, 10, summary	1	2019-03-13 00:46:50.669724768
172	mosque, unjust, crowd, din, falls	2	2019-03-13 00:46:50.669724768
174	2019, news, 10, wednesday, ad	1	2019-03-13 00:46:50.669724768
187	act, ministries, allow, egyptian, institutions	1	2019-03-13 00:46:50.669724768
191	closer, mediation, bring, parties, foreign	1	2019-03-13 00:46:50.669724768
202	service, civil, allocations, dissolution, institutional	4	2019-03-13 00:46:50.669724768
218	zakat, play, martyr, secretary, martyrs	1	2019-03-13 00:46:50.669724768
224	radio, television, network, unesco, arranging	5	2019-03-13 00:46:50.669724768
249	confiscates, 66, reactions, microscope, gold	1	2019-03-13 00:46:50.669724768
256	umma, dissolving, mahdi, councils, party	1	2019-03-13 00:46:50.669724768
264	exceed, toll, 10, does, death	2	2019-03-13 00:46:50.669724768
-1	bashir, al, professionals, sit, association	83	2019-04-12 06:58:19.018348616
1	qatina, university, professors, corporation, students	4	2019-04-12 06:58:19.018348616
3	stadium, sahel, league, hilal, al	5	2019-04-12 06:58:19.018348616
5	al, newspaper, investigating, burhan, bashir	11	2019-04-12 06:58:19.018348616
6	closure, ethiopian, borders, closed, ethiopia	1	2019-04-12 06:58:19.018348616
8	ban, israel, lift, complaining, returnees	2	2019-04-12 06:58:19.018348616
11	preliminary, agricultural, farmers, season, jad	3	2019-04-12 06:58:19.018348616
16	coalition, contracting, reiterated, rejection, professional	2	2019-04-12 06:58:19.018348616
19	extradition, completes, washington, procedures, ambassador	1	2019-04-12 06:58:19.018348616
23	professionals, excluding, proposes, threaten, believe	1	2019-04-12 06:58:19.018348616
26	white, acting, radio, pioneering, nile	3	2019-04-12 06:58:19.018348616
30	din, qualified, bank, rescue, salah	2	2019-04-12 06:58:19.018348616
36	revolution, regime, intimidation, plotters, demands	8	2019-04-12 06:58:19.018348616
37	reconsider, hassabo, denies, release, form	2	2019-04-12 06:58:19.018348616
38	corruption, submitted, asked, files, review	5	2019-04-12 06:58:19.018348616
40	mineral, mining, begun, charge, directed	1	2019-04-12 06:58:19.018348616
48	shorouk, net, african, union, al	1	2019-04-12 06:58:19.018348616
50	latest, follow, telegram, gathering, link	2	2019-04-12 06:58:19.018348616
62	suna, spokesman, agency, official, news	1	2019-04-12 06:58:19.018348616
68	determination, eastern, right, pivotal, understand	2	2019-04-12 06:58:19.018348616
71	smc, faki, declaration, press, chairman	1	2019-04-12 06:58:19.018348616
77	artist, patriotic, sharif, song, love	3	2019-04-12 06:58:19.018348616
85	2019, newspapers, headlines, friday, 10	1	2019-04-12 06:58:19.018348616
86	hassabo, expel, mosque, prison, youssef	1	2019-04-12 06:58:19.018348616
90	having, undermine, enemies, eye, remain	1	2019-04-12 06:58:19.018348616
91	kiir, salva, burhan, carrying, message	1	2019-04-12 06:58:19.018348616
93	khader, tours, determine, inspection, makes	1	2019-04-12 06:58:19.018348616
100	officers, non, things, normal, welcome	1	2019-04-12 06:58:19.018348616
101	corporation, television, radio, kordofan, west	5	2019-04-12 06:58:19.018348616
105	53, protests, dead, injured, transitional	1	2019-04-12 06:58:19.018348616
112	96, immigrants, rescue, libyan, illegal	1	2019-04-12 06:58:19.018348616
113	honey, strains, wild, bet, accurate	2	2019-04-12 06:58:19.018348616
121	detected, airspace, meteorology, temperatures, violations	1	2019-04-12 06:58:19.018348616
134	sabotage, infiltrating, secured, protesters, demonstrators	3	2019-04-12 06:58:19.018348616
140	dispersed, store, owners, looted, went	1	2019-04-12 06:58:19.018348616
141	sheikhs, cards, isolation, demonstrators, affiliated	1	2019-04-12 06:58:19.018348616
143	bashir, 1989, kilos, push, laundering	2	2019-04-12 06:58:19.018348616
164	inquiries, 249918984706, orders, delivery, best	4	2019-04-12 06:58:19.018348616
166	tyranny, coup, tragedies, thirty, racism	3	2019-04-12 06:58:19.018348616
172	sharia, performed, deprived, squares, sadiq	2	2019-04-12 06:58:19.018348616
174	2019, news, april, headlines, 27	2	2019-04-12 06:58:19.018348616
220	2019, headlines, processions, newspapers, hand	1	2019-04-12 06:58:19.018348616
243	symbols, prison, house, regime, arrest	1	2019-04-12 06:58:19.018348616
248	infantry, division, commander, 22nd, brigade	1	2019-04-12 06:58:19.018348616
252	salva, kiir, unite, gosh, agar	1	2019-04-12 06:58:19.018348616
253	al, discover, discovered, ibn, friend	1	2019-04-12 06:58:19.018348616
254	faces, wasting, heroism, traitor, playing	2	2019-04-12 06:58:19.018348616
272	latest, application, link, saqwl, follow	1	2019-04-12 06:58:19.018348616
-1	military, sit, freedom, change, hemedti	86	2019-05-12 13:09:47.366972472
0	officers, non, notification, taiba, awliya	1	2019-05-12 13:09:47.366972472
5	admitted, barricades, revolutionaries, perpetrators, attacking	1	2019-05-12 13:09:47.366972472
6	eritrean, level, arrives, hemedti, important	1	2019-05-12 13:09:47.366972472
12	kill, given, old, victims, young	1	2019-05-12 13:09:47.366972472
13	temptations, hidden, prayers, minute, willing	2	2019-05-12 13:09:47.366972472
16	freedom, change, appointing, parliament, congress	5	2019-05-12 13:09:47.366972472
23	paves, fair, elections, goal, youssef	1	2019-05-12 13:09:47.366972472
25	lookout, monitored, prepare, asylum, hemedti	1	2019-05-12 13:09:47.366972472
35	negotiation, communications, process, regarding, military	1	2019-05-12 13:09:47.366972472
36	revolution, hurry, goals, freedom, situations	8	2019-05-12 13:09:47.366972472
38	anticipating, loss, lack, accountability, rule	1	2019-05-12 13:09:47.366972472
46	trafficking, human, eritrean, victims, influential	3	2019-05-12 13:09:47.366972472
52	improving, homeland, balanced, unemployment, solid	1	2019-05-12 13:09:47.366972472
55	piece, sure, letters, ishaq, learned	1	2019-05-12 13:09:47.366972472
66	nationalities, exceeds, annual, estimated, budget	3	2019-05-12 13:09:47.366972472
68	sit, square, prayer, transformation, massive	2	2019-05-12 13:09:47.366972472
71	bashir, graduated, studies, 55, class	1	2019-05-12 13:09:47.366972472
75	proceed, laying, salvation, souls, martyrs	1	2019-05-12 13:09:47.366972472
77	picture, societal, professional, groups, various	1	2019-05-12 13:09:47.366972472
85	2019, newspapers, headlines, attention, published	2	2019-05-12 13:09:47.366972472
87	skin, combined, demands, wrote, livelihood	2	2019-05-12 13:09:47.366972472
94	warn, repercussions, export, experts, stopping	1	2019-05-12 13:09:47.366972472
96	dealings, discipline, satisfaction, harmony, recent	1	2019-05-12 13:09:47.366972472
98	exporting, stops, ethiopia, electricity, sharia	2	2019-05-12 13:09:47.366972472
104	muslims, bin, badr, battle, seventy	7	2019-05-12 13:09:47.366972472
113	honey, strains, wild, bet, accurate	2	2019-05-12 13:09:47.366972472
116	libyan, coast, ayoub, accord, haftar	2	2019-05-12 13:09:47.366972472
120	evade, disavowed, painting, liquor, khader	1	2019-05-12 13:09:47.366972472
134	sit, barricades, preacher, square, respect	4	2019-05-12 13:09:47.366972472
152	italian, mediterranean, migrant, migrants, fine	2	2019-05-12 13:09:47.366972472
159	deployed, unamid, mission, beginning, darfur	2	2019-05-12 13:09:47.366972472
164	inquiries, 249918984706, orders, delivery, best	2	2019-05-12 13:09:47.366972472
166	elections, putting, early, abort, horse	2	2019-05-12 13:09:47.366972472
169	polarization, reaches, global, escape, solution	1	2019-05-12 13:09:47.366972472
180	applies, ticket, buses, chamber, travel	1	2019-05-12 13:09:47.366972472
186	deter, stationed, brave, bridges, thank	1	2019-05-12 13:09:47.366972472
218	tax, anticipating, zakat, eid, like	2	2019-05-12 13:09:47.366972472
220	2019, headlines, vicinity, missions, sit	1	2019-05-12 13:09:47.366972472
224	closes, network, jazeera, office, al	1	2019-05-12 13:09:47.366972472
243	ruled, symbols, prisons, rescue, 30	1	2019-05-12 13:09:47.366972472
-1	decline, al, dollar, change, military	72	2019-07-12 01:32:44.064220176
1	professors, universities, boarding, sir, students	7	2019-07-12 01:32:44.064220176
3	premier, cup, shendi, stadium, band	2	2019-07-12 01:32:44.064220176
4	yemen, coalition, yemeni, emirati, uae	3	2019-07-12 01:32:44.064220176
6	addis, ababa, ethiopian, jibril, constitutional	10	2019-07-12 01:32:44.064220176
7	non, epidemic, cases, suspected, controlled	1	2019-07-12 01:32:44.064220176
8	israel, jews, israeli, agents, heart	4	2019-07-12 01:32:44.064220176
13	mind, distinguished, accept, talk, say	1	2019-07-12 01:32:44.064220176
16	july, headquarters, held, party, legislative	1	2019-07-12 01:32:44.064220176
23	expertise, party, accuse, succeed, participants	3	2019-07-12 01:32:44.064220176
27	wisdom, bullet, undermine, planned, single	1	2019-07-12 01:32:44.064220176
28	moneim, ababa, suleiman, addis, gabriel	1	2019-07-12 01:32:44.064220176
31	carrier, company, airlines, bakri, boards	2	2019-07-12 01:32:44.064220176
34	rain, rejoice, torrents, floods, dawn	1	2019-07-12 01:32:44.064220176
35	helps, pass, appropriate, approved, seek	1	2019-07-12 01:32:44.064220176
36	revolution, guarding, gift, direction, protecting	1	2019-07-12 01:32:44.064220176
37	islamist, karmuk, canceled, reference, sadiq	2	2019-07-12 01:32:44.064220176
38	corruption, arranging, deals, knowing, complain	2	2019-07-12 01:32:44.064220176
43	dollar, inflation, indicators, rate, rates	1	2019-07-12 01:32:44.064220176
45	kept, contains, drugs, aspects, negative	1	2019-07-12 01:32:44.064220176
46	raided, hotel, ethiopian, wanted, informed	1	2019-07-12 01:32:44.064220176
49	almighty, god, insults, sight, ease	1	2019-07-12 01:32:44.064220176
56	screen, mobile, discover, disappeared, belongs	2	2019-07-12 01:32:44.064220176
58	worse, bara, condition, evidence, previous	2	2019-07-12 01:32:44.064220176
65	statistics, professionals, responsible, holds, doctors	1	2019-07-12 01:32:44.064220176
68	approach, exclusion, hopes, revolutionary, document	2	2019-07-12 01:32:44.064220176
81	tracking, tight, placed, completed, room	1	2019-07-12 01:32:44.064220176
84	maulana, lawyer, amin, appointed, defend	1	2019-07-12 01:32:44.064220176
87	450, cancel, issuance, basis, operating	1	2019-07-12 01:32:44.064220176
88	gifts, friendly, correct, grants, terms	1	2019-07-12 01:32:44.064220176
89	paving, contributes, offer, enter, signing	1	2019-07-12 01:32:44.064220176
95	hall, greater, legislative, governors, kadugli	1	2019-07-12 01:32:44.064220176
98	sit, dispersing, jibril, addis, revolutionary	1	2019-07-12 01:32:44.064220176
102	respond, accusations, ready, team, defense	1	2019-07-12 01:32:44.064220176
134	gateway, planned, wish, sit, break	1	2019-07-12 01:32:44.064220176
143	vehicle, bashir, prestige, president, guarding	2	2019-07-12 01:32:44.064220176
150	granted, 13, private, companies, said	1	2019-07-12 01:32:44.064220176
161	professionals, failed, association, continuation, negotiations	1	2019-07-12 01:32:44.064220176
164	inquiries, 249918984706, orders, delivery, best	1	2019-07-12 01:32:44.064220176
166	represented, excluded, negotiation, negotiating, early	1	2019-07-12 01:32:44.064220176
191	hotel, negotiations, continue, return, agreement	1	2019-07-12 01:32:44.064220176
193	kober, transported, convicted, inmates, attend	1	2019-07-12 01:32:44.064220176
253	friend, seen, asked, abu, said	1	2019-07-12 01:32:44.064220176
-1	bashir, al, hamdok, oath, takes	61	2019-08-11 07:44:12.412844032
3	adults, team, olympic, seventh, championship	2	2019-08-11 07:44:12.412844032
5	candidates, bashir, names, al, ghandour	6	2019-08-11 07:44:12.412844032
8	bus, guarantor, israeli, surprises, ticket	3	2019-08-11 07:44:12.412844032
16	mistake, excluding, advertisement, shameless, shout	2	2019-08-11 07:44:12.412844032
21	britain, upgrade, salamat, prevented, charity	1	2019-08-11 07:44:12.412844032
23	revolution, methodology, harms, chances, denies	3	2019-08-11 07:44:12.412844032
26	river, berber, open, nile, governor	2	2019-08-11 07:44:12.412844032
30	pound, deterioration, deficit, exchange, imports	1	2019-08-11 07:44:12.412844032
31	airlines, german, flights, arman, announces	1	2019-08-11 07:44:12.412844032
35	rift, heal, try, contain, bases	1	2019-08-11 07:44:12.412844032
36	counter, serves, revolutionary, revolution, hemedti	2	2019-08-11 07:44:12.412844032
39	patriotism, highlight, essam, segment, sense	1	2019-08-11 07:44:12.412844032
43	economist, replacing, determine, currency, financial	1	2019-08-11 07:44:12.412844032
58	praised, categories, portfolio, nahud, distinguished	1	2019-08-11 07:44:12.412844032
59	deprives, imported, channels, revenues, noted	1	2019-08-11 07:44:12.412844032
60	documents, objectives, known, include, money	1	2019-08-11 07:44:12.412844032
64	mosquito, man, bite, sharing, hesitate	1	2019-08-11 07:44:12.412844032
67	id, story, facebook, weather, moderate	1	2019-08-11 07:44:12.412844032
79	dams, unit, water, harvesting, irrigation	2	2019-08-11 07:44:12.412844032
82	berber, river, open, localities, accumulated	1	2019-08-11 07:44:12.412844032
85	2019, newspapers, published, prominent, headlines	1	2019-08-11 07:44:12.412844032
86	holiday, occasion, corresponding, prophet, stronger	1	2019-08-11 07:44:12.412844032
87	zero, poverty, marginal, jobs, unemployment	1	2019-08-11 07:44:12.412844032
88	benefiting, economy, economic, finance, measures	3	2019-08-11 07:44:12.412844032
101	plant, forest, corporation, kordofan, television	1	2019-08-11 07:44:12.412844032
111	liver, salamat, charitable, operation, society	1	2019-08-11 07:44:12.412844032
113	honey, strains, wild, bet, accurate	2	2019-08-11 07:44:12.412844032
149	blame, disastrous, mosquitoes, ended, makes	1	2019-08-11 07:44:12.412844032
152	rescues, mediterranean, migrants, ship, joined	1	2019-08-11 07:44:12.412844032
164	inquiries, 249918984706, orders, delivery, best	4	2019-08-11 07:44:12.412844032
177	man, rule, heathrow, betrayed, camels	3	2019-08-11 07:44:12.412844032
193	prison, mosquitoes, bite, kober, complainant	1	2019-08-11 07:44:12.412844032
209	27, 2019, intelligence, latest, spokesman	1	2019-08-11 07:44:12.412844032
218	sharia, zakat, regulations, action, patriotic	1	2019-08-11 07:44:12.412844032
229	burned, relation, criticize, scourges, problem	1	2019-08-11 07:44:12.412844032
243	kober, mosquito, honored, wall, strongly	1	2019-08-11 07:44:12.412844032
257	contacted, competition, shameless, apply, understanding	1	2019-08-11 07:44:12.412844032
259	birth, upgrade, peripheral, hearing, helping	2	2019-08-11 07:44:12.412844032
-1	al, corruption, hamdok, sit, reveals	111	2019-09-10 13:55:40.761467888
0	nuba, mountains, massacres, continue, blue	1	2019-09-10 13:55:40.761467888
1	education, colleges, universities, girls, schools	12	2019-09-10 13:55:40.761467888
2	detailed, organizations, program, settling, agriculture	2	2019-09-10 13:55:40.761467888
3	team, football, walaa, sports, atbara	4	2019-09-10 13:55:40.761467888
4	partner, syria, turkish, confuse, potential	6	2019-09-10 13:55:40.761467888
5	newspaper, newspapers, headlines, 2019, al	12	2019-09-10 13:55:40.761467888
7	cholera, cases, isolation, 67, combined	4	2019-09-10 13:55:40.761467888
11	iron, equal, paths, negotiation, woman	2	2019-09-10 13:55:40.761467888
14	pursues, aroma, managers, freeing, tayeb	3	2019-09-10 13:55:40.761467888
16	decide, candidates, doubt, eliminating, animal	2	2019-09-10 13:55:40.761467888
17	values, cross, red, journalists, crescent	1	2019-09-10 13:55:40.761467888
20	coups, occurrence, postpone, deng, intend	1	2019-09-10 13:55:40.761467888
23	agenda, upcoming, complaints, television, mining	1	2019-09-10 13:55:40.761467888
25	sidelines, york, assembly, meetings, nations	1	2019-09-10 13:55:40.761467888
26	festival, artillery, quoz, acting, river	1	2019-09-10 13:55:40.761467888
33	capabilities, unlicensed, detect, locally, technologies	4	2019-09-10 13:55:40.761467888
34	soil, rains, fact, fall, prevent	1	2019-09-10 13:55:40.761467888
43	retirement, engineers, strengthen, holding, fund	1	2019-09-10 13:55:40.761467888
45	drug, shipment, container, addiction, pills	7	2019-09-10 13:55:40.761467888
46	98, directed, habila, harmful, trafficking	2	2019-09-10 13:55:40.761467888
48	african, sanctions, union, reinforced, canceled	1	2019-09-10 13:55:40.761467888
50	latest, follow, link, telegram, news	2	2019-09-10 13:55:40.761467888
52	nomads, segments, warning, pay, attention	1	2019-09-10 13:55:40.761467888
55	atta, yasser, al, damazin, abdul	1	2019-09-10 13:55:40.761467888
65	admits, symptoms, justification, laboratories, wage	4	2019-09-10 13:55:40.761467888
66	sanctions, transition, translated, accurately, 2005	1	2019-09-10 13:55:40.761467888
68	experience, calling, unique, proud, similar	1	2019-09-10 13:55:40.761467888
71	shame, gains, achievement, limit, obtained	1	2019-09-10 13:55:40.761467888
72	root, publicly, belief, speaking, hearing	1	2019-09-10 13:55:40.761467888
73	qatar, peace, stability, qatari, achieve	3	2019-09-10 13:55:40.761467888
74	hand, does, organizations, dont, come	1	2019-09-10 13:55:40.761467888
77	highlights, art, exhibition, london, influence	1	2019-09-10 13:55:40.761467888
79	sterilize, lake, plant, limit, minute	2	2019-09-10 13:55:40.761467888
87	incentive, wages, availability, incentives, attributed	1	2019-09-10 13:55:40.761467888
88	successes, identify, organize, academy, map	1	2019-09-10 13:55:40.761467888
90	expensive, cheap, saluted, sacrifices, preserve	1	2019-09-10 13:55:40.761467888
95	rashad, arrives, trip, ismail, kordofan	1	2019-09-10 13:55:40.761467888
105	tear, demonstrators, gas, firing, protesters	1	2019-09-10 13:55:40.761467888
109	conventions, commitment, migration, managing, manner	1	2019-09-10 13:55:40.761467888
113	honey, strains, wild, bet, accurate	3	2019-09-10 13:55:40.761467888
115	wars, sustainable, organizations, disasters, concerted	1	2019-09-10 13:55:40.761467888
126	relatives, friends, hajj, distribute, opportunities	1	2019-09-10 13:55:40.761467888
127	terrorists, countryside, left, weapons, al	1	2019-09-10 13:55:40.761467888
134	burial, sit, bodies, dispersal, dispersed	2	2019-09-10 13:55:40.761467888
141	conditional, dark, aisha, agenda, wahid	1	2019-09-10 13:55:40.761467888
143	prosecuting, businessman, youssef, receive, reveals	1	2019-09-10 13:55:40.761467888
150	liquidated, package, heading, investment, opportunities	2	2019-09-10 13:55:40.761467888
159	unamid, impose, regarding, government, mission	1	2019-09-10 13:55:40.761467888
161	mistake, paying, professionals, participating, association	1	2019-09-10 13:55:40.761467888
164	inquiries, 249918984706, orders, delivery, best	8	2019-09-10 13:55:40.761467888
167	isolation, akram, shortage, room, dr	3	2019-09-10 13:55:40.761467888
202	ministries, compatible, explicit, electronically, restructuring	3	2019-09-10 13:55:40.761467888
210	technologies, observatory, sultanate, gulf, fourth	1	2019-09-10 13:55:40.761467888
220	2019, headlines, newspapers, issued, political	3	2019-09-10 13:55:40.761467888
-1	al, bashir, court, hamdok, regime	236	2019-10-10 20:07:09.110091744
0	legacy, robbery, satellite, using, revolutionary	1	2019-10-10 20:07:09.110091744
1	university, education, students, curricula, certificate	28	2019-10-10 20:07:09.110091744
2	hunger, food, eliminating, eradicate, acknowledged	5	2019-10-10 20:07:09.110091744
3	stadium, al, hilal, atbara, defeats	8	2019-10-10 20:07:09.110091744
4	syrian, syria, jordanian, highness, gulf	20	2019-10-10 20:07:09.110091744
5	popularity, preacher, bashir, 2019, newspaper	4	2019-10-10 20:07:09.110091744
6	upcoming, palace, map, ethiopia, audit	2	2019-10-10 20:07:09.110091744
7	cholera, akram, mosquitoes, cases, prevention	3	2019-10-10 20:07:09.110091744
8	jews, endowments, israel, palestinian, israeli	4	2019-10-10 20:07:09.110091744
10	benghazi, marriage, annual, kidnapping, tragedy	2	2019-10-10 20:07:09.110091744
11	reduce, providing, 2030, empower, communities	2	2019-10-10 20:07:09.110091744
13	stones, worship, looking, professionals, association	1	2019-10-10 20:07:09.110091744
16	electoral, greed, race, noteworthy, democracy	5	2019-10-10 20:07:09.110091744
18	syrian, territory, aggression, violation, law	1	2019-10-10 20:07:09.110091744
19	american, appoint, threaten, trump, representatives	3	2019-10-10 20:07:09.110091744
23	hamdok, translation, centre, akhbar, forged	9	2019-10-10 20:07:09.110091744
24	demand, zamzam, stability, camp, displaced	2	2019-10-10 20:07:09.110091744
26	bureau, river, acting, network, electronic	2	2019-10-10 20:07:09.110091744
27	ain, countryside, protests, aggression, turkish	1	2019-10-10 20:07:09.110091744
31	horizons, products, opened, airport, infrastructure	1	2019-10-10 20:07:09.110091744
32	nationality, jews, citizenship, extended, invitation	1	2019-10-10 20:07:09.110091744
34	wadi, arrested, al, floods, rains	1	2019-10-10 20:07:09.110091744
36	arbitrarily, unless, dismissed, revolutionary, revolution	1	2019-10-10 20:07:09.110091744
38	closes, case, bring, witnesses, judges	5	2019-10-10 20:07:09.110091744
40	mining, development, programs, adherence, contracts	1	2019-10-10 20:07:09.110091744
42	resigned, leak, exempting, 120, ghandour	1	2019-10-10 20:07:09.110091744
43	monetary, supply, exchange, inflation, 77	2	2019-10-10 20:07:09.110091744
46	chance, trafficking, suspend, completes, crop	1	2019-10-10 20:07:09.110091744
56	computer, knowledge, facebook, posts, using	4	2019-10-10 20:07:09.110091744
58	reconsider, demands, appoint, limit, minute	1	2019-10-10 20:07:09.110091744
60	budget, 2012, finance, sewage, storms	3	2019-10-10 20:07:09.110091744
65	arises, kadugli, forgery, upgrade, facility	2	2019-10-10 20:07:09.110091744
68	quota, considered, diversity, workshop, abroad	1	2019-10-10 20:07:09.110091744
71	paper, promote, papers, citizenship, journalists	1	2019-10-10 20:07:09.110091744
72	court, criminal, 2003, crimes, genocide	4	2019-10-10 20:07:09.110091744
74	bit, hands, dont, come, didnt	1	2019-10-10 20:07:09.110091744
79	mobilize, renaissance, fight, dam, million	1	2019-10-10 20:07:09.110091744
82	housing, dalami, towers, creation, estate	3	2019-10-10 20:07:09.110091744
85	newspapers, 2019, prominent, published, headlines	1	2019-10-10 20:07:09.110091744
86	divine, religion, values, sudanese, religious	1	2019-10-10 20:07:09.110091744
87	wages, adeeb, gap, bridge, markets	2	2019-10-10 20:07:09.110091744
89	arbitrarily, diplomats, settle, dismissed, status	3	2019-10-10 20:07:09.110091744
91	juba, negotiations, peace, fairly, mechanism	3	2019-10-10 20:07:09.110091744
93	pharmacies, adhere, supply, medicine, pharmaceutical	3	2019-10-10 20:07:09.110091744
95	rashad, kordofan, nuba, ismail, hamid	1	2019-10-10 20:07:09.110091744
101	rashad, radio, corporation, kordofan, television	6	2019-10-10 20:07:09.110091744
102	trump, walls, biden, americans, republican	6	2019-10-10 20:07:09.110091744
103	tribe, accompanying, reconciliation, burhan, witness	1	2019-10-10 20:07:09.110091744
105	demonstrators, priorities, burhan, prosecutor, walaa	1	2019-10-10 20:07:09.110091744
106	severely, besieged, religion, lifting, sovereign	1	2019-10-10 20:07:09.110091744
109	kabashi, headed, representative, othman, november	1	2019-10-10 20:07:09.110091744
112	libyan, illegal, libya, immigration, stranded	2	2019-10-10 20:07:09.110091744
113	honey, strains, wild, bet, quality	4	2019-10-10 20:07:09.110091744
120	bashir, extradition, reconcile, nabil, adeeb	1	2019-10-10 20:07:09.110091744
134	sit, dispersing, dispersal, legally, acceptable	8	2019-10-10 20:07:09.110091744
139	insurance, ways, develop, discusses, medical	1	2019-10-10 20:07:09.110091744
141	walaa, pushes, faki, winning, prize	3	2019-10-10 20:07:09.110091744
143	bashir, court, nour, albashir, wahed	8	2019-10-10 20:07:09.110091744
145	list, terrorism, remove, terrorist, sacrifices	3	2019-10-10 20:07:09.110091744
150	sectors, investment, reform, policies, feature	2	2019-10-10 20:07:09.110091744
151	subsidies, intention, lift, bread, currently	1	2019-10-10 20:07:09.110091744
153	radical, transportation, solutions, train, burhan	2	2019-10-10 20:07:09.110091744
159	unamid, arranges, regionalism, commissions, dispersing	1	2019-10-10 20:07:09.110091744
162	completes, winter, preparations, season, start	1	2019-10-10 20:07:09.110091744
164	inquiries, 249918984706, orders, delivery, best	5	2019-10-10 20:07:09.110091744
169	interests, principles, moves, seeks, values	1	2019-10-10 20:07:09.110091744
172	republican, thought, religious, believe, sheikh	3	2019-10-10 20:07:09.110091744
174	2019, news, november, saturday, headlines	1	2019-10-10 20:07:09.110091744
180	roads, trucks, reduces, maintenance, malfunctions	1	2019-10-10 20:07:09.110091744
182	respect, siddiq, undersecretary, nations, united	2	2019-10-10 20:07:09.110091744
188	adopt, pillar, sultanate, keen, policies	1	2019-10-10 20:07:09.110091744
191	email, send, draft, review, told	1	2019-10-10 20:07:09.110091744
192	tells, migrant, journey, syrian, refugee	1	2019-10-10 20:07:09.110091744
201	advertisement, dam, renaissance, methods, kiir	1	2019-10-10 20:07:09.110091744
203	funeral, obeid, held, cemetery, gengueid	1	2019-10-10 20:07:09.110091744
208	intended, bashir, sanctions, regime, european	1	2019-10-10 20:07:09.110091744
220	2019, headlines, october, political, saturday	5	2019-10-10 20:07:09.110091744
221	imbalances, correcting, identified, revenues, monetary	2	2019-10-10 20:07:09.110091744
222	tourism, understanding, memorandum, travel, tourist	1	2019-10-10 20:07:09.110091744
235	arabian, low, india, possibility, moving	1	2019-10-10 20:07:09.110091744
243	exile, tourism, prison, told, authority	1	2019-10-10 20:07:09.110091744
245	obligation, eating, meat, kilograms, lentils	1	2019-10-10 20:07:09.110091744
252	salva, kiir, exciting, tripartite, imprisonment	2	2019-10-10 20:07:09.110091744
272	latest, application, link, follow, telegram	4	2019-10-10 20:07:09.110091744
276	canada, suitable, certificates, submitted, search	1	2019-10-10 20:07:09.110091744
277	forestry, machine, cutting, extension, owners	1	2019-10-10 20:07:09.110091744
281	adhya, sponsorship, initiatives, locality, executive	1	2019-10-10 20:07:09.110091744
-1	al, hajj, arrest, explosion, ali	167	2019-11-10 02:18:37.458715584
0	corps, workshop, gathering, winning, artillery	3	2019-11-10 02:18:37.458715584
1	education, students, examinations, university, exam	30	2019-11-10 02:18:37.458715584
2	55, euros, worth, provides, european	2	2019-11-10 02:18:37.458715584
3	stadium, hilal, al, team, defeats	5	2019-11-10 02:18:37.458715584
4	qatari, prince, mahdi, iranian, mohammed	11	2019-11-10 02:18:37.458715584
5	honey, bud, object, piece, worsened	2	2019-11-10 02:18:37.458715584
7	processes, mosquito, net, inventory, registration	1	2019-11-10 02:18:37.458715584
8	jordan, palestinian, provocative, destabilizing, al	2	2019-11-10 02:18:37.458715584
9	exploded, bomb, countryside, car, town	1	2019-11-10 02:18:37.458715584
10	slander, arabia, saudi, women, sexual	1	2019-11-10 02:18:37.458715584
12	120, exceeded, confrontations, injury, resulted	1	2019-11-10 02:18:37.458715584
13	salvation, adhere, rule, god, did	1	2019-11-10 02:18:37.458715584
16	composition, governors, dissolution, comment, legislative	7	2019-11-10 02:18:37.458715584
17	2030, istanbul, hepatitis, jordan, charity	1	2019-11-10 02:18:37.458715584
19	proposal, undertaken, donald, moves, accepted	1	2019-11-10 02:18:37.458715584
21	pharmacists, evacuation, alert, hospitals, doctors	1	2019-11-10 02:18:37.458715584
23	akram, akhir, altoum, lahza, prosecute	5	2019-11-10 02:18:37.458715584
25	refugees, hosting, commissioner, communities, high	4	2019-11-10 02:18:37.458715584
26	breastfeeding, allowance, employees, male, river	4	2019-11-10 02:18:37.458715584
28	ethiopian, refugees, community, competent, 40	3	2019-11-10 02:18:37.458715584
29	2013, counterfeiting, professionalism, jumaa, cell	1	2019-11-10 02:18:37.458715584
30	loan, customers, resignation, bank, surprise	2	2019-11-10 02:18:37.458715584
31	aviation, shameless, airports, train, dismissal	1	2019-11-10 02:18:37.458715584
32	decent, mahdi, bureau, systems, umma	1	2019-11-10 02:18:37.458715584
33	phenomenon, uniting, firmly, coordinating, eliminating	3	2019-11-10 02:18:37.458715584
34	stock, sufficient, rain, died, latest	1	2019-11-10 02:18:37.458715584
35	transform, truce, final, directs, ministers	2	2019-11-10 02:18:37.458715584
36	struggles, minds, changed, freedom, mean	2	2019-11-10 02:18:37.458715584
37	describing, orders, hajj, personnel, leader	2	2019-11-10 02:18:37.458715584
39	abolition, category, adopted, fao, forms	1	2019-11-10 02:18:37.458715584
40	allocate, minerals, revenues, trend, mining	2	2019-11-10 02:18:37.458715584
43	stabilize, rate, exchange, measures, minister	1	2019-11-10 02:18:37.458715584
46	detain, traffickers, trafficking, human, languages	3	2019-11-10 02:18:37.458715584
48	available, receive, africa, african, union	2	2019-11-10 02:18:37.458715584
49	supplied, mislead, misleading, written, plans	1	2019-11-10 02:18:37.458715584
51	energy, hammad, river, 250, estimated	1	2019-11-10 02:18:37.458715584
53	quotas, decide, exporters, petroleum, stock	2	2019-11-10 02:18:37.458715584
58	prepared, ready, hand, civilian, position	1	2019-11-10 02:18:37.458715584
60	deceased, budget, wonders, spending, audit	2	2019-11-10 02:18:37.458715584
62	2019, newspapers, 21, headlines, november	1	2019-11-10 02:18:37.458715584
70	immigration, file, illegal, prevent, representative	1	2019-11-10 02:18:37.458715584
71	advancing, journalists, youssef, stresses, progress	1	2019-11-10 02:18:37.458715584
77	artist, caravan, singing, essam, sponsored	1	2019-11-10 02:18:37.458715584
81	vehicle, deport, implementing, decision, citizens	1	2019-11-10 02:18:37.458715584
84	cooper, prison, hajj, ali, arrest	3	2019-11-10 02:18:37.458715584
85	2019, headlines, newspapers, prominent, morning	3	2019-11-10 02:18:37.458715584
87	allowance, promoted, workers, encourage, salaries	4	2019-11-10 02:18:37.458715584
94	store, appointment, governors, affiliated, energy	2	2019-11-10 02:18:37.458715584
97	word, truth, targeting, media, national	1	2019-11-10 02:18:37.458715584
101	corporation, television, radio, appointed, west	3	2019-11-10 02:18:37.458715584
102	piece, gift, wall, berlin, trump	1	2019-11-10 02:18:37.458715584
112	libyan, evacuated, gangs, illegal, torture	1	2019-11-10 02:18:37.458715584
113	honey, strains, wild, bet, quality	4	2019-11-10 02:18:37.458715584
116	haftar, tripoli, embargo, libya, violated	6	2019-11-10 02:18:37.458715584
134	sit, withdrawn, dispersal, dispersed, exempting	3	2019-11-10 02:18:37.458715584
138	party, bashir, choices, slander, unfair	2	2019-11-10 02:18:37.458715584
141	arrest, ali, congress, hajj, identical	3	2019-11-10 02:18:37.458715584
143	test, mahdi, massacre, facing, abdul	1	2019-11-10 02:18:37.458715584
147	emigrate, believed, lies, addressing, solution	1	2019-11-10 02:18:37.458715584
150	subsidies, happen, lifting, approval, goods	1	2019-11-10 02:18:37.458715584
151	sesame, imported, 600, day, gedaref	1	2019-11-10 02:18:37.458715584
153	transporting, train, transport, free, days	1	2019-11-10 02:18:37.458715584
155	route, handing, road, roads, bridges	1	2019-11-10 02:18:37.458715584
163	rashad, slogan, yacoub, generations, flows	1	2019-11-10 02:18:37.458715584
164	inquiries, 249918984706, orders, delivery, best	5	2019-11-10 02:18:37.458715584
166	planning, warrants, 1989, coup, freedom	1	2019-11-10 02:18:37.458715584
169	optimistic, roots, resolved, achieved, order	1	2019-11-10 02:18:37.458715584
172	prophet, celebration, religious, mosque, participates	2	2019-11-10 02:18:37.458715584
180	bus, chamber, value, transport, travel	1	2019-11-10 02:18:37.458715584
186	commanders, deputies, officers, non, pension	1	2019-11-10 02:18:37.458715584
191	inclusive, limit, sign, reconciliation, damage	1	2019-11-10 02:18:37.458715584
195	ago, months, khartoum, source, omdurman	1	2019-11-10 02:18:37.458715584
196	stones, jumaa, claiming, precious, simple	1	2019-11-10 02:18:37.458715584
202	update, outcomes, match, educational, job	1	2019-11-10 02:18:37.458715584
206	curricula, withdrawn, ask, indictment, reasonable	3	2019-11-10 02:18:37.458715584
220	2019, headlines, november, political, newspaper	4	2019-11-10 02:18:37.458715584
222	tourist, domestic, holiday, demand, sites	1	2019-11-10 02:18:37.458715584
235	depression, valleys, waters, flow, meteorology	1	2019-11-10 02:18:37.458715584
242	45, kind, illegal, gang, activity	1	2019-11-10 02:18:37.458715584
249	extracted, auction, alive, certification, gold	3	2019-11-10 02:18:37.458715584
256	abuja, repeat, want, added, umma	1	2019-11-10 02:18:37.458715584
269	objective, described, workshop, endeavors, succeed	1	2019-11-10 02:18:37.458715584
272	latest, application, link, follow, telegram	2	2019-11-10 02:18:37.458715584
277	rare, trees, stages, starting, protect	1	2019-11-10 02:18:37.458715584
-1	geneina, al, events, imprisonment, el	107	2019-12-10 08:30:05.807339440
0	41, 29, witnessing, tribal, geneina	1	2019-12-10 08:30:05.807339440
1	student, fund, welfare, arabiya, islamist	2	2019-12-10 08:30:05.807339440
3	hilal, sahel, al, tunisia, match	2	2019-12-10 08:30:05.807339440
4	jordanian, iraq, term, riyadh, america	6	2019-12-10 08:30:05.807339440
11	flour, reassuring, reserves, mills, resolved	1	2019-12-10 08:30:05.807339440
16	nomination, quotas, kept, dispersal, deliberately	3	2019-12-10 08:30:05.807339440
23	arabiya, broadcasts, sincerity, honesty, tendency	2	2019-12-10 08:30:05.807339440
29	assured, sent, enhance, regular, geneina	1	2019-12-10 08:30:05.807339440
33	police, restore, prestige, chaos, accurately	4	2019-12-10 08:30:05.807339440
35	pushing, roots, fabric, promoting, coexistence	1	2019-12-10 08:30:05.807339440
38	procedure, entitled, symposium, lawyers, status	1	2019-12-10 08:30:05.807339440
40	revenues, export, gold, benefit, laws	1	2019-12-10 08:30:05.807339440
43	continuity, practices, policies, enhance, 2020	1	2019-12-10 08:30:05.807339440
51	omani, electric, meter, suspicion, smart	1	2019-12-10 08:30:05.807339440
53	malek, subsidies, gradual, agar, approval	1	2019-12-10 08:30:05.807339440
60	subsidies, budget, approves, maintains, finance	3	2019-12-10 08:30:05.807339440
65	secure, secured, decisively, allocating, separate	1	2019-12-10 08:30:05.807339440
73	forcefully, decisively, niger, threaten, sit	1	2019-12-10 08:30:05.807339440
81	grace, reconcile, stay, deporting, event	1	2019-12-10 08:30:05.807339440
84	khair, indictment, case, convicted, taj	3	2019-12-10 08:30:05.807339440
87	wage, minimum, tripartite, tuesday, discusses	1	2019-12-10 08:30:05.807339440
90	polarization, infiltration, attempts, regular, armed	1	2019-12-10 08:30:05.807339440
91	suspend, track, resolving, noted, decided	1	2019-12-10 08:30:05.807339440
101	corporation, television, radio, touches, west	1	2019-12-10 08:30:05.807339440
107	hamdan, settlement, murder, solve, keenness	1	2019-12-10 08:30:05.807339440
110	missiles, responds, map, remains, field	1	2019-12-10 08:30:05.807339440
117	deals, estate, riyals, 2019, 22	1	2019-12-10 08:30:05.807339440
120	admit, honorary, tightened, 88, audit	3	2019-12-10 08:30:05.807339440
127	trenches, finds, terrorists, tens, countryside	1	2019-12-10 08:30:05.807339440
132	events, faki, polarization, character, geneina	2	2019-12-10 08:30:05.807339440
139	insurance, organizes, kadugli, family, day	1	2019-12-10 08:30:05.807339440
151	bakery, flour, bakeries, quota, quotas	1	2019-12-10 08:30:05.807339440
153	trains, transportation, modern, achieved, february	1	2019-12-10 08:30:05.807339440
161	named, included, management, committees, members	1	2019-12-10 08:30:05.807339440
169	maneuvers, tripartite, britain, difficult, america	1	2019-12-10 08:30:05.807339440
172	visible, john, syrians, syrian, homeland	1	2019-12-10 08:30:05.807339440
174	news, headlines, 2019, 2020, 28	2	2019-12-10 08:30:05.807339440
193	tear, gas, courts, complex, fired	2	2019-12-10 08:30:05.807339440
195	meet, soon, hemedti, khartoum, source	1	2019-12-10 08:30:05.807339440
206	sermon, penalty, license, act, video	1	2019-12-10 08:30:05.807339440
220	2020, headlines, january, political, voice	2	2019-12-10 08:30:05.807339440
221	average, 700, riyals, 13, budget	1	2019-12-10 08:30:05.807339440
225	traffic, activating, removing, plates, distortions	1	2019-12-10 08:30:05.807339440
240	meetings, administrations, components, geneina, visits	1	2019-12-10 08:30:05.807339440
243	chanting, crowds, site, deport, present	1	2019-12-10 08:30:05.807339440
252	bashir, difficult, stronghold, salva, ousted	1	2019-12-10 08:30:05.807339440
262	deceased, bag, website, obtain, identity	1	2019-12-10 08:30:05.807339440
-1	al, nafi, refuses, coup, nigeria	218	2020-01-09 14:41:34.155963296
0	represent, vision, revolutionary, camps, negotiations	2	2020-01-09 14:41:34.155963296
1	graduation, classes, dilling, celebrates, college	9	2020-01-09 14:41:34.155963296
3	stadium, football, preparations, friendly, al	12	2020-01-09 14:41:34.155963296
4	syria, omani, qatar, oman, berlin	4	2020-01-09 14:41:34.155963296
5	burhan, al, 2020, revolutionaries, newspapers	3	2020-01-09 14:41:34.155963296
6	djibouti, developing, stresses, importance, relations	2	2020-01-09 14:41:34.155963296
7	homeless, aids, increasing, cases, cholera	1	2020-01-09 14:41:34.155963296
8	vacuum, preacher, angry, palestinian, israel	3	2020-01-09 14:41:34.155963296
11	dismissal, renews, agriculture, demand, reveals	1	2020-01-09 14:41:34.155963296
14	coronavirus, kenana, restructuring, suspected, limit	1	2020-01-09 14:41:34.155963296
16	constitutional, vacuum, right, grant, regions	6	2020-01-09 14:41:34.155963296
17	homeless, drawing, grand, workshops, clothes	1	2020-01-09 14:41:34.155963296
18	events, developments, holds, legal, camp	2	2020-01-09 14:41:34.155963296
19	sharing, eritrea, requirements, met, administration	2	2020-01-09 14:41:34.155963296
20	temperature, degrees, recording, expects, stable	1	2020-01-09 14:41:34.155963296
21	square, counselor, tent, bleak, homeless	1	2020-01-09 14:41:34.155963296
23	hamdok, demonstrate, leader, legislative, communist	7	2020-01-09 14:41:34.155963296
24	scenarios, pass, agenda, wants, happening	1	2020-01-09 14:41:34.155963296
25	crossed, tensions, expect, refugees, kilometers	2	2020-01-09 14:41:34.155963296
26	cultural, diversity, reflect, youth, river	5	2020-01-09 14:41:34.155963296
33	events, intelligence, details, authority, operations	1	2020-01-09 14:41:34.155963296
36	uniting, makers, thirty, revolution, fought	3	2020-01-09 14:41:34.155963296
37	malek, preserves, diversity, armies, reflects	3	2020-01-09 14:41:34.155963296
39	competent, dhabi, embassy, authorities, constant	1	2020-01-09 14:41:34.155963296
40	structure, factory, gold, begin, industry	1	2020-01-09 14:41:34.155963296
44	coronavirus, suspected, infections, far, cases	1	2020-01-09 14:41:34.155963296
45	osama, saeed, publishes, drug, abyei	1	2020-01-09 14:41:34.155963296
46	trafficking, taha, refuses, talk, budget	1	2020-01-09 14:41:34.155963296
52	blankets, alcohol, clothing, promotion, shelters	2	2020-01-09 14:41:34.155963296
55	online, saqwl, monitoring, al, damazin	1	2020-01-09 14:41:34.155963296
59	smooth, nafi, proceeds, warrant, modernity	1	2020-01-09 14:41:34.155963296
60	hired, deficit, parliamentary, green, refusal	2	2020-01-09 14:41:34.155963296
77	artist, karim, poet, artists, late	3	2020-01-09 14:41:34.155963296
81	restrictions, immigrants, visas, exemptions, department	4	2020-01-09 14:41:34.155963296
82	abbasiya, suitable, dilling, acres, 60	1	2020-01-09 14:41:34.155963296
84	contracts, profession, cooper, fake, placed	2	2020-01-09 14:41:34.155963296
85	2020, newspapers, january, headlines, morning	4	2020-01-09 14:41:34.155963296
87	ultimately, aforementioned, contracts, nature, location	1	2020-01-09 14:41:34.155963296
89	nationals, evacuate, chinese, need, authorities	3	2020-01-09 14:41:34.155963296
90	capable, resolving, rebellion, armed, forces	1	2020-01-09 14:41:34.155963296
91	signing, hemedti, framework, revolutionary, agreement	2	2020-01-09 14:41:34.155963296
95	rashad, hamid, kordofan, acting, delegate	2	2020-01-09 14:41:34.155963296
100	produce, specific, pressure, results, army	1	2020-01-09 14:41:34.155963296
101	corporation, television, radio, unregistered, visits	4	2020-01-09 14:41:34.155963296
106	honey, sharia, nafi, donor, suspended	2	2020-01-09 14:41:34.155963296
107	renting, transgressions, shadow, explosives, billions	1	2020-01-09 14:41:34.155963296
113	honey, strains, wild, diplomatic, best	5	2020-01-09 14:41:34.155963296
118	crying, saw, oh, told, children	1	2020-01-09 14:41:34.155963296
120	invitation, burhan, america, djibouti, schedule	1	2020-01-09 14:41:34.155963296
121	winds, low, temperatures, meteorology, slight	1	2020-01-09 14:41:34.155963296
133	testing, careful, bet, quality, laboratory	6	2020-01-09 14:41:34.155963296
135	climate, basics, introducing, change, organizes	1	2020-01-09 14:41:34.155963296
139	insurance, seminar, countryside, organizes, awareness	5	2020-01-09 14:41:34.155963296
143	bashir, refuses, prosecution, statements, washington	5	2020-01-09 14:41:34.155963296
145	rule, list, terrorism, challenge, faces	1	2020-01-09 14:41:34.155963296
158	attendance, 350, homeless, ago, witnessed	1	2020-01-09 14:41:34.155963296
159	artistic, unamid, incidents, cause, trend	1	2020-01-09 14:41:34.155963296
160	negotiations, peace, agrees, agenda, juba	3	2020-01-09 14:41:34.155963296
161	justifications, declares, professionals, create, rejection	1	2020-01-09 14:41:34.155963296
163	festival, kordofan, maximize, seminar, guidelines	2	2020-01-09 14:41:34.155963296
166	exempt, accountability, silence, coup, announcement	1	2020-01-09 14:41:34.155963296
174	2020, news, february, saturday, ad	1	2020-01-09 14:41:34.155963296
200	appropriate, linked, manner, seeks, established	1	2020-01-09 14:41:34.155963296
206	quran, processing, reading, holy, plant	2	2020-01-09 14:41:34.155963296
213	dilling, ward, reference, patients, provides	1	2020-01-09 14:41:34.155963296
220	2020, headlines, political, january, ad	6	2020-01-09 14:41:34.155963296
221	indefinitely, placing, cotton, suffers, arresting	1	2020-01-09 14:41:34.155963296
222	highlight, tourism, heritage, aspects, cultural	1	2020-01-09 14:41:34.155963296
240	restored, improve, returned, situation, geneina	1	2020-01-09 14:41:34.155963296
266	fadil, honesty, essam, discipline, din	1	2020-01-09 14:41:34.155963296
272	latest, application, link, follow, telegram	1	2020-01-09 14:41:34.155963296
278	sentences, salaam, es, publication, nairobi	1	2020-01-09 14:41:34.155963296
281	habila, expanded, celebration, locality, removing	2	2020-01-09 14:41:34.155963296
-1	al, burhan, bread, gasoline, commercial	284	2020-02-08 20:53:02.504587152
0	lt, 1st, attended, ceremony, graduation	1	2020-02-08 20:53:02.504587152
1	students, education, transports, exam, commercial	18	2020-02-08 20:53:02.504587152
2	threatened, severe, fao, trend, crisis	2	2020-02-08 20:53:02.504587152
3	stadium, al, youth, team, hilal	10	2020-02-08 20:53:02.504587152
4	erdogan, coronavirus, urgent, syria, turkish	9	2020-02-08 20:53:02.504587152
5	bashir, al, newspaper, investigating, normalization	5	2020-02-08 20:53:02.504587152
6	bite, adherence, wahid, owner, renews	3	2020-02-08 20:53:02.504587152
7	aids, akhir, lahza, malaria, infection	5	2020-02-08 20:53:02.504587152
8	burhan, conscious, fragility, israeli, meeting	7	2020-02-08 20:53:02.504587152
10	draft, laws, mutilation, restricting, amending	1	2020-02-08 20:53:02.504587152
11	produce, expect, wheat, tons, threatened	5	2020-02-08 20:53:02.504587152
13	praise, left, god, oh, lord	1	2020-02-08 20:53:02.504587152
14	coronavirus, corona, urgent, virus, infection	22	2020-02-08 20:53:02.504587152
16	advice, offer, accept, form, demands	2	2020-02-08 20:53:02.504587152
23	mechanism, rapporteur, hemedti, maryam, expulsion	8	2020-02-08 20:53:02.504587152
27	terrorists, defeating, vicinity, countryside, units	1	2020-02-08 20:53:02.504587152
29	explosives, factory, seized, eastern, nile	1	2020-02-08 20:53:02.504587152
30	pounds, dinar, pound, dollar, 27	2	2020-02-08 20:53:02.504587152
32	abroad, passport, offices, electronic, passports	1	2020-02-08 20:53:02.504587152
33	acknowledges, weakness, private, monitoring, homeland	2	2020-02-08 20:53:02.504587152
36	revolutionaries, agree, failed, revolution, revolutionary	1	2020-02-08 20:53:02.504587152
37	creation, eighth, graduation, burhan, al	7	2020-02-08 20:53:02.504587152
38	warrants, appearance, basis, agreed, court	2	2020-02-08 20:53:02.504587152
39	absence, issuance, attributed, german, obstacles	1	2020-02-08 20:53:02.504587152
40	mining, complains, mines, sugar, company	3	2020-02-08 20:53:02.504587152
43	currency, destructive, traditional, printing, traders	4	2020-02-08 20:53:02.504587152
44	verification, suspected, cases, confirming, released	3	2020-02-08 20:53:02.504587152
46	trafficking, gangs, temptations, sahara, pursuit	1	2020-02-08 20:53:02.504587152
47	paper, bag, construction, want, know	3	2020-02-08 20:53:02.504587152
48	african, union, position, consensus, continent	3	2020-02-08 20:53:02.504587152
53	fuel, distribution, stations, energy, refinery	9	2020-02-08 20:53:02.504587152
55	sudani, sheikh, ibrahim, al, damazin	1	2020-02-08 20:53:02.504587152
57	shocking, information, ad, todays, news	1	2020-02-08 20:53:02.504587152
58	allocating, modernity, track, structure, duties	6	2020-02-08 20:53:02.504587152
59	shocking, records, revealing, trend, export	1	2020-02-08 20:53:02.504587152
60	maintaining, budget, defeated, financing, economy	6	2020-02-08 20:53:02.504587152
66	mandate, chapter, mission, peacebuilding, establish	2	2020-02-08 20:53:02.504587152
69	suna, agency, news, sama, summary	1	2020-02-08 20:53:02.504587152
71	journalists, unique, sensitive, concerns, generation	2	2020-02-08 20:53:02.504587152
72	trials, court, kushayb, chance, statute	1	2020-02-08 20:53:02.504587152
73	thirty, seventh, session, interior, bin	1	2020-02-08 20:53:02.504587152
74	short, say, fall, did, dont	2	2020-02-08 20:53:02.504587152
78	markets, blackmail, practicing, terrorism, night	1	2020-02-08 20:53:02.504587152
79	wells, digging, begin, length, clearing	1	2020-02-08 20:53:02.504587152
83	salamat, medical, examined, obstetrics, merowe	2	2020-02-08 20:53:02.504587152
84	warrants, appearance, faisal, basis, agreed	1	2020-02-08 20:53:02.504587152
85	newspapers, 2020, headlines, february, prominent	5	2020-02-08 20:53:02.504587152
86	countryside, rashad, ansar, religious, harvest	2	2020-02-08 20:53:02.504587152
87	dismissing, cement, plant, workers, stopping	2	2020-02-08 20:53:02.504587152
88	constitutional, document, mechanism, economic, crisis	1	2020-02-08 20:53:02.504587152
91	peace, juba, negotiating, burhan, kiir	11	2020-02-08 20:53:02.504587152
93	obligated, pharmacists, implement, decision, pharmaceutical	2	2020-02-08 20:53:02.504587152
94	gasoline, commercial, apologizes, prices, sale	8	2020-02-08 20:53:02.504587152
96	lt, ethics, 1st, vice, sovereign	2	2020-02-08 20:53:02.504587152
101	corporation, television, radio, kordofan, west	6	2020-02-08 20:53:02.504587152
106	infant, displaces, investor, churches, rahad	2	2020-02-08 20:53:02.504587152
107	gen, ethics, daglo, charter, mohammed	1	2020-02-08 20:53:02.504587152
109	germany, deport, administrative, courts, decision	4	2020-02-08 20:53:02.504587152
113	honey, strains, wild, diplomatic, best	5	2020-02-08 20:53:02.504587152
126	umrah, pilgrims, hajj, agencies, sarah	3	2020-02-08 20:53:02.504587152
133	testing, careful, bet, quality, laboratory	3	2020-02-08 20:53:02.504587152
134	slow, procession, pace, completing, transition	1	2020-02-08 20:53:02.504587152
141	fadil, ashamed, events, thursday, consequences	2	2020-02-08 20:53:02.504587152
142	news, al, watan, 2025, august	1	2020-02-08 20:53:02.504587152
143	bashir, criminal, court, albashir, era	6	2020-02-08 20:53:02.504587152
149	bite, animal, speaker, owner, communist	3	2020-02-08 20:53:02.504587152
159	helping, request, unamid, peacebuilding, reintegration	1	2020-02-08 20:53:02.504587152
160	machar, kiir, salva, implementation, deputy	1	2020-02-08 20:53:02.504587152
166	preserving, slogans, working, strengthen, interests	2	2020-02-08 20:53:02.504587152
172	akhir, lahza, dispersing, adeeb, sit	3	2020-02-08 20:53:02.504587152
186	gen, fatah, burhan, abdul, prime	1	2020-02-08 20:53:02.504587152
188	secretariat, version, adopted, developed, confronting	1	2020-02-08 20:53:02.504587152
191	negotiations, fail, circles, discussion, delay	2	2020-02-08 20:53:02.504587152
193	try, bashir, minute, ready, criminal	1	2020-02-08 20:53:02.504587152
195	let, change, al, khartoum, source	1	2020-02-08 20:53:02.504587152
201	amended, dam, renaissance, paths, negotiating	1	2020-02-08 20:53:02.504587152
202	radical, coexistence, employees, service, civil	1	2020-02-08 20:53:02.504587152
206	exam, quran, arabic, holy, language	1	2020-02-08 20:53:02.504587152
208	lifting, sanctions, demands, announcement, south	2	2020-02-08 20:53:02.504587152
220	2020, headlines, february, political, prominent	8	2020-02-08 20:53:02.504587152
221	forming, mechanism, address, investigation, hemedti	1	2020-02-08 20:53:02.504587152
225	confiscation, vehicle, entering, decisive, date	1	2020-02-08 20:53:02.504587152
236	perpetrators, brought, past, 30, homeland	2	2020-02-08 20:53:02.504587152
249	grip, terror, panic, traders, famous	1	2020-02-08 20:53:02.504587152
252	salva, kiir, kabbashi, meet, juba	1	2020-02-08 20:53:02.504587152
262	terrifying, publishes, corn, houses, morgue	4	2020-02-08 20:53:02.504587152
266	achievements, reviews, hemedti, events, lieutenant	2	2020-02-08 20:53:02.504587152
267	kushayb, destabilize, mutual, intensive, kuwait	2	2020-02-08 20:53:02.504587152
272	latest, application, link, follow, telegram	2	2020-02-08 20:53:02.504587152
278	cotton, assets, watch, seizes, agrees	1	2020-02-08 20:53:02.504587152
-1	al, corona, government, bashir, hamdok	231	2020-03-10 03:04:30.853211008
1	returning, school, woman, education, malek	19	2020-03-10 03:04:30.853211008
3	stadium, al, hilal, sports, defeats	6	2020-03-10 03:04:30.853211008
5	attempt, 2020, assassination, headlines, honey	3	2020-03-10 03:04:30.853211008
8	71, israel, precautionary, disagreements, normalization	4	2020-03-10 03:04:30.853211008
10	preserving, generous, expressed, dignity, women	2	2020-03-10 03:04:30.853211008
11	wheat, farmers, tons, agricultural, price	9	2020-03-10 03:04:30.853211008
14	corona, suspected, cases, coronavirus, quarantine	95	2020-03-10 03:04:30.853211008
16	tales, failures, forward, dissolved, constitutional	6	2020-03-10 03:04:30.853211008
19	terrorism, sponsoring, sisi, resuming, ministerial	2	2020-03-10 03:04:30.853211008
20	rulings, necessities, liquidation, allowing, methods	2	2020-03-10 03:04:30.853211008
23	rapporteur, bargain, insists, object, disrupt	4	2020-03-10 03:04:30.853211008
25	refugees, unhcr, approximately, mobilize, commissioner	3	2020-03-10 03:04:30.853211008
30	policies, deteriorate, insists, liberalization, originally	2	2020-03-10 03:04:30.853211008
31	disastrous, partially, amer, flight, exception	4	2020-03-10 03:04:30.853211008
33	enforcement, safety, harvesting, secure, adhere	6	2020-03-10 03:04:30.853211008
38	prosecutor, ambition, public, deception, quotas	2	2020-03-10 03:04:30.853211008
39	transferring, stranded, saqwl, cairo, persons	1	2020-03-10 03:04:30.853211008
40	mineral, resources, tales, ardoul, company	3	2020-03-10 03:04:30.853211008
44	corona, suspected, cases, 112, virus	46	2020-03-10 03:04:30.853211008
53	subsidies, lifting, line, fuel, voice	2	2020-03-10 03:04:30.853211008
55	siddiq, youssef, al, damazin, abdul	1	2020-03-10 03:04:30.853211008
58	infringement, lands, allow, khartoum, ministries	1	2020-03-10 03:04:30.853211008
59	customs, storage, containers, harvest, undertake	1	2020-03-10 03:04:30.853211008
60	focus, problem, implementing, fund, replace	3	2020-03-10 03:04:30.853211008
62	prominent, headlines, newspaper, sudanese, newspapers	1	2020-03-10 03:04:30.853211008
64	helpless, irresponsible, harming, riding, fail	1	2020-03-10 03:04:30.853211008
65	confuse, recommended, surprises, occur, syndicate	2	2020-03-10 03:04:30.853211008
72	warrants, aides, try, crimes, court	1	2020-03-10 03:04:30.853211008
84	judges, quarantine, exempting, disaster, represents	3	2020-03-10 03:04:30.853211008
85	newspapers, 2020, headlines, attention, thursday	1	2020-03-10 03:04:30.853211008
89	suspension, certificates, documents, transactions, affairs	3	2020-03-10 03:04:30.853211008
91	splm, supervision, mediation, accompanied, implementation	1	2020-03-10 03:04:30.853211008
94	sphere, subsidies, lifting, minute, igad	2	2020-03-10 03:04:30.853211008
95	wing, aqar, kordofan, rashad, dinar	1	2020-03-10 03:04:30.853211008
96	nominations, portfolio, defense, unified, seek	4	2020-03-10 03:04:30.853211008
98	processions, suspect, resigned, incentive, deploying	1	2020-03-10 03:04:30.853211008
103	burhan, eastern, border, al, diaspora	1	2020-03-10 03:04:30.853211008
105	trapped, storm, disagreements, resignation, false	3	2020-03-10 03:04:30.853211008
106	overcrowding, asks, treat, appointing, malaria	1	2020-03-10 03:04:30.853211008
112	160, isolated, immigrants, libyan, illegal	2	2020-03-10 03:04:30.853211008
113	honey, strains, wild, diplomatic, best	8	2020-03-10 03:04:30.853211008
121	gradual, temperatures, rise, parts, meteorology	1	2020-03-10 03:04:30.853211008
133	testing, careful, bet, quality, laboratory	7	2020-03-10 03:04:30.853211008
134	escapes, intervened, bulletin, tear, carried	1	2020-03-10 03:04:30.853211008
138	decisive, assembly, federal, freedom, parties	1	2020-03-10 03:04:30.853211008
139	insurance, 95, 64, 57, health	2	2020-03-10 03:04:30.853211008
140	burned, houses, died, revolution, 15	2	2020-03-10 03:04:30.853211008
141	bakr, dismiss, rule, tales, symbols	3	2020-03-10 03:04:30.853211008
147	communicate, arriving, failed, 50, abroad	2	2020-03-10 03:04:30.853211008
150	liberalization, floating, subsidies, pursuing, monetary	1	2020-03-10 03:04:30.853211008
151	bread, loaf, prices, stuck, busy	2	2020-03-10 03:04:30.853211008
159	unamid, cooperate, deputy, seriousness, mandate	1	2020-03-10 03:04:30.853211008
160	negotiations, tracks, congratulated, juba, peace	1	2020-03-10 03:04:30.853211008
166	charges, undermining, 1989, related, coup	1	2020-03-10 03:04:30.853211008
174	summary, news, best, start, 2020	2	2020-03-10 03:04:30.853211008
187	republic, sisi, visit, concluded, afternoon	1	2020-03-10 03:04:30.853211008
220	2020, headlines, march, political, ad	10	2020-03-10 03:04:30.853211008
221	trading, dismantling, burhan, accuses, currency	1	2020-03-10 03:04:30.853211008
224	broadcast, broadcasting, local, television, message	1	2020-03-10 03:04:30.853211008
227	renaissance, dam, opposing, dangers, rejection	2	2020-03-10 03:04:30.853211008
240	accepting, dabba, expedite, rehabilitating, maintaining	1	2020-03-10 03:04:30.853211008
246	cars, banning, importing, import, ban	2	2020-03-10 03:04:30.853211008
249	kilos, 250, smuggled, gold, companies	1	2020-03-10 03:04:30.853211008
272	latest, application, link, follow, telegram	3	2020-03-10 03:04:30.853211008
281	rashad, listens, locality, promises, freedom	1	2020-03-10 03:04:30.853211008
-1	al, corona, daoud, law, curfew	236	2020-04-09 09:15:59.201834848
0	occurrence, juma, km, check, quick	1	2020-04-09 09:15:59.201834848
1	quoz, vandalism, rehabilitating, maintaining, acts	6	2020-04-09 09:15:59.201834848
3	premier, football, extending, league, starting	1	2020-04-09 09:15:59.201834848
4	urgent, reuters, iranian, strip, iran	1	2020-04-09 09:15:59.201834848
5	appeals, contract, newspaper, mamoun, wisdom	4	2020-04-09 09:15:59.201834848
6	ethiopian, assets, ethiopia, borders, burhan	4	2020-04-09 09:15:59.201834848
7	malaria, cases, isolation, cholera, laboratory	6	2020-04-09 09:15:59.201834848
8	lebanon, israel, israeli, percent, tried	1	2020-04-09 09:15:59.201834848
11	packages, kilo, sugar, sacks, harvesting	3	2020-04-09 09:15:59.201834848
13	combined, thought, capable, religion, extent	1	2020-04-09 09:15:59.201834848
14	corona, coronavirus, virus, pandemic, cases	89	2020-04-09 09:15:59.201834848
16	legislative, seats, freedom, change, committees	7	2020-04-09 09:15:59.201834848
19	nominate, decades, agrees, america, ambassador	1	2020-04-09 09:15:59.201834848
20	corona, confront, ban, minute, labor	4	2020-04-09 09:15:59.201834848
21	hospitals, miserable, tools, medical, safety	3	2020-04-09 09:15:59.201834848
23	criticize, unionist, yahya, worth, experts	2	2020-04-09 09:15:59.201834848
26	hammad, acting, river, mahmoud, nile	4	2020-04-09 09:15:59.201834848
29	enforce, requirements, advisor, closure, ban	1	2020-04-09 09:15:59.201834848
33	nationalism, reforming, professionalism, shameful, ensures	2	2020-04-09 09:15:59.201834848
35	imagined, rift, honesty, heal, roots	2	2020-04-09 09:15:59.201834848
38	settlements, amnesty, judicial, criminal, code	4	2020-04-09 09:15:59.201834848
40	mining, directors, mineral, company, traditional	7	2020-04-09 09:15:59.201834848
43	reasonable, monetary, stock, sabotage, 60	2	2020-04-09 09:15:59.201834848
44	corona, virus, pandemic, cases, preventive	30	2020-04-09 09:15:59.201834848
48	emergencies, supreme, chairman, receives, sovereignty	1	2020-04-09 09:15:59.201834848
50	salah, bin, warns, channel, family	1	2020-04-09 09:15:59.201834848
51	doubles, energy, electricity, impact, quantities	4	2020-04-09 09:15:59.201834848
53	fuel, energy, gasoline, stations, resolution	5	2020-04-09 09:15:59.201834848
58	devoted, legislation, ministers, matrix, mars	2	2020-04-09 09:15:59.201834848
59	customs, exemptions, amendment, percentage, cancellation	2	2020-04-09 09:15:59.201834848
60	enables, producers, raises, postponed, value	2	2020-04-09 09:15:59.201834848
62	2020, akhbar, headlines, prominent, newspaper	1	2020-04-09 09:15:59.201834848
65	introduced, health, 54, outlets, personnel	13	2020-04-09 09:15:59.201834848
68	largely, previous, regime, thought, historical	1	2020-04-09 09:15:59.201834848
70	works, expatriate, smart, transactions, visas	1	2020-04-09 09:15:59.201834848
79	water, fairly, dams, makki, hafez	4	2020-04-09 09:15:59.201834848
81	privacy, declined, additional, reveal, deported	1	2020-04-09 09:15:59.201834848
82	lists, requesting, neighborhood, collected, committees	1	2020-04-09 09:15:59.201834848
83	federal, philanthropists, highly, guidelines, health	2	2020-04-09 09:15:59.201834848
84	rumours, haroun, denies, ahmed, issues	1	2020-04-09 09:15:59.201834848
85	newspapers, 2020, 22, prominent, published	1	2020-04-09 09:15:59.201834848
86	mosque, conditioning, suspending, banning, ancient	2	2020-04-09 09:15:59.201834848
87	terrible, amendment, labor, supportive, radical	3	2020-04-09 09:15:59.201834848
94	gasoline, gas, imported, quantities, petroleum	3	2020-04-09 09:15:59.201834848
101	corporation, passenger, insistence, television, coming	3	2020-04-09 09:15:59.201834848
102	commit, breaking, soon, able, open	1	2020-04-09 09:15:59.201834848
103	karti, hashim, dawa, recovering, canceling	1	2020-04-09 09:15:59.201834848
105	tongue, patrols, diplomat, assassination, beja	2	2020-04-09 09:15:59.201834848
106	prayers, distribution, concluding, suspend, fatima	2	2020-04-09 09:15:59.201834848
107	abyei, kiir, aqar, salva, advisor	1	2020-04-09 09:15:59.201834848
112	migrants, libya, 400, 160, immigrants	3	2020-04-09 09:15:59.201834848
113	honey, strains, wild, diplomatic, best	2	2020-04-09 09:15:59.201834848
114	marginalized, noteworthy, search, improve, living	2	2020-04-09 09:15:59.201834848
115	daoud, amin, emergencies, recover, closure	1	2020-04-09 09:15:59.201834848
117	sharing, apartments, complaining, properties, sudani	2	2020-04-09 09:15:59.201834848
133	testing, careful, bet, quality, laboratory	1	2020-04-09 09:15:59.201834848
138	blocs, candidates, congress, bloc, party	2	2020-04-09 09:15:59.201834848
141	drag, trying, violence, al, forces	2	2020-04-09 09:15:59.201834848
151	wheat, bakeries, mills, flour, bread	2	2020-04-09 09:15:59.201834848
158	counting, registering, homeless, children, fasher	1	2020-04-09 09:15:59.201834848
159	unamid, reforms, expand, maintain, systems	1	2020-04-09 09:15:59.201834848
161	2020, committee, empowerment, professionals, removal	1	2020-04-09 09:15:59.201834848
166	cooper, source, regime, current, leaders	1	2020-04-09 09:15:59.201834848
167	diagnostic, error, cabinet, bear, denies	2	2020-04-09 09:15:59.201834848
172	zayed, mohammed, proof, television, bin	1	2020-04-09 09:15:59.201834848
174	news, summary, 2020, best, start	4	2020-04-09 09:15:59.201834848
180	traffic, week, slogan, celebrates, arab	1	2020-04-09 09:15:59.201834848
185	area, killed, citizens, nile, international	1	2020-04-09 09:15:59.201834848
187	eternal, tower, describes, convoy, egyptian	1	2020-04-09 09:15:59.201834848
191	disputes, agree, achieve, working, agreement	1	2020-04-09 09:15:59.201834848
196	salam, reveal, building, crime, events	1	2020-04-09 09:15:59.201834848
201	print, preserved, counterfeiting, generations, waters	2	2020-04-09 09:15:59.201834848
206	curricula, changing, saqwl, quran, holy	1	2020-04-09 09:15:59.201834848
213	facilitates, passage, attorney, wars, places	1	2020-04-09 09:15:59.201834848
218	store, zakat, secretary, goods, office	1	2020-04-09 09:15:59.201834848
224	radio, white, network, nile, health	2	2020-04-09 09:15:59.201834848
225	confiscate, licenses, clothing, drivers, violators	1	2020-04-09 09:15:59.201834848
227	babiker, renaissance, dam, negative, effects	1	2020-04-09 09:15:59.201834848
228	detention, arbitrary, type, unhcr, prevention	2	2020-04-09 09:15:59.201834848
229	burned, relation, criticize, scourges, problem	1	2020-04-09 09:15:59.201834848
243	prison, released, sterilize, sentences, symbols	4	2020-04-09 09:15:59.201834848
246	truck, obligations, delay, attributed, entering	1	2020-04-09 09:15:59.201834848
250	zakat, thousand, estimated, corporation, holy	2	2020-04-09 09:15:59.201834848
252	salva, kiir, abyei, resolve, issue	1	2020-04-09 09:15:59.201834848
257	broadcaster, gets, listening, tired, accepted	1	2020-04-09 09:15:59.201834848
281	rashad, heading, locality, musa, provides	1	2020-04-09 09:15:59.201834848
-1	stranded, al, sona, kadugli, closure	208	2020-05-09 15:27:27.550458704
0	amer, attempted, violate, crossed, adjacent	3	2020-05-09 15:27:27.550458704
1	grade, eighth, language, graduated, translation	3	2020-05-09 15:27:27.550458704
2	additional, communities, exclusive, japanese, japan	2	2020-05-09 15:27:27.550458704
5	writes, revolution, sorry, signing, 2020	2	2020-05-09 15:27:27.550458704
6	qalabat, ethiopian, sources, foreigner, ambulance	5	2020-05-09 15:27:27.550458704
7	precautionary, effect, curfew, reducing, currently	1	2020-05-09 15:27:27.550458704
13	aware, god, almighty, fear, truth	1	2020-05-09 15:27:27.550458704
14	corona, pandemic, coronavirus, confront, health	25	2020-05-09 15:27:27.550458704
16	bodies, assembly, elections, electoral, organizational	3	2020-05-09 15:27:27.550458704
17	farm, stranded, entertainment, essam, comfort	1	2020-05-09 15:27:27.550458704
18	sympathy, accordingly, deal, did, ask	1	2020-05-09 15:27:27.550458704
19	22, repatriation, 2020, answered, utmost	2	2020-05-09 15:27:27.550458704
20	al, tayeb, partial, corona, manage	2	2020-05-09 15:27:27.550458704
21	nursing, implements, sona, isolation, series	2	2020-05-09 15:27:27.550458704
23	socialist, giving, mahdi, burhan, fattah	2	2020-05-09 15:27:27.550458704
24	stranded, boarding, apartments, hotels, issam	1	2020-05-09 15:27:27.550458704
26	locality, notables, season, executive, mr	4	2020-05-09 15:27:27.550458704
28	stranded, hardship, ethiopian, expenses, ethiopia	3	2020-05-09 15:27:27.550458704
29	moneim, suleiman, calm, acting, mr	1	2020-05-09 15:27:27.550458704
30	exchange, pound, consequences, floating, rate	2	2020-05-09 15:27:27.550458704
31	airport, flight, plane, airlines, istanbul	20	2020-05-09 15:27:27.550458704
32	transport, holiday, ports, addressing, secure	1	2020-05-09 15:27:27.550458704
33	individual, promised, adhere, curfew, detained	1	2020-05-09 15:27:27.550458704
34	autumn, avoid, negative, effects, plans	1	2020-05-09 15:27:27.550458704
36	representing, rally, fall, movement, beginning	2	2020-05-09 15:27:27.550458704
37	kizan, wahed, specific, elements, affiliated	1	2020-05-09 15:27:27.550458704
38	essence, rift, identifying, heal, investigation	3	2020-05-09 15:27:27.550458704
39	stranded, holiday, embassy, egypt, repatriation	4	2020-05-09 15:27:27.550458704
43	monetary, ceiling, atms, floating, fund	2	2020-05-09 15:27:27.550458704
44	corona, precautionary, quarantine, cases, measures	7	2020-05-09 15:27:27.550458704
45	dismantled, anti, amal, drug, networks	1	2020-05-09 15:27:27.550458704
46	infiltrating, qalabat, caught, infiltrate, violating	1	2020-05-09 15:27:27.550458704
47	list, did, waiting, answer, zero	1	2020-05-09 15:27:27.550458704
49	sona, bless, god, protect, agency	2	2020-05-09 15:27:27.550458704
53	payment, submitted, fuel, used, approve	1	2020-05-09 15:27:27.550458704
57	goal, blind, luck, follows, text	3	2020-05-09 15:27:27.550458704
60	implement, wage, ideas, finance, sona	3	2020-05-09 15:27:27.550458704
62	newspapers, 2020, published, headlines, prominent	1	2020-05-09 15:27:27.550458704
63	lord, cause, power, god, sudanese	1	2020-05-09 15:27:27.550458704
64	identify, knew, wish, thank, families	2	2020-05-09 15:27:27.550458704
65	protective, commensurate, health, maintaining, systems	5	2020-05-09 15:27:27.550458704
66	resolutions, related, grievances, item, 62	1	2020-05-09 15:27:27.550458704
67	scattered, rains, greater, expected, parts	1	2020-05-09 15:27:27.550458704
68	quotas, partial, wahid, power, solve	5	2020-05-09 15:27:27.550458704
72	court, bashir, criminal, crimes, deposed	4	2020-05-09 15:27:27.550458704
74	like, dont, come, didnt, personally	1	2020-05-09 15:27:27.550458704
83	nursing, akram, association, strike, health	2	2020-05-09 15:27:27.550458704
85	newspapers, 2020, published, prominent, headlines	1	2020-05-09 15:27:27.550458704
87	diabetes, chronic, compensation, swear, individual	2	2020-05-09 15:27:27.550458704
88	proceed, reap, rush, debt, subsidies	3	2020-05-09 15:27:27.550458704
95	rashad, unruly, ismail, hamid, matter	1	2020-05-09 15:27:27.550458704
98	recommends, extending, ban, mission, anti	3	2020-05-09 15:27:27.550458704
101	corporation, television, radio, west, kordofan	5	2020-05-09 15:27:27.550458704
103	arabs, brothers, problems, long, time	1	2020-05-09 15:27:27.550458704
104	brigades, paradise, kizan, shadow, heal	1	2020-05-09 15:27:27.550458704
106	custodian, ceremony, mosques, holy, understanding	2	2020-05-09 15:27:27.550458704
108	needy, immediate, addresses, supports, needs	2	2020-05-09 15:27:27.550458704
113	honey, strains, wild, diplomatic, best	1	2020-05-09 15:27:27.550458704
117	plot, built, careful, recurrence, rashad	3	2020-05-09 15:27:27.550458704
133	testing, careful, bet, quality, laboratory	1	2020-05-09 15:27:27.550458704
138	wahid, abdul, alliance, building, quotas	2	2020-05-09 15:27:27.550458704
147	buses, week, 89, 32, reached	1	2020-05-09 15:27:27.550458704
155	railway, contracts, reviewing, road, roads	1	2020-05-09 15:27:27.550458704
157	hero, brave, bara, led, mustafa	1	2020-05-09 15:27:27.550458704
160	provocative, negotiations, imposing, participating, described	1	2020-05-09 15:27:27.550458704
161	professionals, regulations, association, organizational, adopt	3	2020-05-09 15:27:27.550458704
163	semester, holiday, early, preparations, eid	1	2020-05-09 15:27:27.550458704
167	akram, dr, reckless, observers, dismiss	2	2020-05-09 15:27:27.550458704
169	encourage, common, unified, article, seven	1	2020-05-09 15:27:27.550458704
180	transportation, ban, period, end, public	1	2020-05-09 15:27:27.550458704
186	rukn, khair, command, idris, abdullah	3	2020-05-09 15:27:27.550458704
207	sell, single, month, able, ramadan	3	2020-05-09 15:27:27.550458704
218	zakat, bureau, collect, secretary, legal	1	2020-05-09 15:27:27.550458704
221	alternatives, submitting, presenting, ignored, memorandum	1	2020-05-09 15:27:27.550458704
245	import, sudanese, kilograms, meat, lentils	1	2020-05-09 15:27:27.550458704
250	zakat, white, expansion, joy, eid	4	2020-05-09 15:27:27.550458704
256	umma, freezing, radical, party, raised	1	2020-05-09 15:27:27.550458704
272	latest, application, link, follow, telegram	1	2020-05-09 15:27:27.550458704
278	dismissing, rainfall, appointments, recommends, restructuring	1	2020-05-09 15:27:27.550458704
281	saqwl, 11, locality, shall, hands	1	2020-05-09 15:27:27.550458704
282	shambat, tower, wounded, events, inspects	1	2020-05-09 15:27:27.550458704
-1	al, stranded, june, 30, perpetrator	291	2020-06-08 21:38:55.899082560
0	nomadic, kalma, 14th, camp, statement	3	2020-06-08 21:38:55.899082560
1	exams, basic, guidance, students, education	20	2020-06-08 21:38:55.899082560
3	league, 30, june, football, sports	7	2020-06-08 21:38:55.899082560
5	newspaper, al, cessation, mining, july	8	2020-06-08 21:38:55.899082560
6	ethiopia, ethiopian, demands, differences, internet	5	2020-06-08 21:38:55.899082560
7	therapeutic, infected, cadres, sanitation, train	1	2020-06-08 21:38:55.899082560
10	women, sexual, violence, rape, increased	6	2020-06-08 21:38:55.899082560
11	agricultural, season, sheep, livestock, reluctance	11	2020-06-08 21:38:55.899082560
12	seekers, hotel, asylum, workers, injured	1	2020-06-08 21:38:55.899082560
13	searched, relieve, victorious, yes, god	4	2020-06-08 21:38:55.899082560
14	corona, virus, stranded, infected, cases	34	2020-06-08 21:38:55.899082560
16	forming, commissions, structures, legislative, appointing	5	2020-06-08 21:38:55.899082560
17	crescent, filing, demonstrated, yusuf, sheikhs	4	2020-06-08 21:38:55.899082560
19	chinese, weeks, achieved, partners, results	2	2020-06-08 21:38:55.899082560
20	stranded, june, 2020, confirms, tower	8	2020-06-08 21:38:55.899082560
21	sona, medical, arrive, european, airport	1	2020-06-08 21:38:55.899082560
23	expenses, qader, salem, friend, offer	4	2020-06-08 21:38:55.899082560
24	zamzam, camp, displaced, village, families	1	2020-06-08 21:38:55.899082560
25	refugees, population, report, annual, global	2	2020-06-08 21:38:55.899082560
26	completing, foundation, zakat, locality, white	2	2020-06-08 21:38:55.899082560
29	police, course, reserve, qualifications, medal	2	2020-06-08 21:38:55.899082560
30	dollar, pound, price, bank, rise	4	2020-06-08 21:38:55.899082560
31	flights, stranded, airlines, airport, aviation	18	2020-06-08 21:38:55.899082560
33	duty, restructure, astonishment, doctrine, liquidate	2	2020-06-08 21:38:55.899082560
35	tracks, paves, makers, structures, require	2	2020-06-08 21:38:55.899082560
36	revolution, counter, masses, processions, goals	5	2020-06-08 21:38:55.899082560
38	insisted, warrant, executing, koko, alleged	2	2020-06-08 21:38:55.899082560
39	stranded, indian, embassy, egypt, arqin	5	2020-06-08 21:38:55.899082560
40	mining, gold, mineral, company, resources	3	2020-06-08 21:38:55.899082560
42	status, legalize, legal, welcomed, completing	1	2020-06-08 21:38:55.899082560
43	stabilize, rate, pennies, billion, exchange	3	2020-06-08 21:38:55.899082560
44	corona, pandemic, infections, coronavirus, radical	6	2020-06-08 21:38:55.899082560
45	sell, instead, burning, drugs, drug	1	2020-06-08 21:38:55.899082560
46	adventures, ransom, trafficking, criminal, active	1	2020-06-08 21:38:55.899082560
47	necessary, possible, promising, soon, considered	2	2020-06-08 21:38:55.899082560
48	african, union, berlin, forward, active	1	2020-06-08 21:38:55.899082560
49	healthy, strong, god, bless, messenger	1	2020-06-08 21:38:55.899082560
51	electricity, bushra, 73, hits, green	2	2020-06-08 21:38:55.899082560
53	greed, gas, fuel, problem, gasoline	5	2020-06-08 21:38:55.899082560
57	going, safe, news, ad, todays	2	2020-06-08 21:38:55.899082560
58	interesting, bribe, pass, amendments, ministerial	1	2020-06-08 21:38:55.899082560
59	seizures, exceptions, customs, exemptions, canceling	2	2020-06-08 21:38:55.899082560
60	finance, owned, budget, accommodation, reception	9	2020-06-08 21:38:55.899082560
62	headlines, 2020, newspapers, published, july	3	2020-06-08 21:38:55.899082560
63	wellness, blessing, heal, god, wish	2	2020-06-08 21:38:55.899082560
64	honest, hear, delay, succeeded, words	4	2020-06-08 21:38:55.899082560
65	reading, aforementioned, emergence, reports, sector	1	2020-06-08 21:38:55.899082560
68	roots, seriously, table, division, sustainable	2	2020-06-08 21:38:55.899082560
70	copy, writing, delivered, passengers, pledge	1	2020-06-08 21:38:55.899082560
72	court, kushayb, criminal, 2003, crimes	3	2020-06-08 21:38:55.899082560
74	ashamed, seen, fact, seek, 30	3	2020-06-08 21:38:55.899082560
77	artist, artists, illness, rahman, sick	6	2020-06-08 21:38:55.899082560
79	cooking, applying, water, specifications, river	4	2020-06-08 21:38:55.899082560
82	rent, house, eviction, searched, accumulated	3	2020-06-08 21:38:55.899082560
83	maash, jubaiha, brigadier, chairs, fall	1	2020-06-08 21:38:55.899082560
84	kushayb, victim, killer, mamoun, saif	4	2020-06-08 21:38:55.899082560
85	akhbar, headlines, newspapers, nubian, palm	1	2020-06-08 21:38:55.899082560
88	conference, partners, relationship, complexities, fulfillment	2	2020-06-08 21:38:55.899082560
89	indirect, sure, precautionary, appearance, chinese	2	2020-06-08 21:38:55.899082560
90	single, institution, supervision, building, civilian	1	2020-06-08 21:38:55.899082560
91	communicating, engaged, contacts, parties, participation	4	2020-06-08 21:38:55.899082560
95	kordofan, west, kabashi, kabbashi, wisdom	4	2020-06-08 21:38:55.899082560
96	adhering, banning, phones, meals, dismissed	2	2020-06-08 21:38:55.899082560
98	ethiopian, hamdok, newspaper, 118, corona	6	2020-06-08 21:38:55.899082560
101	corporation, television, radio, west, kordofan	7	2020-06-08 21:38:55.899082560
105	protesters, daoud, amin, memorandum, streets	5	2020-06-08 21:38:55.899082560
111	kidney, patients, walk, yes, dialysis	3	2020-06-08 21:38:55.899082560
113	honey, strains, wild, diplomatic, best	4	2020-06-08 21:38:55.899082560
115	economists, hinders, mining, doubles, railways	1	2020-06-08 21:38:55.899082560
118	love, relationship, know, good, mother	2	2020-06-08 21:38:55.899082560
120	qaht, kushayb, geography, disrupted, extradition	1	2020-06-08 21:38:55.899082560
126	limit, hajj, welcomes, measures, residents	1	2020-06-08 21:38:55.899082560
133	testing, careful, bet, quality, laboratory	5	2020-06-08 21:38:55.899082560
138	honest, task, stance, correct, congress	1	2020-06-08 21:38:55.899082560
139	insurance, umbrella, expanding, emphasizes, promoting	3	2020-06-08 21:38:55.899082560
141	arbitrarily, burhan, reject, announcement, deported	1	2020-06-08 21:38:55.899082560
150	policies, producers, jurisdiction, adopting, investment	3	2020-06-08 21:38:55.899082560
151	commodities, flour, flow, fuel, gedaref	1	2020-06-08 21:38:55.899082560
153	transportation, railway, tariffs, buses, proposal	1	2020-06-08 21:38:55.899082560
155	95, maintenance, bridges, road, roads	2	2020-06-08 21:38:55.899082560
158	stranded, concern, homeless, services, social	1	2020-06-08 21:38:55.899082560
159	unamid, mission, unfortunate, kalma, events	2	2020-06-08 21:38:55.899082560
160	express, juba, underway, contrary, claim	1	2020-06-08 21:38:55.899082560
163	rashad, fence, painting, connecting, locality	2	2020-06-08 21:38:55.899082560
166	processions, merely, transitional, ahead, 30	2	2020-06-08 21:38:55.899082560
167	tom, medicines, intensive, capacity, akram	1	2020-06-08 21:38:55.899082560
180	meals, buses, drinking, available, inside	1	2020-06-08 21:38:55.899082560
183	financially, illness, solving, daughters, son	2	2020-06-08 21:38:55.899082560
186	14th, moatasem, enemies, homeland, abbas	2	2020-06-08 21:38:55.899082560
193	perpetrator, victim, companions, come, gold	1	2020-06-08 21:38:55.899082560
201	unilateral, filling, dam, renaissance, agrees	1	2020-06-08 21:38:55.899082560
202	management, european, commissioner, crisis, service	1	2020-06-08 21:38:55.899082560
206	suitable, curriculum, jurisprudence, islamic, academy	1	2020-06-08 21:38:55.899082560
213	learn, keen, story, disease, threat	3	2020-06-08 21:38:55.899082560
221	revenues, economy, reforms, acknowledged, pandemic	3	2020-06-08 21:38:55.899082560
222	sterilize, tourist, hotels, tourism, suakin	1	2020-06-08 21:38:55.899082560
224	shorouk, managed, satellite, benefit, recovery	1	2020-06-08 21:38:55.899082560
227	dam, renaissance, bureau, statistics, governors	1	2020-06-08 21:38:55.899082560
236	prepare, did, hanging, execution, accused	1	2020-06-08 21:38:55.899082560
254	deserve, desire, homeland, traitor, homelands	1	2020-06-08 21:38:55.899082560
256	umma, case, party, rebuilding, national	1	2020-06-08 21:38:55.899082560
259	free, pregnant, honey, mothers, nutritional	1	2020-06-08 21:38:55.899082560
262	victim, informed, body, receive, family	1	2020-06-08 21:38:55.899082560
271	embassy, accommodate, formed, cooperate, stranded	1	2020-06-08 21:38:55.899082560
272	latest, application, link, follow, telegram	2	2020-06-08 21:38:55.899082560
281	dalami, securing, locality, quoz, habila	1	2020-06-08 21:38:55.899082560
-1	al, sit, sona, governor, decision	206	2020-07-09 03:50:24.247706416
0	programming, excellent, informing, clubs, incidents	2	2020-07-09 03:50:24.247706416
1	education, fees, school, private, schools	21	2020-07-09 03:50:24.247706416
2	insecurity, food, percent, suffers, worst	4	2020-07-09 03:50:24.247706416
5	newspaper, renaissance, dam, electronic, association	11	2020-07-09 03:50:24.247706416
7	matama, burdens, epidemic, expectations, absence	1	2020-07-09 03:50:24.247706416
10	women, female, mutilation, raping, beating	3	2020-07-09 03:50:24.247706416
11	dependence, agricultural, machinery, seeds, inaugurated	4	2020-07-09 03:50:24.247706416
13	assured, goodness, god, season, salvation	2	2020-07-09 03:50:24.247706416
14	corona, governors, oath, participated, coronavirus	16	2020-07-09 03:50:24.247706416
16	governors, party, learned, prime, wise	13	2020-07-09 03:50:24.247706416
17	quoz, needy, bashir, import, export	1	2020-07-09 03:50:24.247706416
18	important, accountability, priority, makes, loss	2	2020-07-09 03:50:24.247706416
19	ambassador, ambassadors, satti, interests, pioneering	3	2020-07-09 03:50:24.247706416
20	renaissance, dam, confirms, al, summit	8	2020-07-09 03:50:24.247706416
22	chase, engage, channels, created, went	1	2020-07-09 03:50:24.247706416
23	assumes, asking, hamdok, powers, glorious	2	2020-07-09 03:50:24.247706416
30	pound, largely, 140, disastrous, deficit	4	2020-07-09 03:50:24.247706416
31	airport, trips, flights, aviation, arrival	2	2020-07-09 03:50:24.247706416
32	passports, passport, origins, immigration, interior	6	2020-07-09 03:50:24.247706416
33	infiltrators, destabilize, contrary, notice, security	1	2020-07-09 03:50:24.247706416
34	collapse, torrential, divided, rains, floods	2	2020-07-09 03:50:24.247706416
35	different, dominance, desires, peace, real	2	2020-07-09 03:50:24.247706416
36	revolutionaries, freedom, protector, acknowledge, spared	5	2020-07-09 03:50:24.247706416
38	material, abuse, friends, amendments, sessions	4	2020-07-09 03:50:24.247706416
39	embassy, arqin, deported, detained, detainees	2	2020-07-09 03:50:24.247706416
40	cooking, mining, traditional, gas, seized	2	2020-07-09 03:50:24.247706416
42	rights, human, commission, complaint, commitments	9	2020-07-09 03:50:24.247706416
43	india, closest, temperature, inflation, options	2	2020-07-09 03:50:24.247706416
44	corona, virus, infections, weeks, sewage	8	2020-07-09 03:50:24.247706416
45	drug, drugs, anti, pills, seized	18	2020-07-09 03:50:24.247706416
46	trafficking, selling, defendants, human, organized	4	2020-07-09 03:50:24.247706416
47	complicated, sweet, topic, try, minute	4	2020-07-09 03:50:24.247706416
49	correct, enabled, messenger, unjust, reviewed	1	2020-07-09 03:50:24.247706416
51	structural, reforms, unitams, electricity, radical	2	2020-07-09 03:50:24.247706416
53	tanker, seizing, fuel, cooking, filled	2	2020-07-09 03:50:24.247706416
55	abdul, ali, al, damazin, hassan	2	2020-07-09 03:50:24.247706416
56	register, fake, names, used, past	1	2020-07-09 03:50:24.247706416
57	tasiti, far, talk, news, cleanliness	5	2020-07-09 03:50:24.247706416
58	particular, agree, old, rest, residents	1	2020-07-09 03:50:24.247706416
59	destinations, prior, intended, fees, leave	1	2020-07-09 03:50:24.247706416
60	obligations, transactions, surveys, holidays, cleared	3	2020-07-09 03:50:24.247706416
62	2020, headlines, july, morning, 26	3	2020-07-09 03:50:24.247706416
63	sacrifices, god, blood, absolute, honored	2	2020-07-09 03:50:24.247706416
64	deceived, wake, smart, wall, deserve	3	2020-07-09 03:50:24.247706416
65	ishaq, evaluation, half, headed, holds	1	2020-07-09 03:50:24.247706416
68	defended, honored, serve, interests, declaration	1	2020-07-09 03:50:24.247706416
70	permission, identification, appealed, preserving, represented	2	2020-07-09 03:50:24.247706416
72	bashir, adventures, criminal, tasiti, prosecute	3	2020-07-09 03:50:24.247706416
74	trouble, wrong, tears, doing, waiting	4	2020-07-09 03:50:24.247706416
77	bit, artists, unionist, sponsors, fine	1	2020-07-09 03:50:24.247706416
82	low, reduces, income, greatly, settle	1	2020-07-09 03:50:24.247706416
83	honored, colleagues, sarah, honorable, health	5	2020-07-09 03:50:24.247706416
84	delayed, killers, khair, martyr, trial	2	2020-07-09 03:50:24.247706416
85	newspapers, 2020, published, headlines, august	1	2020-07-09 03:50:24.247706416
87	workers, wage, directive, minimum, cleaning	2	2020-07-09 03:50:24.247706416
90	nation, protecting, doctrine, burns, devoted	2	2020-07-09 03:50:24.247706416
91	draft, concludes, mediation, approval, signing	2	2020-07-09 03:50:24.247706416
94	tasiti, barrels, oil, practices, revenues	2	2020-07-09 03:50:24.247706416
95	kordofan, rumor, talk, west, unions	5	2020-07-09 03:50:24.247706416
97	removes, occupy, appointing, pandemic, repercussions	3	2020-07-09 03:50:24.247706416
101	corporation, television, radio, union, platform	2	2020-07-09 03:50:24.247706416
102	removed, republican, bag, ended, buildings	1	2020-07-09 03:50:24.247706416
111	dialysis, tower, inaugurates, halfa, equipment	1	2020-07-09 03:50:24.247706416
112	kufra, illegal, immigrants, migrants, libya	2	2020-07-09 03:50:24.247706416
113	honey, strains, wild, diplomatic, best	1	2020-07-09 03:50:24.247706416
116	libya, haftar, fifteenth, illegal, july	2	2020-07-09 03:50:24.247706416
120	adventures, presents, normal, ending, points	1	2020-07-09 03:50:24.247706416
121	temperatures, meteorology, possibility, rain, western	1	2020-07-09 03:50:24.247706416
132	khojali, tayeb, unfortunate, notice, backdrop	1	2020-07-09 03:50:24.247706416
133	testing, careful, bet, quality, laboratory	3	2020-07-09 03:50:24.247706416
134	sit, question, peaceful, arises, sitin	3	2020-07-09 03:50:24.247706416
138	coalition, seats, parliament, requires, waiting	2	2020-07-09 03:50:24.247706416
141	intimidation, demanding, dominance, matter, dean	5	2020-07-09 03:50:24.247706416
143	bashir, honey, 1989, angry, postponed	2	2020-07-09 03:50:24.247706416
144	touching, sir, feelings, din, sad	1	2020-07-09 03:50:24.247706416
147	wheel, belief, advancing, contribution, sacrifices	1	2020-07-09 03:50:24.247706416
148	httpstmesaqwl, fees, coverage, fee, permission	2	2020-07-09 03:50:24.247706416
149	hunting, prohibited, animal, seizing, quantities	1	2020-07-09 03:50:24.247706416
150	reduce, citizen, injustice, reap, unemployment	1	2020-07-09 03:50:24.247706416
151	pound, pounds, prices, price, 200	5	2020-07-09 03:50:24.247706416
152	migrants, mediterranean, coast, libya, ship	4	2020-07-09 03:50:24.247706416
153	tasiti, transportation, trips, beautiful, 1000	2	2020-07-09 03:50:24.247706416
154	2020, 18, headlines, july, saturday	1	2020-07-09 03:50:24.247706416
155	encroachments, stops, roads, removal, transportation	1	2020-07-09 03:50:24.247706416
159	unamid, kutum, expresses, concern, violence	1	2020-07-09 03:50:24.247706416
161	withdraws, structures, professionals, association, empowerment	7	2020-07-09 03:50:24.247706416
163	halfa, bar, deceased, conferences, tower	1	2020-07-09 03:50:24.247706416
166	postpone, revolutionary, events, agreement, movement	1	2020-07-09 03:50:24.247706416
167	akram, sarah, handover, dr, smart	2	2020-07-09 03:50:24.247706416
168	affairs, foreign, ministry, al, newspaper	1	2020-07-09 03:50:24.247706416
172	sheikh, ousted, circulating, word, talking	1	2020-07-09 03:50:24.247706416
180	buses, resumption, ministerial, transportation, controls	2	2020-07-09 03:50:24.247706416
184	shalatin, halayeb, sold, demand, nile	1	2020-07-09 03:50:24.247706416
191	halls, negotiating, heard, remained, voice	1	2020-07-09 03:50:24.247706416
201	dam, renaissance, forward, oath, round	3	2020-07-09 03:50:24.247706416
202	dismissal, labor, contradicts, regulating, regulations	1	2020-07-09 03:50:24.247706416
205	supposed, contain, gasoline, honey, means	1	2020-07-09 03:50:24.247706416
206	litigation, laws, sharia, fees, controls	1	2020-07-09 03:50:24.247706416
218	zakat, expatriates, grassroots, going, rents	4	2020-07-09 03:50:24.247706416
220	2020, headlines, august, thursday, electronic	1	2020-07-09 03:50:24.247706416
221	reviewing, budget, heba, necessitated, mitigate	2	2020-07-09 03:50:24.247706416
227	dam, renaissance, unilateral, photos, declined	3	2020-07-09 03:50:24.247706416
230	sit, bar, conferences, succeed, sona	2	2020-07-09 03:50:24.247706416
236	killers, happen, exceeded, wait, knows	1	2020-07-09 03:50:24.247706416
240	reconstruction, heba, achievement, priorities, stable	1	2020-07-09 03:50:24.247706416
242	illegal, combating, drugs, immigration, borders	3	2020-07-09 03:50:24.247706416
243	prisoners, quoz, pardon, welfare, release	1	2020-07-09 03:50:24.247706416
246	car, import, cars, controls, expatriates	9	2020-07-09 03:50:24.247706416
249	thwart, 41, kilograms, smuggle, items	2	2020-07-09 03:50:24.247706416
250	zakat, bureau, office, man, organization	1	2020-07-09 03:50:24.247706416
253	permission, jabra, things, travel, way	1	2020-07-09 03:50:24.247706416
255	submits, mansour, moneim, forget, resignation	2	2020-07-09 03:50:24.247706416
256	umma, party, appointments, governors, competence	2	2020-07-09 03:50:24.247706416
269	actually, entity, tasks, prepare, case	1	2020-07-09 03:50:24.247706416
272	latest, application, link, follow, telegram	1	2020-07-09 03:50:24.247706416
-1	al, juba, hamdok, peace, dagalo	321	2020-08-08 10:01:52.596330272
0	colonel, 25th, kas, markets, lieutenant	1	2020-08-08 10:01:52.596330272
1	students, basic, benefits, stage, education	11	2020-08-08 10:01:52.596330272
2	kas, conducting, prevention, coexistence, slogan	2	2020-08-08 10:01:52.596330272
3	sports, football, youth, activity, clubs	11	2020-08-08 10:01:52.596330272
4	tijani, saleh, ambassador, ahmed, al	2	2020-08-08 10:01:52.596330272
5	curfew, newspaper, resuming, flights, comprehensive	11	2020-08-08 10:01:52.596330272
6	lightning, ends, burhan, ethiopian, prime	1	2020-08-08 10:01:52.596330272
7	emergencies, torrents, corporation, effects, television	1	2020-08-08 10:01:52.596330272
8	israel, normalization, mandate, denies, competence	13	2020-08-08 10:01:52.596330272
10	late, known, woman, trade, society	1	2020-08-08 10:01:52.596330272
11	agricultural, chains, tokar, sector, torrents	6	2020-08-08 10:01:52.596330272
13	complaining, comfort, truly, god, influence	3	2020-08-08 10:01:52.596330272
14	ousted, corona, failing, investor, detecting	4	2020-08-08 10:01:52.596330272
16	overthrow, normalization, draft, reject, regulating	15	2020-08-08 10:01:52.596330272
19	secretary, restrictions, undermine, transitional, bashir	9	2020-08-08 10:01:52.596330272
20	meets, juba, hamdok, issues, burhan	5	2020-08-08 10:01:52.596330272
21	reckless, eviction, devastating, letter, residence	1	2020-08-08 10:01:52.596330272
23	hamdok, assuming, publishes, worked, al	10	2020-08-08 10:01:52.596330272
24	kas, saqwl, localities, farms, evacuation	2	2020-08-08 10:01:52.596330272
25	yassin, helped, commissioner, deliver, thanks	1	2020-08-08 10:01:52.596330272
26	director, ahmed, professor, dismiss, northern	2	2020-08-08 10:01:52.596330272
29	reinforcements, control, situation, port, security	2	2020-08-08 10:01:52.596330272
31	supervises, airport, employees, procedures, airlines	4	2020-08-08 10:01:52.596330272
32	passports, immigration, restrictions, act, phrase	2	2020-08-08 10:01:52.596330272
33	drafting, warrant, eighth, protocol, eyewitnesses	2	2020-08-08 10:01:52.596330272
34	floods, torrents, rains, torrential, collapse	19	2020-08-08 10:01:52.596330272
35	upcoming, peace, agreement, date, speakers	4	2020-08-08 10:01:52.596330272
36	disavowed, reputation, wall, restored, revolution	2	2020-08-08 10:01:52.596330272
37	traitor, approved, reason, wonders, majzoub	2	2020-08-08 10:01:52.596330272
38	corruption, recovering, empowerment, removing, suggested	4	2020-08-08 10:01:52.596330272
40	blocks, auction, offers, mining, companies	2	2020-08-08 10:01:52.596330272
43	governmental, entities, communist, gold, traders	4	2020-08-08 10:01:52.596330272
44	corona, provocative, insulting, virus, isolated	2	2020-08-08 10:01:52.596330272
46	trafficking, human, doctor, investigations, gang	4	2020-08-08 10:01:52.596330272
47	far, did, waiting, answer, zero	1	2020-08-08 10:01:52.596330272
49	imam, better, strengthen, case, god	2	2020-08-08 10:01:52.596330272
52	transported, farms, appreciation, thanks, safe	1	2020-08-08 10:01:52.596330272
55	net, details, link, damazin, abdul	1	2020-08-08 10:01:52.596330272
56	articles, fabricated, fake, publishes, account	2	2020-08-08 10:01:52.596330272
58	sona, organizes, workshop, agency, center	1	2020-08-08 10:01:52.596330272
60	ambitions, single, expectations, budget, pound	5	2020-08-08 10:01:52.596330272
62	headlines, 2020, august, morning, newspaper	4	2020-08-08 10:01:52.596330272
63	forgive, retaliation, rulings, blood, pardon	1	2020-08-08 10:01:52.596330272
64	paper, shadow, books, moves, coming	6	2020-08-08 10:01:52.596330272
65	dues, consultations, tripartite, nurses, strike	4	2020-08-08 10:01:52.596330272
66	signed, welcomes, movements, agreement, nations	1	2020-08-08 10:01:52.596330272
67	id, story, facebook, weather, moderate	1	2020-08-08 10:01:52.596330272
68	necessity, reaching, principled, dominance, compatible	2	2020-08-08 10:01:52.596330272
70	amendment, passports, amendments, regulations, immigration	3	2020-08-08 10:01:52.596330272
73	welcomes, heba, peace, conference, signing	4	2020-08-08 10:01:52.596330272
74	insult, ignorance, strange, usual, fourth	6	2020-08-08 10:01:52.596330272
75	heal, guide, mercy, wounded, protest	1	2020-08-08 10:01:52.596330272
77	artist, famous, homelessness, models, caring	2	2020-08-08 10:01:52.596330272
79	lake, guidelines, antiquities, filling, distribute	2	2020-08-08 10:01:52.596330272
82	housing, logical, vote, accordingly, representing	1	2020-08-08 10:01:52.596330272
85	newspapers, 26, 2020, headlines, august	1	2020-08-08 10:01:52.596330272
86	sadiq, mahdi, imam, british, church	4	2020-08-08 10:01:52.596330272
88	debts, exempting, looking, 25, organizations	2	2020-08-08 10:01:52.596330272
89	affiliation, talked, moments, goodness, reflect	5	2020-08-08 10:01:52.596330272
91	item, juba, peace, kiir, salva	6	2020-08-08 10:01:52.596330272
93	pharmaceutical, chamber, drug, industry, threatens	2	2020-08-08 10:01:52.596330272
95	centre, gains, daglo, explaining, turning	2	2020-08-08 10:01:52.596330272
96	chief, staff, traveling, resume, anniversary	3	2020-08-08 10:01:52.596330272
101	commodities, corporation, television, radio, chairs	3	2020-08-08 10:01:52.596330272
106	corporation, television, hears, executives, indictment	1	2020-08-08 10:01:52.596330272
115	programming, exemptions, gold, master, radical	1	2020-08-08 10:01:52.596330272
134	dry, sit, place, sitin, demonstrators	1	2020-08-08 10:01:52.596330272
138	incubator, sadiq, broad, party, umma	3	2020-08-08 10:01:52.596330272
142	burning, news, watan, al, 2025	1	2020-08-08 10:01:52.596330272
143	mrs, wife, sona, bashir, oh	1	2020-08-08 10:01:52.596330272
145	burhan, list, remove, america, terrorist	1	2020-08-08 10:01:52.596330272
150	strategy, developing, 100, jobs, production	1	2020-08-08 10:01:52.596330272
152	mediterranean, drowned, mandate, 12, certificate	1	2020-08-08 10:01:52.596330272
153	transportation, sets, deporting, buses, lines	2	2020-08-08 10:01:52.596330272
154	21, 2020, headlines, august, friday	1	2020-08-08 10:01:52.596330272
157	better, let, dam, region, sennar	1	2020-08-08 10:01:52.596330272
159	sudani, spoiled, confirmation, destroys, petroleum	1	2020-08-08 10:01:52.596330272
160	feeling, moment, reinforces, peace, agreement	2	2020-08-08 10:01:52.596330272
163	uniforms, prevention, zain, sea, implemented	1	2020-08-08 10:01:52.596330272
166	salvation, coup, rush, ignorant, fragility	2	2020-08-08 10:01:52.596330272
169	negotiation, facilitates, controversial, task, negotiating	6	2020-08-08 10:01:52.596330272
172	mahdi, sadiq, al, getting, dispersal	5	2020-08-08 10:01:52.596330272
177	salvation, turning, legitimate, completing, cut	1	2020-08-08 10:01:52.596330272
180	trips, bus, resuming, saturday, traffic	2	2020-08-08 10:01:52.596330272
183	personally, device, tell, sona, expatriate	2	2020-08-08 10:01:52.596330272
184	fulfill, specific, purpose, come, does	1	2020-08-08 10:01:52.596330272
187	abiy, keenness, confirm, enhance, hamdok	1	2020-08-08 10:01:52.596330272
190	brother, oh, long, groups, added	1	2020-08-08 10:01:52.596330272
191	informal, negotiation, methodology, negotiations, formal	6	2020-08-08 10:01:52.596330272
193	turkish, 50, salih, citizen, cement	1	2020-08-08 10:01:52.596330272
195	try, sona, took, agency, khartoum	1	2020-08-08 10:01:52.596330272
196	awliya, factory, bordering, shortly, deceased	1	2020-08-08 10:01:52.596330272
200	bright, revolutions, proposals, partial, raids	1	2020-08-08 10:01:52.596330272
201	spirit, renaissance, dam, solidarity, negotiations	1	2020-08-08 10:01:52.596330272
207	donations, announce, financial, notification, donate	1	2020-08-08 10:01:52.596330272
208	restrictions, sanctions, place, economic, european	2	2020-08-08 10:01:52.596330272
213	directing, hour, letter, residence, come	1	2020-08-08 10:01:52.596330272
215	teams, join, army, sudanesearmedforces, sudanese	1	2020-08-08 10:01:52.596330272
216	collapse, rose, 58, homes, 46	2	2020-08-08 10:01:52.596330272
217	antiquities, risk, loss, important, electronic	2	2020-08-08 10:01:52.596330272
218	tirab, zakat, taxes, collection, vision	1	2020-08-08 10:01:52.596330272
220	2020, headlines, august, political, 21	2	2020-08-08 10:01:52.596330272
222	tourism, zaid, adel, sadiq, awad	1	2020-08-08 10:01:52.596330272
235	rainfall, expected, average, warned, weeks	1	2020-08-08 10:01:52.596330272
246	car, controls, import, cars, importing	12	2020-08-08 10:01:52.596330272
249	refers, recommends, punishment, hidden, networks	1	2020-08-08 10:01:52.596330272
254	failures, certainly, gather, manage, cross	1	2020-08-08 10:01:52.596330272
255	exchange, hamdok, sudanese, elected, almirghani	1	2020-08-08 10:01:52.596330272
269	matrix, responsibilities, determine, develop, endeavors	2	2020-08-08 10:01:52.596330272
272	latest, application, link, follow, telegram	2	2020-08-08 10:01:52.596330272
278	list, disasters, selection, allocates, deal	5	2020-08-08 10:01:52.596330272
-1	sona, al, kingdom, burhan, agency	246	2020-09-07 16:13:20.944954112
1	students, exams, certificate, education, school	25	2020-09-07 16:13:20.944954112
2	japan, provides, urgent, aid, sudan	1	2020-09-07 16:13:20.944954112
3	goals, al, defeats, hilal, perpetrators	3	2020-09-07 16:13:20.944954112
4	burhan, heads, kafouri, emirates, celebration	3	2020-09-07 16:13:20.944954112
5	friendship, 2020, normalization, newspapers, friday	3	2020-09-07 16:13:20.944954112
7	watery, emergence, diarrhea, cholera, sona	4	2020-09-07 16:13:20.944954112
8	normalization, israel, israeli, issue, trump	11	2020-09-07 16:13:20.944954112
11	kilo, pounds, vegetables, meat, price	4	2020-09-07 16:13:20.944954112
13	mercy, forgive, pure, souls, god	2	2020-09-07 16:13:20.944954112
14	mysterious, compensate, sudani, backdrop, merowe	1	2020-09-07 16:13:20.944954112
16	right, overthrow, expect, revolution, sovereign	3	2020-09-07 16:13:20.944954112
17	nada, donate, muslim, page, flood	2	2020-09-07 16:13:20.944954112
19	ambassador, republican, france, french, palace	2	2020-09-07 16:13:20.944954112
23	hamdok, tirab, suhair, guarding, analyst	4	2020-09-07 16:13:20.944954112
25	refugees, returned, commissioner, unhcr, community	8	2020-09-07 16:13:20.944954112
29	police, questions, director, majid, supervision	3	2020-09-07 16:13:20.944954112
30	bank, sona, nilein, transfers, ease	5	2020-09-07 16:13:20.944954112
31	abide, airlines, transactions, registry, reviewed	1	2020-09-07 16:13:20.944954112
32	passports, granted, non, foreigners, police	4	2020-09-07 16:13:20.944954112
33	inherent, speed, serving, transactions, police	4	2020-09-07 16:13:20.944954112
34	floods, torrents, struck, rains, affected	7	2020-09-07 16:13:20.944954112
35	agreement, peace, stipulates, consideration, widows	4	2020-09-07 16:13:20.944954112
36	peace, blocks, laying, pave, sedition	2	2020-09-07 16:13:20.944954112
38	negligence, productive, eliminating, team, accused	2	2020-09-07 16:13:20.944954112
40	mining, approvals, foundations, gold, beja	7	2020-09-07 16:13:20.944954112
42	entitled, watch, report, hamdan, rights	1	2020-09-07 16:13:20.944954112
43	dollar, pound, economists, propose, slightly	5	2020-09-07 16:13:20.944954112
44	alarm, sounds, pandemic, corona, warns	1	2020-09-07 16:13:20.944954112
46	trafficking, cell, smuggling, human, practicing	5	2020-09-07 16:13:20.944954112
48	laying, continent, mighty, african, block	2	2020-09-07 16:13:20.944954112
50	latest, application, follow, link, telegram	1	2020-09-07 16:13:20.944954112
51	electricity, cover, bit, recommendation, degrees	3	2020-09-07 16:13:20.944954112
53	conditioning, drums, pump, leaks, machines	2	2020-09-07 16:13:20.944954112
60	crowned, exploded, kenana, shout, courts	3	2020-09-07 16:13:20.944954112
63	god, oh, kind, protect, blessings	2	2020-09-07 16:13:20.944954112
64	negligent, beni, amer, nuba, extending	2	2020-09-07 16:13:20.944954112
65	nurses, tell, strike, hospital, doctors	2	2020-09-07 16:13:20.944954112
68	fair, citizen, correct, right, manner	3	2020-09-07 16:13:20.944954112
70	passports, nationalities, administration, granted, immigration	2	2020-09-07 16:13:20.944954112
72	amended, code, criminal, happen, handing	1	2020-09-07 16:13:20.944954112
73	agreeing, sponsoring, remove, list, close	1	2020-09-07 16:13:20.944954112
74	left, does, dont, come, didnt	1	2020-09-07 16:13:20.944954112
77	nada, artist, known, sweet, interaction	1	2020-09-07 16:13:20.944954112
78	sponsoring, terrorism, list, complete, community	1	2020-09-07 16:13:20.944954112
82	seek, residential, establish, dollars, cities	1	2020-09-07 16:13:20.944954112
83	closed, strike, largest, hospitals, told	1	2020-09-07 16:13:20.944954112
84	submission, claimed, later, prosecutor, massacre	1	2020-09-07 16:13:20.944954112
85	newspapers, akhbar, 2020, headlines, september	1	2020-09-07 16:13:20.944954112
88	reform, debt, annually, billion, economic	6	2020-09-07 16:13:20.944954112
91	agreement, peace, stand, juba, historic	5	2020-09-07 16:13:20.944954112
93	medicine, mafia, emergence, essential, cessation	1	2020-09-07 16:13:20.944954112
97	sona, communications, professor, stresses, renaissance	1	2020-09-07 16:13:20.944954112
98	rapporteur, glasses, suakin, protesters, bus	2	2020-09-07 16:13:20.944954112
101	television, habila, radio, corporation, west	2	2020-09-07 16:13:20.944954112
105	beja, previous, protesters, acknowledged, suakin	4	2020-09-07 16:13:20.944954112
106	sona, bashaer, agency, endowments, religious	1	2020-09-07 16:13:20.944954112
113	honey, strains, wild, diplomatic, best	2	2020-09-07 16:13:20.944954112
114	formal, deal, migration, mechanism, does	2	2020-09-07 16:13:20.944954112
120	bargain, horizons, disagreement, ammar, provisions	2	2020-09-07 16:13:20.944954112
124	chadian, pursuit, arrears, mills, succeed	1	2020-09-07 16:13:20.944954112
133	testing, careful, bet, quality, laboratory	4	2020-09-07 16:13:20.944954112
134	sit, dispersing, dispersal, resignation, 2019	2	2020-09-07 16:13:20.944954112
138	normalization, objective, justifications, bureau, umma	1	2020-09-07 16:13:20.944954112
143	ignoring, exciting, bashir, truth, warns	2	2020-09-07 16:13:20.944954112
145	list, disgrace, remaining, terrorism, remove	2	2020-09-07 16:13:20.944954112
150	productive, potential, gum, salvation, greatly	1	2020-09-07 16:13:20.944954112
151	meat, prices, kilo, pounds, price	1	2020-09-07 16:13:20.944954112
154	headlines, akhbar, 2020, 21, newspapers	1	2020-09-07 16:13:20.944954112
159	unamid, longer, capabilities, suggested, staying	1	2020-09-07 16:13:20.944954112
160	france, peace, process, preparedness, urging	1	2020-09-07 16:13:20.944954112
161	decides, empowerment, removal, review, decisions	2	2020-09-07 16:13:20.944954112
166	procession, gun, sound, welcomed, visiting	2	2020-09-07 16:13:20.944954112
167	osama, wall, manage, hamdok, rahim	2	2020-09-07 16:13:20.944954112
191	referendum, determination, resolutions, guaranteed, right	6	2020-09-07 16:13:20.944954112
210	telecommunications, complain, internet, deterioration, services	1	2020-09-07 16:13:20.944954112
216	torrents, floods, torrential, 100, disasters	6	2020-09-07 16:13:20.944954112
220	2020, headlines, october, monday, political	2	2020-09-07 16:13:20.944954112
221	problems, heba, bring, unemployment, chronic	2	2020-09-07 16:13:20.944954112
225	cruiser, land, giad, 68, patrol	1	2020-09-07 16:13:20.944954112
244	mass, murder, burning, horrific, involved	1	2020-09-07 16:13:20.944954112
255	mirghani, mourns, ibrahim, ahmed, al	1	2020-09-07 16:13:20.944954112
269	double, effort, requires, stage, pointed	2	2020-09-07 16:13:20.944954112
273	throne, helped, lie, worse, believed	1	2020-09-07 16:13:20.944954112
-1	al, bashir, sudani, newspaper, removing	160	2020-10-07 22:24:49.293577968
1	72, deadline, options, hour, welfare	7	2020-10-07 22:24:49.293577968
2	cross, crises, shortages, clashes, aid	6	2020-10-07 22:24:49.293577968
3	islamist, draws, clarifies, airspace, israeli	2	2020-10-07 22:24:49.293577968
4	thought, planning, years, iran, saudi	1	2020-10-07 22:24:49.293577968
5	newspaper, honey, burhan, 2020, al	9	2020-10-07 22:24:49.293577968
6	ethiopian, border, ethiopia, tigray, kurmuk	10	2020-10-07 22:24:49.293577968
7	cases, fever, dengue, mosquitoes, kadada	5	2020-10-07 22:24:49.293577968
8	israel, israeli, agreed, normalization, tourism	27	2020-10-07 22:24:49.293577968
11	wheat, agriculture, affects, solving, agricultural	11	2020-10-07 22:24:49.293577968
14	limit, renting, urgent, 2020, akhbar	4	2020-10-07 22:24:49.293577968
16	involving, legislative, revolution, representation, formula	3	2020-10-07 22:24:49.293577968
17	ishaq, yaqoub, steps, advisor, representatives	1	2020-10-07 22:24:49.293577968
18	statute, definition, standard, crime, contained	1	2020-10-07 22:24:49.293577968
23	explosion, hamdok, fateful, rush, lifting	6	2020-10-07 22:24:49.293577968
29	suspension, 21, october, investigation, events	2	2020-10-07 22:24:49.293577968
30	currencies, pound, dollar, rise, price	1	2020-10-07 22:24:49.293577968
31	airspace, flight, israeli, flights, minutes	7	2020-10-07 22:24:49.293577968
32	warning, department, 2014, immigration, interior	4	2020-10-07 22:24:49.293577968
33	monitoring, frequent, strategic, assigned, goods	4	2020-10-07 22:24:49.293577968
38	article, concerned, 96, 78, undermining	4	2020-10-07 22:24:49.293577968
39	targets, aircraft, adequate, portion, israel	3	2020-10-07 22:24:49.293577968
40	amer, officially, takes, jabal, company	4	2020-10-07 22:24:49.293577968
43	print, economist, buy, banking, communist	1	2020-10-07 22:24:49.293577968
44	adoption, laboratories, travelers, corona, infections	3	2020-10-07 22:24:49.293577968
46	trafficking, victims, human, network, smuggling	3	2020-10-07 22:24:49.293577968
47	path, step, right, day, waiting	1	2020-10-07 22:24:49.293577968
50	follow, gathering, telegram, link, 2020	2	2020-10-07 22:24:49.293577968
51	programming, heat, outages, reduce, energy	2	2020-10-07 22:24:49.293577968
53	crocodile, tears, fuel, talk, prices	6	2020-10-07 22:24:49.293577968
55	tayeb, bilal, asim, writes, al	1	2020-10-07 22:24:49.293577968
57	scandal, quick, news, 2020, 25	4	2020-10-07 22:24:49.293577968
58	bani, nazir, amer, standing, decisive	1	2020-10-07 22:24:49.293577968
62	tops, pages, certain, newspapers, create	1	2020-10-07 22:24:49.293577968
64	knows, idea, book, sold, peaceful	3	2020-10-07 22:24:49.293577968
66	notified, allow, surveillance, donald, cooperating	1	2020-10-07 22:24:49.293577968
68	freedom, objection, political, guide, separated	2	2020-10-07 22:24:49.293577968
71	sona, agency, concepts, media, qaisan	1	2020-10-07 22:24:49.293577968
72	court, criminal, bashir, prosecutor, crimes	13	2020-10-07 22:24:49.293577968
74	wrong, dont, come, didnt, personally	1	2020-10-07 22:24:49.293577968
77	artist, mustafa, othman, professor, death	4	2020-10-07 22:24:49.293577968
78	scores, filed, settle, terrorism, previous	1	2020-10-07 22:24:49.293577968
82	proper, entitled, delivering, amounts, accurate	1	2020-10-07 22:24:49.293577968
83	operate, hospitals, plan, health, khartoum	1	2020-10-07 22:24:49.293577968
84	statements, happy, handed, wanted, prosecutor	1	2020-10-07 22:24:49.293577968
87	workers, labor, developing, saudi, effect	7	2020-10-07 22:24:49.293577968
88	cash, economy, issue, added, sudanese	1	2020-10-07 22:24:49.293577968
91	machar, sona, achieving, implementation, discuss	2	2020-10-07 22:24:49.293577968
93	medicine, price, trend, crocodile, prices	7	2020-10-07 22:24:49.293577968
94	fuel, anger, makes, insufficient, gasoline	3	2020-10-07 22:24:49.293577968
97	disrupted, parliament, formation, freedom, change	1	2020-10-07 22:24:49.293577968
101	corporation, television, radio, west, kordofan	1	2020-10-07 22:24:49.293577968
102	heralds, reforms, package, biden, trump	6	2020-10-07 22:24:49.293577968
105	48, hour, requests, nazir, beni	3	2020-10-07 22:24:49.293577968
106	mourns, sheikh, suna, agency, news	1	2020-10-07 22:24:49.293577968
107	willingness, hamdan, dagalo, desire, peace	3	2020-10-07 22:24:49.293577968
117	thieves, random, lands, expedite, helps	2	2020-10-07 22:24:49.293577968
118	crazy, want, love, mother, son	1	2020-10-07 22:24:49.293577968
126	unique, umrah, requirements, closure, akhbar	2	2020-10-07 22:24:49.293577968
133	testing, careful, bet, quality, laboratory	1	2020-10-07 22:24:49.293577968
134	pace, mobilization, 21, mass, millions	1	2020-10-07 22:24:49.293577968
138	legislative, professionals, choices, invitation, association	2	2020-10-07 22:24:49.293577968
143	bashir, 1989, trial, charges, coup	5	2020-10-07 22:24:49.293577968
145	terrorism, list, debt, remove, demonstrated	3	2020-10-07 22:24:49.293577968
153	railway, transportation, line, walid, sennar	2	2020-10-07 22:24:49.293577968
164	inquiries, 249918984706, orders, delivery, best	1	2020-10-07 22:24:49.293577968
166	processions, appropriate, demonstrations, crisis, vision	1	2020-10-07 22:24:49.293577968
167	nouri, faki, transform, sona, hospital	1	2020-10-07 22:24:49.293577968
174	2020, november, saturday, ad, news	1	2020-10-07 22:24:49.293577968
180	tariffs, complaints, transportation, chaos, current	3	2020-10-07 22:24:49.293577968
187	protocols, ready, implement, egypt, egyptian	1	2020-10-07 22:24:49.293577968
196	investigation, suspending, east, 21, police	8	2020-10-07 22:24:49.293577968
202	term, sponsor, dismissed, practices, nearly	2	2020-10-07 22:24:49.293577968
208	sanctions, submitted, request, potential, participants	1	2020-10-07 22:24:49.293577968
216	storming, evacuate, record, majority, defendants	1	2020-10-07 22:24:49.293577968
221	amer, jabal, handing, finance, federal	4	2020-10-07 22:24:49.293577968
227	tripartite, negotiations, use, position, river	1	2020-10-07 22:24:49.293577968
246	liberalization, reflected, impact, significant, deportation	1	2020-10-07 22:24:49.293577968
253	interfere, specialties, abu, al, discover	1	2020-10-07 22:24:49.293577968
257	mean, does, visit, admission, receiving	1	2020-10-07 22:24:49.293577968
259	registering, emphasizes, records, official, health	1	2020-10-07 22:24:49.293577968
278	deposed, humiliation, bashir, deposited, stored	1	2020-10-07 22:24:49.293577968
281	kurmuk, locality, achieving, working, administrative	2	2020-10-07 22:24:49.293577968
-1	al, hamdok, refugees, imam, sadiq	569	2020-11-07 04:36:17.642201824
0	old, years, yusuf, handover, specifying	6	2020-11-07 04:36:17.642201824
1	education, university, students, school, academic	63	2020-11-07 04:36:17.642201824
2	aid, qatari, ocha, crescent, humanitarian	4	2020-11-07 04:36:17.642201824
3	hopes, goal, defeats, draws, team	16	2020-11-07 04:36:17.642201824
4	envoys, thought, british, planning, american	2	2020-11-07 04:36:17.642201824
5	2020, newspapers, published, headlines, prominent	14	2020-11-07 04:36:17.642201824
6	tigray, ethiopian, abiy, ethiopia, border	46	2020-11-07 04:36:17.642201824
7	cases, aids, diseases, malaria, cholera	13	2020-11-07 04:36:17.642201824
8	israeli, israel, normalization, aware, delegation	22	2020-11-07 04:36:17.642201824
11	pounds, prices, agricultural, kilo, wheat	28	2020-11-07 04:36:17.642201824
13	trend, salvation, blessings, die, god	4	2020-11-07 04:36:17.642201824
14	corona, deaths, infections, cases, coronavirus	69	2020-11-07 04:36:17.642201824
16	constitutional, freedom, legislative, document, change	31	2020-11-07 04:36:17.642201824
17	qatar, surprising, tower, crescent, brothers	1	2020-11-07 04:36:17.642201824
19	phone, discussed, secretary, burhan, sponsoring	5	2020-11-07 04:36:17.642201824
20	radiology, envoy, faki, tower, meets	3	2020-11-07 04:36:17.642201824
21	staff, doctors, medical, experience, vacation	6	2020-11-07 04:36:17.642201824
22	ok, mistake, displacing, symposium, fine	2	2020-11-07 04:36:17.642201824
23	hamdok, communist, convince, guest, burhan	15	2020-11-07 04:36:17.642201824
24	fairly, blocking, sit, sitting, program	1	2020-11-07 04:36:17.642201824
25	refugees, commissioner, high, 27, expressed	6	2020-11-07 04:36:17.642201824
26	inauguration, completes, fao, program, burhan	3	2020-11-07 04:36:17.642201824
28	ethiopian, refugees, tigray, ethiopia, ethiopians	54	2020-11-07 04:36:17.642201824
29	accompanying, competent, crises, heads, addressing	2	2020-11-07 04:36:17.642201824
30	pounds, dollar, currencies, jumped, dinar	6	2020-11-07 04:36:17.642201824
31	airspace, israeli, flight, commercial, plane	10	2020-11-07 04:36:17.642201824
32	visa, submitting, fraud, changes, employee	6	2020-11-07 04:36:17.642201824
33	guards, visitors, institutional, enabling, aforementioned	3	2020-11-07 04:36:17.642201824
35	brave, peace, desire, permanent, celebrates	4	2020-11-07 04:36:17.642201824
36	revolutionary, revolution, abort, path, opposing	7	2020-11-07 04:36:17.642201824
37	polarization, arman, professional, away, building	1	2020-11-07 04:36:17.642201824
38	prosecutors, strike, court, went, case	6	2020-11-07 04:36:17.642201824
40	mining, inherent, mineral, responsibility, investment	2	2020-11-07 04:36:17.642201824
42	rights, kidnapping, harvest, human, murder	3	2020-11-07 04:36:17.642201824
43	inflation, rate, october, pound, exchange	7	2020-11-07 04:36:17.642201824
44	corona, cases, wave, deaths, virus	38	2020-11-07 04:36:17.642201824
46	smuggling, anti, trafficking, tigray, gunshots	3	2020-11-07 04:36:17.642201824
47	mean, ok, paper, think, consider	6	2020-11-07 04:36:17.642201824
49	consult, incorrect, burhan, did, al	1	2020-11-07 04:36:17.642201824
50	application, follow, curfew, link, telegram	2	2020-11-07 04:36:17.642201824
51	tariffs, electricity, increasing, current, agricultural	1	2020-11-07 04:36:17.642201824
52	deprived, claimed, cards, receiving, food	1	2020-11-07 04:36:17.642201824
53	fuel, gasoline, refinery, energy, gas	19	2020-11-07 04:36:17.642201824
55	bilal, tayeb, writes, asim, al	9	2020-11-07 04:36:17.642201824
56	telecommunications, symposium, experts, company, role	1	2020-11-07 04:36:17.642201824
57	crowding, bids, sama, news, clean	4	2020-11-07 04:36:17.642201824
58	sea, tendency, listens, invade, assume	8	2020-11-07 04:36:17.642201824
60	budget, finance, resignation, quarantine, revenue	18	2020-11-07 04:36:17.642201824
62	headlines, 2020, akhbar, newspapers, published	7	2020-11-07 04:36:17.642201824
63	god, mercy, heal, qualified, sick	5	2020-11-07 04:36:17.642201824
64	german, failure, suit, repeating, boy	10	2020-11-07 04:36:17.642201824
65	specialist, doctors, withdrawal, hospitals, register	10	2020-11-07 04:36:17.642201824
66	extends, abyei, tasks, force, security	1	2020-11-07 04:36:17.642201824
69	suna, condition, agency, delivery, news	1	2020-11-07 04:36:17.642201824
71	journalists, female, elias, supposed, osama	3	2020-11-07 04:36:17.642201824
72	justice, met, international, sudanese, court	1	2020-11-07 04:36:17.642201824
77	artist, away, othman, mustafa, illness	6	2020-11-07 04:36:17.642201824
78	removal, list, month, terrorist, official	2	2020-11-07 04:36:17.642201824
79	sanitation, environmental, completion, directs, sea	3	2020-11-07 04:36:17.642201824
83	manufacture, zakat, salt, secretary, immunization	1	2020-11-07 04:36:17.642201824
84	postponing, massacre, obeid, trial, accused	3	2020-11-07 04:36:17.642201824
85	newspapers, headlines, 2020, akhbar, november	8	2020-11-07 04:36:17.642201824
86	extremism, religious, networks, dismantling, equality	2	2020-11-07 04:36:17.642201824
89	fruitful, envoy, american, foreign, meeting	1	2020-11-07 04:36:17.642201824
90	influence, companies, civilian, criticizing, ignores	1	2020-11-07 04:36:17.642201824
91	qalwak, peace, tut, counselor, south	5	2020-11-07 04:36:17.642201824
92	device, dismantling, required, enemy, mercenaries	1	2020-11-07 04:36:17.642201824
94	fuel, pump, meter, prices, maneuvers	4	2020-11-07 04:36:17.642201824
95	wishes, deceased, speedy, site, accident	1	2020-11-07 04:36:17.642201824
96	chief, staff, holiday, activities, honoring	5	2020-11-07 04:36:17.642201824
97	fronts, newspapers, regime, media, press	1	2020-11-07 04:36:17.642201824
98	corona, ethiopian, newspaper, sodamedia, electronic	9	2020-11-07 04:36:17.642201824
101	kordofan, west, sacks, rashad, preparatory	2	2020-11-07 04:36:17.642201824
102	biden, trump, advanced, admit, intend	3	2020-11-07 04:36:17.642201824
104	ii, companion, guided, scattered, sensitive	1	2020-11-07 04:36:17.642201824
105	recommends, protocol, crowds, celebrations, revolutionary	1	2020-11-07 04:36:17.642201824
106	mahdi, sadiq, imam, al, considers	9	2020-11-07 04:36:17.642201824
109	dafallah, interior, inspected, backdrop, watch	1	2020-11-07 04:36:17.642201824
110	range, missiles, long, minawi, drones	1	2020-11-07 04:36:17.642201824
111	dialysis, resuming, dongola, center, work	1	2020-11-07 04:36:17.642201824
115	workers, wars, conflicts, industries, beneficiaries	5	2020-11-07 04:36:17.642201824
117	rumors, estate, malicious, think, real	1	2020-11-07 04:36:17.642201824
118	mother, want, love, son, know	1	2020-11-07 04:36:17.642201824
122	apartments, infected, hotels, appealed, treatment	2	2020-11-07 04:36:17.642201824
126	umrah, trustees, hajj, coronavirus, infection	1	2020-11-07 04:36:17.642201824
129	page, turned, war, citizen, betrayed	1	2020-11-07 04:36:17.642201824
134	sponsored, sit, welcoming, crowds, celebrate	8	2020-11-07 04:36:17.642201824
138	disappear, vote, informal, dalqo, rejecting	2	2020-11-07 04:36:17.642201824
139	branches, insurance, workflow, evaluate, guide	3	2020-11-07 04:36:17.642201824
140	heart, looting, capital, armed, looted	1	2020-11-07 04:36:17.642201824
141	manna, tweet, rumors, salah, arrest	4	2020-11-07 04:36:17.642201824
143	bashir, deposed, prosecution, brother, feet	4	2020-11-07 04:36:17.642201824
145	list, awaiting, terrorist, envoy, meetings	6	2020-11-07 04:36:17.642201824
149	dig, think, allow, justice, god	2	2020-11-07 04:36:17.642201824
150	properties, 44, endowments, recovered, investment	1	2020-11-07 04:36:17.642201824
151	meat, prices, pounds, boycott, kilo	11	2020-11-07 04:36:17.642201824
154	headlines, 2020, akhbar, karari, ad	7	2020-11-07 04:36:17.642201824
155	road, jar, replaced, kilometers, implement	3	2020-11-07 04:36:17.642201824
158	appealed, assistance, voluntary, interior, provide	1	2020-11-07 04:36:17.642201824
159	unamid, mission, police, consolidate, chanting	2	2020-11-07 04:36:17.642201824
160	complexities, earth, tigray, overcome, strong	2	2020-11-07 04:36:17.642201824
161	dissolve, shameless, empowerment, door, professionals	2	2020-11-07 04:36:17.642201824
166	freedom, incubator, change, agreed, coup	6	2020-11-07 04:36:17.642201824
167	karim, qader, abdul, mourns, osama	5	2020-11-07 04:36:17.642201824
168	watan, honorary, comments, awad, agar	1	2020-11-07 04:36:17.642201824
169	candidates, submit, list, positions, process	1	2020-11-07 04:36:17.642201824
170	replaced, wants, contract, signs, praise	1	2020-11-07 04:36:17.642201824
172	expression, formed, processions, burhan, approval	1	2020-11-07 04:36:17.642201824
174	29, 2020, november, sunday, news	1	2020-11-07 04:36:17.642201824
177	ii, invaders, coups, era, rahman	6	2020-11-07 04:36:17.642201824
181	quantities, huge, seized, heavy, intelligence	1	2020-11-07 04:36:17.642201824
185	proving, quoted, abiy, enemies, destroying	1	2020-11-07 04:36:17.642201824
187	messages, sultanate, send, club, priority	3	2020-11-07 04:36:17.642201824
188	draft, preliminary, combating, preparing, law	1	2020-11-07 04:36:17.642201824
193	transferred, morgue, nyala, martyrdom, incident	2	2020-11-07 04:36:17.642201824
195	quoted, sudani, secretariat, dar, 2020	2	2020-11-07 04:36:17.642201824
201	renaissance, dam, withdraws, ministerial, negotiations	5	2020-11-07 04:36:17.642201824
202	55, reducing, age, departments, 70	1	2020-11-07 04:36:17.642201824
206	extremism, networks, dismantling, equality, drug	1	2020-11-07 04:36:17.642201824
210	51, telecommunications, 17, prices, increase	1	2020-11-07 04:36:17.642201824
221	defensive, regardless, sudani, tighten, revenues	1	2020-11-07 04:36:17.642201824
222	covered, trips, costs, fully, transportation	2	2020-11-07 04:36:17.642201824
225	stealing, fact, vehicles, news, motorcycles	1	2020-11-07 04:36:17.642201824
227	tripartite, negotiations, use, position, river	2	2020-11-07 04:36:17.642201824
240	suleiman, faki, mohamed, examining, purpose	1	2020-11-07 04:36:17.642201824
243	reinforced, complainant, perpetrator, robbed, detainees	1	2020-11-07 04:36:17.642201824
245	loaf, afraid, silent, news, kilograms	1	2020-11-07 04:36:17.642201824
247	got, gun, circle, fought, evil	2	2020-11-07 04:36:17.642201824
252	salva, kiir, wahid, invitation, nour	4	2020-11-07 04:36:17.642201824
256	umma, imam, party, partners, departure	4	2020-11-07 04:36:17.642201824
259	nutritional, pregnant, age, provision, bodies	2	2020-11-07 04:36:17.642201824
262	graves, discovery, mass, autopsy, bodies	3	2020-11-07 04:36:17.642201824
263	eyes, riyadh, summit, uae, emirates	1	2020-11-07 04:36:17.642201824
266	graduation, fadil, recruits, issam, batch	2	2020-11-07 04:36:17.642201824
276	withdraws, institute, language, english, teachers	2	2020-11-07 04:36:17.642201824
-1	al, sit, hamdok, sudani, burhan	483	2020-12-07 10:47:45.990825680
0	territory, combing, wahed, inside, evening	8	2020-12-07 10:47:45.990825680
1	curriculum, grade, education, sixth, review	13	2020-12-07 10:47:45.990825680
2	allocation, supplies, nutrition, sick, besieged	2	2020-12-07 10:47:45.990825680
3	hilal, al, league, match, premier	10	2020-12-07 10:47:45.990825680
4	activating, agreements, riyadh, saudi, discussing	2	2020-12-07 10:47:45.990825680
5	newspapers, headlines, 2021, newspaper, watan	12	2020-12-07 10:47:45.990825680
6	ethiopian, ethiopia, tigray, border, abiy	52	2020-12-07 10:47:45.990825680
7	emergence, cases, ethiopian, corona, eastern	4	2020-12-07 10:47:45.990825680
8	israel, normalization, palestinian, independent, relations	7	2020-12-07 10:47:45.990825680
10	wound, freed, code, amending, wrong	2	2020-12-07 10:47:45.990825680
11	140, plant, acres, winter, aims	3	2020-12-07 10:47:45.990825680
12	injured, killed, civilians, number, homes	1	2020-12-07 10:47:45.990825680
13	god, satisfy, ask, forgiveness, speak	9	2020-12-07 10:47:45.990825680
14	corona, coronavirus, cases, prof, pandemic	23	2020-12-07 10:47:45.990825680
16	transitional, nominations, choosing, correcting, seats	18	2020-12-07 10:47:45.990825680
18	suffered, enemy, restore, considered, dignity	1	2020-12-07 10:47:45.990825680
19	treasury, aspirations, signatories, joins, secretary	4	2020-12-07 10:47:45.990825680
20	secretary, burhan, suna, meets, sea	5	2020-12-07 10:47:45.990825680
23	communist, hamdok, party, al, atmosphere	20	2020-12-07 10:47:45.990825680
24	patrol, iron, cement, guards, relatives	1	2020-12-07 10:47:45.990825680
25	refugees, relation, entitlements, camps, commissioner	3	2020-12-07 10:47:45.990825680
26	amna, makki, issue, stolen, represents	1	2020-12-07 10:47:45.990825680
28	ethiopian, tigray, refugees, prevents, fleeing	13	2020-12-07 10:47:45.990825680
29	ezz, din, manna, abiy, zain	1	2020-12-07 10:47:45.990825680
30	containers, bank, currency, printing, banks	10	2020-12-07 10:47:45.990825680
31	airport, aviation, accuses, combating, request	2	2020-12-07 10:47:45.990825680
32	passports, obtained, foreigners, passport, citizenship	8	2020-12-07 10:47:45.990825680
33	prestige, strict, impose, 99, warrants	4	2020-12-07 10:47:45.990825680
34	barrier, raised, water, means, destroyed	2	2020-12-07 10:47:45.990825680
36	revolution, blocks, specialists, eyes, causes	9	2020-12-07 10:47:45.990825680
37	vicinity, disavows, retribution, urges, closes	1	2020-12-07 10:47:45.990825680
38	greatest, handed, went, corruption, turned	4	2020-12-07 10:47:45.990825680
43	dollar, decrease, parallel, freed, congratulate	6	2020-12-07 10:47:45.990825680
44	corona, infections, virus, frightening, deaths	18	2020-12-07 10:47:45.990825680
45	burhan, 5th, drugs, anti, drug	2	2020-12-07 10:47:45.990825680
46	trafficking, criminal, human, investigations, department	5	2020-12-07 10:47:45.990825680
47	morning, declared, buy, appointment, proof	3	2020-12-07 10:47:45.990825680
48	mission, african, union, end, decision	1	2020-12-07 10:47:45.990825680
49	class, grief, khashm, hassan, wad	1	2020-12-07 10:47:45.990825680
50	follow, telegram, application, link, mouth	4	2020-12-07 10:47:45.990825680
51	electricity, tariffs, canceling, describes, rejection	2	2020-12-07 10:47:45.990825680
52	obtain, year, efforts, national, number	1	2020-12-07 10:47:45.990825680
53	subsidized, fuel, energy, gasoline, unifying	3	2020-12-07 10:47:45.990825680
55	hooray, papers, 2020, 12, mamoun	6	2020-12-07 10:47:45.990825680
56	afraid, trend, network, destroyed, networks	1	2020-12-07 10:47:45.990825680
57	denial, tuesday, publication, confirmation, came	5	2020-12-07 10:47:45.990825680
58	india, sea, red, listens, praises	3	2020-12-07 10:47:45.990825680
59	customs, denies, dollar, increasing, finance	1	2020-12-07 10:47:45.990825680
60	recovering, previous, soon, dollars, billion	1	2020-12-07 10:47:45.990825680
62	watan, newspapers, 2020, headlines, tuesday	1	2020-12-07 10:47:45.990825680
63	help, god, sudanese, oh, protect	1	2020-12-07 10:47:45.990825680
64	lived, oh, love, saw, brother	7	2020-12-07 10:47:45.990825680
65	enters, strike, kosti, hospital, day	3	2020-12-07 10:47:45.990825680
66	mission, preparations, unitams, resolution, unamid	4	2020-12-07 10:47:45.990825680
68	aspirations, freedom, justice, peace, sudanese	2	2020-12-07 10:47:45.990825680
70	passports, halted, devoted, complexes, registry	1	2020-12-07 10:47:45.990825680
71	taiba, thank, press, training, need	1	2020-12-07 10:47:45.990825680
72	court, tigray, criminal, commission, liberation	6	2020-12-07 10:47:45.990825680
74	talk, says, lands, really, young	4	2020-12-07 10:47:45.990825680
77	artist, forgiveness, ask, song, stolen	3	2020-12-07 10:47:45.990825680
79	water, mechanisms, improve, authority, remove	3	2020-12-07 10:47:45.990825680
83	resignation, position, white, director, ministry	1	2020-12-07 10:47:45.990825680
84	mere, deprive, rushing, bleeding, bullet	5	2020-12-07 10:47:45.990825680
85	newspapers, akhbar, headlines, 2020, december	6	2020-12-07 10:47:45.990825680
86	religious, highlight, diversity, transformations, highlighted	4	2020-12-07 10:47:45.990825680
87	resigned, remained, 26, total, employees	1	2020-12-07 10:47:45.990825680
88	treasury, billion, annually, finance, dollars	10	2020-12-07 10:47:45.990825680
89	assistants, clarifies, refusal, london, chapter	3	2020-12-07 10:47:45.990825680
90	covenant, soil, confirm, remain, losses	2	2020-12-07 10:47:45.990825680
96	graduation, chief, courses, witnesses, 33	4	2020-12-07 10:47:45.990825680
97	professionals, media, misinformation, trained, taiba	2	2020-12-07 10:47:45.990825680
98	ethiopian, newspaper, hamdok, sodamedia, corona	17	2020-12-07 10:47:45.990825680
100	salute, discover, patriotism, soil, deserve	4	2020-12-07 10:47:45.990825680
101	secondary, corporation, classes, eighth, west	1	2020-12-07 10:47:45.990825680
102	contacts, congress, trump, biden, trumps	1	2020-12-07 10:47:45.990825680
104	burhan, advances, covenant, renews, 51	4	2020-12-07 10:47:45.990825680
105	ministries, revolutionary, agreed, hindered, divided	4	2020-12-07 10:47:45.990825680
109	appointments, commission, refugee, review, 2017	1	2020-12-07 10:47:45.990825680
111	oxygen, patients, kidney, 130, tank	2	2020-12-07 10:47:45.990825680
116	libyan, sending, tripoli, forged, rank	8	2020-12-07 10:47:45.990825680
118	love, consent, marry, daughter, rushed	4	2020-12-07 10:47:45.990825680
120	hotels, speech, minawi, commission, eviction	2	2020-12-07 10:47:45.990825680
127	looting, inside, capital, weapons, terrorist	1	2020-12-07 10:47:45.990825680
134	dispersing, protesters, vicinity, palace, presidential	2	2020-12-07 10:47:45.990825680
138	representative, hadi, behalf, addressed, demanding	1	2020-12-07 10:47:45.990825680
141	kizan, advisors, fired, uprising, 2013	5	2020-12-07 10:47:45.990825680
143	bashir, deposed, supportive, happiness, salute	3	2020-12-07 10:47:45.990825680
145	list, terrorism, officially, sponsor, terrorist	22	2020-12-07 10:47:45.990825680
150	considered, productive, focusing, debt, doors	2	2020-12-07 10:47:45.990825680
154	2020, headlines, december, akhbar, local	3	2020-12-07 10:47:45.990825680
158	homeless, bears, freeze, welfare, appointed	2	2020-12-07 10:47:45.990825680
159	unamid, mission, unitams, departure, resolution	17	2020-12-07 10:47:45.990825680
160	mayor, appreciation, rahman, expressed, enhances	1	2020-12-07 10:47:45.990825680
161	reference, terms, set, ashamed, empowerment	5	2020-12-07 10:47:45.990825680
165	summary, best, akhbar, start, news	1	2020-12-07 10:47:45.990825680
166	limitations, statute, 1989, overthrow, dismiss	2	2020-12-07 10:47:45.990825680
167	dr, din, taha, awad, mustafa	1	2020-12-07 10:47:45.990825680
172	adheres, sadiq, imam, values, principles	1	2020-12-07 10:47:45.990825680
174	summary, best, news, start, ad	3	2020-12-07 10:47:45.990825680
180	58, 55, bus, legitimate, right	1	2020-12-07 10:47:45.990825680
187	geography, common, countries, interests, brothers	3	2020-12-07 10:47:45.990825680
188	researcher, puts, honor, list, liberation	1	2020-12-07 10:47:45.990825680
191	negotiate, right, attention, agreement, affirming	1	2020-12-07 10:47:45.990825680
193	gang, gunfire, importers, police, girl	1	2020-12-07 10:47:45.990825680
195	farms, holding, events, stop, khartoum	2	2020-12-07 10:47:45.990825680
196	investigation, branch, thefts, able, criminal	3	2020-12-07 10:47:45.990825680
201	renaissance, dam, reservations, formula, participating	10	2020-12-07 10:47:45.990825680
202	service, selection, civil, commission, employees	3	2020-12-07 10:47:45.990825680
207	clothing, winter, communication, 2020, charitable	2	2020-12-07 10:47:45.990825680
209	intelligence, egyptian, surprise, burhan, infiltrating	5	2020-12-07 10:47:45.990825680
216	autumn, thought, floods, rains, rates	1	2020-12-07 10:47:45.990825680
221	burden, bear, 2021, budget, implementing	4	2020-12-07 10:47:45.990825680
227	dam, renaissance, differences, dialogue, ethiopia	6	2020-12-07 10:47:45.990825680
232	asks, dismissed, movement, armed, forces	2	2020-12-07 10:47:45.990825680
236	rushing, immunity, aware, lift, accused	2	2020-12-07 10:47:45.990825680
243	house, deprivation, severely, raided, exhausted	1	2020-12-07 10:47:45.990825680
253	stood, saf, brought, like, long	2	2020-12-07 10:47:45.990825680
255	fulfill, congratulates, glorious, pledges, demands	6	2020-12-07 10:47:45.990825680
256	umma, seats, livelihood, party, struggle	1	2020-12-07 10:47:45.990825680
262	test, investigate, missing, persons, calls	1	2020-12-07 10:47:45.990825680
273	moment, life, attacks, traitors, traitor	1	2020-12-07 10:47:45.990825680
278	seizure, contributed, gold, airport, hamdok	2	2020-12-07 10:47:45.990825680
-1	al, committee, geneina, dismissed, 2021	505	2021-01-06 16:59:14.339449536
0	geneina, tribal, benishangul, dead, el	25	2021-01-06 16:59:14.339449536
1	school, higher, secondary, education, institutes	40	2021-01-06 16:59:14.339449536
2	masses, sona, sent, extend, organizations	1	2021-01-06 16:59:14.339449536
3	hilal, al, stadium, sports, match	18	2021-01-06 16:59:14.339449536
4	emir, qatar, receives, biden, deputy	9	2021-01-06 16:59:14.339449536
5	sudani, 2021, newspaper, newspapers, headlines	15	2021-01-06 16:59:14.339449536
6	ethiopia, ethiopian, border, addis, dispute	31	2021-01-06 16:59:14.339449536
7	aids, 90, abdul, ethiopian, camp	3	2021-01-06 16:59:14.339449536
8	israel, israeli, palestinian, normalization, relations	16	2021-01-06 16:59:14.339449536
9	escalation, announce, committees, open, resistance	2	2021-01-06 16:59:14.339449536
11	distorted, farmers, deliberate, industries, chamber	6	2021-01-06 16:59:14.339449536
12	firing, gunfire, gunmen, heard, patrol	7	2021-01-06 16:59:14.339449536
13	paralysis, god, definitely, loaf, remind	6	2021-01-06 16:59:14.339449536
14	optimism, corona, afflicted, schools, parents	4	2021-01-06 16:59:14.339449536
16	quotas, resign, party, denial, candidates	16	2021-01-06 16:59:14.339449536
17	supervisors, society, distribute, crescent, food	1	2021-01-06 16:59:14.339449536
19	colors, biden, strengthen, memorandum, launching	2	2021-01-06 16:59:14.339449536
20	al, meets, wins, stadium, memorandum	4	2021-01-06 16:59:14.339449536
21	doctors, storm, attempts, geneina, residence	6	2021-01-06 16:59:14.339449536
22	means, does, militias, nile, international	1	2021-01-06 16:59:14.339449536
23	hamdok, postponing, faki, formation, decides	22	2021-01-06 16:59:14.339449536
24	reception, yesterday, remaining, total, centers	1	2021-01-06 16:59:14.339449536
25	japan, unhcr, refugees, contribution, donors	2	2021-01-06 16:59:14.339449536
27	relative, reinforcements, calm, geneina, arrival	1	2021-01-06 16:59:14.339449536
28	ethiopian, refugees, tigray, influx, ethiopia	14	2021-01-06 16:59:14.339449536
29	lightning, police, awliya, streets, openly	5	2021-01-06 16:59:14.339449536
30	remittances, bank, transfers, sell, window	4	2021-01-06 16:59:14.339449536
31	tarco, requests, aircraft, criminal, information	1	2021-01-06 16:59:14.339449536
33	usually, lightning, books, falls, inspect	3	2021-01-06 16:59:14.339449536
34	goz, decides, alternative, locations, floods	1	2021-01-06 16:59:14.339449536
35	opponents, reveal, experts, pressure, agreement	5	2021-01-06 16:59:14.339449536
36	revolution, unfortunately, ambition, freedom, glorious	12	2021-01-06 16:59:14.339449536
37	faki, component, rule, military, al	2	2021-01-06 16:59:14.339449536
38	files, prosecution, submitted, ago, corruption	8	2021-01-06 16:59:14.339449536
39	agency, intends, gave, projects, phase	1	2021-01-06 16:59:14.339449536
40	gold, mining, mineral, production, forms	11	2021-01-06 16:59:14.339449536
42	website, investigative, examples, report, dutch	1	2021-01-06 16:59:14.339449536
43	rate, exchange, inflation, monetary, currency	3	2021-01-06 16:59:14.339449536
44	54, coronavirus, infections, recorded, deaths	4	2021-01-06 16:59:14.339449536
45	drugs, substances, sami, alcohol, criminal	4	2021-01-06 16:59:14.339449536
46	trafficking, 77, human, grip, victims	7	2021-01-06 16:59:14.339449536
47	recognition, happened, pressure, reading, tell	5	2021-01-06 16:59:14.339449536
50	source, 24, application, follow, telegram	1	2021-01-06 16:59:14.339449536
51	solve, electricity, fuel, measures, urgent	2	2021-01-06 16:59:14.339449536
52	sit, regard, directed, regions, urgently	3	2021-01-06 16:59:14.339449536
53	gasoline, fuel, pumping, gas, energy	15	2021-01-06 16:59:14.339449536
54	sodamedia, ethiopia, border, deter, restricting	4	2021-01-06 16:59:14.339449536
55	tayeb, bilal, writes, assem, al	5	2021-01-06 16:59:14.339449536
56	signal, application, whatsapp, mass, users	3	2021-01-06 16:59:14.339449536
57	interviews, goodness, device, check, kilograms	5	2021-01-06 16:59:14.339449536
58	kizan, commit, agreed, met, authority	2	2021-01-06 16:59:14.339449536
60	drop, budget, send, economic, palace	6	2021-01-06 16:59:14.339449536
63	protect, god, sudanese, oh, mighty	1	2021-01-06 16:59:14.339449536
64	abdo, modernity, actually, origin, paris	6	2021-01-06 16:59:14.339449536
65	adequate, advice, bags, guidance, doctors	2	2021-01-06 16:59:14.339449536
66	external, internal, reviews, relations, defense	1	2021-01-06 16:59:14.339449536
68	recognition, achieving, achieve, equal, discrimination	2	2021-01-06 16:59:14.339449536
74	attention, swear, friend, path, live	3	2021-01-06 16:59:14.339449536
75	bed, barricades, shameful, injured, speedy	2	2021-01-06 16:59:14.339449536
77	artist, artists, forgiveness, ask, singing	7	2021-01-06 16:59:14.339449536
79	digging, wells, drinking, proposal, respond	3	2021-01-06 16:59:14.339449536
82	urban, database, settlements, strategies, images	1	2021-01-06 16:59:14.339449536
83	quality, activating, programs, hospitals, necessity	1	2021-01-06 16:59:14.339449536
84	martyr, hassan, accused, trial, killing	12	2021-01-06 16:59:14.339449536
85	newspapers, headlines, akhbar, 2021, ad	5	2021-01-06 16:59:14.339449536
87	removal, empowerment, lands, workers, recovery	5	2021-01-06 16:59:14.339449536
88	distortions, address, financial, resources, arrangements	2	2021-01-06 16:59:14.339449536
89	yellow, insult, broad, mountain, explanation	3	2021-01-06 16:59:14.339449536
91	arrives, command, deputy, disputed, hamdok	2	2021-01-06 16:59:14.339449536
93	medicines, pharmaceutical, pharmacy, sudani, medicine	9	2021-01-06 16:59:14.339449536
94	fuel, solve, electricity, measures, urgent	4	2021-01-06 16:59:14.339449536
96	investments, expand, wants, command, arrives	2	2021-01-06 16:59:14.339449536
98	geneina, 83, rises, ethiopian, reinforcements	3	2021-01-06 16:59:14.339449536
102	expect, presidency, sovereign, crisis, trump	1	2021-01-06 16:59:14.339449536
103	achieved, credible, spared, popularity, bias	2	2021-01-06 16:59:14.339449536
105	demonstrations, inherent, commented, faki, denouncing	1	2021-01-06 16:59:14.339449536
106	atta, walking, hemedti, example, hajj	1	2021-01-06 16:59:14.339449536
111	shut, kidney, machines, actors, disruption	1	2021-01-06 16:59:14.339449536
116	hole, daughter, swear, opened, libya	1	2021-01-06 16:59:14.339449536
118	husband, floor, sat, imprisoned, deceased	3	2021-01-06 16:59:14.339449536
121	northwestern, temperatures, drop, parts, regions	1	2021-01-06 16:59:14.339449536
122	adequate, medical, living, dedication, patients	2	2021-01-06 16:59:14.339449536
124	chadian, geneina, chad, events, commented	4	2021-01-06 16:59:14.339449536
129	wanted, chaos, entered, day, war	1	2021-01-06 16:59:14.339449536
132	authorized, breaches, occurrence, destabilize, curfew	1	2021-01-06 16:59:14.339449536
134	sit, daglo, hidden, claimed, promises	5	2021-01-06 16:59:14.339449536
138	party, vision, presented, sacrificed, concerted	3	2021-01-06 16:59:14.339449536
149	exporting, deserve, save, live, livestock	2	2021-01-06 16:59:14.339449536
150	neglected, companies, focus, added, foreign	2	2021-01-06 16:59:14.339449536
151	exceeds, keen, pounds, sugar, develop	4	2021-01-06 16:59:14.339449536
153	railway, jazeera, project, al, transportation	1	2021-01-06 16:59:14.339449536
160	criteria, dividing, presents, proposal, mediation	2	2021-01-06 16:59:14.339449536
161	empowerment, replaced, neglected, steering, enlighten	3	2021-01-06 16:59:14.339449536
163	forgiveness, ask, training, conclude, player	1	2021-01-06 16:59:14.339449536
166	cancels, plotters, dispersal, requests, sit	2	2021-01-06 16:59:14.339449536
167	benefits, reside, losing, male, female	1	2021-01-06 16:59:14.339449536
168	setting, formation, completing, akhbar, ministerial	5	2021-01-06 16:59:14.339449536
174	summary, best, 2021, news, start	1	2021-01-06 16:59:14.339449536
177	yellow, mountain, marks, kingdom, seriousness	1	2021-01-06 16:59:14.339449536
188	protocol, end, based, information, law	1	2021-01-06 16:59:14.339449536
195	spot, 2021, nation, house, omdurman	1	2021-01-06 16:59:14.339449536
202	arbitrarily, consider, dismissed, performance, professionals	2	2021-01-06 16:59:14.339449536
208	horn, expresses, deep, european, concern	1	2021-01-06 16:59:14.339449536
213	treatment, providing, hospitals, psychologically, immediate	2	2021-01-06 16:59:14.339449536
217	partnerships, rehabilitate, archaeological, neglect, site	3	2021-01-06 16:59:14.339449536
221	letter, heba, taught, letters, crises	3	2021-01-06 16:59:14.339449536
225	cars, confiscating, unregistered, confiscated, unregulated	2	2021-01-06 16:59:14.339449536
227	renaissance, dam, ethiopia, border, issues	1	2021-01-06 16:59:14.339449536
236	guards, trial, private, arrest, year	1	2021-01-06 16:59:14.339449536
240	described, noting, statements, reached, hemedti	1	2021-01-06 16:59:14.339449536
242	assurances, enforced, renewing, provisions, resolved	1	2021-01-06 16:59:14.339449536
246	consult, car, permanently, exemptions, inputs	2	2021-01-06 16:59:14.339449536
247	longer, devoted, riding, ordinary, luxury	1	2021-01-06 16:59:14.339449536
249	dealers, arrests, investigations, 27, currency	2	2021-01-06 16:59:14.339449536
253	faki, confirmation, manna, sadiq, gosh	1	2021-01-06 16:59:14.339449536
255	sudani, arman, yasser, prime, remain	4	2021-01-06 16:59:14.339449536
256	umma, party, presidency, chairmanship, adheres	3	2021-01-06 16:59:14.339449536
264	occurred, vandalism, regrets, casualties, dead	1	2021-01-06 16:59:14.339449536
269	benefits, completing, coming, days, endeavors	1	2021-01-06 16:59:14.339449536
273	destruction, stop, traitors, traitor, deception	1	2021-01-06 16:59:14.339449536
-1	al, hamdok, expatriates, government, incentives	456	2021-02-05 23:10:42.688073392
0	rahim, encroachments, geneina, dagalo, inspected	2	2021-02-05 23:10:42.688073392
1	students, education, admission, universities, university	30	2021-02-05 23:10:42.688073392
2	mission, characterized, shortages, humanitarian, inflation	5	2021-02-05 23:10:42.688073392
3	hilal, al, leg, sports, match	21	2021-02-05 23:10:42.688073392
4	italy, stakeholders, arranging, named, capitals	1	2021-02-05 23:10:42.688073392
5	newspaper, sudani, al, sisi, maryam	6	2021-02-05 23:10:42.688073392
6	ethiopian, ethiopia, border, territory, settlement	36	2021-02-05 23:10:42.688073392
7	malaria, borders, doctors, term, tower	2	2021-02-05 23:10:42.688073392
8	israel, jar, anti, bartam, parliamentarian	3	2021-02-05 23:10:42.688073392
10	women, status, personal, communist, girls	7	2021-02-05 23:10:42.688073392
11	bag, pounds, 500, beans, rose	15	2021-02-05 23:10:42.688073392
13	religions, jar, insults, god, supposed	5	2021-02-05 23:10:42.688073392
14	corona, virus, sudani, wave, infected	8	2021-02-05 23:10:42.688073392
16	long, freezes, frozen, agreeing, nation	6	2021-02-05 23:10:42.688073392
19	european, foreign, union, tensions, representative	9	2021-02-05 23:10:42.688073392
20	meets, receives, hamdok, unamid, al	5	2021-02-05 23:10:42.688073392
22	afraid, man, like, army, nile	1	2021-02-05 23:10:42.688073392
23	hamdok, exempt, dr, issues, decision	14	2021-02-05 23:10:42.688073392
24	halted, emptying, reception, vision, command	1	2021-02-05 23:10:42.688073392
25	reside, reconcile, refuse, tigray, addressed	1	2021-02-05 23:10:42.688073392
28	ethiopian, refugees, tigray, reception, ethiopia	10	2021-02-05 23:10:42.688073392
29	specifications, buildings, construction, witness, coming	1	2021-02-05 23:10:42.688073392
30	exchange, bank, rate, banks, pound	37	2021-02-05 23:10:42.688073392
31	travelers, prohibits, aviation, domestic, corona	8	2021-02-05 23:10:42.688073392
33	deploying, reinforcements, declared, protests, explosives	12	2021-02-05 23:10:42.688073392
34	aba, winds, strong, flood, jazira	1	2021-02-05 23:10:42.688073392
35	signatories, separate, daglo, context, continuation	3	2021-02-05 23:10:42.688073392
36	protected, revolution, revolutions, beginning, protect	3	2021-02-05 23:10:42.688073392
37	backbone, postpones, investigator, bakri, absence	1	2021-02-05 23:10:42.688073392
38	manna, prosecutor, maintained, case, public	4	2021-02-05 23:10:42.688073392
40	gold, mining, exports, mineral, trend	8	2021-02-05 23:10:42.688073392
42	activation, imminent, commission, rights, law	1	2021-02-05 23:10:42.688073392
43	inflation, exchange, rate, dollar, currency	38	2021-02-05 23:10:42.688073392
44	corona, virus, infection, cases, wave	5	2021-02-05 23:10:42.688073392
45	drug, pharmacies, pills, drugs, combating	9	2021-02-05 23:10:42.688073392
46	trafficking, human, anti, victims, gang	2	2021-02-05 23:10:42.688073392
47	half, sweet, waiting, witnessed, red	1	2021-02-05 23:10:42.688073392
48	lands, envoy, unity, african, national	1	2021-02-05 23:10:42.688073392
49	planted, stone, bless, lord, rise	2	2021-02-05 23:10:42.688073392
50	application, follow, link, telegram, news	4	2021-02-05 23:10:42.688073392
51	shortage, going, electricity, production, crisis	1	2021-02-05 23:10:42.688073392
53	fuel, energy, saving, justification, gas	4	2021-02-05 23:10:42.688073392
55	tayeb, assem, bilal, writes, al	3	2021-02-05 23:10:42.688073392
57	2021, 25, latest, events, thursday	1	2021-02-05 23:10:42.688073392
60	receipt, know, assets, recovered, mean	2	2021-02-05 23:10:42.688073392
63	welcome, willing, god, sudanese, oh	1	2021-02-05 23:10:42.688073392
64	iron, throw, away, yesterday, meets	3	2021-02-05 23:10:42.688073392
65	defect, failures, plans, treatments, freezing	2	2021-02-05 23:10:42.688073392
66	sanctions, urged, impose, agreement, signatory	5	2021-02-05 23:10:42.688073392
67	northwestern, winds, degrees, noticeable, temperatures	1	2021-02-05 23:10:42.688073392
68	exclude, proposes, comprehensive, reconciliation, solutions	4	2021-02-05 23:10:42.688073392
72	court, criminal, international, affairs, foreign	1	2021-02-05 23:10:42.688073392
74	silent, dont, come, didnt, personally	1	2021-02-05 23:10:42.688073392
77	artist, forgiveness, ask, artists, art	6	2021-02-05 23:10:42.688073392
79	wasting, knows, fine, water, waste	2	2021-02-05 23:10:42.688073392
80	church, fixed, materials, burned, belonging	1	2021-02-05 23:10:42.688073392
83	laboratories, escalate, ends, 28, laboratory	1	2021-02-05 23:10:42.688073392
84	manna, salah, halayeb, arrest, commented	5	2021-02-05 23:10:42.688073392
85	2021, newspapers, headlines, ad, march	4	2021-02-05 23:10:42.688073392
88	heavily, debt, debts, bank, exchange	20	2021-02-05 23:10:42.688073392
89	past, chinese, informed, approach, matter	8	2021-02-05 23:10:42.688073392
90	discord, drive, benefit, transitional, did	1	2021-02-05 23:10:42.688073392
93	pharmacies, medicine, pharmaceutical, medicines, pharmacy	12	2021-02-05 23:10:42.688073392
94	disappear, dairy, periodic, oil, studying	1	2021-02-05 23:10:42.688073392
95	kordofan, west, borders, outcomes, planned	3	2021-02-05 23:10:42.688073392
96	disposal, italy, requests, submitted, obtain	2	2021-02-05 23:10:42.688073392
97	media, believe, raja, rational, officials	2	2021-02-05 23:10:42.688073392
98	european, envoy, sit, agrees, ethiopia	8	2021-02-05 23:10:42.688073392
101	corporation, sabotage, television, radio, involved	1	2021-02-05 23:10:42.688073392
102	questioning, daughter, vice, court, president	1	2021-02-05 23:10:42.688073392
105	forcefully, demonstration, scattered, disperse, dissolved	3	2021-02-05 23:10:42.688073392
110	drones, remote, includes, missile, tank	1	2021-02-05 23:10:42.688073392
111	liver, localization, dialysis, salman, senior	6	2021-02-05 23:10:42.688073392
112	asylum, seekers, immigrants, rejected, center	4	2021-02-05 23:10:42.688073392
115	traders, cleansing, seeking, preserve, massive	1	2021-02-05 23:10:42.688073392
116	haftar, libya, libyan, stakeholders, fulfilled	2	2021-02-05 23:10:42.688073392
117	investor, sells, estate, real, land	1	2021-02-05 23:10:42.688073392
118	alcohol, hide, mother, early, help	3	2021-02-05 23:10:42.688073392
120	demonstrate, protects, seats, immunity, islamists	1	2021-02-05 23:10:42.688073392
128	youtube, bit, click, httpstmesudaaan, httpswhatsappcomchaannel0029vb2jdpaixnnnnnnnnnnnnnpxuj5a1x	1	2021-02-05 23:10:42.688073392
134	abolition, laws, dispersal, reproductive, dedicate	3	2021-02-05 23:10:42.688073392
141	faki, demands, response, geneina, muhammad	5	2021-02-05 23:10:42.688073392
143	bashir, psychologically, reservations, tayeb, die	2	2021-02-05 23:10:42.688073392
144	character, aisha, forgiveness, ask, faisal	2	2021-02-05 23:10:42.688073392
147	processes, accumulated, emphasize, unique, clock	2	2021-02-05 23:10:42.688073392
150	investment, necessity, companies, trend, economy	5	2021-02-05 23:10:42.688073392
154	2021, headlines, akhbar, ad, local	6	2021-02-05 23:10:42.688073392
158	intensification, deterioration, suffered, representatives, researchers	3	2021-02-05 23:10:42.688073392
159	unamid, mission, transitional, vandalism, fulfilling	4	2021-02-05 23:10:42.688073392
161	empowerment, professionals, association, dissolve, desperate	4	2021-02-05 23:10:42.688073392
162	bathrooms, satisfy, walk, growing, corn	2	2021-02-05 23:10:42.688073392
165	summary, 2021, best, akhbar, start	1	2021-02-05 23:10:42.688073392
166	programme, declare, blocking, ignite, regionalism	3	2021-02-05 23:10:42.688073392
167	nafi, responsible, holds, safety, ali	1	2021-02-05 23:10:42.688073392
168	akhbar, suburb, manna, publishes, soba	4	2021-02-05 23:10:42.688073392
172	clearly, religious, visible, hospices, considers	1	2021-02-05 23:10:42.688073392
173	pay, dollars, does, scholarship, admission	1	2021-02-05 23:10:42.688073392
174	summary, best, 2021, news, start	2	2021-02-05 23:10:42.688073392
178	dagalo, rahim, honoring, retreat, abdul	3	2021-02-05 23:10:42.688073392
183	taught, tell, worked, luxurious, imagined	6	2021-02-05 23:10:42.688073392
186	minawi, discusses, arrangements, army, security	1	2021-02-05 23:10:42.688073392
187	sisi, egyptian, visit, burhan, discussions	9	2021-02-05 23:10:42.688073392
199	ministerial, obeid, declaration, homeland, reviews	1	2021-02-05 23:10:42.688073392
201	filling, renaissance, dam, july, unilateral	3	2021-02-05 23:10:42.688073392
208	mandate, sanctions, extending, arman, expert	1	2021-02-05 23:10:42.688073392
217	discovery, cemeteries, pyramids, shalatin, fabricated	5	2021-02-05 23:10:42.688073392
218	fruits, zakat, sugar, roads, implement	1	2021-02-05 23:10:42.688073392
221	heba, investor, scholars, economics, painful	3	2021-02-05 23:10:42.688073392
225	unregistered, extension, ended, vehicles, period	1	2021-02-05 23:10:42.688073392
227	unilateral, views, filling, rejecting, dam	4	2021-02-05 23:10:42.688073392
228	surveillance, infiltration, limit, logistical, modern	1	2021-02-05 23:10:42.688073392
234	guidance, caused, losses, property, geneina	1	2021-02-05 23:10:42.688073392
239	project, jazeera, reconstruction, dollars, indicated	1	2021-02-05 23:10:42.688073392
240	foundation, announced, conflict, resolve, assistance	3	2021-02-05 23:10:42.688073392
243	detainees, staying, prisons, inmates, prison	3	2021-02-05 23:10:42.688073392
246	car, model, vehicle, cars, dollars	6	2021-02-05 23:10:42.688073392
253	gave, did, said, al, discover	3	2021-02-05 23:10:42.688073392
255	swear, hamdok, appoint, paris, gabriel	2	2021-02-05 23:10:42.688073392
259	maternity, childhood, care, pregnant, honey	2	2021-02-05 23:10:42.688073392
262	morgue, unidentified, bodies, madani, wad	5	2021-02-05 23:10:42.688073392
264	breastfeeding, baby, girl, killed, injured	1	2021-02-05 23:10:42.688073392
273	bite, traitors, traitor, deception, mouth	1	2021-02-05 23:10:42.688073392
-1	al, burhan, hamdok, principles, agreement	470	2021-03-08 05:22:11.036697232
1	students, education, university, higher, hisham	18	2021-03-08 05:22:11.036697232
2	british, prevention, envoy, special, famine	3	2021-03-08 05:22:11.036697232
3	al, hilal, mars, sports, burhan	26	2021-03-08 05:22:11.036697232
4	envoys, burhan, european, union, meets	2	2021-03-08 05:22:11.036697232
5	newspaper, 2021, newspapers, headlines, akhbar	10	2021-03-08 05:22:11.036697232
6	ethiopian, ethiopia, qalabat, border, tigray	16	2021-03-08 05:22:11.036697232
7	polio, malaria, vaccine, cases, health	5	2021-03-08 05:22:11.036697232
9	cannon, fatima, helped, injured, joy	2	2021-03-08 05:22:11.036697232
10	women, mothers, sisters, walaa, earth	6	2021-03-08 05:22:11.036697232
11	agricultural, technologies, sector, agriculture, reverse	19	2021-03-08 05:22:11.036697232
12	zones, aware, continuous, long, suffering	1	2021-03-08 05:22:11.036697232
13	god, possess, loaf, corner, beat	5	2021-03-08 05:22:11.036697232
14	corona, virus, health, schools, infections	21	2021-03-08 05:22:11.036697232
16	nominations, successor, chosen, mistake, legislative	11	2021-03-08 05:22:11.036697232
17	models, serving, provided, role, rapid	4	2021-03-08 05:22:11.036697232
18	prisoners, form, investigation, sovereign, regarding	1	2021-03-08 05:22:11.036697232
19	tigray, remains, ready, resolve, help	1	2021-03-08 05:22:11.036697232
20	principles, receives, enlightenment, welcomes, declaration	11	2021-03-08 05:22:11.036697232
21	gathering, doctors, deter, appreciate, notification	1	2021-03-08 05:22:11.036697232
23	hamdok, principles, declaration, wished, successor	7	2021-03-08 05:22:11.036697232
24	authentic, marginalized, opinions, decent, ancient	1	2021-03-08 05:22:11.036697232
28	ethiopian, refugees, tigray, eritrean, ethiopia	5	2021-03-08 05:22:11.036697232
29	press, moved, inspection, guidance, 27	1	2021-03-08 05:22:11.036697232
30	empowerment, removal, bank, pictures, suhair	7	2021-03-08 05:22:11.036697232
31	contracting, planes, airport, flights, airlines	1	2021-03-08 05:22:11.036697232
33	agencies, coordinating, decisively, acts, maintain	3	2021-03-08 05:22:11.036697232
35	signatories, non, agreement, fruitful, decent	2	2021-03-08 05:22:11.036697232
36	revolution, generation, vigilance, proves, revolutionaries	6	2021-03-08 05:22:11.036697232
38	club, prosecutor, prosecution, details, crimes	1	2021-03-08 05:22:11.036697232
40	miners, hamdan, rahim, heart, died	5	2021-03-08 05:22:11.036697232
43	currency, sugar, resorting, floating, monetary	3	2021-03-08 05:22:11.036697232
44	worrying, corona, emergencies, describes, intensive	4	2021-03-08 05:22:11.036697232
45	pills, nahud, seizing, drugs, drug	1	2021-03-08 05:22:11.036697232
46	trafficking, human, virtue, anti, investigation	6	2021-03-08 05:22:11.036697232
47	negative, ok, success, impossible, exceeding	9	2021-03-08 05:22:11.036697232
48	african, union, continent, commission, transitional	5	2021-03-08 05:22:11.036697232
50	application, mars, follow, telegram, link	2	2021-03-08 05:22:11.036697232
51	electricity, generation, thermal, starting, energy	19	2021-03-08 05:22:11.036697232
53	refinery, gas, fuel, energy, queues	9	2021-03-08 05:22:11.036697232
55	mamoun, taiba, hamida, covered, hadi	4	2021-03-08 05:22:11.036697232
56	check, telling, youtube, telecommunications, permissible	3	2021-03-08 05:22:11.036697232
57	miserable, hero, afraid, luck, die	4	2021-03-08 05:22:11.036697232
59	customs, crossings, bashir, fees, problems	6	2021-03-08 05:22:11.036697232
60	treasury, grandfather, felt, finance, valid	6	2021-03-08 05:22:11.036697232
62	newspapers, headlines, morning, happiness, page	2	2021-03-08 05:22:11.036697232
63	count, graves, serve, gabriel, living	3	2021-03-08 05:22:11.036697232
64	hole, throw, hit, says, located	3	2021-03-08 05:22:11.036697232
68	path, track, promises, prosperity, exclusive	4	2021-03-08 05:22:11.036697232
70	hijri, passports, organizes, officers, course	1	2021-03-08 05:22:11.036697232
71	models, serving, provided, role, newspaper	2	2021-03-08 05:22:11.036697232
73	complains, cairo, ministers, arab, khartoum	1	2021-03-08 05:22:11.036697232
74	worse, dont, come, didnt, personally	1	2021-03-08 05:22:11.036697232
79	water, purification, covering, treating, contributes	3	2021-03-08 05:22:11.036697232
81	growth, immigrants, rates, immigration, years	1	2021-03-08 05:22:11.036697232
82	fraud, urban, warning, planning, announcement	1	2021-03-08 05:22:11.036697232
84	forensic, manna, judge, wajdi, collect	8	2021-03-08 05:22:11.036697232
85	newspapers, akhbar, headlines, 2021, ad	7	2021-03-08 05:22:11.036697232
86	regionalism, racism, church, highlighting, tribalism	2	2021-03-08 05:22:11.036697232
87	worker, expatriate, workers, mobility, labor	5	2021-03-08 05:22:11.036697232
88	bank, debts, billion, world, arrears	7	2021-03-08 05:22:11.036697232
89	percent, reduce, 50, corona, affairs	1	2021-03-08 05:22:11.036697232
91	tambour, peace, mustafa, youssef, adam	1	2021-03-08 05:22:11.036697232
93	strip, pharmaceutical, pounds, increases, medicines	15	2021-03-08 05:22:11.036697232
94	riyadh, discussing, oil, cooperation, khartoum	1	2021-03-08 05:22:11.036697232
95	structures, appointing, governance, completing, called	1	2021-03-08 05:22:11.036697232
96	reception, ceremony, chief, command, officers	1	2021-03-08 05:22:11.036697232
98	newspaper, ethiopian, renaissance, ethiopia, dam	11	2021-03-08 05:22:11.036697232
101	radio, television, corporation, west, kordofan	2	2021-03-08 05:22:11.036697232
103	religions, neutrality, single, burhan, transition	1	2021-03-08 05:22:11.036697232
106	kafi, sheikhs, attended, sufi, mr	1	2021-03-08 05:22:11.036697232
111	technicians, dialysis, treat, patients, protest	2	2021-03-08 05:22:11.036697232
113	honey, sidr, sells, mountain, kilo	3	2021-03-08 05:22:11.036697232
117	dollars, value, million, estate, dear	1	2021-03-08 05:22:11.036697232
118	love, confused, loved, parents, tell	3	2021-03-08 05:22:11.036697232
126	hajj, umrah, establishments, pilgrims, licenses	4	2021-03-08 05:22:11.036697232
132	speeches, mills, broken, inventory, declaring	1	2021-03-08 05:22:11.036697232
134	sit, protests, demonstrations, anniversary, command	2	2021-03-08 05:22:11.036697232
138	nominations, challenge, legislative, freedom, change	1	2021-03-08 05:22:11.036697232
141	fulfillment, slogans, prisons, speedy, justice	1	2021-03-08 05:22:11.036697232
144	film, dance, listen, festival, appreciation	1	2021-03-08 05:22:11.036697232
147	convinced, striking, escaping, revolution, hell	1	2021-03-08 05:22:11.036697232
149	birds, threaten, desert, agriculture, large	1	2021-03-08 05:22:11.036697232
150	turning, products, sectors, companies, liberalization	3	2021-03-08 05:22:11.036697232
151	commodity, jordanian, bought, meat, italy	3	2021-03-08 05:22:11.036697232
157	asphalt, armies, defeated, abu, khartoum	1	2021-03-08 05:22:11.036697232
159	unamid, briefed, departure, mission, protect	2	2021-03-08 05:22:11.036697232
160	represent, implemented, trend, juba, does	1	2021-03-08 05:22:11.036697232
161	empowerment, tool, committee, indicates, exaggeration	8	2021-03-08 05:22:11.036697232
162	inhabited, seen, neighborhood, jabal, tribes	2	2021-03-08 05:22:11.036697232
163	denominations, awlia, begins, reservoir, holiday	1	2021-03-08 05:22:11.036697232
165	summary, 2021, best, start, news	6	2021-03-08 05:22:11.036697232
166	coup, requests, rejects, defense, court	4	2021-03-08 05:22:11.036697232
172	incitement, biggest, religion, challenge, principles	2	2021-03-08 05:22:11.036697232
173	scholarships, website, applications, higher, electronic	1	2021-03-08 05:22:11.036697232
174	summary, 2021, best, news, start	3	2021-03-08 05:22:11.036697232
175	800, daily, application, reports, months	1	2021-03-08 05:22:11.036697232
180	unlike, reassuring, ashkit, availability, crossing	2	2021-03-08 05:22:11.036697232
184	meroe, enter, nilein, great, announcement	4	2021-03-08 05:22:11.036697232
187	era, engineer, khaled, considered, omar	1	2021-03-08 05:22:11.036697232
192	generations, migrant, passed, mountains, woman	1	2021-03-08 05:22:11.036697232
193	ashkit, martyred, offered, interior, condolences	2	2021-03-08 05:22:11.036697232
195	ok, outstanding, understand, purpose, let	3	2021-03-08 05:22:11.036697232
201	dam, renaissance, conclude, stock, agent	6	2021-03-08 05:22:11.036697232
207	regret, heard, works, say, make	1	2021-03-08 05:22:11.036697232
217	archaeological, discovery, antiquities, century, destroys	5	2021-03-08 05:22:11.036697232
218	zakat, clouds, encourage, needy, joy	2	2021-03-08 05:22:11.036697232
221	allocations, 180, investors, exceeded, pandemic	2	2021-03-08 05:22:11.036697232
225	think, points, collection, implement, decision	1	2021-03-08 05:22:11.036697232
227	fair, mediation, ethiopia, irrigation, accept	3	2021-03-08 05:22:11.036697232
243	child, raid, warrant, check, detained	2	2021-03-08 05:22:11.036697232
246	changing, cars, salaries, directed, dollar	1	2021-03-08 05:22:11.036697232
249	gold, refers, prosecution, farm, cancels	4	2021-03-08 05:22:11.036697232
255	twice, tyranny, decades, short, moved	1	2021-03-08 05:22:11.036697232
256	umma, rebuilding, foundations, party, institutions	4	2021-03-08 05:22:11.036697232
257	percentage, accept, small, decided, private	1	2021-03-08 05:22:11.036697232
259	baby, sweet, reservations, pregnant, honey	1	2021-03-08 05:22:11.036697232
262	search, missing, ongoing, executive, confirmed	1	2021-03-08 05:22:11.036697232
265	tearing, dragged, colonialism, fragmentation, verge	1	2021-03-08 05:22:11.036697232
281	kafi, supervisors, accommodates, calling, locality	2	2021-03-08 05:22:11.036697232
-1	al, jurisprudence, burhan, academy, dam	201	2021-04-07 11:33:39.385321088
0	sit, ammunition, disperse, live, riding	6	2021-04-07 11:33:39.385321088
1	teachers, qasim, school, grievances, burns	5	2021-04-07 11:33:39.385321088
3	mars, hilal, club, suki, al	4	2021-04-07 11:33:39.385321088
5	newspaper, newspapers, promotions, al, hamdok	8	2021-04-07 11:33:39.385321088
6	ethiopian, ethiopia, 61, paris, burhan	9	2021-04-07 11:33:39.385321088
7	preparedness, preaching, winds, malaria, changing	1	2021-04-07 11:33:39.385321088
8	israeli, secret, officials, israel, website	3	2021-04-07 11:33:39.385321088
10	representatives, organizations, includes, society, various	1	2021-04-07 11:33:39.385321088
11	acres, heads, livestock, camels, farm	10	2021-04-07 11:33:39.385321088
12	bullets, person, killed, armed, militia	1	2021-04-07 11:33:39.385321088
13	executing, company, thank, god, oh	1	2021-04-07 11:33:39.385321088
14	corona, alarm, counterfeiting, coronavirus, sounds	6	2021-04-07 11:33:39.385321088
16	mandate, broad, consultations, delay, governance	5	2021-04-07 11:33:39.385321088
19	gabriel, burhan, ways, enhance, congress	1	2021-04-07 11:33:39.385321088
20	receives, manufacture, giad, gateway, gedaref	3	2021-04-07 11:33:39.385321088
23	raise, grassroots, holding, undersecretary, complete	2	2021-04-07 11:33:39.385321088
25	refugees, legally, prosecute, rent, helping	3	2021-04-07 11:33:39.385321088
26	completion, preaching, disbursing, endowments, west	1	2021-04-07 11:33:39.385321088
27	95, repel, recovered, ready, lands	2	2021-04-07 11:33:39.385321088
28	unamid, demanding, asylum, soldiers, ethiopian	2	2021-04-07 11:33:39.385321088
29	case, police, general, khartoum, security	1	2021-04-07 11:33:39.385321088
30	price, selling, bank, purchase, pounds	5	2021-04-07 11:33:39.385321088
31	airport, aviation, flight, passengers, passenger	11	2021-04-07 11:33:39.385321088
32	exit, intends, visa, canceled, citizen	1	2021-04-07 11:33:39.385321088
33	bear, dealing, responsibility, services, security	2	2021-04-07 11:33:39.385321088
35	mediation, tracks, governing, sharing, regarding	1	2021-04-07 11:33:39.385321088
36	freedom, adhere, change, revolution, december	2	2021-04-07 11:33:39.385321088
37	nafi, brigades, founded, shadow, ousted	1	2021-04-07 11:33:39.385321088
38	specified, method, judicial, document, high	1	2021-04-07 11:33:39.385321088
39	agent, price, deportation, awliya, 400	2	2021-04-07 11:33:39.385321088
43	currency, banking, currencies, parallel, increase	4	2021-04-07 11:33:39.385321088
44	recorded, 42, suspected, virus, cases	2	2021-04-07 11:33:39.385321088
48	salaam, special, es, structure, dealt	1	2021-04-07 11:33:39.385321088
53	fuel, storage, petroleum, products, cost	5	2021-04-07 11:33:39.385321088
55	tayeb, bilal, asim, writes, al	1	2021-04-07 11:33:39.385321088
56	malfunctions, accompanying, networks, addition, starlink	1	2021-04-07 11:33:39.385321088
57	titles, events, issues, ad, todays	1	2021-04-07 11:33:39.385321088
58	saqwl, holds, discuss, freedom, sea	1	2021-04-07 11:33:39.385321088
62	latest, application, link, follow, telegram	1	2021-04-07 11:33:39.385321088
65	solve, fulfill, promised, previously, problem	1	2021-04-07 11:33:39.385321088
66	jurisprudence, investigating, toll, capacity, raising	1	2021-04-07 11:33:39.385321088
68	lies, slogan, attempts, share, lead	1	2021-04-07 11:33:39.385321088
70	passports, problems, delaying, administration, issuance	2	2021-04-07 11:33:39.385321088
79	irrigation, failed, meetings, held, minister	1	2021-04-07 11:33:39.385321088
84	nafi, fadl, responsible, ali, killing	2	2021-04-07 11:33:39.385321088
85	newspapers, 2021, akhbar, headlines, morning	1	2021-04-07 11:33:39.385321088
86	unite, throwing, debate, positions, adopting	1	2021-04-07 11:33:39.385321088
91	mediation, results, sound, delegation, reached	2	2021-04-07 11:33:39.385321088
94	gas, warehouses, agents, fadl, price	7	2021-04-07 11:33:39.385321088
95	kordofan, locality, siddiq, delegation, executive	3	2021-04-07 11:33:39.385321088
98	ethiopian, newspaper, dam, tasiti, renaissance	7	2021-04-07 11:33:39.385321088
101	preservation, microfinance, forestry, intensification, hall	2	2021-04-07 11:33:39.385321088
105	incorrect, outcome, dispersing, arrivals, horn	1	2021-04-07 11:33:39.385321088
106	socialist, christian, hamdok, appreciate, adel	1	2021-04-07 11:33:39.385321088
109	disclosure, delegation, administrative, structural, promoted	1	2021-04-07 11:33:39.385321088
115	ramadan, economists, empower, uprising, rational	1	2021-04-07 11:33:39.385321088
124	chadian, discussions, deputy, sovereign, tut	3	2021-04-07 11:33:39.385321088
126	supervisors, hajj, implements, bara, applications	2	2021-04-07 11:33:39.385321088
141	repression, preferred, copy, responding, abuse	4	2021-04-07 11:33:39.385321088
144	appreciated, visit, director, film, series	1	2021-04-07 11:33:39.385321088
149	definitely, bird, birds, norway, sheep	1	2021-04-07 11:33:39.385321088
150	elected, attract, investment, investors, stable	3	2021-04-07 11:33:39.385321088
151	kilo, meat, pounds, price, pure	1	2021-04-07 11:33:39.385321088
152	mediterranean, 130, died, sea, migrants	2	2021-04-07 11:33:39.385321088
159	accelerating, trials, unamid, potential, eighth	1	2021-04-07 11:33:39.385321088
163	sea, petroleum, red, processing, shipping	1	2021-04-07 11:33:39.385321088
165	summary, 2021, best, akhbar, start	4	2021-04-07 11:33:39.385321088
167	organizes, platform, administration, sea, health	1	2021-04-07 11:33:39.385321088
169	oppose, lose, mandate, regional, components	2	2021-04-07 11:33:39.385321088
172	sheikh, visits, surrounds, collusion, walid	4	2021-04-07 11:33:39.385321088
180	negatively, paying, reflects, transportation, 80	1	2021-04-07 11:33:39.385321088
184	inspection, tour, registration, eastern, centers	1	2021-04-07 11:33:39.385321088
201	dam, violently, verge, filling, renaissance	5	2021-04-07 11:33:39.385321088
202	holder, disclosure, granting, title, employee	1	2021-04-07 11:33:39.385321088
227	dam, renaissance, reckless, integral, involve	2	2021-04-07 11:33:39.385321088
234	massive, broke, burned, kills, teacher	1	2021-04-07 11:33:39.385321088
240	grade, housing, consistent, ninth, promotion	1	2021-04-07 11:33:39.385321088
242	designed, ambush, purposes, possession, defendants	2	2021-04-07 11:33:39.385321088
252	failed, meetings, held, salva, kiir	1	2021-04-07 11:33:39.385321088
256	umma, affirms, sound, construction, party	4	2021-04-07 11:33:39.385321088
264	wished, material, offered, aware, speedy	2	2021-04-07 11:33:39.385321088
269	formation, directed, based, team, information	1	2021-04-07 11:33:39.385321088
270	chadian, chad, discusses, president, offers	1	2021-04-07 11:33:39.385321088
-1	paris, al, conference, chamber, transitional	147	2021-05-07 17:45:07.733944944
0	gap, commissioner, bullets, 27, live	3	2021-05-07 17:45:07.733944944
1	exams, education, certificate, printing, teachers	15	2021-05-07 17:45:07.733944944
3	hilal, al, club, stars, sports	5	2021-05-07 17:45:07.733944944
4	participants, complaints, paris, france, burhan	2	2021-05-07 17:45:07.733944944
5	sudani, newspaper, al, shifting, 2021	6	2021-05-07 17:45:07.733944944
6	ethiopia, ethiopian, depends, sun, procession	12	2021-05-07 17:45:07.733944944
8	burhan, israel, trap, bartam, fertilizer	1	2021-05-07 17:45:07.733944944
10	women, 30th, usually, minors, sexual	2	2021-05-07 17:45:07.733944944
11	paris, ambitious, conference, meat, integrated	4	2021-05-07 17:45:07.733944944
13	forgiveness, ask, god, oh, lord	1	2021-05-07 17:45:07.733944944
14	corona, faki, saqwl, portal, washing	2	2021-05-07 17:45:07.733944944
16	electoral, reforming, legislation, contributions, investment	3	2021-05-07 17:45:07.733944944
19	recognized, internationally, retreat, counterpart, chinese	1	2021-05-07 17:45:07.733944944
20	nilein, recovery, niger, expresses, solve	2	2021-05-07 17:45:07.733944944
21	depression, suffers, severe, society, sudanese	1	2021-05-07 17:45:07.733944944
23	resigned, voting, disrupted, extradition, atta	2	2021-05-07 17:45:07.733944944
27	bartam, qasim, leading, roads, close	1	2021-05-07 17:45:07.733944944
30	banks, bank, pound, transfers, decline	7	2021-05-07 17:45:07.733944944
31	badr, company, called, airport, flights	2	2021-05-07 17:45:07.733944944
35	tensions, deny, existence, crises, mediation	1	2021-05-07 17:45:07.733944944
36	compromise, demonstration, gains, greatest, cohesion	2	2021-05-07 17:45:07.733944944
37	hadi, appealed, repeated, leaders, steps	2	2021-05-07 17:45:07.733944944
38	aforementioned, enjoys, articles, 90, imprisonment	2	2021-05-07 17:45:07.733944944
43	indicate, expectations, noted, 500, dollar	2	2021-05-07 17:45:07.733944944
50	2021, source, 30, network, nyala	2	2021-05-07 17:45:07.733944944
55	older, acknowledge, view, represents, failure	1	2021-05-07 17:45:07.733944944
59	receipt, stages, flow, starting, goods	1	2021-05-07 17:45:07.733944944
62	latest, headlines, newspapers, application, 2021	4	2021-05-07 17:45:07.733944944
69	suna, agency, news, rapid, sudan	1	2021-05-07 17:45:07.733944944
72	afraid, haroun, involved, court, criminal	1	2021-05-07 17:45:07.733944944
73	sawt, occurrence, exercise, announcing, denies	2	2021-05-07 17:45:07.733944944
79	station, water, burri, stations, meters	5	2021-05-07 17:45:07.733944944
80	addresses, rsf, commander, camps, central	1	2021-05-07 17:45:07.733944944
81	flight, pointing, deported, coming, days	2	2021-05-07 17:45:07.733944944
82	eviction, warrant, opened, resisting, legally	2	2021-05-07 17:45:07.733944944
85	sudani, newspapers, headlines, 2021, akhbar	2	2021-05-07 17:45:07.733944944
86	forgiveness, ask, eid, rescues, rituals	3	2021-05-07 17:45:07.733944944
88	bank, growth, world, projects, fairly	2	2021-05-07 17:45:07.733944944
95	sign, agreement, calls, kordofan, peace	1	2021-05-07 17:45:07.733944944
101	west, corporation, kordofan, television, radio	1	2021-05-07 17:45:07.733944944
107	attorney, direction, 29, deliver, results	1	2021-05-07 17:45:07.733944944
117	eviction, 135, notified, neighborhood, notes	2	2021-05-07 17:45:07.733944944
120	sphere, qalwak, strengthens, discord, repeating	2	2021-05-07 17:45:07.733944944
147	attributed, 80, decline, return, numbers	1	2021-05-07 17:45:07.733944944
153	categories, coinciding, transportation, tickets, decline	4	2021-05-07 17:45:07.733944944
161	summoned, concerns, cabinet, matter, decision	1	2021-05-07 17:45:07.733944944
172	fadil, nation, fadlallah, barma, unite	3	2021-05-07 17:45:07.733944944
174	summary, 2021, best, news, start	2	2021-05-07 17:45:07.733944944
185	revolutionary, person, nyala, wounded, members	1	2021-05-07 17:45:07.733944944
188	exciting, story, theft, banking, engineer	1	2021-05-07 17:45:07.733944944
192	story, seventy, tells, inhabited, guest	1	2021-05-07 17:45:07.733944944
193	prosecution, buildings, investigation, public, guards	1	2021-05-07 17:45:07.733944944
201	agreeing, dam, filling, renaissance, tightening	1	2021-05-07 17:45:07.733944944
202	governance, holding, completion, workshop, regional	1	2021-05-07 17:45:07.733944944
206	prohibiting, academy, signing, islamic, issues	1	2021-05-07 17:45:07.733944944
207	clothes, eid, report, notification, donate	1	2021-05-07 17:45:07.733944944
221	paris, investment, conference, al, budget	3	2021-05-07 17:45:07.733944944
252	salva, kiir, delivers, mediation, burhan	1	2021-05-07 17:45:07.733944944
262	unidentified, morgues, investigating, investigate, disappearance	2	2021-05-07 17:45:07.733944944
264	woman, person, injured, killed, including	1	2021-05-07 17:45:07.733944944
267	38, immunity, gaza, defendants, deteriorating	1	2021-05-07 17:45:07.733944944
278	atms, feed, holiday, paris, seizing	1	2021-05-07 17:45:07.733944944
281	appealed, administrations, play, problems, localities	1	2021-05-07 17:45:07.733944944
-1	al, population, sudani, hamdok, newspaper	215	2021-06-06 23:56:36.082568800
0	clashes, 36, 32, killed, dozens	1	2021-06-06 23:56:36.082568800
1	education, funding, students, exams, weak	31	2021-06-06 23:56:36.082568800
3	doha, al, arab, team, stadium	5	2021-06-06 23:56:36.082568800
4	iraqi, doha, counterpart, meets, foreign	1	2021-06-06 23:56:36.082568800
5	newspaper, al, sudani, processions, june	10	2021-06-06 23:56:36.082568800
6	ethiopian, ethiopia, border, tigray, borders	7	2021-06-06 23:56:36.082568800
11	pounds, price, 500, kilo, 700	5	2021-06-06 23:56:36.082568800
13	willing, good, told, god, oh	1	2021-06-06 23:56:36.082568800
14	suspicions, corona, infected, requests, bashir	5	2021-06-06 23:56:36.082568800
16	table, cabinet, draft, 2021, polish	7	2021-06-06 23:56:36.082568800
17	muslims, 84, rescued, bury, tunisian	2	2021-06-06 23:56:36.082568800
20	meets, hamdok, minister, suna, al	12	2021-06-06 23:56:36.082568800
21	delay, numbers, centers, certificate, led	2	2021-06-06 23:56:36.082568800
22	revolutionaries, connection, previous, future, liberation	1	2021-06-06 23:56:36.082568800
23	troika, envoys, raided, hamdok, eat	3	2021-06-06 23:56:36.082568800
28	ethiopian, enforcement, took, tigray, restoring	2	2021-06-06 23:56:36.082568800
29	reports, knife, using, article, ayman	2	2021-06-06 23:56:36.082568800
30	position, bank, central, governor, sudan	1	2021-06-06 23:56:36.082568800
31	cancellation, flights, port, sudan, airport	1	2021-06-06 23:56:36.082568800
32	validity, passport, extension, passports, years	3	2021-06-06 23:56:36.082568800
33	imbada, rejected, request, talk, matter	1	2021-06-06 23:56:36.082568800
34	nouri, phenomenon, impact, destroy, study	2	2021-06-06 23:56:36.082568800
35	appointment, implementation, agreement, decision, peace	1	2021-06-06 23:56:36.082568800
36	revolutionaries, win, revolution, ranks, sweet	5	2021-06-06 23:56:36.082568800
37	makki, sudani, islamists, extension, ruling	1	2021-06-06 23:56:36.082568800
38	code, articles, 130, candidates, revealing	2	2021-06-06 23:56:36.082568800
42	aware, occurred, statements, rights, reveals	1	2021-06-06 23:56:36.082568800
44	49, commissions, 48, corona, vaccination	2	2021-06-06 23:56:36.082568800
45	agreed, releasing, drug, possibility, determine	1	2021-06-06 23:56:36.082568800
46	trafficking, human, department, classified, classification	8	2021-06-06 23:56:36.082568800
47	respond, say, waiting, answer, zero	2	2021-06-06 23:56:36.082568800
48	affirms, commitment, african, union, continued	1	2021-06-06 23:56:36.082568800
51	checks, hamad, electricity, progress, executive	1	2021-06-06 23:56:36.082568800
53	75, barrels, oil, planning, production	1	2021-06-06 23:56:36.082568800
56	internet, accessing, started, mobile, phone	3	2021-06-06 23:56:36.082568800
58	goes, tell, documents, contained, expose	2	2021-06-06 23:56:36.082568800
59	customs, import, individuals, clearance, 57	3	2021-06-06 23:56:36.082568800
60	spending, priorities, tell, mechanisms, budget	1	2021-06-06 23:56:36.082568800
62	newspapers, 2021, headlines, published, morning	5	2021-06-06 23:56:36.082568800
66	sanctions, imposed, justified, 2005, signatories	2	2021-06-06 23:56:36.082568800
70	passports, validity, immigration, passport, category	2	2021-06-06 23:56:36.082568800
71	websites, blocking, journalists, platforms, crime	1	2021-06-06 23:56:36.082568800
73	impact, negative, warns, region, khartoum	1	2021-06-06 23:56:36.082568800
74	conversations, 180, suddenly, ignore, degrees	6	2021-06-06 23:56:36.082568800
77	arts, art, candidate, master, worked	1	2021-06-06 23:56:36.082568800
78	bomb, planned, cell, defense, terrorist	1	2021-06-06 23:56:36.082568800
79	anti, submits, italian, note, protest	1	2021-06-06 23:56:36.082568800
81	accurate, immigration, true, forms, followed	4	2021-06-06 23:56:36.082568800
82	donation, adhya, symposium, generous, buildings	1	2021-06-06 23:56:36.082568800
84	pursues, gosh, interpol, watan, prosecution	1	2021-06-06 23:56:36.082568800
85	akhbar, newspapers, publishes, text, headlines	1	2021-06-06 23:56:36.082568800
87	levels, talk, buys, unemployment, workers	1	2021-06-06 23:56:36.082568800
88	examples, billion, explicit, monetary, subsidies	2	2021-06-06 23:56:36.082568800
91	juba, decisive, negotiations, follows, letter	3	2021-06-06 23:56:36.082568800
93	pharmacists, protest, file, stand, renaissance	2	2021-06-06 23:56:36.082568800
94	price, sugar, fuel, prices, rise	4	2021-06-06 23:56:36.082568800
95	tamper, west, kordofan, distort, containing	2	2021-06-06 23:56:36.082568800
96	colonel, captain, apparatus, brigadier, lieutenant	1	2021-06-06 23:56:36.082568800
97	proposals, draft, media, reform, undersecretary	1	2021-06-06 23:56:36.082568800
98	renaissance, newspaper, dam, ethiopia, ethiopian	8	2021-06-06 23:56:36.082568800
105	qalwak, planting, refrain, salvation, demonstrations	1	2021-06-06 23:56:36.082568800
108	advancing, norwegian, improve, capabilities, opportunities	1	2021-06-06 23:56:36.082568800
109	population, influxes, dimension, limiting, density	2	2021-06-06 23:56:36.082568800
112	nationalities, different, libya, northwestern, saving	2	2021-06-06 23:56:36.082568800
118	love, traveled, talked, told, forgive	6	2021-06-06 23:56:36.082568800
121	temperatures, meteorology, low, drop, expectations	1	2021-06-06 23:56:36.082568800
132	transports, fadil, barricades, 63, freed	1	2021-06-06 23:56:36.082568800
138	puts, assembly, alliance, problems, gedaref	1	2021-06-06 23:56:36.082568800
151	kilo, price, pounds, vegetables, rose	7	2021-06-06 23:56:36.082568800
152	migrants, tunisian, coast, boat, mediterranean	6	2021-06-06 23:56:36.082568800
155	roads, 135, jiyad, bridges, kilometers	2	2021-06-06 23:56:36.082568800
160	agreement, half, enforce, reintegration, peace	3	2021-06-06 23:56:36.082568800
161	empowerment, removal, invite, storming, committee	4	2021-06-06 23:56:36.082568800
165	summary, 2021, best, akhbar, start	1	2021-06-06 23:56:36.082568800
166	89, lawyer, absent, coup, relationship	2	2021-06-06 23:56:36.082568800
172	weekly, assem, bilal, analysis, hour	1	2021-06-06 23:56:36.082568800
174	summary, 2021, best, news, start	1	2021-06-06 23:56:36.082568800
180	postpones, turk, exciting, closure, statements	3	2021-06-06 23:56:36.082568800
191	crucial, negotiations, delegations, mediation, final	2	2021-06-06 23:56:36.082568800
195	nilein, al, khartoum, source, omdurman	1	2021-06-06 23:56:36.082568800
201	renaissance, dam, harm, session, welcomes	6	2021-06-06 23:56:36.082568800
216	emergencies, formed, floods, fall, supreme	1	2021-06-06 23:56:36.082568800
218	removing, empowerment, requires, insurance, islamic	1	2021-06-06 23:56:36.082568800
227	renaissance, dam, signed, right, exchange	1	2021-06-06 23:56:36.082568800
236	cell, 27, trial, case, start	1	2021-06-06 23:56:36.082568800
239	saving, summer, memorandum, jazeera, season	1	2021-06-06 23:56:36.082568800
242	combing, containing, broken, illegal, immigrants	2	2021-06-06 23:56:36.082568800
246	cars, import, buses, strictly, model	4	2021-06-06 23:56:36.082568800
249	abort, sabotage, currency, carrying, groups	1	2021-06-06 23:56:36.082568800
252	offers, condolences, late, juba, delegation	1	2021-06-06 23:56:36.082568800
259	pregnant, old, months, honey, mothers	1	2021-06-06 23:56:36.082568800
267	deployment, hajar, soldiers, days, witness	1	2021-06-06 23:56:36.082568800
277	forest, forestry, concessions, focusing, tree	1	2021-06-06 23:56:36.082568800
-1	al, sudani, newspaper, burhan, sacrificial	201	2021-07-07 06:08:04.431192656
0	kabkabiya, sadiq, southeast, wahid, confrontations	3	2021-07-07 06:08:04.431192656
1	school, parents, students, fees, increases	17	2021-07-07 06:08:04.431192656
2	toll, rose, malnutrition, resume, suffer	1	2021-07-07 06:08:04.431192656
3	imbada, sports, rainwater, john, counterparts	1	2021-07-07 06:08:04.431192656
5	newspaper, al, newspapers, 2021, sudani	10	2021-07-07 06:08:04.431192656
6	ethiopian, ethiopia, border, captain, qalabat	14	2021-07-07 06:08:04.431192656
7	hepatitis, contain, virus, teams, sent	2	2021-07-07 06:08:04.431192656
11	wheat, valuable, atms, crop, filling	2	2021-07-07 06:08:04.431192656
14	coronavirus, corona, noticeable, sea, infections	7	2021-07-07 06:08:04.431192656
16	legislative, easy, governors, inherent, nominations	4	2021-07-07 06:08:04.431192656
17	girls, aba, freeing, sacrifice, implements	2	2021-07-07 06:08:04.431192656
19	relations, normal, america, ambassador, chairman	6	2021-07-07 06:08:04.431192656
20	confirms, governor, minister, al, meets	14	2021-07-07 06:08:04.431192656
21	msf, services, water, alike, maternity	1	2021-07-07 06:08:04.431192656
23	hamdok, advisor, reactions, mixed, box	11	2021-07-07 06:08:04.431192656
26	bureau, checks, statistics, census, rainwater	2	2021-07-07 06:08:04.431192656
28	tension, 78, restricted, tigray, ethiopian	4	2021-07-07 06:08:04.431192656
30	rate, liberalization, measure, dismiss, appoint	3	2021-07-07 06:08:04.431192656
33	catch, drawn, raid, solid, developed	1	2021-07-07 06:08:04.431192656
34	flood, level, floods, revenue, indicators	7	2021-07-07 06:08:04.431192656
35	turning, sake, page, stability, dialogue	2	2021-07-07 06:08:04.431192656
38	corruption, desired, prestige, rejection, extend	2	2021-07-07 06:08:04.431192656
40	mining, ardoul, gold, companies, mr	3	2021-07-07 06:08:04.431192656
43	kizan, average, hadi, 38, wrote	2	2021-07-07 06:08:04.431192656
44	sweeping, warnings, corona, soon, spread	2	2021-07-07 06:08:04.431192656
45	escaped, dealers, drug, major, police	1	2021-07-07 06:08:04.431192656
46	trafficking, victims, human, smuggling, investigations	10	2021-07-07 06:08:04.431192656
47	mind, come, waiting, answer, zero	1	2021-07-07 06:08:04.431192656
50	scene, follow, link, telegram, httpstmesudaaan	1	2021-07-07 06:08:04.431192656
60	decides, uproot, spend, imagine, check	2	2021-07-07 06:08:04.431192656
62	suna, agency, headlines, newspapers, hamdok	3	2021-07-07 06:08:04.431192656
66	implementation, progress, juba, transition, scores	2	2021-07-07 06:08:04.431192656
68	muammar, convening, revolutionary, 71, igniting	1	2021-07-07 06:08:04.431192656
73	non, kabbashi, ministers, component, bilateral	2	2021-07-07 06:08:04.431192656
77	2022, artist, declares, celebrate, late	2	2021-07-07 06:08:04.431192656
78	undermine, rumors, networks, spread, terrorist	1	2021-07-07 06:08:04.431192656
79	renaissance, dam, methodology, dialogue, irrigation	7	2021-07-07 06:08:04.431192656
82	powers, encroachment, pursue, hamed, mayor	2	2021-07-07 06:08:04.431192656
83	center, health, delivery, 17, nada	1	2021-07-07 06:08:04.431192656
85	newspapers, headlines, morning, 2021, published	5	2021-07-07 06:08:04.431192656
87	wage, minimum, expectations, 23, 24	1	2021-07-07 06:08:04.431192656
88	fruit, patience, bear, sweeping, debt	3	2021-07-07 06:08:04.431192656
89	russian, industry, investors, partner, discussion	4	2021-07-07 06:08:04.431192656
90	entity, unity, complete, armed, forces	1	2021-07-07 06:08:04.431192656
91	peace, supreme, negotiation, councils, beja	3	2021-07-07 06:08:04.431192656
95	abbasiya, kordofan, governors, qadir, west	5	2021-07-07 06:08:04.431192656
97	publications, appointment, dismantling, press, elections	3	2021-07-07 06:08:04.431192656
98	ethiopian, landing, newspaper, dam, planes	6	2021-07-07 06:08:04.431192656
101	hammad, corporation, television, radio, west	1	2021-07-07 06:08:04.431192656
106	fatigue, worker, exhausted, circulating, picture	1	2021-07-07 06:08:04.431192656
107	accelerating, laying, telecommunications, regulatory, volcker	1	2021-07-07 06:08:04.431192656
109	nahud, priorities, hilal, arrives, face	1	2021-07-07 06:08:04.431192656
111	detection, hearing, modernity, devices, early	2	2021-07-07 06:08:04.431192656
112	assistance, migrants, libyan, libya, receiving	1	2021-07-07 06:08:04.431192656
114	migration, mediterranean, migrants, illegal, organization	4	2021-07-07 06:08:04.431192656
120	failures, consolidating, sudani, biden, serving	1	2021-07-07 06:08:04.431192656
132	signatories, minni, arko, minawi, 10	1	2021-07-07 06:08:04.431192656
134	videos, dispersal, sit, examination, sitin	1	2021-07-07 06:08:04.431192656
152	coast, boat, migrants, drowned, mediterranean	6	2021-07-07 06:08:04.431192656
154	2021, 22, headlines, prominent, thursday	1	2021-07-07 06:08:04.431192656
163	center, holiday, al, health, taiba	1	2021-07-07 06:08:04.431192656
165	summary, 2021, best, start, news	3	2021-07-07 06:08:04.431192656
166	judge, coup, second, court, time	1	2021-07-07 06:08:04.431192656
167	corporation, television, radio, sea, red	1	2021-07-07 06:08:04.431192656
168	guarantor, societal, newspaper, police, al	1	2021-07-07 06:08:04.431192656
169	level, resolved, maintaining, unless, governance	1	2021-07-07 06:08:04.431192656
173	artistic, clock, honest, rates, independent	5	2021-07-07 06:08:04.431192656
174	summary, best, 2021, news, start	6	2021-07-07 06:08:04.431192656
180	traffic, department, forging, unregulated, din	1	2021-07-07 06:08:04.431192656
184	located, closest, concentrated, fragile, banks	1	2021-07-07 06:08:04.431192656
193	bashaer, morgues, capacity, times, present	1	2021-07-07 06:08:04.431192656
200	disavowed, signatory, movements, signatories, knowing	1	2021-07-07 06:08:04.431192656
201	dam, renaissance, continent, ambassador, filling	4	2021-07-07 06:08:04.431192656
209	roles, burhan, intelligence, praises, service	1	2021-07-07 06:08:04.431192656
215	scene, link, follow, telegram, sudanesearmedforces	1	2021-07-07 06:08:04.431192656
216	floods, damage, causing, demolition, accidents	4	2021-07-07 06:08:04.431192656
227	filling, irrigation, jordanian, dam, billion	2	2021-07-07 06:08:04.431192656
235	meteorology, intermediate, rain, warns, heavy	2	2021-07-07 06:08:04.431192656
249	thwarted, kilos, suspects, smuggle, gold	5	2021-07-07 06:08:04.431192656
250	brother, brothers, allocated, delivered, zakat	1	2021-07-07 06:08:04.431192656
252	faki, salva, kiir, implementation, hemedti	2	2021-07-07 06:08:04.431192656
253	mona, ardoul, knows, arko, agree	1	2021-07-07 06:08:04.431192656
256	umma, mentioning, split, party, single	1	2021-07-07 06:08:04.431192656
262	morgue, forensic, experts, delaying, excellence	4	2021-07-07 06:08:04.431192656
264	drowned, wrote, tweet, survivors, guard	1	2021-07-07 06:08:04.431192656
269	continuous, clear, plan, endeavors, succeed	1	2021-07-07 06:08:04.431192656
278	muammar, opposing, systematically, registering, recognition	1	2021-07-07 06:08:04.431192656
-1	al, burhan, hamdok, newspaper, sudani	225	2021-08-06 12:19:32.779816496
0	factions, area, confrontations, territory, thousands	3	2021-08-06 12:19:32.779816496
1	education, students, zalingei, school, postponement	14	2021-08-06 12:19:32.779816496
2	ocha, conflict, different, 2021, west	3	2021-08-06 12:19:32.779816496
3	player, bells, loses, transit, equal	6	2021-08-06 12:19:32.779816496
4	produces, liberalization, amin, ships, obstructing	1	2021-08-06 12:19:32.779816496
5	newspaper, kilos, dismiss, al, newspapers	11	2021-08-06 12:19:32.779816496
6	ethiopia, interfere, adeeb, nabil, hamdok	5	2021-08-06 12:19:32.779816496
7	epidemic, hepatitis, infections, spread, zayed	4	2021-08-06 12:19:32.779816496
11	morgues, settlements, obtains, overcrowding, monetary	6	2021-08-06 12:19:32.779816496
14	clinic, vaccines, corona, al, vaccine	11	2021-08-06 12:19:32.779816496
16	favoritism, appointment, ready, meet, procedures	1	2021-08-06 12:19:32.779816496
17	overcome, leading, mustafa, professor, abu	1	2021-08-06 12:19:32.779816496
20	burhan, al, hamdok, meets, erdogan	16	2021-08-06 12:19:32.779816496
23	hamdok, mechanism, incubator, initiative, al	16	2021-08-06 12:19:32.779816496
25	legacy, sona, hosting, play, seven	1	2021-08-06 12:19:32.779816496
28	ethiopian, exceptions, refugees, flows, prophet	4	2021-08-06 12:19:32.779816496
29	taj, radical, identification, mahjoub, drivers	1	2021-08-06 12:19:32.779816496
30	allows, banks, bank, denouncing, freezing	4	2021-08-06 12:19:32.779816496
32	passport, fees, abroad, significant, review	1	2021-08-06 12:19:32.779816496
34	floods, rains, houses, collapse, torrential	17	2021-08-06 12:19:32.779816496
35	undermine, livestock, movements, agreement, peace	1	2021-08-06 12:19:32.779816496
37	maintains, want, competencies, amin, turk	1	2021-08-06 12:19:32.779816496
38	delayed, candidates, conduct, appoint, examination	1	2021-08-06 12:19:32.779816496
40	gold, owns, mining, refinery, production	4	2021-08-06 12:19:32.779816496
43	dissolved, reconcile, consumer, bank, deputy	2	2021-08-06 12:19:32.779816496
44	virus, infected, rescue, approach, demonstrations	2	2021-08-06 12:19:32.779816496
45	abuse, unanimously, ice, frequent, beds	4	2021-08-06 12:19:32.779816496
48	ethiopians, convince, contacted, igad, currently	1	2021-08-06 12:19:32.779816496
50	scene, follow, link, telegram, httpstmesudaaan	2	2021-08-06 12:19:32.779816496
51	fabricated, deadline, electricity, resolve, energy	2	2021-08-06 12:19:32.779816496
52	fragile, situations, harsh, suffer, persons	2	2021-08-06 12:19:32.779816496
53	french, solve, problem, fuel, arrived	3	2021-08-06 12:19:32.779816496
62	sudani, confidence, suna, agency, team	3	2021-08-06 12:19:32.779816496
68	shared, alliance, solution, transitional, leaders	1	2021-08-06 12:19:32.779816496
71	journalists, media, stresses, workshop, prosecutor	1	2021-08-06 12:19:32.779816496
72	heathrow, prosecutor, line, evidence, criminal	1	2021-08-06 12:19:32.779816496
73	maulana, affirms, enhancing, sovereign, member	1	2021-08-06 12:19:32.779816496
77	artist, electricity, donations, wrote, networking	1	2021-08-06 12:19:32.779816496
81	transferring, hosting, temporary, completed, procedures	2	2021-08-06 12:19:32.779816496
83	specialists, hardship, migration, obtaining, 400	4	2021-08-06 12:19:32.779816496
84	manufacture, beans, immunity, lifting, officers	1	2021-08-06 12:19:32.779816496
85	newspapers, 2021, headlines, morning, issued	11	2021-08-06 12:19:32.779816496
86	sudani, fear, say, based, care	2	2021-08-06 12:19:32.779816496
91	hamdok, troika, deng, kiir, ambassadors	1	2021-08-06 12:19:32.779816496
93	medicine, energy, supplies, government, pharmaceutical	3	2021-08-06 12:19:32.779816496
94	harm, origin, dismantling, want, decisions	3	2021-08-06 12:19:32.779816496
95	kordofan, federal, connection, west, hamar	6	2021-08-06 12:19:32.779816496
97	faith, dissolved, modernity, dealing, good	1	2021-08-06 12:19:32.779816496
98	renaissance, dam, ethiopian, ethiopia, summons	5	2021-08-06 12:19:32.779816496
101	corporation, conferences, television, west, radio	2	2021-08-06 12:19:32.779816496
105	sit, dispersal, meals, meat, dead	3	2021-08-06 12:19:32.779816496
107	want, competencies, maintains, objection, plays	2	2021-08-06 12:19:32.779816496
141	rapporteur, sharp, dispersal, disagreements, sit	1	2021-08-06 12:19:32.779816496
143	bashir, erdogan, trial, burhan, extradition	4	2021-08-06 12:19:32.779816496
147	deterioration, expulsion, family, boats, migrants	7	2021-08-06 12:19:32.779816496
154	2021, 21, headlines, newspapers, saturday	1	2021-08-06 12:19:32.779816496
155	tut, qalwak, connect, railways, roads	1	2021-08-06 12:19:32.779816496
158	homeless, homelessness, taiba, social, children	5	2021-08-06 12:19:32.779816496
161	correction, mistake, buildings, happened, requires	1	2021-08-06 12:19:32.779816496
162	houses, collapsed, partially, neighborhood, completely	1	2021-08-06 12:19:32.779816496
165	summary, 2021, best, start, news	7	2021-08-06 12:19:32.779816496
168	newspaper, cooperative, atta, al, entities	12	2021-08-06 12:19:32.779816496
173	artistic, clock, honest, site, rates	9	2021-08-06 12:19:32.779816496
174	summary, 2021, best, news, start	2	2021-08-06 12:19:32.779816496
180	scale, emphasizes, trucks, crossings, control	1	2021-08-06 12:19:32.779816496
184	karima, passes, western, atbara, north	1	2021-08-06 12:19:32.779816496
193	denunciation, investigation, treacherous, influential, investigations	2	2021-08-06 12:19:32.779816496
201	dam, renaissance, ethiopia, spot, bright	1	2021-08-06 12:19:32.779816496
202	men, young, service, public, women	1	2021-08-06 12:19:32.779816496
206	prohibiting, academy, islamic, conference, issues	1	2021-08-06 12:19:32.779816496
215	unregulated, collection, supreme, scene, sudanesearmedforces	1	2021-08-06 12:19:32.779816496
216	conducted, damage, poles, notified, local	2	2021-08-06 12:19:32.779816496
222	travelers, 700, hamed, bus, compared	4	2021-08-06 12:19:32.779816496
227	meters, coming, ethiopian, border, blue	1	2021-08-06 12:19:32.779816496
239	jazeera, project, al, governor, aljazeera	3	2021-08-06 12:19:32.779816496
242	strip, specific, illegal, immigration, combat	1	2021-08-06 12:19:32.779816496
249	kilos, suspicious, seizes, smuggled, arrests	1	2021-08-06 12:19:32.779816496
253	understood, rings, bells, tayeb, sisters	1	2021-08-06 12:19:32.779816496
255	regained, imported, hamdok, era, solutions	3	2021-08-06 12:19:32.779816496
256	umma, benishangul, party, adopt, fake	2	2021-08-06 12:19:32.779816496
262	forensic, secrets, doctors, bodies, mistake	5	2021-08-06 12:19:32.779816496
264	epic, settled, rain, solidarity, described	1	2021-08-06 12:19:32.779816496
281	locality, mamoun, rapporteur, geographical, executive	2	2021-08-06 12:19:32.779816496
-1	al, sudani, hamdok, coup, burhan	236	2021-09-05 18:31:01.128440352
0	converting, convening, child, loots, secession	5	2021-09-05 18:31:01.128440352
1	students, schools, education, hard, schedule	17	2021-09-05 18:31:01.128440352
3	hilal, football, league, al, cup	14	2021-09-05 18:31:01.128440352
5	newspaper, al, sudani, newspapers, headlines	19	2021-09-05 18:31:01.128440352
6	eritrean, ethiopian, ethiopia, tigray, eritrea	7	2021-09-05 18:31:01.128440352
7	aids, hepatitis, cases, vaccine, tigray	4	2021-09-05 18:31:01.128440352
8	arrangement, glasses, maritime, israel, israeli	2	2021-09-05 18:31:01.128440352
9	turk, event, group, heart, ammunition	1	2021-09-05 18:31:01.128440352
10	sexual, topics, persecution, focus, violence	1	2021-09-05 18:31:01.128440352
11	livestock, agricultural, kilo, marketing, production	8	2021-09-05 18:31:01.128440352
13	thank, losses, life, god, oh	1	2021-09-05 18:31:01.128440352
14	auction, corona, league, consolidate, localization	2	2021-09-05 18:31:01.128440352
16	party, amended, printed, transitional, excluded	10	2021-09-05 18:31:01.128440352
17	relieve, quick, endowments, communities, thanks	1	2021-09-05 18:31:01.128440352
18	exist, individual, kidnapping, perpetrators, torture	1	2021-09-05 18:31:01.128440352
19	abiy, threatens, house, ahmed, white	2	2021-09-05 18:31:01.128440352
20	meets, al, hamdok, confirms, agency	8	2021-09-05 18:31:01.128440352
22	saqwl, liberation, leadership, ali, chairman	1	2021-09-05 18:31:01.128440352
23	hamdok, assassination, revolutionary, faki, unity	8	2021-09-05 18:31:01.128440352
24	kilometers, 35, construction, half, pointing	1	2021-09-05 18:31:01.128440352
25	estimates, maryam, sadiq, hosting, fulfilled	4	2021-09-05 18:31:01.128440352
26	adhya, starts, locality, parade, immunization	1	2021-09-05 18:31:01.128440352
28	tigray, ethiopian, refugees, ethiopia, refugee	3	2021-09-05 18:31:01.128440352
30	half, dollars, bank, exchange, auction	4	2021-09-05 18:31:01.128440352
32	identity, data, employ, expatriate, id	1	2021-09-05 18:31:01.128440352
34	floods, rains, flooded, torrents, homes	7	2021-09-05 18:31:01.128440352
35	dialogue, east, engage, politicians, component	1	2021-09-05 18:31:01.128440352
36	revolution, lifted, protect, attack, man	4	2021-09-05 18:31:01.128440352
37	component, burhan, virtue, excluding, faki	3	2021-09-05 18:31:01.128440352
38	mentioned, ignorance, establishing, empowerment, corruption	1	2021-09-05 18:31:01.128440352
43	billion, deposits, volume, value, banks	2	2021-09-05 18:31:01.128440352
46	56, seizes, trafficking, saqwl, victims	1	2021-09-05 18:31:01.128440352
48	sudani, umbrella, resume, communist, removal	1	2021-09-05 18:31:01.128440352
52	responsibility, hardship, solving, assume, transparency	1	2021-09-05 18:31:01.128440352
53	chair, got, belong, answer, stock	2	2021-09-05 18:31:01.128440352
55	sir, sayed, entity, 16, ahmed	1	2021-09-05 18:31:01.128440352
62	maryam, sadiq, voice, suna, agency	2	2021-09-05 18:31:01.128440352
65	machines, installed, hospital, machine, treated	2	2021-09-05 18:31:01.128440352
68	disappear, unity, unite, gains, preserving	1	2021-09-05 18:31:01.128440352
72	amal, court, criminal, prosecutor, appointed	4	2021-09-05 18:31:01.128440352
74	ignorant, truly, know, dont, come	1	2021-09-05 18:31:01.128440352
76	quantity, hit, expatriate, used, vehicles	1	2021-09-05 18:31:01.128440352
78	assassinations, emergence, physical, killings, aspects	1	2021-09-05 18:31:01.128440352
79	drinking, overcome, urban, ways, problems	1	2021-09-05 18:31:01.128440352
80	muslim, brotherhood, eritrean, ismail, muhammad	1	2021-09-05 18:31:01.128440352
81	identity, 24, proving, hours, leave	1	2021-09-05 18:31:01.128440352
82	estate, ones, ask, real, money	1	2021-09-05 18:31:01.128440352
85	newspapers, 2021, headlines, morning, ad	2	2021-09-05 18:31:01.128440352
87	dropped, reception, purpose, numbers, revealed	1	2021-09-05 18:31:01.128440352
88	bank, world, economic, growth, annual	6	2021-09-05 18:31:01.128440352
90	ready, confront, military, pardon, reporting	1	2021-09-05 18:31:01.128440352
93	medicines, clearance, keeping, bears, warehouses	2	2021-09-05 18:31:01.128440352
95	ministers, powers, kordofan, unify, exercise	2	2021-09-05 18:31:01.128440352
97	suspends, publication, publishing, advertisement, punishment	1	2021-09-05 18:31:01.128440352
98	restructure, 83, retirement, sudani, attempted	1	2021-09-05 18:31:01.128440352
106	census, jica, supervisory, fertilizer, enlightening	1	2021-09-05 18:31:01.128440352
108	organizations, donor, commission, constant, federal	2	2021-09-05 18:31:01.128440352
120	workflow, pipeline, harmful, regular, somali	1	2021-09-05 18:31:01.128440352
122	trials, criticized, passed, loss, talk	1	2021-09-05 18:31:01.128440352
132	executives, west, joins, qamar, trench	1	2021-09-05 18:31:01.128440352
134	dispersing, processions, bag, sit, website	4	2021-09-05 18:31:01.128440352
138	pens, gift, exclude, refuse, component	2	2021-09-05 18:31:01.128440352
145	somali, turkey, detained, advisor, coming	2	2021-09-05 18:31:01.128440352
151	pounds, vegetables, price, kilo, prices	5	2021-09-05 18:31:01.128440352
153	founded, khashm, transportation, established, returned	1	2021-09-05 18:31:01.128440352
160	component, fulfilled, forefront, safely, civilian	1	2021-09-05 18:31:01.128440352
161	empowerment, bear, witness, release, right	1	2021-09-05 18:31:01.128440352
162	glasses, beja, security, calm, neighborhood	1	2021-09-05 18:31:01.128440352
165	summary, 2021, best, start, news	5	2021-09-05 18:31:01.128440352
168	migrants, come, long, commission, way	1	2021-09-05 18:31:01.128440352
169	balanced, pursuing, serves, highest, interests	1	2021-09-05 18:31:01.128440352
174	summary, best, 2021, news, start	1	2021-09-05 18:31:01.128440352
177	transportation, founded, father, brother, known	1	2021-09-05 18:31:01.128440352
178	easier, restructuring, intended, cleaning, talk	1	2021-09-05 18:31:01.128440352
182	guterres, democratic, transition, norway, york	2	2021-09-05 18:31:01.128440352
183	currently, 12, expatriates, reports, opening	1	2021-09-05 18:31:01.128440352
193	heathrow, impersonating, latif, lesson, kamal	1	2021-09-05 18:31:01.128440352
209	investor, worker, allowed, intelligence, spy	1	2021-09-05 18:31:01.128440352
216	catastrophic, intervention, described, requires, urgent	1	2021-09-05 18:31:01.128440352
224	broadcasting, explains, stops, reasons, omdurman	1	2021-09-05 18:31:01.128440352
225	giad, award, car, citizen, receives	2	2021-09-05 18:31:01.128440352
240	expedite, expanded, isolation, governors, agreed	1	2021-09-05 18:31:01.128440352
242	pushes, cross, reduce, trafficking, group	2	2021-09-05 18:31:01.128440352
266	excellent, 300, relationship, went, youth	1	2021-09-05 18:31:01.128440352
-1	wajdi, saleh, dismantling, component, al	114	2021-10-06 00:42:29.477064208
1	university, professors, empowerment, salaries, removal	7	2021-10-06 00:42:29.477064208
5	newspaper, al, burhan, sit, hamdok	10	2021-10-06 00:42:29.477064208
10	hinder, amending, laws, women, information	1	2021-10-06 00:42:29.477064208
11	flour, commerce, regard, quantities, arrived	1	2021-10-06 00:42:29.477064208
16	dissolving, gabriel, unified, returns, speech	4	2021-10-06 00:42:29.477064208
19	professor, qatar, policy, communicated, introduced	1	2021-10-06 00:42:29.477064208
20	book, fair, review, minister, zalingei	4	2021-10-06 00:42:29.477064208
21	thirst, recording, desert, noted, correspondent	1	2021-10-06 00:42:29.477064208
23	hamdok, current, crisis, essence, accord	5	2021-10-06 00:42:29.477064208
26	rahad, blue, nile, foundations, locality	1	2021-10-06 00:42:29.477064208
27	ardoul, reinforcements, send, armed, al	1	2021-10-06 00:42:29.477064208
28	foreigners, ethiopian, influx, registered, requests	7	2021-10-06 00:42:29.477064208
32	presence, inventory, foreign, foreigners, harboring	1	2021-10-06 00:42:29.477064208
34	600, rains, floods, destroy, point	1	2021-10-06 00:42:29.477064208
36	revolution, october, anniversary, goals, glorious	13	2021-10-06 00:42:29.477064208
38	dismantling, oppose, dissolving, judges, competencies	4	2021-10-06 00:42:29.477064208
43	growth, expect, positive, 2021, achieve	1	2021-10-06 00:42:29.477064208
44	100, corona, deaths, confirmed, cases	2	2021-10-06 00:42:29.477064208
46	begging, convicted, exploiting, homeless, shambat	1	2021-10-06 00:42:29.477064208
51	electricity, 750, reservoir, generation, funded	4	2021-10-06 00:42:29.477064208
53	disaster, chinese, closing, oil, real	1	2021-10-06 00:42:29.477064208
55	arbab, dr, amin, sayed, muhammad	3	2021-10-06 00:42:29.477064208
59	customs, entry, trucks, counting, procedures	2	2021-10-06 00:42:29.477064208
62	newspapers, headlines, 2021, prominent, suna	4	2021-10-06 00:42:29.477064208
66	peretz, unitams, volker, transitional, integrated	1	2021-10-06 00:42:29.477064208
68	freedom, adherence, coup, transformation, option	5	2021-10-06 00:42:29.477064208
71	outlets, fired, painful, doors, heard	1	2021-10-06 00:42:29.477064208
72	judicial, duration, designated, prosecutor, dismantling	1	2021-10-06 00:42:29.477064208
78	suspicious, activities, intelligence, terrorist, report	2	2021-10-06 00:42:29.477064208
79	reservoir, corridors, rehabilitate, euros, 80	2	2021-10-06 00:42:29.477064208
85	dissolving, newspapers, headlines, 2021, prominent	1	2021-10-06 00:42:29.477064208
87	dismissal, employees, workers, sewage, matter	1	2021-10-06 00:42:29.477064208
89	regulate, strategy, directs, ministers, presence	2	2021-10-06 00:42:29.477064208
95	oath, removal, clouds, empowerment, kordofan	3	2021-10-06 00:42:29.477064208
96	component, cabinet, issue, regarding, east	1	2021-10-06 00:42:29.477064208
97	disappointment, height, cause, journalist, platform	1	2021-10-06 00:42:29.477064208
101	corporation, television, radio, west, kordofan	1	2021-10-06 00:42:29.477064208
107	african, mona, explain, changing, ambassadors	1	2021-10-06 00:42:29.477064208
112	migrants, libyan, detention, tripoli, immigrants	3	2021-10-06 00:42:29.477064208
114	transportation, routes, migrants, strip, short	1	2021-10-06 00:42:29.477064208
118	chapter, husband, wife, cases, love	1	2021-10-06 00:42:29.477064208
120	profits, rahad, closes, fake, reinforcements	1	2021-10-06 00:42:29.477064208
134	expression, salute, demonstrators, pay, played	4	2021-10-06 00:42:29.477064208
138	marginalization, solutions, escalation, creates, counter	3	2021-10-06 00:42:29.477064208
141	ugliest, empowerment, suhair, produced, colleagues	1	2021-10-06 00:42:29.477064208
151	bread, exceeded, 60, price, pounds	1	2021-10-06 00:42:29.477064208
160	affirm, adherence, founding, agreement, constitutional	1	2021-10-06 00:42:29.477064208
165	summary, 2021, best, start, news	2	2021-10-06 00:42:29.477064208
166	benefited, coup, wrong, tensions, escalating	1	2021-10-06 00:42:29.477064208
168	canceled, fabricated, fake, watan, signed	2	2021-10-06 00:42:29.477064208
174	summary, best, 2021, news, start	1	2021-10-06 00:42:29.477064208
180	buses, 160, 120, truck, traffic	1	2021-10-06 00:42:29.477064208
221	game, rashid, saeed, chairs, current	3	2021-10-06 00:42:29.477064208
246	2021, customs, cancellation, vehicles, expatriates	2	2021-10-06 00:42:29.477064208
251	misery, tents, humiliation, money, camps	2	2021-10-06 00:42:29.477064208
-1	hamdok, al, demonstrators, europe, hemedti	48	2021-11-05 06:53:57.825688064
0	doubling, 17, erupted, ignore, clashes	2	2021-11-05 06:53:57.825688064
1	championship, teachers, boarding, makkawi, indefinitely	4	2021-11-05 06:53:57.825688064
3	oxygen, launch, physical, football, competition	2	2021-11-05 06:53:57.825688064
5	burhan, beja, demonstrators, newspaper, tear	2	2021-11-05 06:53:57.825688064
6	burhan, ethiopian, dismisses, loses, al	2	2021-11-05 06:53:57.825688064
11	cotton, 45, price, pounds, thousand	1	2021-11-05 06:53:57.825688064
14	release, detention, hamdok, called, world	1	2021-11-05 06:53:57.825688064
16	accept, saqwl, region, said, governor	1	2021-11-05 06:53:57.825688064
18	failure, encourages, lives, single, claimed	1	2021-11-05 06:53:57.825688064
19	upgrade, sufi, 36, native, pharmaceutical	1	2021-11-05 06:53:57.825688064
20	karim, secretary, artist, mourns, al	7	2021-11-05 06:53:57.825688064
23	nomination, mahjoub, hamdok, elections, chances	4	2021-11-05 06:53:57.825688064
26	en, nahud, phase, plans, saqwl	1	2021-11-05 06:53:57.825688064
28	ethiopian, territory, refugees, nationality, flight	4	2021-11-05 06:53:57.825688064
29	upgrade, baqi, qader, agent, abdel	1	2021-11-05 06:53:57.825688064
33	boud, oxygen, exempting, closing, protest	1	2021-11-05 06:53:57.825688064
51	stabilize, electrical, supply, efforts, electricity	1	2021-11-05 06:53:57.825688064
59	repatriation, breach, exporters, contracts, suffered	1	2021-11-05 06:53:57.825688064
73	happened, correction, russian, events, assessments	1	2021-11-05 06:53:57.825688064
75	speedy, recovery, asks, mercy, souls	1	2021-11-05 06:53:57.825688064
98	glasses, hamdok, newspaper, burhan, ethiopian	1	2021-11-05 06:53:57.825688064
105	nomination, tear, demonstrate, artery, 47	2	2021-11-05 06:53:57.825688064
111	kidney, dialysis, innovation, patients, bid	1	2021-11-05 06:53:57.825688064
123	45, doctors, dead, past, november	2	2021-11-05 06:53:57.825688064
152	coast, tunisian, migrants, guard, rescued	2	2021-11-05 06:53:57.825688064
161	2021, 25, november, ad, committee	1	2021-11-05 06:53:57.825688064
165	summary, 2021, best, akhbar, start	1	2021-11-05 06:53:57.825688064
174	summary, best, 2021, news, start	2	2021-11-05 06:53:57.825688064
199	unlimited, homeland, declared, 2026, burhan	1	2021-11-05 06:53:57.825688064
255	burhan, hamdok, missiles, cancellation, objects	1	2021-11-05 06:53:57.825688064
-1	al, december, burhan, 30, procession	146	2021-12-05 13:05:26.174311920
0	140, mount, 36, bloody, jebel	1	2021-12-05 13:05:26.174311920
1	school, guidance, education, nutrition, food	9	2021-12-05 13:05:26.174311920
2	donors, treasury, recovered, funds, request	4	2021-12-05 13:05:26.174311920
3	football, sorting, association, sponsorship, low	2	2021-12-05 13:05:26.174311920
4	turkish, jordan, affect, engineers, kidnapping	2	2021-12-05 13:05:26.174311920
5	newspaper, demonstrations, al, burhan, sudani	12	2021-12-05 13:05:26.174311920
7	astonishment, faki, hepatitis, qasim, consultant	1	2021-12-05 13:05:26.174311920
8	israel, seekers, temporary, residency, asylum	4	2021-12-05 13:05:26.174311920
10	women, forms, violence, awareness, requirement	3	2021-12-05 13:05:26.174311920
11	census, declare, expectations, exports, fourth	3	2021-12-05 13:05:26.174311920
12	fueling, devastating, explains, currently, reasons	1	2021-12-05 13:05:26.174311920
14	corona, occurs, vaccination, stresses, vaccine	5	2021-12-05 13:05:26.174311920
15	computer, nursing, pharmacy, analysis, asia	1	2021-12-05 13:05:26.174311920
16	resignation, announce, nation, prime, decided	5	2021-12-05 13:05:26.174311920
20	meets, baqi, stresses, qader, delegation	12	2021-12-05 13:05:26.174311920
23	hamdok, coup, burhan, admit, commenting	7	2021-12-05 13:05:26.174311920
26	winter, crops, 88, sawt, reviews	2	2021-12-05 13:05:26.174311920
31	travelers, expenses, airlines, sales, delay	1	2021-12-05 13:05:26.174311920
34	floods, interviews, torrents, survey, accommodate	1	2021-12-05 13:05:26.174311920
35	components, brief, inform, explain, historical	1	2021-12-05 13:05:26.174311920
36	revolution, unite, glorious, inherent, actively	4	2021-12-05 13:05:26.174311920
40	estimate, valuable, mountain, focus, wealth	1	2021-12-05 13:05:26.174311920
42	promotions, donors, nimr, volcker, ranks	1	2021-12-05 13:05:26.174311920
54	hamdok, burhan, sits, resign, 48	1	2021-12-05 13:05:26.174311920
56	word, offer, office, advanced, 2021	1	2021-12-05 13:05:26.174311920
57	possibilities, worst, limited, external, planning	1	2021-12-05 13:05:26.174311920
62	suna, hadi, agency, idris, news	2	2021-12-05 13:05:26.174311920
63	god, mercy, blessings, terrified, notification	2	2021-12-05 13:05:26.174311920
68	dilemma, key, decades, table, word	1	2021-12-05 13:05:26.174311920
71	covering, journalists, demonstrations, attacked, yesterday	1	2021-12-05 13:05:26.174311920
73	ukraine, december, revolution, injured, 2021	1	2021-12-05 13:05:26.174311920
74	night, listening, epic, similar, day	2	2021-12-05 13:05:26.174311920
75	speedy, recovery, injured, souls, wish	1	2021-12-05 13:05:26.174311920
82	planning, aids, teams, meeting, field	2	2021-12-05 13:05:26.174311920
83	suki, cleanliness, methods, scientific, concludes	1	2021-12-05 13:05:26.174311920
85	newspapers, headlines, 2021, covering, ad	3	2021-12-05 13:05:26.174311920
90	structural, components, problem, nation, major	1	2021-12-05 13:05:26.174311920
94	thinking, electricity, company, hamdok, oil	1	2021-12-05 13:05:26.174311920
95	nahud, west, kordofan, reviews, events	1	2021-12-05 13:05:26.174311920
97	male, fulfills, female, enlightened, professionalism	3	2021-12-05 13:05:26.174311920
106	churches, din, shams, kabbashi, meets	1	2021-12-05 13:05:26.174311920
117	planning, village, identifying, focusing, resettlement	1	2021-12-05 13:05:26.174311920
118	marriage, married, girl, family, set	4	2021-12-05 13:05:26.174311920
120	unamid, condemns, salma, headquarters, mission	3	2021-12-05 13:05:26.174311920
132	hadi, christian, upgrade, harmful, conducts	1	2021-12-05 13:05:26.174311920
134	49, demonstrators, regret, processions, submit	1	2021-12-05 13:05:26.174311920
138	expression, exercise, favor, processions, elections	1	2021-12-05 13:05:26.174311920
141	honorable, sheikh, reaction, comment, expulsion	1	2021-12-05 13:05:26.174311920
143	baby, disappeared, bashir, mother, struggle	1	2021-12-05 13:05:26.174311920
151	nahud, imported, stock, products, saqwl	1	2021-12-05 13:05:26.174311920
161	routes, determined, details, field, committee	1	2021-12-05 13:05:26.174311920
163	consumables, computer, nahud, emergencies, dialysis	1	2021-12-05 13:05:26.174311920
165	summary, 2021, best, start, news	5	2021-12-05 13:05:26.174311920
166	restored, partner, keen, coup, map	1	2021-12-05 13:05:26.174311920
172	reporters, hadi, demonstrators, event, peaceful	1	2021-12-05 13:05:26.174311920
174	summary, best, news, start, 2021	3	2021-12-05 13:05:26.174311920
177	consensus, personality, highlighted, characterized, wisdom	1	2021-12-05 13:05:26.174311920
184	cairo, continues, increase, number, nile	1	2021-12-05 13:05:26.174311920
191	happen, consensus, bring, despite, did	1	2021-12-05 13:05:26.174311920
222	travel, tourism, agencies, ticket, owner	5	2021-12-05 13:05:26.174311920
-1	al, burhan, 2022, dialogue, gedaref	125	2022-01-04 19:16:54.522935776
0	northwest, kilometers, coordination, incident, occurred	1	2022-01-04 19:16:54.522935776
1	holiday, badi, begins, schools, wednesday	3	2022-01-04 19:16:54.522935776
3	sports, clubs, football, team, league	4	2022-01-04 19:16:54.522935776
5	electricity, sudani, freeze, newspaper, january	4	2022-01-04 19:16:54.522935776
6	ethiopian, qalabat, border, tigray, brigadier	4	2022-01-04 19:16:54.522935776
8	introduced, agenda, israeli, seeks, rule	1	2022-01-04 19:16:54.522935776
11	omani, unify, acceptance, sultanate, livestock	3	2022-01-04 19:16:54.522935776
14	corona, vaccination, virus, campaign, course	1	2022-01-04 19:16:54.522935776
16	affirmed, transition, democratic, community, international	1	2022-01-04 19:16:54.522935776
18	inherent, kidnapping, torture, series, militias	1	2022-01-04 19:16:54.522935776
20	meets, salma, 2022, member, hadi	9	2022-01-04 19:16:54.522935776
23	barrier, amend, exceeds, 500, parallel	4	2022-01-04 19:16:54.522935776
26	blue, specialist, governor, approval, island	3	2022-01-04 19:16:54.522935776
30	bank, stopping, suna, central, erosion	4	2022-01-04 19:16:54.522935776
31	istanbul, passenger, airlines, badr, fate	1	2022-01-04 19:16:54.522935776
32	registry, passport, imminent, passports, authority	1	2022-01-04 19:16:54.522935776
33	ensure, methods, security, praised, decided	3	2022-01-04 19:16:54.522935776
35	renewing, emphasizing, refuse, ceasefire, commitment	1	2022-01-04 19:16:54.522935776
36	leader, freedom, change, revolution, revolutionary	1	2022-01-04 19:16:54.522935776
38	code, investigation, resolving, completing, processions	1	2022-01-04 19:16:54.522935776
48	handover, african, closes, 56, strongest	1	2022-01-04 19:16:54.522935776
54	haja, authorized, karar, consists, dialogue	1	2022-01-04 19:16:54.522935776
58	marginalization, 90, entitlements, exists, sayed	3	2022-01-04 19:16:54.522935776
62	haja, suna, agency, abu, news	1	2022-01-04 19:16:54.522935776
70	passports, passport, seekers, issuing, immigration	1	2022-01-04 19:16:54.522935776
78	potential, threats, establishing, terrorism, confront	1	2022-01-04 19:16:54.522935776
88	growth, urgently, dismiss, bank, postponing	1	2022-01-04 19:16:54.522935776
95	west, kordofan, accounting, inspection, departments	1	2022-01-04 19:16:54.522935776
98	tear, harvesting, criticizes, deny, recovered	1	2022-01-04 19:16:54.522935776
105	burhan, demonstration, resignation, rule, meets	4	2022-01-04 19:16:54.522935776
109	audit, structure, touched, attorney, tragic	1	2022-01-04 19:16:54.522935776
115	lasting, subsidies, miserable, successive, cancellation	1	2022-01-04 19:16:54.522935776
120	riyadh, karti, protector, karar, handover	1	2022-01-04 19:16:54.522935776
134	restrict, emergence, adopting, practice, phenomenon	3	2022-01-04 19:16:54.522935776
162	hear, burhan, voice, street, want	1	2022-01-04 19:16:54.522935776
163	jazira, approves, insurance, 154, zakat	1	2022-01-04 19:16:54.522935776
165	summary, best, start, 2022, news	5	2022-01-04 19:16:54.522935776
174	summary, best, 2022, news, start	5	2022-01-04 19:16:54.522935776
201	grievances, dam, talked, merowe, entity	1	2022-01-04 19:16:54.522935776
227	nubian, goals, dams, waters, recognize	1	2022-01-04 19:16:54.522935776
236	suspects, proven, acts, involvement, release	2	2022-01-04 19:16:54.522935776
252	salva, kiir, briefs, hadi, overall	1	2022-01-04 19:16:54.522935776
264	leg, broken, caused, officer, injured	2	2022-01-04 19:16:54.522935776
-1	al, sudani, empowerment, livestock, newspaper	106	2022-02-04 01:28:22.871559616
1	students, education, universities, school, scholarships	7	2022-02-04 01:28:22.871559616
2	2022, percent, 37, assist, insecurity	1	2022-02-04 01:28:22.871559616
3	temperature, gradual, championship, independence, closing	1	2022-02-04 01:28:22.871559616
5	newspaper, al, sudani, 2022, february	13	2022-02-04 01:28:22.871559616
13	walk, god, oh, lord, ask	1	2022-02-04 01:28:22.871559616
14	corona, vaccination, coronavirus, deadly, pandemic	2	2022-02-04 01:28:22.871559616
19	jad, eternal, imbalances, thirty, tunisia	1	2022-02-04 01:28:22.871559616
20	2022, livestock, niger, confirms, meets	9	2022-02-04 01:28:22.871559616
22	sword, paved, horizon, dust, emerged	1	2022-02-04 01:28:22.871559616
24	reconsider, camp, minawi, productive, emphasized	1	2022-02-04 01:28:22.871559616
26	reconciliation, blue, kordofan, nile, mellit	5	2022-02-04 01:28:22.871559616
36	colonialism, form, dilapidated, bills, opposing	2	2022-02-04 01:28:22.871559616
38	bringing, article, trial, taken, preparation	1	2022-02-04 01:28:22.871559616
43	fear, volcker, dollar, exchange, rate	1	2022-02-04 01:28:22.871559616
46	trafficking, 42, smuggling, human, police	2	2022-02-04 01:28:22.871559616
48	recommends, appoint, igad, closure, experts	1	2022-02-04 01:28:22.871559616
51	finance, agrees, conversion, electricity, station	2	2022-02-04 01:28:22.871559616
60	total, budget, billion, estimated, sector	3	2022-02-04 01:28:22.871559616
69	suna, agency, dagalo, news, sudan	1	2022-02-04 01:28:22.871559616
72	warrants, resolves, court, effect, withdrawing	1	2022-02-04 01:28:22.871559616
82	awlia, executive, dismiss, disputes, appoint	1	2022-02-04 01:28:22.871559616
84	punishment, escape, stresses, arrest, court	1	2022-02-04 01:28:22.871559616
85	headlines, akhbar, newspapers, constitutional, newspaper	1	2022-02-04 01:28:22.871559616
95	implemented, adhya, kordofan, locality, hamar	1	2022-02-04 01:28:22.871559616
98	turning, point, haja, latif, producing	1	2022-02-04 01:28:22.871559616
112	deports, immigrants, illegal, 100, libya	1	2022-02-04 01:28:22.871559616
121	meteorology, 2022, year, development, temperatures	1	2022-02-04 01:28:22.871559616
126	umrah, trip, offer, tickets, round	1	2022-02-04 01:28:22.871559616
132	prevail, minawi, regional, darfur, minni	1	2022-02-04 01:28:22.871559616
141	excessive, weaken, retreat, break, demonstrators	1	2022-02-04 01:28:22.871559616
149	increase, abu, bird, birds, norway	1	2022-02-04 01:28:22.871559616
161	shameless, expect, empowerment, arrests, removal	1	2022-02-04 01:28:22.871559616
165	summary, best, akhbar, 2022, start	2	2022-02-04 01:28:22.871559616
174	summary, best, 2022, news, start	1	2022-02-04 01:28:22.871559616
188	akhbar, fake, website, accounts, targeted	1	2022-02-04 01:28:22.871559616
193	karmuk, stole, soba, interventions, charges	1	2022-02-04 01:28:22.871559616
-1	al, burhan, study, ramadan, applications	115	2022-03-06 07:39:51.220183488
0	toll, conflicts, tribal, 17, reuters	1	2022-03-06 07:39:51.220183488
1	study, students, announce, pleased, schedule	10	2022-03-06 07:39:51.220183488
2	barricades, gunmen, uniforms, tayeb, food	2	2022-03-06 07:39:51.220183488
3	hilal, football, al, stadium, match	4	2022-03-06 07:39:51.220183488
4	astonishment, alignment, salman, burhan, discussions	1	2022-03-06 07:39:51.220183488
5	newspaper, 2022, burhan, proposal, brother	10	2022-03-06 07:39:51.220183488
7	measles, zakat, stocks, malaria, infections	2	2022-03-06 07:39:51.220183488
10	qualified, developed, role, fact, seek	1	2022-03-06 07:39:51.220183488
11	giad, organizational, structures, cooperate, approval	1	2022-03-06 07:39:51.220183488
14	vaccinate, heralds, olympic, low, cleaning	1	2022-03-06 07:39:51.220183488
19	maximize, mauritanian, baqi, basket, qader	2	2022-03-06 07:39:51.220183488
20	meets, acting, nilein, al, 2022	3	2022-03-06 07:39:51.220183488
23	talked, manage, integrating, unemployment, election	2	2022-03-06 07:39:51.220183488
24	adhya, settled, conflicts, account, concern	1	2022-03-06 07:39:51.220183488
26	nile, gedaref, mohieddin, financially, north	1	2022-03-06 07:39:51.220183488
30	responsibility, certainty, fulfill, arresting, appoint	1	2022-03-06 07:39:51.220183488
36	processions, revolution, duration, coup, barricades	2	2022-03-06 07:39:51.220183488
37	unified, guarantor, doctrine, brings, respect	1	2022-03-06 07:39:51.220183488
42	concessions, sake, unified, overcome, conflicts	1	2022-03-06 07:39:51.220183488
51	electricity, outages, study, morgues, intervenes	1	2022-03-06 07:39:51.220183488
53	prey, regain, exporters, determine, oil	2	2022-03-06 07:39:51.220183488
62	2022, headlines, newspaper, march, ad	6	2022-03-06 07:39:51.220183488
66	mission, unitams, aspects, indications, nomads	1	2022-03-06 07:39:51.220183488
70	sandal, delivered, registry, passports, tickets	1	2022-03-06 07:39:51.220183488
79	anticipation, filling, renaissance, dam, water	1	2022-03-06 07:39:51.220183488
84	punished, kushayb, convicted, imprisonment, life	3	2022-03-06 07:39:51.220183488
87	meal, broken, livelihood, patient, duties	1	2022-03-06 07:39:51.220183488
88	continent, surroundings, isolated, neighbors, briefed	2	2022-03-06 07:39:51.220183488
93	pharmacists, emergence, symbols, contain, owned	1	2022-03-06 07:39:51.220183488
94	gasoline, increases, pounds, fuel, prices	6	2022-03-06 07:39:51.220183488
95	agar, kordofan, gains, west, malik	2	2022-03-06 07:39:51.220183488
105	kidnap, mafia, nomination, procession, insult	2	2022-03-06 07:39:51.220183488
138	parties, integral, addresses, criteria, forestry	3	2022-03-06 07:39:51.220183488
153	refinery, malfunction, repair, overcrowding, acknowledges	1	2022-03-06 07:39:51.220183488
165	summary, best, akhbar, 2022, start	1	2022-03-06 07:39:51.220183488
168	watan, haja, active, ready, newspaper	2	2022-03-06 07:39:51.220183488
177	comrades, ships, spreading, rose, russian	2	2022-03-06 07:39:51.220183488
234	designated, causes, damage, huge, livestock	2	2022-03-06 07:39:51.220183488
256	umma, mafia, party, strict, dollar	2	2022-03-06 07:39:51.220183488
-1	al, burhan, duties, company, contract	133	2022-04-05 13:51:19.568807328
0	walked, saying, lead, hemedti, thousands	1	2022-04-05 13:51:19.568807328
1	education, grade, universities, trial, eighth	10	2022-04-05 13:51:19.568807328
3	hilal, al, football, club, championship	7	2022-04-05 13:51:19.568807328
5	newspaper, al, 2022, april, watan	14	2022-04-05 13:51:19.568807328
11	sugar, imported, production, size, local	4	2022-04-05 13:51:19.568807328
13	lessons, meanings, remember, blessed, reality	1	2022-04-05 13:51:19.568807328
16	aspire, notes, choose, fair, represent	2	2022-04-05 13:51:19.568807328
20	eid, al, meets, governor, farmers	10	2022-04-05 13:51:19.568807328
22	wing, wahid, nour, liberation, abdul	2	2022-04-05 13:51:19.568807328
23	burhan, awards, fatima, lying, excellence	1	2022-04-05 13:51:19.568807328
26	executive, zakat, celebrates, locality, retreats	4	2022-04-05 13:51:19.568807328
28	ethiopian, refugees, holy, depression, saves	1	2022-04-05 13:51:19.568807328
29	pressures, exceptional, crime, phenomena, secure	5	2022-04-05 13:51:19.568807328
30	mouth, banks, continues, requests, competent	2	2022-04-05 13:51:19.568807328
32	complexes, programmes, authority, passport, honored	2	2022-04-05 13:51:19.568807328
36	creation, coups, barracks, aware, revolution	1	2022-04-05 13:51:19.568807328
38	dismissed, sona, batch, gas, returns	1	2022-04-05 13:51:19.568807328
45	negligence, dagalo, drugs, involved, fight	1	2022-04-05 13:51:19.568807328
47	follows, waiting, answer, zero, think	1	2022-04-05 13:51:19.568807328
61	scene, link, telegram, join, httpstmesdnewsnetwork	4	2022-04-05 13:51:19.568807328
67	facebook, posts, page, link, weather	2	2022-04-05 13:51:19.568807328
70	passports, registry, immigration, administration, passport	8	2022-04-05 13:51:19.568807328
74	demonstrate, listen, sake, dialogue, dont	1	2022-04-05 13:51:19.568807328
79	meters, water, wells, stations, deficit	8	2022-04-05 13:51:19.568807328
85	sudani, dawa, headlines, newspaper, 2022	2	2022-04-05 13:51:19.568807328
86	ukrainian, church, father, christian, dean	2	2022-04-05 13:51:19.568807328
87	providing, accommodation, breakfast, transportation, housing	1	2022-04-05 13:51:19.568807328
91	track, sinkat, negotiations, juba, canceling	2	2022-04-05 13:51:19.568807328
95	kordofan, west, powers, reconciliation, foremost	3	2022-04-05 13:51:19.568807328
96	anniversary, marks, supervised, founding, celebration	2	2022-04-05 13:51:19.568807328
97	media, messages, fabric, cohesion, improving	2	2022-04-05 13:51:19.568807328
98	authorizes, pensioners, nominations, conducts, choose	1	2022-04-05 13:51:19.568807328
101	annual, television, iftar, corporation, radio	1	2022-04-05 13:51:19.568807328
106	taher, societal, hajar, extending, burhan	1	2022-04-05 13:51:19.568807328
107	yassin, baqi, qader, haitham, alongside	1	2022-04-05 13:51:19.568807328
112	mediterranean, drowned, immigrants, boat, illegal	1	2022-04-05 13:51:19.568807328
114	reintegration, migration, european, migrants, 76	3	2022-04-05 13:51:19.568807328
126	hajj, umrah, pilgrims, ah, rituals	2	2022-04-05 13:51:19.568807328
132	tribes, darfur, tribal, attack, west	3	2022-04-05 13:51:19.568807328
138	tribalism, pivotal, racism, engage, strife	2	2022-04-05 13:51:19.568807328
152	boat, migrants, 90, ago, carrying	1	2022-04-05 13:51:19.568807328
162	poles, faced, coexistence, collective, peaceful	1	2022-04-05 13:51:19.568807328
163	edition, amal, relieve, medani, therapeutic	1	2022-04-05 13:51:19.568807328
166	suspended, mediator, officially, revolutionary, coup	1	2022-04-05 13:51:19.568807328
167	haitham, successively, consumables, promising, dr	1	2022-04-05 13:51:19.568807328
169	distorted, sinkat, accord, accordingly, conferences	2	2022-04-05 13:51:19.568807328
174	summary, best, 2022, news, start	1	2022-04-05 13:51:19.568807328
178	hamdan, sacrificed, dagalo, hamidati, dinar	1	2022-04-05 13:51:19.568807328
184	established, 14, cairo, years, nile	1	2022-04-05 13:51:19.568807328
195	source, 27, 2022, april, ad	1	2022-04-05 13:51:19.568807328
206	bachelor, certification, holy, results, university	1	2022-04-05 13:51:19.568807328
225	quantity, vehicle, goods, various, addition	1	2022-04-05 13:51:19.568807328
234	mysterious, fires, rawaba, bara, hundreds	1	2022-04-05 13:51:19.568807328
250	releasing, exploit, zakat, prisoners, office	1	2022-04-05 13:51:19.568807328
264	survived, recovered, bodies, injured, drowned	1	2022-04-05 13:51:19.568807328
-1	al, newspaper, 0121100979, khartoum, applications	162	2022-05-05 20:02:47.917431168
0	rijal, kalma, persons, adam, launched	5	2022-05-05 20:02:47.917431168
1	students, exams, education, study, certificate	22	2022-05-05 20:02:47.917431168
2	senior, ms, recommendation, relief, serving	2	2022-05-05 20:02:47.917431168
3	sports, al, hilal, team, league	4	2022-05-05 20:02:47.917431168
4	shaking, secession, limits, world, turk	2	2022-05-05 20:02:47.917431168
5	newspaper, al, tripartite, sudani, 2022	19	2022-05-05 20:02:47.917431168
6	bashaer, sahara, assassinated, morgue, sahel	1	2022-05-05 20:02:47.917431168
7	aids, infected, girl, young, italian	7	2022-05-05 20:02:47.917431168
11	spending, respectable, digna, locally, produced	2	2022-05-05 20:02:47.917431168
16	secretary, popular, committee, general, legislative	2	2022-05-05 20:02:47.917431168
20	tayeb, baqi, professor, al, mourns	10	2022-05-05 20:02:47.917431168
23	siddiq, youssef, statements, comments, tripartite	1	2022-05-05 20:02:47.917431168
29	explosive, kilograms, materials, leak, raided	1	2022-05-05 20:02:47.917431168
30	dismissed, bank, empowerment, previously, value	2	2022-05-05 20:02:47.917431168
31	bird, monopoly, flights, passengers, airlines	4	2022-05-05 20:02:47.917431168
32	identity, emphasized, preserving, securing, role	1	2022-05-05 20:02:47.917431168
33	explosive, raw, quantity, materials, house	1	2022-05-05 20:02:47.917431168
34	torrents, floods, minawi, rains, torrential	1	2022-05-05 20:02:47.917431168
35	discord, disrupting, malicious, unify, undermine	1	2022-05-05 20:02:47.917431168
36	propose, living, creative, strive, non	1	2022-05-05 20:02:47.917431168
38	court, justice, indictment, heated, investigator	4	2022-05-05 20:02:47.917431168
43	deficit, imports, risen, exports, 22	1	2022-05-05 20:02:47.917431168
46	trafficking, restart, chase, escaped, shooting	1	2022-05-05 20:02:47.917431168
51	76, approves, electricity, energy, agriculture	1	2022-05-05 20:02:47.917431168
61	scene, link, telegram, join, httpstmesdnewsnetwork	4	2022-05-05 20:02:47.917431168
62	2022, headlines, newspaper, ad, akhbar	5	2022-05-05 20:02:47.917431168
68	path, mission, transitional, return, sudan	1	2022-05-05 20:02:47.917431168
70	registry, transactions, registering, din, passports	1	2022-05-05 20:02:47.917431168
72	angry, responds, expect, khaled, court	1	2022-05-05 20:02:47.917431168
79	mixed, glasses, confirmation, 65, torrents	2	2022-05-05 20:02:47.917431168
82	adjacent, giving, priority, residential, finance	1	2022-05-05 20:02:47.917431168
84	holder, admit, patrol, identify, salam	1	2022-05-05 20:02:47.917431168
87	vacation, catch, supposed, dismissal, work	1	2022-05-05 20:02:47.917431168
94	gasoline, prices, rose, fuel, price	5	2022-05-05 20:02:47.917431168
95	prestige, imposing, west, saqwl, stresses	1	2022-05-05 20:02:47.917431168
97	strive, miss, coup, noble, expose	1	2022-05-05 20:02:47.917431168
98	bartam, outages, ethiopian, newspaper, militants	4	2022-05-05 20:02:47.917431168
111	singa, kidney, treatment, device, tears	1	2022-05-05 20:02:47.917431168
115	sharp, livelihood, false, raising, expert	1	2022-05-05 20:02:47.917431168
117	estate, real, apartments, apartment, turkey	5	2022-05-05 20:02:47.917431168
119	wished, glorious, mercy, souls, speedy	1	2022-05-05 20:02:47.917431168
126	hajj, pilgrims, year, khartoum, umrah	1	2022-05-05 20:02:47.917431168
132	dance, hijri, bells, dinar, tayeb	1	2022-05-05 20:02:47.917431168
142	watan, haja, consistent, talking, news	1	2022-05-05 20:02:47.917431168
144	dream, dollars, award, won, competition	1	2022-05-05 20:02:47.917431168
154	balad, 2022, sunday, 15, ad	1	2022-05-05 20:02:47.917431168
159	peacebuilding, unitams, unfortunate, mobilizing, mandate	2	2022-05-05 20:02:47.917431168
165	summary, best, start, 2022, watan	1	2022-05-05 20:02:47.917431168
166	negligence, generals, formations, alleviating, segments	1	2022-05-05 20:02:47.917431168
168	verge, danger, akhbar, newspaper, situation	1	2022-05-05 20:02:47.917431168
174	summary, best, 2022, news, start	2	2022-05-05 20:02:47.917431168
182	disappointment, volcker, refuse, residency, renew	1	2022-05-05 20:02:47.917431168
195	luck, 2022, good, omdurman, saturday	1	2022-05-05 20:02:47.917431168
201	renaissance, dam, filling, juba, harm	1	2022-05-05 20:02:47.917431168
210	telecommunications, proves, indirect, week, claiming	1	2022-05-05 20:02:47.917431168
236	defendants, asked, deporting, preserve, protecting	1	2022-05-05 20:02:47.917431168
243	poor, detainees, detention, environment, noting	3	2022-05-05 20:02:47.917431168
252	salva, kiir, tayeb, bilal, asim	1	2022-05-05 20:02:47.917431168
256	umma, party, bureau, gracious, merciful	2	2022-05-05 20:02:47.917431168
264	drowned, nation, years, national, injured	1	2022-05-05 20:02:47.917431168
-1	al, 0121100979, study, dialogue, burhan	199	2022-06-05 02:14:16.266055040
1	students, education, study, exams, school	25	2022-06-05 02:14:16.266055040
2	conflict, food, children, 67, trauma	11	2022-06-05 02:14:16.266055040
3	al, hilal, sudani, federation, team	7	2022-06-05 02:14:16.266055040
4	upcoming, danger, silence, troika, barrier	3	2022-06-05 02:14:16.266055040
5	newspaper, 2022, tripartite, mechanism, demonstrators	10	2022-06-05 02:14:16.266055040
6	ethiopian, summons, ethiopia, soldiers, border	4	2022-06-05 02:14:16.266055040
8	bilateral, alliance, room, israel, israeli	1	2022-06-05 02:14:16.266055040
10	exodus, initial, collecting, origin, locations	2	2022-06-05 02:14:16.266055040
11	average, costs, livestock, farmers, wheat	5	2022-06-05 02:14:16.266055040
14	depression, conspiracies, cancels, suspected, die	2	2022-06-05 02:14:16.266055040
16	excluding, ensures, expression, parties, solution	5	2022-06-05 02:14:16.266055040
19	phenomena, negative, regret, neglected, faki	2	2022-06-05 02:14:16.266055040
20	baqi, dagalo, meets, confirms, participates	8	2022-06-05 02:14:16.266055040
23	shares, mechanism, consul, accepted, freedom	6	2022-06-05 02:14:16.266055040
24	administrations, apartments, hotels, oppressed, claim	4	2022-06-05 02:14:16.266055040
29	recently, massive, reduce, crime, launched	2	2022-06-05 02:14:16.266055040
31	leakage, turk, aircraft, airport, khartoum	1	2022-06-05 02:14:16.266055040
34	fires, origin, expectations, unknown, floods	1	2022-06-05 02:14:16.266055040
36	revolution, committees, pages, revolutionaries, firm	7	2022-06-05 02:14:16.266055040
37	component, revealing, burhan, bushra, jaber	5	2022-06-05 02:14:16.266055040
39	victim, thanked, alongside, fell, stranded	1	2022-06-05 02:14:16.266055040
40	gold, ardoul, mining, allocating, production	5	2022-06-05 02:14:16.266055040
45	manufactured, drugs, seized, awaits, 160	2	2022-06-05 02:14:16.266055040
46	2005, trafficking, desert, car, gangs	1	2022-06-05 02:14:16.266055040
48	african, union, tripartite, ambassador, mechanism	8	2022-06-05 02:14:16.266055040
52	eat, meal, internally, 25, reported	2	2022-06-05 02:14:16.266055040
55	tayeb, bilal, asim, al, damazin	1	2022-06-05 02:14:16.266055040
59	shipment, owner, customs, goods, smuggling	2	2022-06-05 02:14:16.266055040
60	wasted, shameless, departure, removing, parallel	1	2022-06-05 02:14:16.266055040
61	scene, link, telegram, join, httpstmesdnewsnetwork	14	2022-06-05 02:14:16.266055040
62	2022, headlines, june, newspaper, ad	11	2022-06-05 02:14:16.266055040
64	brother, innocent, blood, minawi, sudanese	2	2022-06-05 02:14:16.266055040
66	deploy, acquitted, awad, prestige, maintain	2	2022-06-05 02:14:16.266055040
68	influential, beja, absence, revolutionary, dialogue	1	2022-06-05 02:14:16.266055040
74	wants, come, dialogue, continue, dont	2	2022-06-05 02:14:16.266055040
75	eternity, recovery, glory, missing, martyrs	2	2022-06-05 02:14:16.266055040
79	water, budget, fall, harvesting, amounted	3	2022-06-05 02:14:16.266055040
81	immigrants, illegal, returned, expatriates, thousands	1	2022-06-05 02:14:16.266055040
83	daughters, tourism, company, al, health	1	2022-06-05 02:14:16.266055040
84	acquitted, recovered, york, times, case	1	2022-06-05 02:14:16.266055040
85	newspapers, 2022, headlines, 18, june	2	2022-06-05 02:14:16.266055040
88	debts, debt, obstacle, troika, forgive	6	2022-06-05 02:14:16.266055040
89	22, 2022, communications, external, june	1	2022-06-05 02:14:16.266055040
90	help, unified, build, current, situation	1	2022-06-05 02:14:16.266055040
95	west, kordofan, jad, digna, directs	2	2022-06-05 02:14:16.266055040
98	tripartite, ethiopian, freedom, newspaper, burhan	3	2022-06-05 02:14:16.266055040
102	talk, rejecting, silent, inauguration, trump	2	2022-06-05 02:14:16.266055040
103	monitor, borders, eastern, arrangements, states	1	2022-06-05 02:14:16.266055040
111	kidney, dialysis, obstructing, patients, 48	1	2022-06-05 02:14:16.266055040
120	freedom, change, conjunction, consul, mars	1	2022-06-05 02:14:16.266055040
134	demonstrators, behavior, 31, buildings, burned	3	2022-06-05 02:14:16.266055040
141	resolves, shura, dates, controversy, reveals	2	2022-06-05 02:14:16.266055040
151	ukraine, invasion, 50, prices, comply	2	2022-06-05 02:14:16.266055040
152	boat, migrants, coast, mediterranean, ship	5	2022-06-05 02:14:16.266055040
163	pilgrims, examination, insurance, procedures, certificate	1	2022-06-05 02:14:16.266055040
166	coup, shift, rule, movements, civilian	4	2022-06-05 02:14:16.266055040
167	diagnostic, forests, colleges, operate, cover	1	2022-06-05 02:14:16.266055040
168	watan, summons, newspaper, complicated, staff	4	2022-06-05 02:14:16.266055040
172	respecting, refuse, launching, dialogue, islamic	1	2022-06-05 02:14:16.266055040
176	scene, join, link, httpstmesdnewsnetwork, device	2	2022-06-05 02:14:16.266055040
180	congestion, traffic, watan, integrated, facilitate	1	2022-06-05 02:14:16.266055040
185	split, ages, explosion, examining, tripartite	1	2022-06-05 02:14:16.266055040
206	correcting, holiday, eid, hemedti, exams	1	2022-06-05 02:14:16.266055040
229	accustomed, fifth, defenseless, killing, sons	1	2022-06-05 02:14:16.266055040
246	cars, excluding, permanently, machinery, importing	1	2022-06-05 02:14:16.266055040
249	revealing, proof, gold, building, events	1	2022-06-05 02:14:16.266055040
250	animals, sacrificial, raised, fees, prices	1	2022-06-05 02:14:16.266055040
258	milk, kilograms, omani, half, quarter	2	2022-06-05 02:14:16.266055040
277	forestry, chairmanship, selection, atta, tariq	1	2022-06-05 02:14:16.266055040
-1	blue, al, burhan, nile, eid	106	2022-07-05 08:25:44.614678880
1	indefinitely, students, female, 65, education	5	2022-07-05 08:25:44.614678880
2	14, tribal, violence, result, office	2	2022-07-05 08:25:44.614678880
3	hilal, wins, league, al, premier	16	2022-07-05 08:25:44.614678880
5	newspaper, al, 2022, change, radical	11	2022-07-05 08:25:44.614678880
6	burhan, sudani, tactical, playing, kept	1	2022-07-05 08:25:44.614678880
14	requiring, evaluate, assets, stock, demanding	1	2022-07-05 08:25:44.614678880
15	2500, care, nursing, accredited, equivalent	1	2022-07-05 08:25:44.614678880
16	choosing, represent, agree, experts, legislative	1	2022-07-05 08:25:44.614678880
17	widows, sacrificial, distributes, meat, turkish	1	2022-07-05 08:25:44.614678880
20	governor, meets, blue, nile, al	12	2022-07-05 08:25:44.614678880
23	announce, weeks, revolutionary, gash, prime	9	2022-07-05 08:25:44.614678880
26	holiday, 2nd, encroachment, eid, planting	1	2022-07-05 08:25:44.614678880
29	fath, properties, haj, preserving, allah	1	2022-07-05 08:25:44.614678880
31	ain, rely, nahud, taha, hussein	1	2022-07-05 08:25:44.614678880
34	choosing, sweep, torrents, damaged, floods	1	2022-07-05 08:25:44.614678880
36	hesitation, revolution, stands, revolutionary, movement	6	2022-07-05 08:25:44.614678880
37	unacceptable, withdrawal, responsibility, hemedti, army	1	2022-07-05 08:25:44.614678880
40	exporters, gold, generations, volume, exports	5	2022-07-05 08:25:44.614678880
46	detain, nurses, trafficking, deceived, blackmail	4	2022-07-05 08:25:44.614678880
52	original, longer, reason, renewed, away	1	2022-07-05 08:25:44.614678880
53	energy, oil, ministry, refinery, fuel	1	2022-07-05 08:25:44.614678880
54	blue, reinforcements, takes, defense, 2022	3	2022-07-05 08:25:44.614678880
56	amir, submitted, based, home, arrested	2	2022-07-05 08:25:44.614678880
61	scene, link, telegram, join, httpstmesdnewsnetwork	5	2022-07-05 08:25:44.614678880
62	2022, headlines, newspaper, prominent, july	6	2022-07-05 08:25:44.614678880
69	suna, agency, news, sudan, sama	1	2022-07-05 08:25:44.614678880
73	faki, diplomats, british, looted, al	1	2022-07-05 08:25:44.614678880
79	tayeb, assem, bilal, water, free	1	2022-07-05 08:25:44.614678880
89	peacefully, foundations, common, agreed, countries	1	2022-07-05 08:25:44.614678880
90	tactical, guardianship, barracks, retreat, imposing	1	2022-07-05 08:25:44.614678880
105	backdrop, protests, 2022, 20, wednesday	1	2022-07-05 08:25:44.614678880
107	reconciliation, primarily, concluding, breach, hadi	1	2022-07-05 08:25:44.614678880
120	constitutional, declaration, abolition, accepts, saif	1	2022-07-05 08:25:44.614678880
123	york, gabriel, protest, damazin, blue	1	2022-07-05 08:25:44.614678880
132	arresting, participated, criminals, tribal, inspecting	1	2022-07-05 08:25:44.614678880
154	0121100979, title, newspaper, day, karari	2	2022-07-05 08:25:44.614678880
163	surgery, kidney, pilgrims, jazeera, semester	1	2022-07-05 08:25:44.614678880
165	summary, best, 2022, start, news	2	2022-07-05 08:25:44.614678880
166	coup, justifications, freedom, change, overthrowing	5	2022-07-05 08:25:44.614678880
168	declaration, political, power, freedom, change	1	2022-07-05 08:25:44.614678880
186	uniform, tolerance, khamis, preserving, duty	1	2022-07-05 08:25:44.614678880
188	anti, articles, 26, tomorrow, 14	2	2022-07-05 08:25:44.614678880
196	pioneering, tayeb, improving, role, affirmed	1	2022-07-05 08:25:44.614678880
201	irrigation, dam, john, senate, renaissance	2	2022-07-05 08:25:44.614678880
210	shut, telecommunications, railway, phones, poor	2	2022-07-05 08:25:44.614678880
241	driving, license, applicants, 39, 0121100979	3	2022-07-05 08:25:44.614678880
257	bachelor, graduate, accounting, whatsapp, sending	2	2022-07-05 08:25:44.614678880
266	rsf, commander, sector, sea, red	1	2022-07-05 08:25:44.614678880
-1	floods, al, affected, rain, sudani	87	2022-08-04 14:37:12.963302752
0	accompany, tayeb, bilal, airspace, appearance	2	2022-08-04 14:37:12.963302752
1	boarding, schools, counterfeiting, fund, medications	2	2022-08-04 14:37:12.963302752
3	championship, solidarity, turkey, islamic, peacebuilding	3	2022-08-04 14:37:12.963302752
4	absent, bring, uae, ambassador, iran	1	2022-08-04 14:37:12.963302752
5	sudani, newspaper, 2022, al, headlines	7	2022-08-04 14:37:12.963302752
6	ethiopian, benishangul, summoned, battles, miners	4	2022-08-04 14:37:12.963302752
11	93, proper, conclusion, storage, entrance	2	2022-08-04 14:37:12.963302752
16	consensus, elections, freedom, change, nominations	4	2022-08-04 14:37:12.963302752
19	ambassador, norway, explanatory, informs, credentials	2	2022-08-04 14:37:12.963302752
20	meets, nile, addresses, agricultural, al	9	2022-08-04 14:37:12.963302752
23	eating, contacts, proposes, amin, mirghani	2	2022-08-04 14:37:12.963302752
26	rain, rahad, rescued, explanatory, credibility	2	2022-08-04 14:37:12.963302752
28	fears, bring, farmers, battles, ethiopian	1	2022-08-04 14:37:12.963302752
31	tarco, tayeb, assem, schedule, bilal	1	2022-08-04 14:37:12.963302752
34	floods, rains, flood, 136, 89	3	2022-08-04 14:37:12.963302752
38	reconciling, volker, dismiss, attorney, conspiracy	2	2022-08-04 14:37:12.963302752
43	volcker, commitment, parties, calls, day	1	2022-08-04 14:37:12.963302752
45	pharmacists, conversation, drug, courts, judicial	1	2022-08-04 14:37:12.963302752
53	energy, oil, production, working, increase	1	2022-08-04 14:37:12.963302752
54	infrastructure, events, blue, defense, 2022	2	2022-08-04 14:37:12.963302752
57	2022, 13, saturday, headlines, ad	1	2022-08-04 14:37:12.963302752
61	scene, link, telegram, join, httpstmesdnewsnetwork	4	2022-08-04 14:37:12.963302752
62	2022, headlines, august, newspaper, ad	4	2022-08-04 14:37:12.963302752
71	surrounds, sewage, exercise, journalists, rooms	1	2022-08-04 14:37:12.963302752
72	2004, 2003, karim, 36, established	1	2022-08-04 14:37:12.963302752
85	newspapers, headlines, published, 2022, morning	2	2022-08-04 14:37:12.963302752
87	factories, rescued, chambers, desert, requirements	2	2022-08-04 14:37:12.963302752
91	table, round, haja, machar, ambassadors	1	2022-08-04 14:37:12.963302752
97	incentive, pillars, unions, journalists, laws	2	2022-08-04 14:37:12.963302752
98	character, ethiopian, tayeb, sudani, minawi	2	2022-08-04 14:37:12.963302752
115	sight, sugar, hearing, schedule, losing	2	2022-08-04 14:37:12.963302752
117	confiscated, shares, atta, estate, run	1	2022-08-04 14:37:12.963302752
120	jump, raging, sweep, unitams, gap	2	2022-08-04 14:37:12.963302752
124	chadian, marwan, extremism, turk, obstructing	1	2022-08-04 14:37:12.963302752
134	proposals, disperse, sit, concerned, form	1	2022-08-04 14:37:12.963302752
150	hafez, productivity, strategy, raising, industrial	2	2022-08-04 14:37:12.963302752
152	migrants, libyan, desert, libya, bodies	1	2022-08-04 14:37:12.963302752
163	initiating, detect, atbara, laboratories, sweep	1	2022-08-04 14:37:12.963302752
165	watan, 2022, august, 13, saturday	1	2022-08-04 14:37:12.963302752
168	watan, opposite, impossible, beautiful, tree	2	2022-08-04 14:37:12.963302752
174	summary, 01, best, news, start	1	2022-08-04 14:37:12.963302752
209	intelligence, methodology, grain, investment, solving	1	2022-08-04 14:37:12.963302752
227	autumn, businessmen, pregnant, strengthen, resolve	1	2022-08-04 14:37:12.963302752
235	rains, reports, months, ministers, continue	1	2022-08-04 14:37:12.963302752
241	driving, license, 39, age, passport	3	2022-08-04 14:37:12.963302752
256	umma, unionist, original, unified, party	1	2022-08-04 14:37:12.963302752
257	screening, applicants, conducted, admission, receiving	2	2022-08-04 14:37:12.963302752
258	milk, kilograms, omani, half, quarter	2	2022-08-04 14:37:12.963302752
270	chadian, norway, vice, sheltering, chad	1	2022-08-04 14:37:12.963302752
278	tarco, tower, assets, seizure, siddiq	1	2022-08-04 14:37:12.963302752
-1	al, burhan, sudani, availability, factory	56	2022-09-03 20:48:41.311926592
1	students, education, introduce, school, year	7	2022-09-03 20:48:41.311926592
3	solar, draws, worship, djibouti, containers	1	2022-09-03 20:48:41.311926592
4	guterres, upcoming, york, burhan, meeting	1	2022-09-03 20:48:41.311926592
5	newspaper, 2022, al, sudani, unidentified	7	2022-09-03 20:48:41.311926592
8	jews, permissible, inform, normalization, israel	1	2022-09-03 20:48:41.311926592
11	cotton, farmers, convicted, company, transferred	5	2022-09-03 20:48:41.311926592
16	constitution, presents, lawyers, draft, transitional	1	2022-09-03 20:48:41.311926592
20	discussing, governor, meets, products, ambassador	3	2022-09-03 20:48:41.311926592
23	tayeb, bilal, asim, writes, form	1	2022-09-03 20:48:41.311926592
24	desires, non, aspirations, marra, jebel	1	2022-09-03 20:48:41.311926592
30	karti, ella, accounts, lift, ban	2	2022-09-03 20:48:41.311926592
36	sit, seized, power, army, revolution	1	2022-09-03 20:48:41.311926592
37	wajdi, sit, seized, power, army	1	2022-09-03 20:48:41.311926592
39	160, airport, european, migration, iom	1	2022-09-03 20:48:41.311926592
40	satisfaction, trillion, reduction, mineral, withdrawing	1	2022-09-03 20:48:41.311926592
51	electricity, satisfaction, outage, workers, expect	4	2022-09-03 20:48:41.311926592
55	faki, ardoul, mohamed, deal, able	2	2022-09-03 20:48:41.311926592
61	scene, link, telegram, join, httpstmesdnewsnetwork	5	2022-09-03 20:48:41.311926592
62	newspapers, published, september, headlines, morning	1	2022-09-03 20:48:41.311926592
65	strike, comprehensive, doctors, carry, thousands	2	2022-09-03 20:48:41.311926592
67	weather, moderate, willing, rain, temperatures	15	2022-09-03 20:48:41.311926592
82	available, housing, expatriates, rent, house	2	2022-09-03 20:48:41.311926592
84	babiker, sets, week, court, accused	1	2022-09-03 20:48:41.311926592
85	headlines, newspapers, 2022, realistic, september	2	2022-09-03 20:48:41.311926592
89	papers, receives, european, ambassador, union	1	2022-09-03 20:48:41.311926592
91	signatory, introduce, peace, tribalism, non	1	2022-09-03 20:48:41.311926592
94	khader, reducing, request, release, fuel	1	2022-09-03 20:48:41.311926592
98	rains, poles, harming, 96, 105	1	2022-09-03 20:48:41.311926592
112	moroccan, forcefully, migrants, immigrants, enter	2	2022-09-03 20:48:41.311926592
161	registering, clock, turns, dismantling, organizations	1	2022-09-03 20:48:41.311926592
166	plotters, write, refuses, rescue, coup	1	2022-09-03 20:48:41.311926592
168	withdrawal, denies, newspaper, york, reducing	3	2022-09-03 20:48:41.311926592
172	jews, permissible, inform, sufi, mahjoub	1	2022-09-03 20:48:41.311926592
218	evade, zakat, paying, diwan, governmental	2	2022-09-03 20:48:41.311926592
228	revealing, withdrawal, circumstances, refugee, center	2	2022-09-03 20:48:41.311926592
249	42, obtaining, gang, dangerous, arrested	1	2022-09-03 20:48:41.311926592
255	ii, abboud, splmn, funeral, net	1	2022-09-03 20:48:41.311926592
271	recommended, crossing, deteriorating, arqin, maintenance	1	2022-09-03 20:48:41.311926592
-1	al, settlement, blue, nile, burhan	123	2022-10-04 03:00:09.660550432
0	smoke, gunfire, spanish, buildings, al	1	2022-10-04 03:00:09.660550432
1	fake, school, students, schools, curricula	16	2022-10-04 03:00:09.660550432
3	holidays, treatments, umbada, korea, premier	1	2022-10-04 03:00:09.660550432
5	newspaper, al, 2022, october, tripartite	16	2022-10-04 03:00:09.660550432
6	cement, prisoners, talks, impose, murder	1	2022-10-04 03:00:09.660550432
12	bullets, damazin, live, yesterday, killed	1	2022-10-04 03:00:09.660550432
16	negotiation, agents, congress, freedom, change	2	2022-10-04 03:00:09.660550432
20	hadi, stresses, idris, al, meets	7	2022-10-04 03:00:09.660550432
23	rejects, settlement, barma, nasser, wajdi	5	2022-10-04 03:00:09.660550432
25	11, chad, injured, refugees, camp	1	2022-10-04 03:00:09.660550432
26	nile, discusses, river, campaign, blue	2	2022-10-04 03:00:09.660550432
33	promotions, wajdi, set, saleh, want	3	2022-10-04 03:00:09.660550432
34	350, evacuated, floods, area, families	1	2022-10-04 03:00:09.660550432
45	drug, drugs, pills, mislead, 69	6	2022-10-04 03:00:09.660550432
54	nuba, 79, ardoul, kabashi, line	2	2022-10-04 03:00:09.660550432
57	titles, events, issues, ad, todays	2	2022-10-04 03:00:09.660550432
61	scene, link, telegram, join, httpstmesdnewsnetwork	4	2022-10-04 03:00:09.660550432
62	2022, newspapers, headlines, published, prominent	4	2022-10-04 03:00:09.660550432
69	suna, agency, addresses, news, sudan	1	2022-10-04 03:00:09.660550432
79	sewage, treat, gezira, measures, water	1	2022-10-04 03:00:09.660550432
84	character, fugitive, tayeb, bilal, assassination	2	2022-10-04 03:00:09.660550432
85	newspapers, 2022, headlines, november, tuesday	3	2022-10-04 03:00:09.660550432
88	leaking, precautionary, manna, breaking, shortage	1	2022-10-04 03:00:09.660550432
96	integrate, unitams, develop, demands, plan	1	2022-10-04 03:00:09.660550432
105	demonstrate, rejecting, settlement, mourn, denouncing	1	2022-10-04 03:00:09.660550432
115	poverty, marginal, engaging, 46, worker	1	2022-10-04 03:00:09.660550432
135	net, click, details, sales, climate	1	2022-10-04 03:00:09.660550432
154	0121100979, contact, whatsapp, information, newspaper	1	2022-10-04 03:00:09.660550432
165	summary, best, start, 2022, news	1	2022-10-04 03:00:09.660550432
168	arbitrary, wajdi, akhbar, newspaper, detention	7	2022-10-04 03:00:09.660550432
172	guarded, manna, broad, meals, salah	3	2022-10-04 03:00:09.660550432
178	consent, guarding, zaid, watching, mutual	1	2022-10-04 03:00:09.660550432
180	windows, licenses, methods, traffic, renew	1	2022-10-04 03:00:09.660550432
193	suspect, fugitive, judiciary, conspiracy, leading	2	2022-10-04 03:00:09.660550432
196	concludes, police, river, visit, director	1	2022-10-04 03:00:09.660550432
220	0121100979, contact, whatsapp, political, information	1	2022-10-04 03:00:09.660550432
236	fugitive, settlements, pass, conspiracy, announcement	2	2022-10-04 03:00:09.660550432
242	2012, chase, dealers, operating, drug	1	2022-10-04 03:00:09.660550432
243	brokers, detainees, prison, negotiating, processions	1	2022-10-04 03:00:09.660550432
253	bilal, medicine, hamida, abu, good	2	2022-10-04 03:00:09.660550432
257	admission, receiving, completion, secure, final	10	2022-10-04 03:00:09.660550432
258	milk, 12000, bit, 2500, 900	2	2022-10-04 03:00:09.660550432
278	reserves, monetary, islamists, buys, postponing	5	2022-10-04 03:00:09.660550432
-1	al, burhan, workshop, agreement, igad	121	2022-11-03 09:11:38.009174304
0	mines, seizure, colonel, smuggled, sector	2	2022-11-03 09:11:38.009174304
1	college, students, mourning, died, classes	7	2022-11-03 09:11:38.009174304
3	cup, sports, league, goal, al	20	2022-11-03 09:11:38.009174304
5	newspaper, al, 2022, headlines, newspapers	16	2022-11-03 09:11:38.009174304
6	ethiopian, tigray, ethiopia, addis, ababa	8	2022-11-03 09:11:38.009174304
7	fever, infection, dengue, cases, diseases	10	2022-11-03 09:11:38.009174304
8	disavowed, powers, burhan, israel, regional	1	2022-11-03 09:11:38.009174304
12	quoted, kidnapping, injury, loss, saying	1	2022-11-03 09:11:38.009174304
13	refuge, seek, god, oh, lord	1	2022-11-03 09:11:38.009174304
14	burhan, dengue, fever, al, vote	2	2022-11-03 09:11:38.009174304
16	key, separate, democracy, pledges, facilitate	1	2022-11-03 09:11:38.009174304
18	dilling, monitors, commission, events, affected	1	2022-11-03 09:11:38.009174304
19	credentials, restores, volker, assets, presents	1	2022-11-03 09:11:38.009174304
20	meets, workshop, confirms, al, investment	8	2022-11-03 09:11:38.009174304
22	amin, hope, hassan, omar, return	1	2022-11-03 09:11:38.009174304
23	burhan, reduction, winter, seeking, wheat	1	2022-11-03 09:11:38.009174304
30	lighting, zadna, directs, road, quarter	1	2022-11-03 09:11:38.009174304
31	58, airlines, annually, survival, passengers	1	2022-11-03 09:11:38.009174304
33	crime, accused, rounds, investigation, vehicle	4	2022-11-03 09:11:38.009174304
36	elected, 1989, happened, coup, democratic	2	2022-11-03 09:11:38.009174304
37	entity, islamist, kizan, taught, hear	1	2022-11-03 09:11:38.009174304
38	admitted, code, 130, procedures, criminal	2	2022-11-03 09:11:38.009174304
39	mirghani, deports, parade, maulana, 43	1	2022-11-03 09:11:38.009174304
40	suspicion, fake, investigating, mining, revenues	2	2022-11-03 09:11:38.009174304
42	rights, human, commissioner, volker, high	4	2022-11-03 09:11:38.009174304
43	grandfather, deposits, volcker, constitution, origin	2	2022-11-03 09:11:38.009174304
45	pills, possession, arrests, culture, coordination	1	2022-11-03 09:11:38.009174304
46	trafficking, human, harmony, smuggling, combating	4	2022-11-03 09:11:38.009174304
49	tongue, destructive, person, aforementioned, pure	1	2022-11-03 09:11:38.009174304
53	pipeline, gas, raised, oil, recently	1	2022-11-03 09:11:38.009174304
55	writes, dr, al, damazin, abdul	1	2022-11-03 09:11:38.009174304
59	camels, smuggle, thwarting, attempt, sea	1	2022-11-03 09:11:38.009174304
61	scene, link, telegram, join, httpstmesdnewsnetwork	2	2022-11-03 09:11:38.009174304
62	2022, newspapers, headlines, published, prominent	3	2022-11-03 09:11:38.009174304
65	doctor, consult, symptoms, comfort, tired	1	2022-11-03 09:11:38.009174304
68	complexity, subjecting, agreeing, repeating, men	3	2022-11-03 09:11:38.009174304
77	artist, nasr, electronic, al, sudanese	1	2022-11-03 09:11:38.009174304
81	immigrants, deportation, protected, disasters, citizenship	2	2022-11-03 09:11:38.009174304
85	newspapers, 2022, headlines, 11, attention	1	2022-11-03 09:11:38.009174304
90	power, return, army, health, pardon	2	2022-11-03 09:11:38.009174304
95	regions, entity, paragraph, hopes, resort	1	2022-11-03 09:11:38.009174304
98	bushra, extracted, jiyad, lawsuit, arbitrarily	1	2022-11-03 09:11:38.009174304
105	protesters, sit, broke, involvement, 2019	1	2022-11-03 09:11:38.009174304
112	immigrants, deporting, libyan, illegal, 43	2	2022-11-03 09:11:38.009174304
117	tayeb, bilal, soba, writes, crime	1	2022-11-03 09:11:38.009174304
138	umma, party, bloc, national, democratic	1	2022-11-03 09:11:38.009174304
142	watan, balad, news, summary, 2022	1	2022-11-03 09:11:38.009174304
144	creativity, theater, haitham, omdurman, film	1	2022-11-03 09:11:38.009174304
153	railway, line, agreement, previous, establish	1	2022-11-03 09:11:38.009174304
160	evaluate, settlement, juba, born, cancellation	1	2022-11-03 09:11:38.009174304
163	moroccan, academy, health, federal, preservation	1	2022-11-03 09:11:38.009174304
166	differences, settlement, resolve, freedom, change	1	2022-11-03 09:11:38.009174304
167	succeed, coup, ministry, health, haitham	1	2022-11-03 09:11:38.009174304
172	burhan, congress, islamic, movement, national	1	2022-11-03 09:11:38.009174304
174	summary, best, news, 2022, start	6	2022-11-03 09:11:38.009174304
177	bloody, rule, writes, struggle, blue	1	2022-11-03 09:11:38.009174304
196	93, investigations, habitual, police, investigation	4	2022-11-03 09:11:38.009174304
197	coalition, financially, rsf, deploying, reserves	1	2022-11-03 09:11:38.009174304
216	promotion, extension, disaster, sanitation, inauguration	1	2022-11-03 09:11:38.009174304
242	illegal, immigration, combat, rapid, forces	2	2022-11-03 09:11:38.009174304
262	forensic, morgue, investigations, teams, transferred	2	2022-11-03 09:11:38.009174304
266	carries, marawi, training, military, army	1	2022-11-03 09:11:38.009174304
267	wahid, marra, jebel, ignite, factions	1	2022-11-03 09:11:38.009174304
269	difference, tasks, carrying, endeavors, succeed	1	2022-11-03 09:11:38.009174304
-1	al, framework, agreement, december, mirghani	149	2022-12-03 15:23:06.357798144
0	burned, zalingei, dozens, spokesman, wounded	4	2022-12-03 15:23:06.357798144
1	teachers, education, fulfilling, demands, university	13	2022-12-03 15:23:06.357798144
3	cup, world, morocco, sports, final	9	2022-12-03 15:23:06.357798144
5	newspaper, beja, framework, 2022, al	16	2022-12-03 15:23:06.357798144
6	abiy, discussion, framework, remain, participation	2	2022-12-03 15:23:06.357798144
10	reflected, role, levels, transition, message	3	2022-12-03 15:23:06.357798144
13	ask, payment, god, mercy, success	3	2022-12-03 15:23:06.357798144
15	net, click, details, required, jobs	1	2022-12-03 15:23:06.357798144
16	democratic, constitutional, conducting, capable, address	12	2022-12-03 15:23:06.357798144
18	grievances, processes, healthy, heal, stress	1	2022-12-03 15:23:06.357798144
20	meets, burhan, arab, disabilities, chinese	5	2022-12-03 15:23:06.357798144
23	expression, salvation, beja, bashir, respect	1	2022-12-03 15:23:06.357798144
26	acres, beans, 54, 56, cultivation	1	2022-12-03 15:23:06.357798144
29	crimes, police, era, infiltrating, 2014	3	2022-12-03 15:23:06.357798144
32	dealers, guidance, tear, disperse, settle	3	2022-12-03 15:23:06.357798144
33	department, intelligence, security, section, khair	8	2022-12-03 15:23:06.357798144
35	fragility, resolving, differences, commit, wars	2	2022-12-03 15:23:06.357798144
36	revolution, december, processions, glorious, revolutionary	8	2022-12-03 15:23:06.357798144
37	recognize, exceeds, mirghani, settlement, revolution	1	2022-12-03 15:23:06.357798144
38	legal, procedures, said, court, corruption	1	2022-12-03 15:23:06.357798144
39	tripoli, voluntary, benghazi, 160, abroad	2	2022-12-03 15:23:06.357798144
42	rights, human, declaration, beings, dignity	7	2022-12-03 15:23:06.357798144
45	drugs, drug, seizures, operations, smuggling	9	2022-12-03 15:23:06.357798144
46	trafficking, human, smuggling, combating, economies	2	2022-12-03 15:23:06.357798144
49	pray, allah, mercy, success, peace	1	2022-12-03 15:23:06.357798144
59	customs, dogs, substances, laboratories, transported	6	2022-12-03 15:23:06.357798144
61	scene, link, telegram, join, httpstmesdnewsnetwork	2	2022-12-03 15:23:06.357798144
62	2022, newspapers, headlines, morning, december	3	2022-12-03 15:23:06.357798144
63	unfortunate, martyrs, dear, forgiveness, mercy	1	2022-12-03 15:23:06.357798144
67	holiday, meteorology, temperatures, independence, expected	1	2022-12-03 15:23:06.357798144
70	papers, identification, cards, carrying, reduction	1	2022-12-03 15:23:06.357798144
73	optimistic, tweet, envoy, revolutionary, european	1	2022-12-03 15:23:06.357798144
75	speedy, pray, recovery, beloved, masses	1	2022-12-03 15:23:06.357798144
85	newspapers, 2022, 17, headlines, 12	1	2022-12-03 15:23:06.357798144
89	ambassadors, controlled, movements, chinese, foreign	2	2022-12-03 15:23:06.357798144
90	integrating, game, background, known, requires	1	2022-12-03 15:23:06.357798144
95	sona, platform, events, west, official	1	2022-12-03 15:23:06.357798144
96	speed, accepted, slogan, chief, readiness	1	2022-12-03 15:23:06.357798144
98	herders, change, framework, umma, freedom	1	2022-12-03 15:23:06.357798144
104	honorable, representatives, allah, gen, lt	1	2022-12-03 15:23:06.357798144
105	fadil, mahdi, zalingei, condemned, mubarak	1	2022-12-03 15:23:06.357798144
117	properties, sell, messages, owner, burhan	2	2022-12-03 15:23:06.357798144
120	anniversary, independence, processions, celebrates, revolution	1	2022-12-03 15:23:06.357798144
121	meteorology, pledges, problems, address, facilities	1	2022-12-03 15:23:06.357798144
122	sarah, segment, happiness, perform, roles	2	2022-12-03 15:23:06.357798144
129	stone, return, war, citizen, betrayed	1	2022-12-03 15:23:06.357798144
137	temperatures, holiday, meteorology, rise, independence	1	2022-12-03 15:23:06.357798144
138	norway, invite, thank, elections, priorities	3	2022-12-03 15:23:06.357798144
147	living, alarm, bell, satisfied, guarantee	1	2022-12-03 15:23:06.357798144
159	peretz, volker, submit, unamid, unitams	1	2022-12-03 15:23:06.357798144
165	summary, best, start, 2022, news	1	2022-12-03 15:23:06.357798144
166	confrontation, coup, indicated, open, public	1	2022-12-03 15:23:06.357798144
167	medicines, eligible, laboratories, requested, taha	1	2022-12-03 15:23:06.357798144
172	clarify, tweet, arrivals, mahdi, account	3	2022-12-03 15:23:06.357798144
174	2022, sunday, december, ad, news	1	2022-12-03 15:23:06.357798144
177	repeating, constantly, capitals, proven, looking	1	2022-12-03 15:23:06.357798144
186	patrols, noted, terms, cars, sheikh	1	2022-12-03 15:23:06.357798144
191	agreement, framework, table, defect, come	7	2022-12-03 15:23:06.357798144
193	weeks, arranged, justified, burri, apartment	3	2022-12-03 15:23:06.357798144
196	seizures, khair, guard, organized, dangerous	1	2022-12-03 15:23:06.357798144
220	participate, bodies, political, government, movement	1	2022-12-03 15:23:06.357798144
242	searched, illegal, emergencies, passengers, immigrants	2	2022-12-03 15:23:06.357798144
255	mirghani, mr, dinner, honor, lord	2	2022-12-03 15:23:06.357798144
256	integrate, umma, agreed, party, deputy	1	2022-12-03 15:23:06.357798144
269	guidance, fact, continuous, important, year	1	2022-12-03 15:23:06.357798144
-1	al, framework, burhan, sudani, drugs	103	2023-01-02 21:34:34.706422016
0	website, 24, source, scene, link	1	2023-01-02 21:34:34.706422016
3	al, hilal, cup, talent, team	12	2023-01-02 21:34:34.706422016
4	nigeria, syria, prince, faces, hassan	1	2023-01-02 21:34:34.706422016
5	newspaper, burhan, al, politicians, sudani	14	2023-01-02 21:34:34.706422016
8	israeli, israel, palestinian, palestine, russian	11	2023-01-02 21:34:34.706422016
11	applies, productivity, achieves, corn, sugar	1	2023-01-02 21:34:34.706422016
16	constitutional, document, failure, framework, legislative	1	2023-01-02 21:34:34.706422016
20	independence, al, celebrates, meets, amending	6	2023-01-02 21:34:34.706422016
23	fadil, mubarak, rule, arms, demand	3	2023-01-02 21:34:34.706422016
25	horn, wars, immigrants, include, difficult	1	2023-01-02 21:34:34.706422016
29	maintenance, roads, sea, surroundings, police	2	2023-01-02 21:34:34.706422016
33	lasted, operation, intelligence, months, led	1	2023-01-02 21:34:34.706422016
38	investigator, judge, equality, street, framework	4	2023-01-02 21:34:34.706422016
40	jumped, gold, tons, 2022, 18	5	2023-01-02 21:34:34.706422016
45	drug, dealers, rich, producers, forests	4	2023-01-02 21:34:34.706422016
46	trafficking, smuggling, human, wanted, interpol	4	2023-01-02 21:34:34.706422016
61	scene, link, telegram, join, httpstmesdnewsnetwork	2	2023-01-02 21:34:34.706422016
62	newspapers, headlines, sudanese, newspaper, 2022	1	2023-01-02 21:34:34.706422016
65	edition, records, record, middle, 2022	1	2023-01-02 21:34:34.706422016
68	taj, benefiting, dismantle, reference, experiences	2	2023-01-02 21:34:34.706422016
77	stars, art, hosts, program, artist	1	2023-01-02 21:34:34.706422016
85	newspapers, headlines, january, 2023, ad	3	2023-01-02 21:34:34.706422016
86	homelessness, tribalism, preachers, society, ignorance	4	2023-01-02 21:34:34.706422016
89	agenda, bilateral, develop, discussed, willingness	2	2023-01-02 21:34:34.706422016
107	stipulated, racism, stationed, hostilities, inventory	1	2023-01-02 21:34:34.706422016
124	chadian, irregular, focused, consistent, contain	1	2023-01-02 21:34:34.706422016
138	sadiq, umma, deep, party, objective	1	2023-01-02 21:34:34.706422016
144	star, series, stars, rising, includes	2	2023-01-02 21:34:34.706422016
165	akhbar, 21, january, electronic, 2023	1	2023-01-02 21:34:34.706422016
166	decide, fate, tribe, right, change	1	2023-01-02 21:34:34.706422016
168	captain, akhbar, framework, does, agreement	1	2023-01-02 21:34:34.706422016
172	exploit, religion, umma, goals, al	1	2023-01-02 21:34:34.706422016
174	summary, best, news, start, 28	1	2023-01-02 21:34:34.706422016
190	network, link, telegram, whatsapp, facebook	1	2023-01-02 21:34:34.706422016
191	workshops, negotiating, beja, framework, requires	2	2023-01-02 21:34:34.706422016
193	pump, awliya, opportunities, jabal, job	1	2023-01-02 21:34:34.706422016
220	publish, headlines, happiness, write, reveal	1	2023-01-02 21:34:34.706422016
228	advisor, cross, unit, rsf, migration	1	2023-01-02 21:34:34.706422016
234	houses, 13, caused, losses, kalma	1	2023-01-02 21:34:34.706422016
236	tijani, abolition, retribution, penalty, model	1	2023-01-02 21:34:34.706422016
242	achievements, illegal, fight, rsf, migration	1	2023-01-02 21:34:34.706422016
256	umma, religion, party, separating, affiliation	1	2023-01-02 21:34:34.706422016
266	graduation, recruits, batch, presenting, sea	2	2023-01-02 21:34:34.706422016
-1	al, chemical, framework, burhan, agreement	116	2023-02-02 03:46:03.055045856
0	tribalism, generations, harmony, enjoy, native	1	2023-02-02 03:46:03.055045856
1	teachers, practical, educational, overcome, obstacles	6	2023-02-02 03:46:03.055045856
3	audience, hilal, league, al, resolves	2	2023-02-02 03:46:03.055045856
4	middle, european, russian, syria, syrian	6	2023-02-02 03:46:03.055045856
5	newspaper, framework, burhan, al, coup	10	2023-02-02 03:46:03.055045856
7	detected, ambada, dengue, fever, defendants	1	2023-02-02 03:46:03.055045856
8	palestinian, french, israel, israeli, counterfeiting	3	2023-02-02 03:46:03.055045856
13	evil, said, god, oh, lord	1	2023-02-02 03:46:03.055045856
16	drawn, constitution, determined, website, elections	2	2023-02-02 03:46:03.055045856
18	adventures, fragmentation, undermining, recognized, provisions	2	2023-02-02 03:46:03.055045856
20	centre, killing, majzoub, 28th, nouri	2	2023-02-02 03:46:03.055045856
21	ireland, salamat, conducted, charitable, fifth	1	2023-02-02 03:46:03.055045856
23	fundamental, bloc, signature, transformations, disrupt	2	2023-02-02 03:46:03.055045856
32	missions, 35, passports, provide, world	1	2023-02-02 03:46:03.055045856
33	cleaning, awliya, jabal, carry, employees	1	2023-02-02 03:46:03.055045856
34	ankara, earthquake, din, rubble, counselor	2	2023-02-02 03:46:03.055045856
35	effectively, copy, comment, matrix, coordinate	2	2023-02-02 03:46:03.055045856
36	know, sovereign, council, military, change	2	2023-02-02 03:46:03.055045856
45	drug, examination, drugs, identification, papers	2	2023-02-02 03:46:03.055045856
46	trafficking, hostages, human, gang, kassala	2	2023-02-02 03:46:03.055045856
47	dilemma, solve, waiting, answer, zero	1	2023-02-02 03:46:03.055045856
48	controversy, raises, intervene, drug, framework	2	2023-02-02 03:46:03.055045856
53	cooking, amounts, gas, energy, large	1	2023-02-02 03:46:03.055045856
58	chair, gain, remaining, holy, brought	1	2023-02-02 03:46:03.055045856
60	taxes, finance, budget, dear, fees	10	2023-02-02 03:46:03.055045856
61	scene, link, telegram, join, httpstmesdnewsnetwork	1	2023-02-02 03:46:03.055045856
62	february, headlines, newspaper, 2023, ad	3	2023-02-02 03:46:03.055045856
74	swear, intention, dont, come, didnt	1	2023-02-02 03:46:03.055045856
86	visit, church, sky, intense, south	5	2023-02-02 03:46:03.055045856
87	frequent, harm, protests, strikes, economy	1	2023-02-02 03:46:03.055045856
91	counselor, tut, qalwak, final, peace	2	2023-02-02 03:46:03.055045856
93	nouri, pharmaceutical, visitors, flies, fruit	1	2023-02-02 03:46:03.055045856
94	burhan, developed, invest, oil, 1989	1	2023-02-02 03:46:03.055045856
100	affect, strength, campaigns, confirmed, increase	1	2023-02-02 03:46:03.055045856
107	proceed, suspect, nomination, drawn, bearing	2	2023-02-02 03:46:03.055045856
110	golden, tank, palm, tanks, directions	2	2023-02-02 03:46:03.055045856
111	dialysis, patient, surgery, patients, kidney	2	2023-02-02 03:46:03.055045856
112	illegal, immigration, 95, mediterranean, waters	1	2023-02-02 03:46:03.055045856
117	magazine, decline, russian, housing, largest	1	2023-02-02 03:46:03.055045856
124	chadian, attracted, eternal, warm, joint	2	2023-02-02 03:46:03.055045856
138	product, overcoming, arena, impossible, kamal	3	2023-02-02 03:46:03.055045856
150	merchants, producers, taxes, private, farmers	3	2023-02-02 03:46:03.055045856
160	gentlemen, blessings, peace, greetings, honorable	1	2023-02-02 03:46:03.055045856
163	disabled, holds, insurance, strengthen, workshop	1	2023-02-02 03:46:03.055045856
166	coup, participate, planning, expatriates, did	1	2023-02-02 03:46:03.055045856
168	1989, cancellation, akhbar, coup, cooking	2	2023-02-02 03:46:03.055045856
169	convinced, happen, false, understanding, represent	2	2023-02-02 03:46:03.055045856
174	summary, best, news, start, saturday	1	2023-02-02 03:46:03.055045856
187	unable, salaries, failed, form, energy	1	2023-02-02 03:46:03.055045856
191	friends, advance, signed, framework, agreement	1	2023-02-02 03:46:03.055045856
202	patient, employees, especially, service, civil	1	2023-02-02 03:46:03.055045856
225	unregulated, owners, protest, cars, motorcycles	1	2023-02-02 03:46:03.055045856
234	crops, burning, caused, schools, nyala	1	2023-02-02 03:46:03.055045856
254	natural, dear, building, returning, hand	1	2023-02-02 03:46:03.055045856
261	columns, promise, directing, principle, sake	1	2023-02-02 03:46:03.055045856
-1	al, bags, burhan, reform, discussions	122	2023-03-04 09:57:31.403669696
0	scenes, bloody, stations, atta, inaugurated	4	2023-03-04 09:57:31.403669696
1	postponing, exams, certificate, ramadan, atta	5	2023-03-04 09:57:31.403669696
2	unit, contributing, rights, appreciated, roles	1	2023-03-04 09:57:31.403669696
3	match, league, hilal, al, sports	4	2023-03-04 09:57:31.403669696
4	highness, syria, syrian, faisal, 2030	4	2023-03-04 09:57:31.403669696
5	newspaper, communist, political, al, sudani	13	2023-03-04 09:57:31.403669696
6	investigator, summons, accelerate, brigadier, dengue	1	2023-03-04 09:57:31.403669696
7	tambour, contain, dengue, fever, cholera	3	2023-03-04 09:57:31.403669696
11	crops, teams, loss, canadian, agricultural	3	2023-03-04 09:57:31.403669696
12	tandelti, merchant, gunfire, estimates, valley	3	2023-03-04 09:57:31.403669696
16	disappointed, sandal, appointments, exemptions, dispute	3	2023-03-04 09:57:31.403669696
18	iraq, perpetrators, accountable, initiated, vast	2	2023-03-04 09:57:31.403669696
19	yemeni, skirmishes, deny, waste, britain	5	2023-03-04 09:57:31.403669696
20	al, workshop, meets, minister, governor	11	2023-03-04 09:57:31.403669696
25	decades, determine, requirements, responsibility, scene	1	2023-03-04 09:57:31.403669696
26	festival, celebrates, hamad, target, groups	1	2023-03-04 09:57:31.403669696
29	gradual, clubs, low, delivers, departments	1	2023-03-04 09:57:31.403669696
33	agenda, subject, reform, freedom, change	1	2023-03-04 09:57:31.403669696
36	disagreement, power, democracy, dispute, freedom	5	2023-03-04 09:57:31.403669696
37	complicated, elected, command, hemedti, situation	1	2023-03-04 09:57:31.403669696
38	rsf, reports, court, corruption, prosecution	1	2023-03-04 09:57:31.403669696
42	unit, rights, human, british, koko	1	2023-03-04 09:57:31.403669696
43	monetary, 90, banking, supply, outside	3	2023-03-04 09:57:31.403669696
45	ice, 97, drug, kilograms, emir	1	2023-03-04 09:57:31.403669696
46	economist, deterrent, trafficking, laws, human	3	2023-03-04 09:57:31.403669696
54	refers, freedoms, referring, headlines, babiker	4	2023-03-04 09:57:31.403669696
61	scene, link, telegram, join, httpstmesdnewsnetwork	6	2023-03-04 09:57:31.403669696
62	newspapers, headlines, morning, wednesday, march	3	2023-03-04 09:57:31.403669696
64	included, group, number, sudanese, father	1	2023-03-04 09:57:31.403669696
72	workshops, justice, signatories, court, prosecute	2	2023-03-04 09:57:31.403669696
78	ideas, emergence, isis, threats, atrocities	2	2023-03-04 09:57:31.403669696
79	clean, drinking, voluntary, achieve, water	1	2023-03-04 09:57:31.403669696
83	suki, tayeb, bilal, clinic, center	2	2023-03-04 09:57:31.403669696
88	fiscal, congo, mauritania, surprises, distance	1	2023-03-04 09:57:31.403669696
91	chances, maintains, lighting, draws, ancient	1	2023-03-04 09:57:31.403669696
93	disagreements, tax, increases, reasons, budget	1	2023-03-04 09:57:31.403669696
105	framework, signatories, dismantle, passing, agenda	1	2023-03-04 09:57:31.403669696
107	vice, listens, mohamed, lieutenant, hamed	1	2023-03-04 09:57:31.403669696
110	golden, tank, palm, tanks, factory	2	2023-03-04 09:57:31.403669696
115	percent, poverty, line, live, population	1	2023-03-04 09:57:31.403669696
120	burhan, nilein, continental, refers, recruiting	1	2023-03-04 09:57:31.403669696
126	hajj, electronic, pilgrims, ah, murder	2	2023-03-04 09:57:31.403669696
132	investigations, detection, forensic, amir, events	2	2023-03-04 09:57:31.403669696
141	burhan, governors, dagalo, states, al	3	2023-03-04 09:57:31.403669696
143	dimension, win, bashir, trial, attempt	1	2023-03-04 09:57:31.403669696
149	celebrated, wealth, rescue, global, river	1	2023-03-04 09:57:31.403669696
152	tunisian, boats, coast, seekers, 33	2	2023-03-04 09:57:31.403669696
163	launches, matama, ambada, abundance, locality	1	2023-03-04 09:57:31.403669696
165	summary, best, start, watan, news	2	2023-03-04 09:57:31.403669696
166	dispute, bring, 25, continuation, october	3	2023-03-04 09:57:31.403669696
174	summary, best, news, start, ad	3	2023-03-04 09:57:31.403669696
178	questioning, kilograms, smuggled, conference, duties	1	2023-03-04 09:57:31.403669696
207	burden, want, materials, reasonable, ramadan	7	2023-03-04 09:57:31.403669696
212	correspondent, asia, 50, alkhalifa, juma	1	2023-03-04 09:57:31.403669696
234	burned, houses, broke, completely, march	3	2023-03-04 09:57:31.403669696
242	illegal, immigration, combating, successes, smuggling	3	2023-03-04 09:57:31.403669696
-1	ramadan, basket, burhan, al, truce	76	2023-04-03 16:08:59.752293568
0	drink, 72, wave, safer, observer	8	2023-04-03 16:08:59.752293568
2	170, estimates, food, weeks, 100	3	2023-04-03 16:08:59.752293568
3	din, hilal, syrian, al, seeing	3	2023-04-03 16:08:59.752293568
12	outcome, sounds, sad, devastation, beloved	3	2023-04-03 16:08:59.752293568
17	widows, ramadan, orphans, tendency, baskets	1	2023-04-03 16:08:59.752293568
19	fee, khaled, ongoing, secretary, america	1	2023-04-03 16:08:59.752293568
20	holiday, exhibition, federal, preparatory, receives	5	2023-04-03 16:08:59.752293568
21	syndicate, evacuation, adding, teams, concern	1	2023-04-03 16:08:59.752293568
23	tayeb, bilal, transferring, engage, wajdi	1	2023-04-03 16:08:59.752293568
25	arrive, estimate, expect, bloody, refugees	2	2023-04-03 16:08:59.752293568
28	qalabat, passing, addis, accident, ethiopian	1	2023-04-03 16:08:59.752293568
30	performing, currencies, destroys, worst, era	1	2023-04-03 16:08:59.752293568
31	tayeb, bilal, growth, asim, writes	1	2023-04-03 16:08:59.752293568
32	card, expired, license, reserve, registration	1	2023-04-03 16:08:59.752293568
35	exercise, sake, reason, sides, voice	3	2023-04-03 16:08:59.752293568
38	tarco, 200, court, supreme, pounds	1	2023-04-03 16:08:59.752293568
41	httpstmesaqwl, spokesman, office, official, rapid	1	2023-04-03 16:08:59.752293568
46	trafficking, usual, phenomena, marawi, negative	1	2023-04-03 16:08:59.752293568
52	harsh, intervention, elderly, save, live	1	2023-04-03 16:08:59.752293568
54	burhan, uprising, postpone, process, arman	4	2023-04-03 16:08:59.752293568
59	customs, 44, sexual, thwarting, seized	2	2023-04-03 16:08:59.752293568
61	scene, link, telegram, join, httpstmesdnewsnetwork	5	2023-04-03 16:08:59.752293568
91	burhan, agreed, hemedti, kiir, principle	1	2023-04-03 16:08:59.752293568
96	harmony, regular, rest, leadership, coordination	3	2023-04-03 16:08:59.752293568
105	tear, responds, demonstrators, strongly, attacking	2	2023-04-03 16:08:59.752293568
114	confrontations, migration, ongoing, saqwl, employees	1	2023-04-03 16:08:59.752293568
138	anas, dissolved, hashem, party, breakfast	1	2023-04-03 16:08:59.752293568
147	nightmare, gift, constitute, influx, believe	1	2023-04-03 16:08:59.752293568
153	installing, tendency, tracking, workshops, buses	1	2023-04-03 16:08:59.752293568
165	summary, best, akhbar, start, news	2	2023-04-03 16:08:59.752293568
180	120, buses, 29, hours, reached	2	2023-04-03 16:08:59.752293568
210	interruption, internet, communications, complete, urgent	1	2023-04-03 16:08:59.752293568
218	zakat, value, pounds, majority, bridges	3	2023-04-03 16:08:59.752293568
226	presentation, birth, interact, compulsory, certificate	1	2023-04-03 16:08:59.752293568
242	transient, combat, robbery, illegal, phenomena	2	2023-04-03 16:08:59.752293568
-1	unhcr, rebel, armed, forces, facilitate	269	2023-05-03 22:20:28.100917408
0	rebel, rebels, vehicles, strikes, bahri	34	2023-05-03 22:20:28.100917408
1	college, university, educational, universities, infrastructure	8	2023-05-03 22:20:28.100917408
2	humanitarian, term, coordination, 250, short	8	2023-05-03 22:20:28.100917408
4	unilateral, facilitated, systematically, alleged, generosity	2	2023-05-03 22:20:28.100917408
7	cholera, outbreak, saqwl, largest, dozens	1	2023-05-03 22:20:28.100917408
8	read, gangs, palestine, strategies, israel	2	2023-05-03 22:20:28.100917408
9	obeid, crushed, area, indiscriminate, occupation	2	2023-05-03 22:20:28.100917408
10	rape, sexual, women, minors, street	6	2023-05-03 22:20:28.100917408
11	acres, beans, 52, 54, harvesting	1	2023-05-03 22:20:28.100917408
12	stealing, expelling, looting, forcing, homes	13	2023-05-03 22:20:28.100917408
13	heart, path, god, conflicting, really	1	2023-05-03 22:20:28.100917408
17	marwa, amal, hosting, foundation, provides	1	2023-05-03 22:20:28.100917408
18	law, humanitarian, repair, actors, international	8	2023-05-03 22:20:28.100917408
19	aspirations, strongly, stable, truce, supports	2	2023-05-03 22:20:28.100917408
20	saving, farmers, federal, receives, kidney	1	2023-05-03 22:20:28.100917408
21	access, primary, unhcr, services, allows	3	2023-05-03 22:20:28.100917408
22	long, yes, live, protector, inhumane	2	2023-05-03 22:20:28.100917408
24	al, parts, neighborhoods, stadium, wave	1	2023-05-03 22:20:28.100917408
25	refugees, 56, fled, 300, commissioner	6	2023-05-03 22:20:28.100917408
26	blue, qalabat, localities, season, nile	1	2023-05-03 22:20:28.100917408
27	passed, january, convoy, beginning, year	1	2023-05-03 22:20:28.100917408
31	airport, airlines, airspace, flights, aviation	3	2023-05-03 22:20:28.100917408
32	passport, travel, document, visa, crossing	3	2023-05-03 22:20:28.100917408
33	appears, trend, crime, period, time	1	2023-05-03 22:20:28.100917408
35	truce, ceasefire, enjoys, responding, commitment	6	2023-05-03 22:20:28.100917408
36	broken, refuge, taken, hospitals, rebellion	1	2023-05-03 22:20:28.100917408
37	advisors, jaafar, district, worked, zalingei	1	2023-05-03 22:20:28.100917408
38	identify, violation, disputes, allegations, violations	1	2023-05-03 22:20:28.100917408
39	crossed, half, egypt, border, children	1	2023-05-03 22:20:28.100917408
47	understand, did, waiting, answer, zero	1	2023-05-03 22:20:28.100917408
48	ugandan, communication, african, representative, president	3	2023-05-03 22:20:28.100917408
49	repeating, inability, friends, power, glory	2	2023-05-03 22:20:28.100917408
51	interruption, expansion, electricity, stability, water	1	2023-05-03 22:20:28.100917408
54	ceasefire, truce, headlines, saudi, 2023	12	2023-05-03 22:20:28.100917408
56	depending, availability, extent, possible, remain	1	2023-05-03 22:20:28.100917408
57	advisory, event, june, 2023, headlines	2	2023-05-03 22:20:28.100917408
58	harmful, warnings, directives, secure, street	1	2023-05-03 22:20:28.100917408
61	scene, link, telegram, join, httpstmesdnewsnetwork	5	2023-05-03 22:20:28.100917408
66	peretz, diplomat, secretary, fighting, stop	3	2023-05-03 22:20:28.100917408
70	document, passport, extracted, answered, messenger	1	2023-05-03 22:20:28.100917408
71	assaults, journalists, jazeera, office, al	1	2023-05-03 22:20:28.100917408
73	proposals, involvement, resolve, stresses, egypt	1	2023-05-03 22:20:28.100917408
75	righteous, mercy, treacherous, martyrs, victim	1	2023-05-03 22:20:28.100917408
76	snipers, forcefully, elimination, enemy, inflicting	3	2023-05-03 22:20:28.100917408
77	artist, touching, broadcasting, abundance, jamal	2	2023-05-03 22:20:28.100917408
78	sabotage, college, educational, releasing, sabotaging	1	2023-05-03 22:20:28.100917408
79	water, problem, pipeline, uses, push	2	2023-05-03 22:20:28.100917408
80	honorable, prophet, blessings, gracious, merciful	1	2023-05-03 22:20:28.100917408
81	website, random, exactly, immigration, inquiries	2	2023-05-03 22:20:28.100917408
82	bahri, neighborhoods, yesterday, north, rent	3	2023-05-03 22:20:28.100917408
90	pardon, reporting, renew, unit, benefit	17	2023-05-03 22:20:28.100917408
91	union, european, african, initiative, included	2	2023-05-03 22:20:28.100917408
92	enemy, possible, outside, movements, ready	9	2023-05-03 22:20:28.100917408
96	command, summary, stable, 2023, operational	20	2023-05-03 22:20:28.100917408
110	missiles, engineers, destroys, corps, using	1	2023-05-03 22:20:28.100917408
111	kidney, dialysis, liver, pharmacists, patients	4	2023-05-03 22:20:28.100917408
114	migration, fierce, far, million, fled	2	2023-05-03 22:20:28.100917408
115	investments, peretz, deliberations, shortages, volker	3	2023-05-03 22:20:28.100917408
122	suspending, occupation, talks, hospitals, infrastructure	1	2023-05-03 22:20:28.100917408
123	acknowledged, exceptional, loaded, destroys, promises	1	2023-05-03 22:20:28.100917408
126	hajj, pilgrims, begin, dongola, yellow	1	2023-05-03 22:20:28.100917408
129	neighboring, financial, gold, coming, resources	1	2023-05-03 22:20:28.100917408
134	survived, escaped, dispersal, death, traffickers	1	2023-05-03 22:20:28.100917408
139	handover, insurance, madani, jazeera, centers	1	2023-05-03 22:20:28.100917408
140	looting, breaking, looted, homes, shops	3	2023-05-03 22:20:28.100917408
141	whereabouts, makes, rahim, statements, dagalo	1	2023-05-03 22:20:28.100917408
147	supervises, propaganda, videos, publishing, 300	2	2023-05-03 22:20:28.100917408
152	run, france, britain, cross, trying	1	2023-05-03 22:20:28.100917408
159	dimension, briefing, volker, term, growing	1	2023-05-03 22:20:28.100917408
175	balance, zain, transferring, safely, discount	2	2023-05-03 22:20:28.100917408
181	enemy, vehicles, destroyed, rebel, bahri	9	2023-05-03 22:20:28.100917408
182	peretz, volker, informed, asked, deport	2	2023-05-03 22:20:28.100917408
185	purposes, forcing, indiscriminate, forcibly, evacuate	1	2023-05-03 22:20:28.100917408
188	pages, platforms, doctors, world, information	1	2023-05-03 22:20:28.100917408
213	tent, clock, clinic, doctors, preliminary	2	2023-05-03 22:20:28.100917408
223	contrary, losing, defenseless, prisoners, ask	1	2023-05-03 22:20:28.100917408
225	drive, seizes, cars, private, launches	1	2023-05-03 22:20:28.100917408
228	resettlement, unhcr, mouth, active, encourage	16	2023-05-03 22:20:28.100917408
232	spokesman, office, armed, army, forces	1	2023-05-03 22:20:28.100917408
233	missions, burhan, writes, confiscates, diplomatic	1	2023-05-03 22:20:28.100917408
257	applicants, luck, best, admission, receiving	2	2023-05-03 22:20:28.100917408
260	zalingei, complicated, looting, neighborhood, militias	1	2023-05-03 22:20:28.100917408
267	accuses, sabotaging, contents, norms, practicing	1	2023-05-03 22:20:28.100917408
280	jordanian, ambassador, diplomatic, vandalized, sanctity	1	2023-05-03 22:20:28.100917408
-1	al, war, army, tribal, darfur	244	2023-06-03 04:31:56.449541280
0	geneina, looted, kutum, el, hafez	13	2023-06-03 04:31:56.449541280
1	windows, underway, degrees, window, announce	5	2023-06-03 04:31:56.449541280
2	million, aid, humanitarian, united, nations	11	2023-06-03 04:31:56.449541280
4	middle, threat, entire, means, comprehensive	1	2023-06-03 04:31:56.449541280
7	medani, malaria, significant, borders, doctors	1	2023-06-03 04:31:56.449541280
8	jews, privileges, certainly, initial, eliminated	1	2023-06-03 04:31:56.449541280
9	kassab, truce, 24, kutum, strange	4	2023-06-03 04:31:56.449541280
10	sexual, violence, unit, women, uniforms	5	2023-06-03 04:31:56.449541280
11	rich, inevitable, summer, threaten, farmers	1	2023-06-03 04:31:56.449541280
12	conflict, stray, unparalleled, erupted, restricted	5	2023-06-03 04:31:56.449541280
13	god, fear, undoubtedly, grew, sadness	3	2023-06-03 04:31:56.449541280
15	courses, required, degree, nutrition, officer	1	2023-06-03 04:31:56.449541280
18	mass, qaisan, numerous, verify, alleged	2	2023-06-03 04:31:56.449541280
19	biden, congress, believes, administration, ambassador	4	2023-06-03 04:31:56.449541280
21	accumulation, twitter, urges, needs, donors	1	2023-06-03 04:31:56.449541280
22	opposition, talent, live, tribes, fifteenth	3	2023-06-03 04:31:56.449541280
23	supervision, khaled, decision, establishment, political	1	2023-06-03 04:31:56.449541280
24	sense, urgently, sultanate, word, intervene	2	2023-06-03 04:31:56.449541280
25	refugees, internally, million, fled, crossed	7	2023-06-03 04:31:56.449541280
29	bamdurman, theft, increased, old, southern	1	2023-06-03 04:31:56.449541280
31	tarco, travel, airlines, update, banned	2	2023-06-03 04:31:56.449541280
32	visa, passport, factory, passports, entry	11	2023-06-03 04:31:56.449541280
33	encouraged, protected, documentation, purposes, assist	1	2023-06-03 04:31:56.449541280
35	deploy, bitterness, mutual, truce, unitams	3	2023-06-03 04:31:56.449541280
36	14th, neighbors, friends, hot, revolution	1	2023-06-03 04:31:56.449541280
39	wait, elderly, returned, implementing, long	1	2023-06-03 04:31:56.449541280
47	mean, collect, accurate, later, talk	2	2023-06-03 04:31:56.449541280
49	trouble, captain, hamed, almighty, hamid	1	2023-06-03 04:31:56.449541280
52	rainy, critical, dilling, arrived, season	1	2023-06-03 04:31:56.449541280
53	attractive, fuel, merchant, gives, ability	1	2023-06-03 04:31:56.449541280
54	headlines, 2023, issued, truce, news	8	2023-06-03 04:31:56.449541280
58	disappointed, concepts, remember, view, reform	1	2023-06-03 04:31:56.449541280
60	slander, spokesman, finance, ministry, minister	1	2023-06-03 04:31:56.449541280
61	scene, link, telegram, join, httpstmesdnewsnetwork	10	2023-06-03 04:31:56.449541280
63	oh, god, grant, heal, victory	2	2023-06-03 04:31:56.449541280
73	egyptians, guarantee, eritrea, threat, consent	1	2023-06-03 04:31:56.449541280
74	love, dont, come, didnt, personally	1	2023-06-03 04:31:56.449541280
75	speedy, recovery, mercy, forgiveness, wounded	1	2023-06-03 04:31:56.449541280
80	winning, hardship, losing, mean, victory	1	2023-06-03 04:31:56.449541280
85	headlines, prominent, news, editorial, excuse	1	2023-06-03 04:31:56.449541280
89	presidents, common, importance, exchange, borders	1	2023-06-03 04:31:56.449541280
91	solution, likely, option, single, birth	1	2023-06-03 04:31:56.449541280
92	defeating, agent, ending, khaled, janjaweed	1	2023-06-03 04:31:56.449541280
96	conveyed, greetings, chief, staff, command	1	2023-06-03 04:31:56.449541280
97	neutral, independent, center, opinion, experts	1	2023-06-03 04:31:56.449541280
100	wagner, homes, organization, military, soldiers	2	2023-06-03 04:31:56.449541280
103	salvation, advent, hesitation, incitement, jihad	2	2023-06-03 04:31:56.449541280
106	eid, attended, squares, prayers, absent	2	2023-06-03 04:31:56.449541280
108	actual, agencies, higher, numbers, relief	1	2023-06-03 04:31:56.449541280
110	planes, warplanes, locations, bombed, returned	1	2023-06-03 04:31:56.449541280
114	56, total, migration, 20, june	2	2023-06-03 04:31:56.449541280
116	wagner, testimonies, cnn, arming, hemedti	2	2023-06-03 04:31:56.449541280
124	chadian, played, fleeing, burhan, phone	2	2023-06-03 04:31:56.449541280
129	betrayed, stray, spark, war, surrendered	2	2023-06-03 04:31:56.449541280
132	geneina, liquidating, declared, play, accuses	2	2023-06-03 04:31:56.449541280
140	hundreds, looted, cars, dozens, residents	1	2023-06-03 04:31:56.449541280
141	committees, resistance, burhan, demonstrations, arms	1	2023-06-03 04:31:56.449541280
144	disappointed, neutrality, false, agents, cover	1	2023-06-03 04:31:56.449541280
158	operate, vital, extend, facilitate, formation	1	2023-06-03 04:31:56.449541280
159	deteriorate, peretz, unitams, particularly, volker	1	2023-06-03 04:31:56.449541280
160	ready, resolve, help, conflict, sudan	1	2023-06-03 04:31:56.449541280
166	fail, regain, dreams, coup, transition	1	2023-06-03 04:31:56.449541280
169	anticipation, deliberately, open, doors, door	1	2023-06-03 04:31:56.449541280
172	sword, propose, islam, brotherhood, muslim	1	2023-06-03 04:31:56.449541280
177	sultanate, masalit, flight, dar, geneina	2	2023-06-03 04:31:56.449541280
178	excellency, rebels, reassured, cohesive, devoted	3	2023-06-03 04:31:56.449541280
181	resorted, directing, bases, strikes, attacked	1	2023-06-03 04:31:56.449541280
184	quiet, old, compared, natural, extension	1	2023-06-03 04:31:56.449541280
191	converting, binding, absolute, monitored, declaration	1	2023-06-03 04:31:56.449541280
195	plan, khartoum, source, omdurman, informing	1	2023-06-03 04:31:56.449541280
228	access, associated, safely, restrictions, offices	1	2023-06-03 04:31:56.449541280
229	imagined, pages, barbaric, chose, write	1	2023-06-03 04:31:56.449541280
230	flags, actively, campaign, sadness, specifically	1	2023-06-03 04:31:56.449541280
233	truce, suggested, donor, relative, effect	2	2023-06-03 04:31:56.449541280
251	plundered, occupied, refuge, hospitals, took	2	2023-06-03 04:31:56.449541280
261	nouri, tractors, mail, bulletin, tariq	2	2023-06-03 04:31:56.449541280
265	perpetrator, dropping, explosive, barrels, planes	1	2023-06-03 04:31:56.449541280
270	chadian, affirmed, ways, discussing, stands	1	2023-06-03 04:31:56.449541280
271	requesting, crowds, visas, drivers, linking	1	2023-06-03 04:31:56.449541280
273	riding, revive, treacherous, gather, intended	1	2023-06-03 04:31:56.449541280
275	conflicting, relative, parties, responsibilities, lasted	1	2023-06-03 04:31:56.449541280
282	kassab, enormous, count, preliminary, kutum	3	2023-06-03 04:31:56.449541280
-1	al, rapid, army, forces, war	304	2023-07-03 10:43:24.798165120
0	rapid, army, al, forces, barracks	15	2023-07-03 10:43:24.798165120
1	essam, assassinated, din, fadlallah, omdurman	6	2023-07-03 10:43:24.798165120
2	saqwl, urgent, nations, say, united	5	2023-07-03 10:43:24.798165120
4	postpone, winds, constitute, growth, direction	3	2023-07-03 10:43:24.798165120
5	deposed, bashir, fall, hands, omar	1	2023-07-03 10:43:24.798165120
6	fighters, ethiopian, ethiopia, smuggling, facilitate	4	2023-07-03 10:43:24.798165120
9	homes, al, boarding, rejoice, chanting	5	2023-07-03 10:43:24.798165120
10	rape, oversight, sexual, convention, numerous	5	2023-07-03 10:43:24.798165120
12	90, grief, days, dead, left	5	2023-07-03 10:43:24.798165120
13	conveyed, god, blessings, bear, oh	2	2023-07-03 10:43:24.798165120
15	required, assistant, courses, chain, kosti	20	2023-07-03 10:43:24.798165120
16	seat, happen, answer, democracy, reaching	2	2023-07-03 10:43:24.798165120
17	contributions, crescent, society, various, praises	1	2023-07-03 10:43:24.798165120
18	convention, numerous, statute, articles, cleansing	1	2023-07-03 10:43:24.798165120
20	investment, non, governmental, resumes, sinja	2	2023-07-03 10:43:24.798165120
21	doctors, executives, borders, dalgo, dutch	1	2023-07-03 10:43:24.798165120
22	supportive, citizen, battle, honor, seeing	4	2023-07-03 10:43:24.798165120
25	saqwl, concerns, grave, adre, refugees	2	2023-07-03 10:43:24.798165120
27	hasahisa, attacked, 21st, infantry, neighborhood	3	2023-07-03 10:43:24.798165120
31	flights, plane, airport, flight, aviation	4	2023-07-03 10:43:24.798165120
32	passport, factory, passports, site, visa	11	2023-07-03 10:43:24.798165120
34	houses, partially, rains, 250, fell	2	2023-07-03 10:43:24.798165120
35	china, ii, bloodshed, maneuvers, ages	2	2023-07-03 10:43:24.798165120
36	revolution, position, drums, contrast, benefit	2	2023-07-03 10:43:24.798165120
37	knights, answered, dissolved, handed, imprisonment	1	2023-07-03 10:43:24.798165120
39	somali, shares, celebrations, consulate, burhan	1	2023-07-03 10:43:24.798165120
47	clarified, tonight, better, times, ago	2	2023-07-03 10:43:24.798165120
48	kenyan, african, igad, coordinated, phone	4	2023-07-03 10:43:24.798165120
49	messenger, bless, allah, book, god	3	2023-07-03 10:43:24.798165120
54	momentum, deploy, somali, worse, 2023	2	2023-07-03 10:43:24.798165120
55	clarified, signature, sharif, awad, ibrahim	3	2023-07-03 10:43:24.798165120
56	lying, talking, mobile, phone, networks	1	2023-07-03 10:43:24.798165120
61	scene, link, telegram, join, httpstmesdnewsnetwork	7	2023-07-03 10:43:24.798165120
63	god, willing, big, person, cities	3	2023-07-03 10:43:24.798165120
64	pile, burn, rise, like, time	1	2023-07-03 10:43:24.798165120
67	quoted, page, facebook, weather, moderate	1	2023-07-03 10:43:24.798165120
68	anti, agreeing, fulfills, democratic, wasted	3	2023-07-03 10:43:24.798165120
70	passports, passport, immigration, administration, police	16	2023-07-03 10:43:24.798165120
71	journalists, threats, media, exercising, norms	2	2023-07-03 10:43:24.798165120
72	court, criminal, crimes, defendants, announcing	3	2023-07-03 10:43:24.798165120
74	personally, come, dont, didnt, play	1	2023-07-03 10:43:24.798165120
75	martyr, say, god, speedy, recovery	1	2023-07-03 10:43:24.798165120
76	thwarted, secured, mount, ambush, tree	2	2023-07-03 10:43:24.798165120
82	apartment, search, renting, reserve, asked	3	2023-07-03 10:43:24.798165120
85	published, prominent, headlines, july, morning	2	2023-07-03 10:43:24.798165120
90	hand, protects, serves, replace, dismantle	1	2023-07-03 10:43:24.798165120
93	pharmacists, association, professionals, caution, pharmaceutical	4	2023-07-03 10:43:24.798165120
97	actions, confiscating, explicitly, practicing, extremist	2	2023-07-03 10:43:24.798165120
100	defended, tonight, salute, accommodate, officers	2	2023-07-03 10:43:24.798165120
104	biography, knights, giving, satti, abi	1	2023-07-03 10:43:24.798165120
105	suggest, awlad, transgressions, umbada, branches	2	2023-07-03 10:43:24.798165120
114	migration, crossed, recently, fourth, entered	3	2023-07-03 10:43:24.798165120
115	disrupting, exacerbated, destroying, working, surroundings	1	2023-07-03 10:43:24.798165120
116	wagner, additional, africans, portion, ukrainian	1	2023-07-03 10:43:24.798165120
117	searched, apartment, small, family, omdurman	1	2023-07-03 10:43:24.798165120
118	loved, uncle, note, eyes, ones	1	2023-07-03 10:43:24.798165120
120	besieges, mysterious, named, brotherhood, girl	1	2023-07-03 10:43:24.798165120
124	chadian, chad, socialist, surprises, shows	1	2023-07-03 10:43:24.798165120
129	supported, entered, destroyed, plan, war	1	2023-07-03 10:43:24.798165120
141	attended, attend, ceremony, inauguration, burhan	1	2023-07-03 10:43:24.798165120
143	nizar, bashir, represent, al, albashir	2	2023-07-03 10:43:24.798165120
160	initiatives, depends, seriousness, want, end	3	2023-07-03 10:43:24.798165120
175	congestion, overcrowding, payment, prevent, electronic	1	2023-07-03 10:43:24.798165120
181	falling, rank, inflicted, commanders, casualties	1	2023-07-03 10:43:24.798165120
183	conditioning, ethnicity, finds, gift, expatriate	2	2023-07-03 10:43:24.798165120
184	cairo, republic, arab, egypt, nile	1	2023-07-03 10:43:24.798165120
190	facebook, guys, link, whatsapp, followers	1	2023-07-03 10:43:24.798165120
192	traveled, walked, sun, route, husband	1	2023-07-03 10:43:24.798165120
195	posts, remember, khalifa, collect, love	2	2023-07-03 10:43:24.798165120
200	succeed, invitation, earlier, participants, denied	1	2023-07-03 10:43:24.798165120
208	freezes, sanctions, active, european, include	1	2023-07-03 10:43:24.798165120
217	heritage, historical, cultural, antiquities, archaeological	1	2023-07-03 10:43:24.798165120
230	emirate, inform, activists, abroad, cities	1	2023-07-03 10:43:24.798165120
231	transitional, media, sovereignty, council, khartoumjanjaweedcemetery	1	2023-07-03 10:43:24.798165120
232	gets, understand, dirty, hell, dignity	1	2023-07-03 10:43:24.798165120
233	indirect, player, decide, falls, rises	1	2023-07-03 10:43:24.798165120
238	saad, certainly, shambat, salma, al	3	2023-07-03 10:43:24.798165120
241	driver, driving, license, specializations, stages	2	2023-07-03 10:43:24.798165120
243	conduct, release, negotiations, able, arrested	1	2023-07-03 10:43:24.798165120
244	ugliest, regardless, forms, geneina, cities	3	2023-07-03 10:43:24.798165120
254	leadership, homeland, traitor, homelands, hands	1	2023-07-03 10:43:24.798165120
259	pregnant, birth, tools, gave, extending	3	2023-07-03 10:43:24.798165120
264	wounded, displaced, number, injured, drowned	1	2023-07-03 10:43:24.798165120
270	chad, peaceful, worrying, chadian, neighboring	5	2023-07-03 10:43:24.798165120
280	dhabi, djibouti, abu, ruler, kenya	1	2023-07-03 10:43:24.798165120
286	jobs, chain, interested, organizations, supply	1	2023-07-03 10:43:24.798165120
-1	burhan, al, rapid, war, army	639	2023-08-02 16:54:53.146788960
0	nyala, army, rapid, darfur, clashes	63	2023-08-02 16:54:53.146788960
1	school, northwest, doors, reconciling, schools	16	2023-08-02 16:54:53.146788960
2	humanitarian, million, relief, food, aid	30	2023-08-02 16:54:53.146788960
3	supporters, share, channel, telegram, congratulations	10	2023-08-02 16:54:53.146788960
4	issa, riyadh, othman, jar, walked	5	2023-08-02 16:54:53.146788960
6	secretary, ethiopian, ethiopia, addis, ababa	18	2023-08-02 16:54:53.146788960
7	dengue, fever, danger, cases, bleeding	6	2023-08-02 16:54:53.146788960
8	encourage, muslims, example, breaking, disaster	1	2023-08-02 16:54:53.146788960
9	assassinated, stress, al, defenseless, ensuring	5	2023-08-02 16:54:53.146788960
10	women, violence, sexual, rape, girls	15	2023-08-02 16:54:53.146788960
11	wheat, farmers, dependence, concluding, seeds	3	2023-08-02 16:54:53.146788960
12	extremely, property, forcibly, terrorized, assaulted	17	2023-08-02 16:54:53.146788960
13	god, protector, rain, souls, weak	10	2023-08-02 16:54:53.146788960
15	required, officer, degree, assistant, kosti	23	2023-08-02 16:54:53.146788960
16	advocates, democracy, integrating, shameless, thing	4	2023-08-02 16:54:53.146788960
17	baskets, aba, food, distributing, sufficient	3	2023-08-02 16:54:53.146788960
18	capitals, mobilize, tour, defend, systematic	3	2023-08-02 16:54:53.146788960
19	fruitful, sadiq, constructive, discussions, burhan	9	2023-08-02 16:54:53.146788960
20	charge, meets, al, burhan, health	7	2023-08-02 16:54:53.146788960
21	access, medical, health, assistance, primary	6	2023-08-02 16:54:53.146788960
22	gang, equality, honorable, struggle, entity	8	2023-08-02 16:54:53.146788960
23	reduced, interventions, arman, years, demanding	4	2023-08-02 16:54:53.146788960
24	percent, 90, remained, families, neighborhood	2	2023-08-02 16:54:53.146788960
25	refugees, adre, chad, chadian, consul	9	2023-08-02 16:54:53.146788960
26	white, kassala, governor, nile, embodied	3	2023-08-02 16:54:53.146788960
27	distance, wadi, negotiate, boat, collect	7	2023-08-02 16:54:53.146788960
28	ethiopian, ethiopia, refugees, demonstrate, camp	9	2023-08-02 16:54:53.146788960
29	police, duties, burhan, mohieddin, rebels	2	2023-08-02 16:54:53.146788960
31	plane, passenger, rented, dalqo, airport	6	2023-08-02 16:54:53.146788960
32	passport, factory, passports, thanks, installing	5	2023-08-02 16:54:53.146788960
33	convinced, planned, 15, april, informed	7	2023-08-02 16:54:53.146788960
34	station, concluding, transmission, damaged, examining	1	2023-08-02 16:54:53.146788960
35	immediately, halt, enter, agreement, ceasefire	5	2023-08-02 16:54:53.146788960
36	revolution, civilization, revolutionary, overthrowing, biased	12	2023-08-02 16:54:53.146788960
37	burhan, respect, al, proof, want	3	2023-08-02 16:54:53.146788960
39	abbasiya, settle, nationality, fine, residency	1	2023-08-02 16:54:53.146788960
40	company, mineral, documents, forged, papers	3	2023-08-02 16:54:53.146788960
41	spokesperson, httpstmesaqwl, office, official, rapid	2	2023-08-02 16:54:53.146788960
45	agreements, gang, pills, gangs, alliance	2	2023-08-02 16:54:53.146788960
47	waiting, examples, numerous, adopt, idea	6	2023-08-02 16:54:53.146788960
48	conjunction, hostilities, conduct, consensus, seeks	1	2023-08-02 16:54:53.146788960
49	messenger, god, ibn, bless, islam	4	2023-08-02 16:54:53.146788960
52	insufficient, luggage, staying, branches, wearing	2	2023-08-02 16:54:53.146788960
54	clashes, corps, obeid, armored, queues	2	2023-08-02 16:54:53.146788960
55	informed, rahim, arrival, abdul, fasher	1	2023-08-02 16:54:53.146788960
56	tank, bird, emptied, wasted, got	3	2023-08-02 16:54:53.146788960
57	talk, ago, news, ad, todays	1	2023-08-02 16:54:53.146788960
59	proceed, crossings, customs, overcoming, briefed	1	2023-08-02 16:54:53.146788960
60	distributing, alternatives, revenue, justifications, treasury	4	2023-08-02 16:54:53.146788960
61	scene, link, telegram, join, httpstmesdnewsnetwork	6	2023-08-02 16:54:53.146788960
62	28, newspapers, august, headlines, monday	1	2023-08-02 16:54:53.146788960
63	protect, unsafe, god, almighty, like	4	2023-08-02 16:54:53.146788960
64	blame, poor, sword, butana, heat	6	2023-08-02 16:54:53.146788960
65	assessing, referral, suitable, needs, wounds	3	2023-08-02 16:54:53.146788960
67	autumn, weather, blessing, curse, rainfall	1	2023-08-02 16:54:53.146788960
68	grassroots, gets, achieve, building, aspirations	6	2023-08-02 16:54:53.146788960
70	passports, certificate, registry, ownership, passport	3	2023-08-02 16:54:53.146788960
71	journalists, objection, media, press, independent	2	2023-08-02 16:54:53.146788960
72	criminal, court, crimes, impunity, urge	2	2023-08-02 16:54:53.146788960
73	seat, visiting, intends, bases, temporary	2	2023-08-02 16:54:53.146788960
74	tired, die, run, challenge, come	3	2023-08-02 16:54:53.146788960
75	speedy, recovery, mercy, martyrs, wounded	3	2023-08-02 16:54:53.146788960
76	anti, command, receipt, taking, snipers	2	2023-08-02 16:54:53.146788960
77	art, finally, agenda, effective, serve	1	2023-08-02 16:54:53.146788960
79	closest, water, lot, phenomenon, free	1	2023-08-02 16:54:53.146788960
80	battle, absolutely, verification, aggressors, juma	2	2023-08-02 16:54:53.146788960
81	status, immigration, temporary, records, residence	5	2023-08-02 16:54:53.146788960
82	rents, squares, rent, tell, house	4	2023-08-02 16:54:53.146788960
83	center, al, hospital, imbada, hospitals	2	2023-08-02 16:54:53.146788960
86	churches, church, pray, prayers, noteworthy	2	2023-08-02 16:54:53.146788960
87	looking, generally, audience, level, promoted	5	2023-08-02 16:54:53.146788960
90	expanding, truth, army, militia, pardon	1	2023-08-02 16:54:53.146788960
91	gross, establishes, comprehensive, process, warring	1	2023-08-02 16:54:53.146788960
92	shield, aqla, idea, brutal, defeat	5	2023-08-02 16:54:53.146788960
93	poisons, pharmaceutical, short, medicines, drugs	1	2023-08-02 16:54:53.146788960
95	sandal, explain, issa, suleiman, dismissal	1	2023-08-02 16:54:53.146788960
96	personnel, strengthened, operations, apparatus, officers	13	2023-08-02 16:54:53.146788960
97	disturbed, bloodshed, licenses, window, revenge	2	2023-08-02 16:54:53.146788960
100	insisted, mobilizing, army, soldiers, mobilization	10	2023-08-02 16:54:53.146788960
102	biden, suspect, discovered, precise, born	1	2023-08-02 16:54:53.146788960
103	little, parallel, coffee, battlefield, extreme	2	2023-08-02 16:54:53.146788960
107	burhan, programmes, features, sultan, branch	2	2023-08-02 16:54:53.146788960
108	humanitarian, principles, regulations, aid, permits	6	2023-08-02 16:54:53.146788960
110	taiba, tested, vehicles, armored, arrived	2	2023-08-02 16:54:53.146788960
114	migration, organization, flee, million, nigeria	5	2023-08-02 16:54:53.146788960
117	rents, imagine, 50, house, month	1	2023-08-02 16:54:53.146788960
120	successes, rely, thanked, dangers, chairman	2	2023-08-02 16:54:53.146788960
122	hospitals, inability, sold, sky, operate	2	2023-08-02 16:54:53.146788960
123	invaded, catastrophic, extremely, omdurman, damage	1	2023-08-02 16:54:53.146788960
124	wake, chadian, disagreements, hidden, leaders	1	2023-08-02 16:54:53.146788960
128	channel, information, relevant, raise, follow	1	2023-08-02 16:54:53.146788960
129	ok, consideration, disastrous, war, push	4	2023-08-02 16:54:53.146788960
132	sultan, masalit, din, bahr, west	4	2023-08-02 16:54:53.146788960
138	seats, assume, constitution, agar, choice	1	2023-08-02 16:54:53.146788960
140	occupying, ordered, shops, doubt, plundering	2	2023-08-02 16:54:53.146788960
141	sandal, honored, exempt, jibril, reject	2	2023-08-02 16:54:53.146788960
148	fees, determined, httpstmesaqwl, noted, coverage	2	2023-08-02 16:54:53.146788960
149	oh, repeating, thugs, surprised, declare	2	2023-08-02 16:54:53.146788960
150	availability, raw, qualitative, advantage, industries	1	2023-08-02 16:54:53.146788960
153	railway, accident, bridge, witnessed, large	1	2023-08-02 16:54:53.146788960
158	160, excellence, age, 60, elderly	1	2023-08-02 16:54:53.146788960
160	uniting, transform, forever, gun, conscience	2	2023-08-02 16:54:53.146788960
162	al, devoid, wadi, neighborhoods, residents	1	2023-08-02 16:54:53.146788960
163	surgery, heart, white, department, nile	1	2023-08-02 16:54:53.146788960
164	arabic, english, inquiries, 249918984706, orders	1	2023-08-02 16:54:53.146788960
166	victorious, balance, party, imposing, lead	1	2023-08-02 16:54:53.146788960
170	tone, fence, openly, ally, traitor	2	2023-08-02 16:54:53.146788960
181	farm, soba, chinese, fighters, looting	4	2023-08-02 16:54:53.146788960
183	married, apartment, houses, children, rent	6	2023-08-02 16:54:53.146788960
184	dawn, officer, 15, saturday, april	4	2023-08-02 16:54:53.146788960
185	shops, launched, theft, buildings, attack	2	2023-08-02 16:54:53.146788960
186	saqwl, begins, training, camp, al	1	2023-08-02 16:54:53.146788960
190	offer, 26, opened, join, august	1	2023-08-02 16:54:53.146788960
192	cold, meanings, insulting, scenes, meaning	1	2023-08-02 16:54:53.146788960
195	arrivals, treatment, various, cities, day	2	2023-08-02 16:54:53.146788960
197	uae, guise, denial, sweeping, talked	1	2023-08-02 16:54:53.146788960
200	janjaweed, vision, dissolve, hired, extreme	1	2023-08-02 16:54:53.146788960
204	channel, follow, telegram, httpstmesudaaan, sudan	1	2023-08-02 16:54:53.146788960
213	veterinary, specialists, communicate, controlled, appeal	1	2023-08-02 16:54:53.146788960
216	alert, tree, important, urgent, resistance	1	2023-08-02 16:54:53.146788960
222	istanbul, travel, summit, tourism, fully	3	2023-08-02 16:54:53.146788960
225	named, lived, car, desert, motorcycles	1	2023-08-02 16:54:53.146788960
228	unhcr, protection, monitoring, help, risk	2	2023-08-02 16:54:53.146788960
231	redemptionandawareness, hassan, omar, khartoumjanjaweedcemetery, battleofdignity	2	2023-08-02 16:54:53.146788960
233	mediators, ceasefire, igad, jeddah, effort	3	2023-08-02 16:54:53.146788960
238	civilization, biggest, pure, weakness, brigades	2	2023-08-02 16:54:53.146788960
243	supervising, convicted, hadi, prison, participated	4	2023-08-02 16:54:53.146788960
245	dinner, buys, passenger, accommodation, containers	2	2023-08-02 16:54:53.146788960
251	majority, elderly, left, young, thousands	2	2023-08-02 16:54:53.146788960
254	belong, land, traitor, entrusted, returns	3	2023-08-02 16:54:53.146788960
257	apply, luck, admission, criteria, study	4	2023-08-02 16:54:53.146788960
259	benefited, milk, mothers, lived, pregnant	1	2023-08-02 16:54:53.146788960
260	neighborhood, neighborhoods, clash, random, times	1	2023-08-02 16:54:53.146788960
261	honorable, joining, welcome, regardless, diversity	10	2023-08-02 16:54:53.146788960
265	bbc, definition, users, mainly, nomadic	4	2023-08-02 16:54:53.146788960
267	issuing, burhan, tamper, 30th, solidarity	2	2023-08-02 16:54:53.146788960
270	chad, chadian, final, neighboring, organizing	1	2023-08-02 16:54:53.146788960
275	warring, stop, dilapidated, peretz, parties	2	2023-08-02 16:54:53.146788960
281	counting, volunteers, sectors, components, localities	1	2023-08-02 16:54:53.146788960
282	kuwaiti, hospital, doors, staff, clashes	2	2023-08-02 16:54:53.146788960
286	jobs, organizations, interested, contains, website	2	2023-08-02 16:54:53.146788960
-1	burhan, al, war, forces, armored	727	2023-09-01 23:06:21.495412832
0	artillery, army, rapid, shelling, omdurman	36	2023-09-01 23:06:21.495412832
1	school, universities, schools, boud, philanthropists	10	2023-09-01 23:06:21.495412832
2	aid, survey, million, humanitarian, children	13	2023-09-01 23:06:21.495412832
3	al, sports, fans, match, report	19	2023-09-01 23:06:21.495412832
4	ally, breakthrough, uae, better, qatar	5	2023-09-01 23:06:21.495412832
6	eritrea, ethiopia, thanked, prompted, arriving	6	2023-09-01 23:06:21.495412832
7	cholera, fever, dengue, malaria, cases	9	2023-09-01 23:06:21.495412832
8	land, fatah, punished, interfere, violate	2	2023-09-01 23:06:21.495412832
9	electrical, bullets, engineer, adam, rebel	1	2023-09-01 23:06:21.495412832
10	women, 136, rape, sexual, violence	7	2023-09-01 23:06:21.495412832
11	economics, pure, natural, rural, agricultural	4	2023-09-01 23:06:21.495412832
12	externally, leaving, epidemics, extremely, left	9	2023-09-01 23:06:21.495412832
13	god, lord, disgrace, worship, earth	10	2023-09-01 23:06:21.495412832
15	required, officer, degree, assistant, vacant	30	2023-09-01 23:06:21.495412832
16	phase, mentioning, transfer, power, civilian	5	2023-09-01 23:06:21.495412832
18	records, crimes, releasing, mail, race	3	2023-09-01 23:06:21.495412832
19	bonds, farouk, relations, renewal, province	2	2023-09-01 23:06:21.495412832
20	meets, distortions, burhan, health, discusses	8	2023-09-01 23:06:21.495412832
21	bleak, officials, sleeping, miserable, 600	3	2023-09-01 23:06:21.495412832
22	condemned, militias, tried, disavowed, traitors	7	2023-09-01 23:06:21.495412832
23	disagreement, dark, political, mohamed, amin	2	2023-09-01 23:06:21.495412832
24	block, forcibly, context, reasons, families	6	2023-09-01 23:06:21.495412832
25	refugees, chad, september, commissioner, majority	10	2023-09-01 23:06:21.495412832
26	400, zakat, sennar, emptied, nile	1	2023-09-01 23:06:21.495412832
27	attempts, failed, morally, disabled, militarily	3	2023-09-01 23:06:21.495412832
28	patriotic, secrets, sensitive, facility, soul	1	2023-09-01 23:06:21.495412832
30	surveillance, antiquities, possession, devices, communications	2	2023-09-01 23:06:21.495412832
31	losing, tarco, models, airlines, saved	2	2023-09-01 23:06:21.495412832
32	passports, passport, issuing, procedures, satisfaction	2	2023-09-01 23:06:21.495412832
33	besiege, raids, phenomena, trust, eyes	2	2023-09-01 23:06:21.495412832
34	rains, floods, torrents, berber, torrential	13	2023-09-01 23:06:21.495412832
35	parties, spark, responding, burn, alleviating	8	2023-09-01 23:06:21.495412832
36	revolution, insults, change, scourges, tolerate	5	2023-09-01 23:06:21.495412832
37	janjaweed, piece, colleague, rebels, seats	5	2023-09-01 23:06:21.495412832
38	prosecutors, cutting, submitted, draft, deporting	2	2023-09-01 23:06:21.495412832
39	enters, residency, includes, dollars, expatriates	1	2023-09-01 23:06:21.495412832
42	rights, human, reuters, report, draft	3	2023-09-01 23:06:21.495412832
43	gun, sleep, dreams, volcker, merchants	1	2023-09-01 23:06:21.495412832
44	incorrect, submits, penalty, organizations, referring	1	2023-09-01 23:06:21.495412832
45	shindi, dealers, escaped, drug, arresting	1	2023-09-01 23:06:21.495412832
46	trafficking, gang, human, local, berber	8	2023-09-01 23:06:21.495412832
47	clarification, slightest, topic, conclude, necessary	9	2023-09-01 23:06:21.495412832
48	african, africans, guardianship, remind, regain	5	2023-09-01 23:06:21.495412832
50	othman, channel, follow, telegram, httpstmesudaaan	1	2023-09-01 23:06:21.495412832
52	properties, wait, forcibly, asylum, solutions	1	2023-09-01 23:06:21.495412832
54	burhan, al, news, headlines, army	9	2023-09-01 23:06:21.495412832
55	issa, ali, knows, calm, mahmoud	2	2023-09-01 23:06:21.495412832
57	september, bulletin, evening, 78, 2023	3	2023-09-01 23:06:21.495412832
59	ports, customs, authority, sea, joint	1	2023-09-01 23:06:21.495412832
60	indicator, item, spending, chapter, supposed	1	2023-09-01 23:06:21.495412832
61	scene, link, telegram, join, httpstmesdnewsnetwork	7	2023-09-01 23:06:21.495412832
63	sits, blessed, important, god, area	1	2023-09-01 23:06:21.495412832
64	eviction, convince, patriotic, minds, afraid	4	2023-09-01 23:06:21.495412832
65	hours, treatments, weight, hour, solutions	1	2023-09-01 23:06:21.495412832
66	neighboring, seventy, endeavors, 2005, ring	2	2023-09-01 23:06:21.495412832
70	passports, identification, networking, advanced, immigration	1	2023-09-01 23:06:21.495412832
71	masks, peak, journalism, journalists, violated	1	2023-09-01 23:06:21.495412832
72	court, criminal, mutilation, accepts, masalit	8	2023-09-01 23:06:21.495412832
73	bloc, mirghani, advance, league, insist	2	2023-09-01 23:06:21.495412832
74	sand, insist, riding, satisfaction, closer	5	2023-09-01 23:06:21.495412832
75	speedy, recovery, prayers, martyrs, mercy	18	2023-09-01 23:06:21.495412832
77	listen, symposium, shameless, kind, promoting	1	2023-09-01 23:06:21.495412832
78	condemn, terrorist, dirty, crimes, extremist	6	2023-09-01 23:06:21.495412832
79	hole, dams, cut, suffered, station	2	2023-09-01 23:06:21.495412832
80	mercenary, god, almighty, praise, retreated	7	2023-09-01 23:06:21.495412832
82	rents, buys, introduced, alternatives, finds	2	2023-09-01 23:06:21.495412832
83	policies, followed, violation, considered, clear	1	2023-09-01 23:06:21.495412832
86	gateway, arts, prophet, amer, ancient	1	2023-09-01 23:06:21.495412832
90	protecting, realized, honor, equation, religion	2	2023-09-01 23:06:21.495412832
92	withdrew, wave, weapon, destroy, lords	3	2023-09-01 23:06:21.495412832
96	arises, nightmare, expertise, penetrate, biggest	3	2023-09-01 23:06:21.495412832
98	jibril, equality, stored, demolition, bashaer	1	2023-09-01 23:06:21.495412832
100	strange, army, soldiers, morale, victory	1	2023-09-01 23:06:21.495412832
103	trials, convinced, pensions, gosh, loyal	2	2023-09-01 23:06:21.495412832
104	deeds, dies, bani, wronged, stronghold	2	2023-09-01 23:06:21.495412832
105	interim, mukhtar, transition, 2021, deputy	1	2023-09-01 23:06:21.495412832
108	urgent, need, aid, needed, humanitarian	4	2023-09-01 23:06:21.495412832
110	respectable, sums, manufacturing, warplanes, drone	2	2023-09-01 23:06:21.495412832
111	dialysis, washing, kidney, idea, jazira	4	2023-09-01 23:06:21.495412832
112	libya, immigrants, lacking, 230, boats	2	2023-09-01 23:06:21.495412832
114	migration, organization, reuters, million, exceeds	3	2023-09-01 23:06:21.495412832
115	declined, 42, economy, resorted, cheap	2	2023-09-01 23:06:21.495412832
116	disposal, haftar, indirectly, libya, produced	1	2023-09-01 23:06:21.495412832
117	housing, medani, units, contract, signs	3	2023-09-01 23:06:21.495412832
120	collapsed, houses, bridge, wind, motives	1	2023-09-01 23:06:21.495412832
122	costs, operational, sufficient, scarcity, funds	1	2023-09-01 23:06:21.495412832
123	devastation, zalingei, saw, repeated, doctors	1	2023-09-01 23:06:21.495412832
124	opposition, chadian, deal, chad, border	1	2023-09-01 23:06:21.495412832
125	din, qadir, httpstmesudannm, homeless, httpswhatsappcomchannel0029vae7l5t11ulpotfega1s	1	2023-09-01 23:06:21.495412832
129	morally, battles, big, war, waiting	7	2023-09-01 23:06:21.495412832
132	hilal, guard, tribal, musa, assurances	2	2023-09-01 23:06:21.495412832
135	pm, 2023, thursday, climate, message249	1	2023-09-01 23:06:21.495412832
136	steps, win, direct, grant, strength	1	2023-09-01 23:06:21.495412832
138	apart, falling, sought, dream, things	1	2023-09-01 23:06:21.495412832
140	present, returnees, families, areas, militia	1	2023-09-01 23:06:21.495412832
141	split, sandal, 2004, bills, founder	2	2023-09-01 23:06:21.495412832
149	horse, witness, bird, birds, norway	1	2023-09-01 23:06:21.495412832
150	auction, sold, gulf, man, said	1	2023-09-01 23:06:21.495412832
157	shameless, slogan, masks, protector, holocaust	3	2023-09-01 23:06:21.495412832
158	undoubtedly, wheel, punish, affects, replace	2	2023-09-01 23:06:21.495412832
160	mali, agreement, 2015, implemented, respect	2	2023-09-01 23:06:21.495412832
161	pleased, appointed, look, specialized, study	1	2023-09-01 23:06:21.495412832
162	wedding, salah, houses, calm, neighborhood	1	2023-09-01 23:06:21.495412832
169	speech, words, policy, confuse, understood	3	2023-09-01 23:06:21.495412832
170	disgrace, feet, disperse, valiant, almighty	1	2023-09-01 23:06:21.495412832
177	rebelled, assassinate, bashir, mubarak, tried	1	2023-09-01 23:06:21.495412832
178	excellency, eritrea, uniting, recommended, rebellion	1	2023-09-01 23:06:21.495412832
183	expatriates, offers, positive, expatriate, mobilization	3	2023-09-01 23:06:21.495412832
184	white, north, nile, located, cairo	1	2023-09-01 23:06:21.495412832
185	hillat, attempts, omdurman, civilians, rebel	13	2023-09-01 23:06:21.495412832
188	activate, incitement, law, possible, soon	2	2023-09-01 23:06:21.495412832
195	omdurman, clean, tells, lose, tight	2	2023-09-01 23:06:21.495412832
197	uae, allies, exists, game, origins	1	2023-09-01 23:06:21.495412832
200	coups, dissolve, strife, alert, conflict	5	2023-09-01 23:06:21.495412832
204	channel, follow, telegram, httpstmesudaaan, sudan	1	2023-09-01 23:06:21.495412832
206	father, studied, jihad, ukraine, studying	2	2023-09-01 23:06:21.495412832
209	intelligence, service, suburb, dissolution, emerged	2	2023-09-01 23:06:21.495412832
210	telephone, sudani, slaughtered, internet, jamal	2	2023-09-01 23:06:21.495412832
213	heroism, compassion, healing, terrible, celebrating	2	2023-09-01 23:06:21.495412832
215	69, sudantoday, sudannews, spokesperson, bahri	12	2023-09-01 23:06:21.495412832
222	norway, accommodation, qasim, kenya, experiences	2	2023-09-01 23:06:21.495412832
223	guardians, righteous, glorious, forgiveness, mercy	2	2023-09-01 23:06:21.495412832
225	bought, paper, car, search, cars	2	2023-09-01 23:06:21.495412832
227	dam, dams, renaissance, collapse, storage	2	2023-09-01 23:06:21.495412832
232	spend, mobilization, volunteer, professions, goes	2	2023-09-01 23:06:21.495412832
233	sinkat, loots, engaged, affect, york	5	2023-09-01 23:06:21.495412832
238	soldiers, fighting, perished, carrier, qaht	2	2023-09-01 23:06:21.495412832
240	sleeping, interior, parties, work, ministry	1	2023-09-01 23:06:21.495412832
241	driver, driving, license, finished, kosti	1	2023-09-01 23:06:21.495412832
242	methods, begging, illegal, example, indicate	1	2023-09-01 23:06:21.495412832
244	tried, fifteenth, ethnic, grave, torture	5	2023-09-01 23:06:21.495412832
253	emigrate, bills, bite, ibn, tongue	4	2023-09-01 23:06:21.495412832
255	does, resigned, worker, hamdok, question	1	2023-09-01 23:06:21.495412832
257	luck, apply, know, good, following	1	2023-09-01 23:06:21.495412832
260	purposes, cutting, deliberately, assault, expelled	6	2023-09-01 23:06:21.495412832
263	narrow, getting, circle, problem, emirates	1	2023-09-01 23:06:21.495412832
264	skin, witnessing, destruction, head, injured	1	2023-09-01 23:06:21.495412832
265	arabs, sahel, wars, diaspora, holocaust	2	2023-09-01 23:06:21.495412832
267	ethnicity, classify, devastating, commit, practiced	3	2023-09-01 23:06:21.495412832
269	like, practical, developed, implemented, article	1	2023-09-01 23:06:21.495412832
270	france, niger, withdrawal, ambassador, announced	1	2023-09-01 23:06:21.495412832
273	frankly, excessive, dose, misleading, mind	1	2023-09-01 23:06:21.495412832
275	agreements, failed, arabia, conflict, end	1	2023-09-01 23:06:21.495412832
286	jobs, interested, organizations, contains, study	3	2023-09-01 23:06:21.495412832
-1	al, war, displacement, registration, army	267	2023-10-02 05:17:49.844036672
0	rapid, nyala, fueling, obeid, forces	33	2023-10-02 05:17:49.844036672
1	schools, teachers, students, school, education	21	2023-10-02 05:17:49.844036672
2	million, malnutrition, children, unicef, humanitarian	7	2023-10-02 05:17:49.844036672
3	team, hilal, sports, training, match	10	2023-10-02 05:17:49.844036672
4	saudi, china, arabia, guard, iranian	7	2023-10-02 05:17:49.844036672
5	raja, window, jeddah, negotiations, face	1	2023-10-02 05:17:49.844036672
7	diarrhea, epidemics, cases, watery, cholera	6	2023-10-02 05:17:49.844036672
8	israel, gaza, israeli, palestinian, hostages	40	2023-10-02 05:17:49.844036672
9	neighborhoods, row, fourth, peripheral, committees	7	2023-10-02 05:17:49.844036672
10	women, finding, fact, investigations, memorandum	5	2023-10-02 05:17:49.844036672
11	season, promising, harvest, obligations, winter	3	2023-10-02 05:17:49.844036672
12	claimed, retaliation, externally, soldiers, liquidation	8	2023-10-02 05:17:49.844036672
13	oh, friend, god, kind, stones	7	2023-10-02 05:17:49.844036672
15	required, degree, assistant, officer, manager	33	2023-10-02 05:17:49.844036672
18	condemn, conventions, norms, law, aerial	7	2023-10-02 05:17:49.844036672
21	displaces, stress, fact, salaries, staff	1	2023-10-02 05:17:49.844036672
22	injustice, guardians, righteous, glorious, forgiveness	9	2023-10-02 05:17:49.844036672
23	enforced, stifling, expression, urges, arbitrary	3	2023-10-02 05:17:49.844036672
24	shorouk, expelling, walking, forward, al	2	2023-10-02 05:17:49.844036672
25	refugees, chad, chadian, arbab, 170	2	2023-10-02 05:17:49.844036672
27	wheel, drive, fighting, peak, blame	2	2023-10-02 05:17:49.844036672
29	implemented, stable, prevailing, pressure, documentation	3	2023-10-02 05:17:49.844036672
30	bank, hiatus, notice, monetary, online	4	2023-10-02 05:17:49.844036672
32	passport, passports, embassy, obtain, applications	2	2023-10-02 05:17:49.844036672
33	talk, intelligence, police, security, crime	1	2023-10-02 05:17:49.844036672
35	parties, negotiations, negotiation, emphasizing, enhancing	9	2023-10-02 05:17:49.844036672
36	counter, bachelor, revolutions, strongest, street	1	2023-10-02 05:17:49.844036672
37	words, arman, hot, bury, harmed	4	2023-10-02 05:17:49.844036672
41	spokesperson, httpstmesaqwl, office, official, rapid	2	2023-10-02 05:17:49.844036672
42	rights, observatory, claim, human, finding	10	2023-10-02 05:17:49.844036672
43	meaning, deal, completed, exchange, great	1	2023-10-02 05:17:49.844036672
45	mafia, drugs, managed, manage, black	1	2023-10-02 05:17:49.844036672
46	trafficking, human, smuggling, activities, gang	2	2023-10-02 05:17:49.844036672
47	conclude, realize, option, benefit, want	4	2023-10-02 05:17:49.844036672
50	channel, follow, telegram, saqwl, muhammad	2	2023-10-02 05:17:49.844036672
52	street, homeless, refuse, designated, centers	5	2023-10-02 05:17:49.844036672
53	bakr, exceeding, wells, engineer, charge	1	2023-10-02 05:17:49.844036672
54	aqar, army, aircraft, criticizes, news	6	2023-10-02 05:17:49.844036672
56	network, weak, check, devices, cut	2	2023-10-02 05:17:49.844036672
57	edition, early, october, 11, 2023	2	2023-10-02 05:17:49.844036672
59	customs, extermination, violated, specifications, arqin	1	2023-10-02 05:17:49.844036672
61	scene, link, telegram, join, httpstmesdnewsnetwork	13	2023-10-02 05:17:49.844036672
63	words, despair, holocaust, saved, god	1	2023-10-02 05:17:49.844036672
64	book, pride, proud, page, favorite	2	2023-10-02 05:17:49.844036672
65	discussed, say, issues, health, hospital	1	2023-10-02 05:17:49.844036672
68	injustice, marginalization, tyranny, democratic, regime	9	2023-10-02 05:17:49.844036672
70	passports, electronic, immigration, administration, platform	6	2023-10-02 05:17:49.844036672
74	spoil, better, dont, come, didnt	1	2023-10-02 05:17:49.844036672
76	enemy, vehicles, ammunition, quantities, flee	3	2023-10-02 05:17:49.844036672
78	brigades, burhan, turn, horrific, crimes	1	2023-10-02 05:17:49.844036672
79	channels, drinking, water, neighborhoods, lack	1	2023-10-02 05:17:49.844036672
80	heinous, burhan, hateful, liquidating, hole	3	2023-10-02 05:17:49.844036672
82	relationships, house, owner, month, rent	3	2023-10-02 05:17:49.844036672
86	abuja, playing, began, exercise, ancient	1	2023-10-02 05:17:49.844036672
88	debts, fifteenth, gets, negatively, indicators	4	2023-10-02 05:17:49.844036672
89	usually, burns, gates, diplomacy, solving	2	2023-10-02 05:17:49.844036672
90	waiting, blocks, emerge, sorting, ignore	1	2023-10-02 05:17:49.844036672
92	epic, valor, wrote, inflicting, exceeded	3	2023-10-02 05:17:49.844036672
93	diabetes, mixed, lack, girl, complaints	1	2023-10-02 05:17:49.844036672
96	saf, honorable, ranks, regular, non	3	2023-10-02 05:17:49.844036672
100	directive, treason, blame, stories, strongest	2	2023-10-02 05:17:49.844036672
103	inevitable, departure, fate, arabs, diaspora	1	2023-10-02 05:17:49.844036672
104	fought, buried, relatives, misseriya, graves	1	2023-10-02 05:17:49.844036672
105	suddenly, mandate, demonstrations, chanting, tonight	1	2023-10-02 05:17:49.844036672
117	rented, karima, 700, circulating, person	1	2023-10-02 05:17:49.844036672
118	walk, man, love, mother, son	2	2023-10-02 05:17:49.844036672
122	densely, living, specter, corner, exacerbated	1	2023-10-02 05:17:49.844036672
129	competing, citing, war, founder, ignorant	6	2023-10-02 05:17:49.844036672
133	sudandefense, testing, careful, bet, quality	2	2023-10-02 05:17:49.844036672
134	noon, demonstration, london, greater, 14	1	2023-10-02 05:17:49.844036672
140	burning, markets, house, looted, looting	1	2023-10-02 05:17:49.844036672
144	film, writer, japanese, parents, filled	1	2023-10-02 05:17:49.844036672
149	look, like, end, bird, birds	1	2023-10-02 05:17:49.844036672
163	health, succeeded, gedaref, insurance, hajj	2	2023-10-02 05:17:49.844036672
166	liquidating, establishment, democratic, regime, happen	3	2023-10-02 05:17:49.844036672
169	resolving, completing, conflicts, concerned, favorite	3	2023-10-02 05:17:49.844036672
173	appeared, tribune, sudan, scholarship, admission	2	2023-10-02 05:17:49.844036672
180	quantity, direction, specific, heading, currently	2	2023-10-02 05:17:49.844036672
181	zalingei, 21st, northeast, attacking, aim	1	2023-10-02 05:17:49.844036672
183	guys, clip, internet, share, expatriates	1	2023-10-02 05:17:49.844036672
191	agreement, affirming, communitys, observer, parties	1	2023-10-02 05:17:49.844036672
200	batch, liberation, force, signed, fighters	1	2023-10-02 05:17:49.844036672
204	channel, follow, telegram, httpstmesudaaan, sudan	3	2023-10-02 05:17:49.844036672
208	sanctions, reuters, european, approved, primarily	1	2023-10-02 05:17:49.844036672
209	intelligence, misleading, service, committing, objective	6	2023-10-02 05:17:49.844036672
213	sick, elderly, transportation, death, caused	3	2023-10-02 05:17:49.844036672
223	guardians, righteous, glorious, forgiveness, mercy	8	2023-10-02 05:17:49.844036672
228	schedule, contact, interview, communications, information	1	2023-10-02 05:17:49.844036672
230	demonstration, british, london, associations, activists	6	2023-10-02 05:17:49.844036672
233	jeddah, horizon, negotiations, burhan, weeks	3	2023-10-02 05:17:49.844036672
244	aides, thirty, constitute, massacres, nuba	2	2023-10-02 05:17:49.844036672
251	occurs, fathers, home, gone, mothers	2	2023-10-02 05:17:49.844036672
253	lottery, ibn, guarantee, omar, victory	1	2023-10-02 05:17:49.844036672
261	honorable, rsf, welcome, aspirations, saf	5	2023-10-02 05:17:49.844036672
264	drowned, child, old, 10, year	1	2023-10-02 05:17:49.844036672
275	periods, short, succeeded, ceasefire, achieved	1	2023-10-02 05:17:49.844036672
276	english, language, exam, test, tests	4	2023-10-02 05:17:49.844036672
280	representatives, facilitated, kingdom, earlier, resumption	1	2023-10-02 05:17:49.844036672
285	channel, courses, telegram, follow, sudan	1	2023-10-02 05:17:49.844036672
286	jobs, interested, organizations, contains, asian	1	2023-10-02 05:17:49.844036672
-1	burhan, al, war, darfur, army	466	2023-11-01 11:29:18.192660544
0	geneina, rapid, army, el, darfur	31	2023-11-01 11:29:18.192660544
1	schools, education, university, unicef, studies	23	2023-11-01 11:29:18.192660544
2	humanitarian, million, aid, hunger, children	20	2023-11-01 11:29:18.192660544
3	suleiman, arbab, chiefs, amin, mayor	6	2023-11-01 11:29:18.192660544
4	negotiation, jeddah, ongoing, fruit, accordingly	2	2023-11-01 11:29:18.192660544
6	burhan, ethiopia, eritrea, abiy, ethiopian	6	2023-11-01 11:29:18.192660544
7	cholera, watery, diarrhea, dengue, fever	6	2023-11-01 11:29:18.192660544
8	gaza, palestinian, summit, israel, islamic	20	2023-11-01 11:29:18.192660544
9	tragedies, detention, detainees, riyadh, dragged	2	2023-11-01 11:29:18.192660544
10	violence, sexual, women, tragedy, rape	12	2023-11-01 11:29:18.192660544
11	survey, sets, commerce, import, flour	2	2023-11-01 11:29:18.192660544
12	displacement, understood, realistic, adds, tortured	5	2023-11-01 11:29:18.192660544
13	god, months, lord, oh, mercy	9	2023-11-01 11:29:18.192660544
15	assistant, required, officer, degree, unhcr	37	2023-11-01 11:29:18.192660544
16	dismissing, leaks, nomination, looks, appointing	2	2023-11-01 11:29:18.192660544
18	individual, law, proven, torture, atrocities	7	2023-11-01 11:29:18.192660544
19	hospitality, establishes, warm, attend, generous	1	2023-11-01 11:29:18.192660544
21	haitham, cholera, detains, blankets, defenders	2	2023-11-01 11:29:18.192660544
22	excuse, martyr, equality, hassan, rely	7	2023-11-01 11:29:18.192660544
23	burhan, statement, president, al, hamdok	1	2023-11-01 11:29:18.192660544
24	distribution, database, importance, coordinate, anger	2	2023-11-01 11:29:18.192660544
25	refugees, percent, refugee, chad, eastern	5	2023-11-01 11:29:18.192660544
27	attacking, base, penalty, geneina, vicinity	3	2023-11-01 11:29:18.192660544
28	eritrean, treat, residency, visas, grant	5	2023-11-01 11:29:18.192660544
29	departments, police, employment, expatriate, personnel	3	2023-11-01 11:29:18.192660544
31	flights, casualties, airlines, airport, aerial	2	2023-11-01 11:29:18.192660544
32	passports, passport, reduction, issuance, gives	3	2023-11-01 11:29:18.192660544
33	terrorize, unruly, provide, liquor, lurking	5	2023-11-01 11:29:18.192660544
35	parties, hate, rejecting, confidence, sides	8	2023-11-01 11:29:18.192660544
36	agents, prevailing, colonialism, heroism, taught	2	2023-11-01 11:29:18.192660544
37	struggle, enormous, leaders, comrades, decisions	5	2023-11-01 11:29:18.192660544
38	individual, rsf, committed, public, rule	3	2023-11-01 11:29:18.192660544
39	eviction, rents, complained, indian, inability	1	2023-11-01 11:29:18.192660544
40	mining, companies, mineral, gold, unfair	3	2023-11-01 11:29:18.192660544
42	ethnically, motivated, executed, testimony, rights	1	2023-11-01 11:29:18.192660544
45	temptations, municipal, liquor, poisons, supervisory	3	2023-11-01 11:29:18.192660544
47	affirm, following, direction, pressure, solution	6	2023-11-01 11:29:18.192660544
49	blessings, prophet, god, obligation, cowardly	5	2023-11-01 11:29:18.192660544
50	raouf, channel, follow, taha, telegram	2	2023-11-01 11:29:18.192660544
51	electricity, random, networks, distribution, holding	2	2023-11-01 11:29:18.192660544
52	acknowledged, wait, acute, pledged, existence	2	2023-11-01 11:29:18.192660544
53	securing, fields, energy, oil, necessity	1	2023-11-01 11:29:18.192660544
55	ok, burhan, going, damazin, abdul	1	2023-11-01 11:29:18.192660544
56	crushed, mark, space, friend, owned	1	2023-11-01 11:29:18.192660544
57	titles, november, wednesday, 2023, events	1	2023-11-01 11:29:18.192660544
59	customs, brigadier, arqin, goods, procedures	5	2023-11-01 11:29:18.192660544
61	scene, link, telegram, join, httpstmesdnewsnetwork	18	2023-11-01 11:29:18.192660544
62	prominent, november, headlines, 2023, 16	2	2023-11-01 11:29:18.192660544
63	righteous, abundant, daughters, daughter, oppressed	2	2023-11-01 11:29:18.192660544
64	clouds, love, souls, disturbed, eternal	2	2023-11-01 11:29:18.192660544
65	arrivals, making, distribution, services, health	3	2023-11-01 11:29:18.192660544
66	mission, mandate, request, assurances, 2020	2	2023-11-01 11:29:18.192660544
70	factory, passport, arrival, second, passports	1	2023-11-01 11:29:18.192660544
71	journalists, detaining, syndicate, heinous, condemned	2	2023-11-01 11:29:18.192660544
73	playing, coordinate, resolving, egypt, crisis	2	2023-11-01 11:29:18.192660544
74	hello, amazing, discourse, know, protocol	6	2023-11-01 11:29:18.192660544
75	righteous, speedy, martyrs, recovery, eternal	2	2023-11-01 11:29:18.192660544
76	vehicles, includes, soldiers, combat, armored	3	2023-11-01 11:29:18.192660544
78	phenomenon, negative, displaces, anti, impossible	2	2023-11-01 11:29:18.192660544
79	animals, shikan, drinking, water, providing	1	2023-11-01 11:29:18.192660544
80	god, happen, words, hateful, victory	3	2023-11-01 11:29:18.192660544
82	rental, efficiency, directions, cultivation, assets	4	2023-11-01 11:29:18.192660544
83	ezz, din, hussein, mohamed, white	1	2023-11-01 11:29:18.192660544
87	visible, magnitude, workers, tragedies, little	1	2023-11-01 11:29:18.192660544
90	prefer, militarily, politically, shock, understand	2	2023-11-01 11:29:18.192660544
92	mountain, disappear, trap, withdrew, shambat	2	2023-11-01 11:29:18.192660544
93	pharmaceutical, manufacturing, recommendations, forum, white	1	2023-11-01 11:29:18.192660544
95	actually, greater, began, beginning, leadership	2	2023-11-01 11:29:18.192660544
100	edited, battalion, sound, brave, practiced	3	2023-11-01 11:29:18.192660544
105	gas, tear, gathered, express, met	1	2023-11-01 11:29:18.192660544
107	abyei, supreme, federal, coordination, delegation	1	2023-11-01 11:29:18.192660544
108	accelerate, enable, humanitarian, delivery, identify	3	2023-11-01 11:29:18.192660544
110	device, database, studied, intellectual, equipped	1	2023-11-01 11:29:18.192660544
111	dialysis, consumables, machines, medications, syndicate	1	2023-11-01 11:29:18.192660544
115	wheat, criticize, controls, tankers, benefited	1	2023-11-01 11:29:18.192660544
116	criminals, haftar, participate, regular, armies	1	2023-11-01 11:29:18.192660544
118	know, did, love, house, clothes	7	2023-11-01 11:29:18.192660544
121	temperatures, significantly, meteorology, drop, expects	1	2023-11-01 11:29:18.192660544
122	finding, shelters, moving, room, housing	1	2023-11-01 11:29:18.192660544
124	knows, france, leaving, chad, chadian	1	2023-11-01 11:29:18.192660544
126	hajj, given, paid, priority, unable	1	2023-11-01 11:29:18.192660544
128	channel, follow, telegram, httpstmesudaaan, httpswhatsappcomchaannel0029vb2jdpaixnnnnnnnnnnnnnpxuj5a1x	3	2023-11-01 11:29:18.192660544
129	stronger, war, wars, participated, modern	4	2023-11-01 11:29:18.192660544
132	salamat, darfur, arko, region, rahim	4	2023-11-01 11:29:18.192660544
134	restrict, involving, justification, actors, elements	1	2023-11-01 11:29:18.192660544
135	climate, fails, reputation, warring, dubai	1	2023-11-01 11:29:18.192660544
136	win, sorry, tested, strength, morale	1	2023-11-01 11:29:18.192660544
138	vice, views, unionist, party, sadiq	1	2023-11-01 11:29:18.192660544
139	receipt, insurance, 10, island, announces	1	2023-11-01 11:29:18.192660544
143	difference, big, john, nearby, crushing	1	2023-11-01 11:29:18.192660544
144	asks, interpol, idris, officer, good	1	2023-11-01 11:29:18.192660544
149	skin, crocodile, root, sheep, slaughtered	3	2023-11-01 11:29:18.192660544
155	ensures, establishment, infrastructure, technical, gedaref	1	2023-11-01 11:29:18.192660544
160	neutrality, doors, agreements, jeddah, principled	2	2023-11-01 11:29:18.192660544
167	satti, appointment, hassan, dr, director	1	2023-11-01 11:29:18.192660544
168	issam, saeed, agency, newspaper, alwatan	1	2023-11-01 11:29:18.192660544
169	adherence, france, interests, america, americans	1	2023-11-01 11:29:18.192660544
171	jobs, professors, matters, assist, contains	1	2023-11-01 11:29:18.192660544
177	escaped, gum, arabic, sanctions, 20	1	2023-11-01 11:29:18.192660544
178	hemedti, enable, prepare, accept, says	1	2023-11-01 11:29:18.192660544
185	17, periodic, 35, 500, injury	1	2023-11-01 11:29:18.192660544
190	posted, group, whatsapp, facebook, httpswwwfacebookcomprofilephpid61556457563338	1	2023-11-01 11:29:18.192660544
195	equation, offered, finally, difficult, omdurman	3	2023-11-01 11:29:18.192660544
197	gateway, classified, belongs, wrong, focus	1	2023-11-01 11:29:18.192660544
200	hemedti, hajar, burhan, liberation, taher	3	2023-11-01 11:29:18.192660544
204	channel, httpstmesudaaan, follow, telegram, copied	3	2023-11-01 11:29:18.192660544
215	black, bahri, army, omdurman, armed	2	2023-11-01 11:29:18.192660544
217	heritage, unesco, agrees, measures, protection	1	2023-11-01 11:29:18.192660544
218	zakat, bureau, trustees, debts, agrees	3	2023-11-01 11:29:18.192660544
223	guardians, righteous, glorious, forgiveness, mercy	2	2023-11-01 11:29:18.192660544
225	drivers, required, motorcycles, vehicles, traffic	1	2023-11-01 11:29:18.192660544
229	crying, turned, flags, hired, helped	1	2023-11-01 11:29:18.192660544
231	account, link, khartoumjanjaweedcemetery, battleofdignity, httpstmealrisala249	1	2023-11-01 11:29:18.192660544
232	commanders, shameless, mean, parties, army	1	2023-11-01 11:29:18.192660544
236	rulings, accused, detaining, revolutionaries, arresting	1	2023-11-01 11:29:18.192660544
239	budget, turning, hosting, jazeera, affected	1	2023-11-01 11:29:18.192660544
241	driver, license, drivers, khashm, unhcr	10	2023-11-01 11:29:18.192660544
243	detainees, floor, detention, pillar, different	4	2023-11-01 11:29:18.192660544
244	crimes, bombed, favoritism, capabilities, enemy	1	2023-11-01 11:29:18.192660544
249	seized, thirty, governorate, pounds, thousand	1	2023-11-01 11:29:18.192660544
253	mahdi, ahmad, pillar, big, sadiq	1	2023-11-01 11:29:18.192660544
254	souls, homeland, citizen, sake, conclusion	2	2023-11-01 11:29:18.192660544
257	piece, success, apply, accepted, method	1	2023-11-01 11:29:18.192660544
259	reproductive, clinics, mobile, inauguration, sinnar	1	2023-11-01 11:29:18.192660544
265	arabs, desert, previously, identity, diaspora	2	2023-11-01 11:29:18.192660544
271	closed, borders, crossing, adre, border	1	2023-11-01 11:29:18.192660544
273	traitor, french, workers, chad, traitors	1	2023-11-01 11:29:18.192660544
275	ceasefire, answered, jeddah, getting, zero	2	2023-11-01 11:29:18.192660544
276	exam, english, luck, offer, language	1	2023-11-01 11:29:18.192660544
277	forest, rehabilitation, umm, madani, company	1	2023-11-01 11:29:18.192660544
279	understandings, coordinate, origin, nation, federal	1	2023-11-01 11:29:18.192660544
280	watch, expels, china, russia, emirates	1	2023-11-01 11:29:18.192660544
281	daein, phenomena, negative, youth, values	2	2023-11-01 11:29:18.192660544
282	17, renewed, clashes, nyala, thousand	1	2023-11-01 11:29:18.192660544
284	channel, telegram, karry, httpstmekraray224466, share	1	2023-11-01 11:29:18.192660544
285	channel, telegram, follow, sudan, httpstmesudaaan	1	2023-11-01 11:29:18.192660544
286	jobs, advisor, interested, organizations, mission	1	2023-11-01 11:29:18.192660544
-1	al, madani, wad, burhan, jazira	758	2023-12-01 17:40:46.541284384
0	madani, rapid, wad, army, al	57	2023-12-01 17:40:46.541284384
1	teachers, school, educational, secondary, students	18	2023-12-01 17:40:46.541284384
2	million, unicef, children, food, humanitarian	20	2023-12-01 17:40:46.541284384
3	sports, appreciated, seizing, dinder, smuggled	1	2023-12-01 17:40:46.541284384
4	understand, things, play, america, make	2	2023-12-01 17:40:46.541284384
5	shakes, incursion, belongings, unemployment, explain	1	2023-12-01 17:40:46.541284384
6	ababa, ethiopian, addis, dagalo, ethiopia	8	2023-12-01 17:40:46.541284384
7	cholera, aids, cases, 42, treatment	12	2023-12-01 17:40:46.541284384
8	gaza, strip, 105, mujahideen, brigades	8	2023-12-01 17:40:46.541284384
9	wad, madani, village, enjoyed, beat	7	2023-12-01 17:40:46.541284384
10	women, violence, rape, sexual, stories	16	2023-12-01 17:40:46.541284384
11	fao, exacerbate, grain, crop, growing	4	2023-12-01 17:40:46.541284384
12	extremely, fierce, broke, complex, escalation	7	2023-12-01 17:40:46.541284384
13	god, noble, oh, live, meet	17	2023-12-01 17:40:46.541284384
15	officer, required, degree, vacant, assistant	22	2023-12-01 17:40:46.541284384
16	democracy, opposition, america, religion, form	9	2023-12-01 17:40:46.541284384
17	families, brothers, crescent, red, cross	8	2023-12-01 17:40:46.541284384
18	violates, plundering, enforced, law, attacking	13	2023-12-01 17:40:46.541284384
19	happen, anticipated, secretary, generals, product	1	2023-12-01 17:40:46.541284384
20	governor, meets, confirms, al, health	5	2023-12-01 17:40:46.541284384
21	syndicate, doctors, gezira, madani, wad	4	2023-12-01 17:40:46.541284384
22	remnants, ignited, guardians, foundations, end	9	2023-12-01 17:40:46.541284384
24	tents, funds, set, housing, atbara	2	2023-12-01 17:40:46.541284384
25	waiting, share, chad, refugees, thousands	5	2023-12-01 17:40:46.541284384
26	governor, budget, blue, proposals, kassala	5	2023-12-01 17:40:46.541284384
27	jazira, wad, madani, violent, qatina	9	2023-12-01 17:40:46.541284384
28	reverse, beni, amer, connection, sisi	1	2023-12-01 17:40:46.541284384
29	police, fadl, abdo, monthly, officers	3	2023-12-01 17:40:46.541284384
30	branches, bank, options, studying, workers	3	2023-12-01 17:40:46.541284384
32	passport, fees, paying, fuel, electronic	1	2023-12-01 17:40:46.541284384
33	distinguished, police, force, directives, proper	8	2023-12-01 17:40:46.541284384
35	lookout, excuse, infiltrators, warned, monitoring	11	2023-12-01 17:40:46.541284384
36	colonialism, revolution, explain, pivotal, british	7	2023-12-01 17:40:46.541284384
37	accessing, sellers, oppressive, confiscation, misinformation	7	2023-12-01 17:40:46.541284384
40	traditional, examining, mining, ways, develop	1	2023-12-01 17:40:46.541284384
41	httpstmesaqwl, spokesperson, paragraph, translation, error	2	2023-12-01 17:40:46.541284384
42	rights, human, discrimination, day, equal	13	2023-12-01 17:40:46.541284384
43	fulfilled, management, amounted, obligations, funds	1	2023-12-01 17:40:46.541284384
47	understand, think, topic, clarify, talked	8	2023-12-01 17:40:46.541284384
48	symbolism, african, africa, union, igad	2	2023-12-01 17:40:46.541284384
49	god, weapon, gates, blessings, messenger	9	2023-12-01 17:40:46.541284384
50	channel, follow, telegram, adel, medani	3	2023-12-01 17:40:46.541284384
53	refinery, seized, ice, stones, oil	2	2023-12-01 17:40:46.541284384
54	emir, headlines, 12, 2023, dirar	6	2023-12-01 17:40:46.541284384
55	farouk, beat, purpose, come, mr	3	2023-12-01 17:40:46.541284384
56	photo, saying, views, widely, fabricated	3	2023-12-01 17:40:46.541284384
57	bulletin, 17, 2023, december, morning	1	2023-12-01 17:40:46.541284384
59	customs, smuggling, currencies, tokar, shift	5	2023-12-01 17:40:46.541284384
61	scene, link, telegram, join, httpstmesdnewsnetwork	6	2023-12-01 17:40:46.541284384
62	prominent, headlines, 2023, friday, december	1	2023-12-01 17:40:46.541284384
63	god, oh, sake, blessings, protect	3	2023-12-01 17:40:46.541284384
64	generous, end, oh, gratitude, enemies	4	2023-12-01 17:40:46.541284384
65	nurses, hospitals, specialties, surgery, tayeb	3	2023-12-01 17:40:46.541284384
66	accusations, crimes, committed, washington, baseless	1	2023-12-01 17:40:46.541284384
67	audience, engage, platforms, strategy, leads	1	2023-12-01 17:40:46.541284384
68	regime, equal, discrimination, insistence, stronger	6	2023-12-01 17:40:46.541284384
70	delivered, riyadh, passports, batch, residents	1	2023-12-01 17:40:46.541284384
71	journalists, syndicate, stranded, enforced, denounced	2	2023-12-01 17:40:46.541284384
73	ankara, turkish, minawi, egyptian, leave	5	2023-12-01 17:40:46.541284384
74	play, eyes, defect, tonight, chair	8	2023-12-01 17:40:46.541284384
75	sacrificed, heard, forcibly, age, raise	1	2023-12-01 17:40:46.541284384
76	contrast, prefer, vehicles, stronghold, guns	3	2023-12-01 17:40:46.541284384
77	artist, famous, marawi, arrested, artists	1	2023-12-01 17:40:46.541284384
78	heinous, step, terrorist, saf, series	8	2023-12-01 17:40:46.541284384
80	gezira, 28, victory, resistance, 2023	5	2023-12-01 17:40:46.541284384
82	governors, owner, recommendations, forum, property	1	2023-12-01 17:40:46.541284384
83	puts, context, presented, health, hospitals	1	2023-12-01 17:40:46.541284384
86	sorry, hussein, history, great, ahmed	1	2023-12-01 17:40:46.541284384
87	unemployment, brothers, street, leave, workers	1	2023-12-01 17:40:46.541284384
90	arming, enemy, honorable, sellers, arts	6	2023-12-01 17:40:46.541284384
91	kiir, salva, juba, hamdok, peace	6	2023-12-01 17:40:46.541284384
92	destroy, overwhelming, really, abandoned, mercenaries	3	2023-12-01 17:40:46.541284384
94	separation, barrels, approximately, 500, oil	1	2023-12-01 17:40:46.541284384
96	dilemma, founded, gave, adding, sides	1	2023-12-01 17:40:46.541284384
100	discover, officers, grew, 1st, served	3	2023-12-01 17:40:46.541284384
103	obaid, taught, lesson, material, write	5	2023-12-01 17:40:46.541284384
105	harming, amin, sheikh, warns, regime	1	2023-12-01 17:40:46.541284384
110	planes, fighter, drone, shipment, chinese	4	2023-12-01 17:40:46.541284384
111	specialties, chain, generation, contains, department	1	2023-12-01 17:40:46.541284384
114	migration, million, sought, figures, organization	2	2023-12-01 17:40:46.541284384
115	titles, fathi, declined, 112, stocks	2	2023-12-01 17:40:46.541284384
117	muhannad, scattered, hasahisa, doors, shops	2	2023-12-01 17:40:46.541284384
118	want, husband, bury, listen, survived	4	2023-12-01 17:40:46.541284384
119	guardians, righteous, glorious, forgiveness, mercy	4	2023-12-01 17:40:46.541284384
120	finding, kiir, salva, settlement, peaceful	1	2023-12-01 17:40:46.541284384
121	temperatures, winds, weather, stable, active	1	2023-12-01 17:40:46.541284384
122	reference, broken, assassination, medical, 90	1	2023-12-01 17:40:46.541284384
124	chadian, described, facilitated, chad, atta	2	2023-12-01 17:40:46.541284384
127	sleeper, text, cells, nature, terrorist	2	2023-12-01 17:40:46.541284384
129	designed, crush, excellence, worlds, withdraw	4	2023-12-01 17:40:46.541284384
133	sudandefense, testing, careful, bet, quality	2	2023-12-01 17:40:46.541284384
138	bloc, democratic, party, juba, participate	2	2023-12-01 17:40:46.541284384
139	insurance, benefited, 57, services, health	3	2023-12-01 17:40:46.541284384
140	shops, property, obstruction, destruction, hour	6	2023-12-01 17:40:46.541284384
141	burhan, completely, hemedti, pointed, media	1	2023-12-01 17:40:46.541284384
143	difference, big, john, nearby, crushing	1	2023-12-01 17:40:46.541284384
149	silent, bite, skin, stuck, dogs	4	2023-12-01 17:40:46.541284384
157	fall, alike, revolutions, passes, greatest	8	2023-12-01 17:40:46.541284384
158	assistance, key, sinar, disabilities, distributes	4	2023-12-01 17:40:46.541284384
161	heated, professionals, association, dialogue, spokesman	1	2023-12-01 17:40:46.541284384
162	km, medani, location, different, 50	2	2023-12-01 17:40:46.541284384
165	watan, 25, monday, december, 2023	1	2023-12-01 17:40:46.541284384
166	touches, fundamental, strongest, evacuation, supporters	1	2023-12-01 17:40:46.541284384
167	haitham, hospitals, health, oxygen, efficiency	3	2023-12-01 17:40:46.541284384
170	victory, pray, mourn, god, trust	3	2023-12-01 17:40:46.541284384
171	jobs, study, euros, expenses, scholarship	4	2023-12-01 17:40:46.541284384
172	despair, ignorance, expresses, arman, dealing	1	2023-12-01 17:40:46.541284384
173	appeared, tribune, sudan, scholarship, admission	2	2023-12-01 17:40:46.541284384
175	bank, affecting, customers, online, application	2	2023-12-01 17:40:46.541284384
177	kizan, restored, recover, prevented, mobilized	1	2023-12-01 17:40:46.541284384
178	burhan, eastern, armed, thanks, saluted	2	2023-12-01 17:40:46.541284384
181	retreated, fought, intense, bombardment, valiant	5	2023-12-01 17:40:46.541284384
183	politics, spent, expatriate, expatriates, fatigue	4	2023-12-01 17:40:46.541284384
184	apartment, point, house, east, nile	1	2023-12-01 17:40:46.541284384
185	clashes, causing, cell, morning, bombed	3	2023-12-01 17:40:46.541284384
186	hamdan, dagalo, mohamed, lieutenant, general	1	2023-12-01 17:40:46.541284384
190	youtube, facebook, whatsapp, posted, channel	2	2023-12-01 17:40:46.541284384
192	stories, story, horrific, 240, raging	3	2023-12-01 17:40:46.541284384
193	killer, smuggle, thwarting, currencies, cessation	1	2023-12-01 17:40:46.541284384
196	owns, pharmacies, registered, accused, explained	4	2023-12-01 17:40:46.541284384
197	involvement, arming, uae, confirmed, data	1	2023-12-01 17:40:46.541284384
200	hadi, madani, wad, contact, 2023	4	2023-12-01 17:40:46.541284384
202	challenges, commission, fulfill, promised, overcome	1	2023-12-01 17:40:46.541284384
204	channel, follow, telegram, httpstmesudaaan, sudan	1	2023-12-01 17:40:46.541284384
207	notification, accepted, contributes, whatsapp, brothers	4	2023-12-01 17:40:46.541284384
208	sanctions, sides, expected, american, war	1	2023-12-01 17:40:46.541284384
210	communications, prosperity, outage, anti, tanks	1	2023-12-01 17:40:46.541284384
215	page, black, supporters, capabilities, share	2	2023-12-01 17:40:46.541284384
222	guys, jeddah, tourism, travel, tourist	1	2023-12-01 17:40:46.541284384
225	precautionary, traffic, announcement, named, implementation	3	2023-12-01 17:40:46.541284384
231	khojali, akhir, khartoumjanjaweedcemetery, 16, battleofdignity	2	2023-12-01 17:40:46.541284384
232	army, barrier, lions, invaders, stood	1	2023-12-01 17:40:46.541284384
233	prohibiting, threatens, war, harms, stop	3	2023-12-01 17:40:46.541284384
236	shameful, history, committed, crimes, city	2	2023-12-01 17:40:46.541284384
237	classifying, criteria, bearing, classified, encourage	2	2023-12-01 17:40:46.541284384
238	unwavering, belief, learned, village, young	5	2023-12-01 17:40:46.541284384
240	tribe, receive, coming, initiative, kassala	1	2023-12-01 17:40:46.541284384
241	driver, license, drivers, high, unhcr	4	2023-12-01 17:40:46.541284384
247	island, remnants, traitors, birth, approaching	8	2023-12-01 17:40:46.541284384
248	surrendered, maash, testimony, friend, brother	1	2023-12-01 17:40:46.541284384
249	girl, arqin, arrested, quantity, ambush	4	2023-12-01 17:40:46.541284384
252	salva, kiir, presidential, palace, hajj	1	2023-12-01 17:40:46.541284384
254	hands, homelands, betrayed, truly, traitors	6	2023-12-01 17:40:46.541284384
256	umma, mourns, party, leader, death	1	2023-12-01 17:40:46.541284384
257	registration, courses, study, details, link	1	2023-12-01 17:40:46.541284384
263	emirates, trade, bribe, posted, 77	3	2023-12-01 17:40:46.541284384
264	little, girl, suffered, seven, died	2	2023-12-01 17:40:46.541284384
265	arabs, desert, bbc, definition, users	4	2023-12-01 17:40:46.541284384
267	intensifies, taqaddam, contacts, moves, welcomed	1	2023-12-01 17:40:46.541284384
269	collaborators, occurred, endeavors, succeed, brought	1	2023-12-01 17:40:46.541284384
270	chadian, chad, diplomats, dialogue, president	8	2023-12-01 17:40:46.541284384
273	traitors, mean, paid, agents, want	3	2023-12-01 17:40:46.541284384
275	concluding, ending, jeddah, positive, ceasefire	1	2023-12-01 17:40:46.541284384
276	english, language, exam, test, tests	4	2023-12-01 17:40:46.541284384
279	allied, exaggeration, narrative, push, test	2	2023-12-01 17:40:46.541284384
280	uae, diplomats, denied, expels, exchanging	2	2023-12-01 17:40:46.541284384
281	quotas, covered, existing, locality, fair	2	2023-12-01 17:40:46.541284384
282	37, revealing, names, doctors, killing	1	2023-12-01 17:40:46.541284384
285	channel, telegram, follow, proud, later	10	2023-12-01 17:40:46.541284384
-1	al, war, weapons, janjaweed, militia	632	2023-12-31 23:52:14.889908224
0	babanusa, rapid, army, battles, artillery	54	2023-12-31 23:52:14.889908224
1	university, complexes, professors, destruction, knowledge	11	2023-12-31 23:52:14.889908224
2	humanitarian, million, nations, united, famine	17	2023-12-31 23:52:14.889908224
3	hilal, al, libyan, loan, clubs	5	2023-12-31 23:52:14.889908224
4	remember, ships, classify, hit, history	2	2023-12-31 23:52:14.889908224
6	ethiopian, eritrean, ababa, addis, broadcaster	8	2023-12-31 23:52:14.889908224
7	cholera, epidemic, cases, health, deaths	11	2023-12-31 23:52:14.889908224
8	israel, jews, gaza, israeli, palestinian	15	2023-12-31 23:52:14.889908224
9	hasahisa, interrogation, medina, babanusa, kidnapped	11	2023-12-31 23:52:14.889908224
10	women, sexual, rape, girls, violence	9	2023-12-31 23:52:14.889908224
12	injury, continues, causing, displacement, gained	10	2023-12-31 23:52:14.889908224
13	god, oh, praise, lord, tuti	17	2023-12-31 23:52:14.889908224
15	officer, required, assistant, monthly, vacant	8	2023-12-31 23:52:14.889908224
16	party, recruiting, undermining, clearly, refused	3	2023-12-31 23:52:14.889908224
17	weekly, donate, donations, distributed, families	4	2023-12-31 23:52:14.889908224
18	neutrality, cleansing, ethnic, detains, condemnations	12	2023-12-31 23:52:14.889908224
19	stick, retaliation, factors, sensitive, diplomats	3	2023-12-31 23:52:14.889908224
20	burhan, apologizes, titles, expand, issues	3	2023-12-31 23:52:14.889908224
21	sisi, wahab, purification, reproductive, complications	8	2023-12-31 23:52:14.889908224
22	plundering, plunder, popular, janjaweed, resistance	12	2023-12-31 23:52:14.889908224
23	yacoub, advisor, hamdok, party, communist	1	2023-12-31 23:52:14.889908224
24	al, neighborhood, wedding, shindi, hour	3	2023-12-31 23:52:14.889908224
25	refugees, chad, sudandefense, mashad, unhcr	8	2023-12-31 23:52:14.889908224
26	assumes, duties, inaugurates, pledges, develop	2	2023-12-31 23:52:14.889908224
27	destroys, mobile, biased, advances, halfaya	2	2023-12-31 23:52:14.889908224
29	reassures, intelligence, sennar, stability, conditions	1	2023-12-31 23:52:14.889908224
30	gulf, bank, banks, exchange, dollar	1	2023-12-31 23:52:14.889908224
31	route, flight, migrant, went, loss	4	2023-12-31 23:52:14.889908224
33	recommended, mail, finding, fact, established	1	2023-12-31 23:52:14.889908224
35	controlled, unrest, monopoly, intensity, instability	6	2023-12-31 23:52:14.889908224
36	fallen, wing, colonialism, legacy, achieves	4	2023-12-31 23:52:14.889908224
37	urban, al, rebel, justify, plundered	7	2023-12-31 23:52:14.889908224
38	preserving, lawyers, later, obtain, evidence	4	2023-12-31 23:52:14.889908224
39	balad, guests, negatively, prove, unacceptable	3	2023-12-31 23:52:14.889908224
42	rights, expert, human, recruitment, independent	7	2023-12-31 23:52:14.889908224
44	utensils, eating, preventive, applying, wash	1	2023-12-31 23:52:14.889908224
47	minutes, takes, comprehensive, waiting, answer	3	2023-12-31 23:52:14.889908224
48	non, igad, djibouti, uganda, burhan	5	2023-12-31 23:52:14.889908224
49	prophet, grant, bless, blessings, companions	4	2023-12-31 23:52:14.889908224
50	channel, follow, moment, telegram, unique	3	2023-12-31 23:52:14.889908224
54	01, atta, army, headlines, charity	4	2023-12-31 23:52:14.889908224
55	dr, truly, resilience, majid, hamid	2	2023-12-31 23:52:14.889908224
56	screens, photos, pages, limits, clips	2	2023-12-31 23:52:14.889908224
57	credibility, news, follow, national, ad	1	2023-12-31 23:52:14.889908224
58	2011, apart, saluted, basket, performing	5	2023-12-31 23:52:14.889908224
60	reservations, reconcile, commission, income, difficulty	1	2023-12-31 23:52:14.889908224
61	scene, link, telegram, join, httpstmesdnewsnetwork	8	2023-12-31 23:52:14.889908224
62	pages, insistence, roots, reviewing, confidence	2	2023-12-31 23:52:14.889908224
63	god, oh, protect, mighty, blessings	16	2023-12-31 23:52:14.889908224
64	tonight, boys, wife, mother, wants	2	2023-12-31 23:52:14.889908224
65	hospital, specializing, equipment, strive, externally	3	2023-12-31 23:52:14.889908224
66	independence, violations, anniversary, washington, frankly	2	2023-12-31 23:52:14.889908224
68	fathers, serves, art, speak, politics	2	2023-12-31 23:52:14.889908224
71	journalists, media, facts, highlighting, accuracy	6	2023-12-31 23:52:14.889908224
72	court, criminal, prosecutor, request, lawyers	16	2023-12-31 23:52:14.889908224
73	din, purely, salah, purpose, nour	2	2023-12-31 23:52:14.889908224
74	holding, dont, come, didnt, personally	1	2023-12-31 23:52:14.889908224
76	clearance, vehicles, kinds, enter, batches	9	2023-12-31 23:52:14.889908224
77	artists, revive, dispersed, works, cairo	1	2023-12-31 23:52:14.889908224
78	compulsory, innocents, sandal, manifestations, contacts	2	2023-12-31 23:52:14.889908224
79	station, water, omdurman, areas, al	1	2023-12-31 23:52:14.889908224
80	religion, path, divine, sleep, lesson	5	2023-12-31 23:52:14.889908224
81	immigrant, satisfy, deportation, aforementioned, physical	3	2023-12-31 23:52:14.889908224
82	rents, rent, apartments, ordinary, neighborhoods	3	2023-12-31 23:52:14.889908224
83	hospital, halted, trustees, medical, resumed	4	2023-12-31 23:52:14.889908224
86	church, bud, morally, section, accuse	2	2023-12-31 23:52:14.889908224
87	seriously, guys, overwhelming, clothes, swear	4	2023-12-31 23:52:14.889908224
90	tribe, fights, defensive, strive, affiliation	6	2023-12-31 23:52:14.889908224
91	igad, posted, democratic, consultative, assessment	1	2023-12-31 23:52:14.889908224
92	infiltrating, buys, forbidden, cheap, kikel	3	2023-12-31 23:52:14.889908224
93	estimated, value, quantities, medicines, dollars	1	2023-12-31 23:52:14.889908224
96	institute, non, chief, officers, infantry	1	2023-12-31 23:52:14.889908224
97	lawyers, license, recommendations, competent, journalists	2	2023-12-31 23:52:14.889908224
100	commanders, look, rid, solid, army	8	2023-12-31 23:52:14.889908224
103	rizeigat, burhan, tribe, analysis, introduced	6	2023-12-31 23:52:14.889908224
104	terrorized, harmed, orphans, conquest, plundered	3	2023-12-31 23:52:14.889908224
110	migrant, focus, rumors, confirm, evidence	2	2023-12-31 23:52:14.889908224
114	migration, whatsapp, opinion, channel, million	3	2023-12-31 23:52:14.889908224
115	dollar, rental, riding, paralysis, sentences	1	2023-12-31 23:52:14.889908224
117	estate, rental, share, visible, rent	3	2023-12-31 23:52:14.889908224
121	slightly, temperatures, meteorology, drop, continue	1	2023-12-31 23:52:14.889908224
122	hospices, meals, dinner, density, supervising	2	2023-12-31 23:52:14.889908224
128	event, channel, heart, share, follow	1	2023-12-31 23:52:14.889908224
129	lot, war, complaining, shall, tenth	5	2023-12-31 23:52:14.889908224
130	migrant, httpstmesdnewsnetlork, telegram, join, scene	1	2023-12-31 23:52:14.889908224
131	sudandefense, httpstmedefenssuda, spokesperson, httpstmedefenssudan, office	12	2023-12-31 23:52:14.889908224
133	sudandefense, testing, careful, bet, quality	1	2023-12-31 23:52:14.889908224
136	win, strength, god, stay, almighty	3	2023-12-31 23:52:14.889908224
140	robbed, thieves, foot, went, belonging	1	2023-12-31 23:52:14.889908224
141	sends, burhan, message, kassala, al	1	2023-12-31 23:52:14.889908224
143	mirghani, appear, imagined, hemedti, ugandan	1	2023-12-31 23:52:14.889908224
144	style, aforementioned, directing, indian, hemedti	2	2023-12-31 23:52:14.889908224
147	deported, injured, voluntary, returnees, return	1	2023-12-31 23:52:14.889908224
149	mourning, number, bird, birds, norway	3	2023-12-31 23:52:14.889908224
150	declining, resettlement, paper, industries, investment	2	2023-12-31 23:52:14.889908224
151	zadna, tool, encourage, invest, indicates	1	2023-12-31 23:52:14.889908224
153	categories, licensing, vehicle, keenness, fees	1	2023-12-31 23:52:14.889908224
157	audio, smuggle, shipment, papers, pictures	1	2023-12-31 23:52:14.889908224
159	verify, 64, soldiers, 52, unamid	1	2023-12-31 23:52:14.889908224
160	preserve, rights, rebels, negotiations, satisfy	3	2023-12-31 23:52:14.889908224
161	finding, fact, committee, said, empowerment	1	2023-12-31 23:52:14.889908224
162	kilometers, 76, 33, al, surrounding	1	2023-12-31 23:52:14.889908224
165	watan, january, ad, 2024, news	3	2023-12-31 23:52:14.889908224
166	seeing, version, freedom, restricting, banning	2	2023-12-31 23:52:14.889908224
169	stick, americans, adopting, adopted, options	5	2023-12-31 23:52:14.889908224
170	victory, grant, comfort, pray, god	2	2023-12-31 23:52:14.889908224
171	study, euros, jobs, expenses, scholarship	3	2023-12-31 23:52:14.889908224
173	scholarships, funded, appeared, fully, tribune	3	2023-12-31 23:52:14.889908224
176	join, whatsapp, link, scene, opinion	1	2023-12-31 23:52:14.889908224
178	clarifies, 18th, wish, learn, artist	1	2023-12-31 23:52:14.889908224
181	northeastern, clashes, specifically, brigade, evaluation	1	2023-12-31 23:52:14.889908224
183	responsible, housing, family, required, provide	1	2023-12-31 23:52:14.889908224
184	blogging, survey, migrant, entire, bahri	4	2023-12-31 23:52:14.889908224
185	causing, attacked, friday, morning, major	1	2023-12-31 23:52:14.889908224
190	whatsapp, facebook, httpswwwfacebookcomprofilephpid61556457563338, httpstmealrisala249, httpstmekraray224466	3	2023-12-31 23:52:14.889908224
192	syrians, clothing, refuge, products, journey	3	2023-12-31 23:52:14.889908224
197	turns, uae, fugitives, shoulders, crushed	2	2023-12-31 23:52:14.889908224
204	channel, follow, telegram, httpstmesudaaan, sudan	1	2023-12-31 23:52:14.889908224
205	perished, statistics, arabs, tv, thousand	5	2023-12-31 23:52:14.889908224
207	5000, 10000, accepted, happy, notification	1	2023-12-31 23:52:14.889908224
208	sanctions, european, companies, union, affiliated	8	2023-12-31 23:52:14.889908224
213	sick, elderly, women, children, hospital	3	2023-12-31 23:52:14.889908224
215	air, homeland, force, sudanesearmedforces, 69	1	2023-12-31 23:52:14.889908224
216	distress, forming, babanusa, save, person	1	2023-12-31 23:52:14.889908224
217	heritage, merowe, appeals, launches, regarding	1	2023-12-31 23:52:14.889908224
219	id, popularresistance, facebook, sudanesearmedforces, evident	3	2023-12-31 23:52:14.889908224
223	guardians, righteous, glorious, forgiveness, mercy	2	2023-12-31 23:52:14.889908224
229	started, rebels, lying, stole, plundered	3	2023-12-31 23:52:14.889908224
230	protest, reform, anwar, suffer, elias	3	2023-12-31 23:52:14.889908224
231	twitter, account, platform, khartoumjanjaweedcemetery, battleofdignity	1	2023-12-31 23:52:14.889908224
232	assist, indicates, left, help, end	2	2023-12-31 23:52:14.889908224
233	war, burhan, aqar, ready, consult	3	2023-12-31 23:52:14.889908224
244	dissolved, inquiry, fifteenth, janjaweed, condemnations	2	2023-12-31 23:52:14.889908224
245	tijani, soft, suddenly, immigrant, ruler	1	2023-12-31 23:52:14.889908224
247	attacked, rebels, island, constantly, immigrant	3	2023-12-31 23:52:14.889908224
248	22nd, brigade, division, infantry, platforms	2	2023-12-31 23:52:14.889908224
249	counterfeiting, active, currency, network, operations	1	2023-12-31 23:52:14.889908224
257	letters, resumes, recommendation, little, applying	2	2023-12-31 23:52:14.889908224
263	investments, britain, rejects, threat, emirati	1	2023-12-31 23:52:14.889908224
266	entertainment, chanting, corps, resident, flag	2	2023-12-31 23:52:14.889908224
267	idris, defensive, jars, 57, mauritania	1	2023-12-31 23:52:14.889908224
270	chadian, chad, non, responded, talks	2	2023-12-31 23:52:14.889908224
273	eternal, disgrace, traitor, message, traitors	1	2023-12-31 23:52:14.889908224
276	exam, book, test, wishing, english	3	2023-12-31 23:52:14.889908224
285	channel, telegram, follow, copied, sudan	5	2023-12-31 23:52:14.889908224
-1	al, armed, war, forces, burhan	531	2024-01-31 06:03:43.238532096
0	army, rapid, forces, al, rebel	35	2024-01-31 06:03:43.238532096
1	river, creates, upgrading, school, vocational	8	2024-01-31 06:03:43.238532096
2	humanitarian, million, aid, food, hunger	35	2024-01-31 06:03:43.238532096
3	hilal, al, sports, master, bless	7	2024-01-31 06:03:43.238532096
4	iran, invitation, armored, burhan, commander	1	2024-01-31 06:03:43.238532096
6	liquidate, extermination, sisi, violators, prisons	1	2024-01-31 06:03:43.238532096
7	cholera, environmental, health, washing, infected	3	2024-01-31 06:03:43.238532096
8	gaza, missiles, occupation, bombing, reasonable	3	2024-01-31 06:03:43.238532096
9	hasahisa, storming, villages, row, al	7	2024-01-31 06:03:43.238532096
10	women, hunger, campaign, girls, organizations	8	2024-01-31 06:03:43.238532096
11	washing, developing, facilitate, agricultural, beginning	3	2024-01-31 06:03:43.238532096
12	occupying, disrupted, commits, mukhtar, innocent	16	2024-01-31 06:03:43.238532096
13	god, earth, sight, did, honorable	12	2024-01-31 06:03:43.238532096
15	coordinator, geneina, guard, logistics, writing	1	2024-01-31 06:03:43.238532096
17	committees, formation, localities, restructuring, detailed	6	2024-01-31 06:03:43.238532096
19	served, ambassador, american, assumed, john	2	2024-01-31 06:03:43.238532096
21	transit, sites, doctors, health, diseases	9	2024-01-31 06:03:43.238532096
22	just, determined, guardians, foundations, righteous	3	2024-01-31 06:03:43.238532096
23	socialist, taqaddam, evening, 13, february	1	2024-01-31 06:03:43.238532096
24	al, displaced, assured, neighborhoods, hasahisa	10	2024-01-31 06:03:43.238532096
25	refugees, chad, eastern, commissioner, slaughtered	8	2024-01-31 06:03:43.238532096
26	northern, halfa, north, room, non	4	2024-01-31 06:03:43.238532096
27	entered, proved, advances, bell, thing	1	2024-01-31 06:03:43.238532096
28	residency, ethiopian, fines, fee, month	2	2024-01-31 06:03:43.238532096
30	decline, pound, currencies, dollar, bank	4	2024-01-31 06:03:43.238532096
32	factory, passport, gedaref, passports, immigration	2	2024-01-31 06:03:43.238532096
33	bureau, police, hall, graduation, marawi	3	2024-01-31 06:03:43.238532096
34	initial, indicate, determined, injuries, population	1	2024-01-31 06:03:43.238532096
35	hostilities, stop, bloodshed, constantly, observers	4	2024-01-31 06:03:43.238532096
36	morale, bleeding, soul, terror, break	3	2024-01-31 06:03:43.238532096
37	burhan, hiding, steadily, flies, mail	4	2024-01-31 06:03:43.238532096
38	commits, punishment, judicial, trial, escape	2	2024-01-31 06:03:43.238532096
40	mineral, mining, northern, resources, company	1	2024-01-31 06:03:43.238532096
41	spokesperson, httpstmesaqwl, office, official, rapid	2	2024-01-31 06:03:43.238532096
42	rights, human, session, justice, geneva	9	2024-01-31 06:03:43.238532096
43	63, inflation, recording, bureau, 300	1	2024-01-31 06:03:43.238532096
47	answer, content, doing, read, purpose	3	2024-01-31 06:03:43.238532096
48	uganda, vice, ambassadors, malik, european	3	2024-01-31 06:03:43.238532096
49	master, companions, bless, god, grant	4	2024-01-31 06:03:43.238532096
50	tariq, channel, follow, mohammed, telegram	2	2024-01-31 06:03:43.238532096
51	electricity, hantoub, imagine, outages, restored	3	2024-01-31 06:03:43.238532096
52	112, strive, ignored, 52, overcrowding	5	2024-01-31 06:03:43.238532096
53	refinery, german, energy, oil, establish	1	2024-01-31 06:03:43.238532096
54	burhan, al, owned, eliminate, news	3	2024-01-31 06:03:43.238532096
56	network, version, shut, returns, band	6	2024-01-31 06:03:43.238532096
57	february, 2024, ad, 28, issued	4	2024-01-31 06:03:43.238532096
58	hospices, atta, inspect, civilian, committees	1	2024-01-31 06:03:43.238532096
59	goods, flow, customs, mechanisms, contributed	1	2024-01-31 06:03:43.238532096
61	scene, link, telegram, join, httpstmesdnewsnetwork	11	2024-01-31 06:03:43.238532096
62	sudani, february, balad, newspaper, electronic	2	2024-01-31 06:03:43.238532096
63	god, mighty, blessings, protect, victory	10	2024-01-31 06:03:43.238532096
64	touching, breastfeeding, convince, song, smoke	3	2024-01-31 06:03:43.238532096
65	workforce, consumables, washing, machines, delayed	1	2024-01-31 06:03:43.238532096
70	installation, factory, passport, saqwl, atbara	1	2024-01-31 06:03:43.238532096
72	dissatisfaction, slow, occurred, achieving, court	1	2024-01-31 06:03:43.238532096
73	sisi, burhan, stability, al, egypt	2	2024-01-31 06:03:43.238532096
74	tonight, arm, come, long, reach	2	2024-01-31 06:03:43.238532096
75	remember, relatives, mercy, forgiveness, patience	2	2024-01-31 06:03:43.238532096
76	ammunition, danger, density, ran, hilla	2	2024-01-31 06:03:43.238532096
78	criteria, classification, classify, appealed, relevant	4	2024-01-31 06:03:43.238532096
79	stations, pumping, exit, communication, stopped	1	2024-01-31 06:03:43.238532096
80	beware, terror, souls, rooms, spread	1	2024-01-31 06:03:43.238532096
85	headlines, newspapers, prominent, published, political	1	2024-01-31 06:03:43.238532096
89	served, awards, excellence, mission, award	3	2024-01-31 06:03:43.238532096
90	establish, dedicated, deception, morale, fronts	5	2024-01-31 06:03:43.238532096
91	solutions, kiir, member, deputy, file	9	2024-01-31 06:03:43.238532096
92	densely, populated, strategy, aims, spoil	4	2024-01-31 06:03:43.238532096
93	pharmacists, professional, february, association, 10	1	2024-01-31 06:03:43.238532096
94	significant, expected, fuel, prices, increase	1	2024-01-31 06:03:43.238532096
103	debts, burhan, truth, statement, al	1	2024-01-31 06:03:43.238532096
111	kidney, dialysis, 34, cuts, partial	1	2024-01-31 06:03:43.238532096
115	alcohol, finance, explains, titles, jibril	3	2024-01-31 06:03:43.238532096
117	market, hilla, imagine, loot, mahjoub	3	2024-01-31 06:03:43.238532096
119	guardians, righteous, glorious, forgiveness, mercy	1	2024-01-31 06:03:43.238532096
120	stray, communications, salih, specter, trustees	2	2024-01-31 06:03:43.238532096
122	hospice, meals, noteworthy, model, ready	1	2024-01-31 06:03:43.238532096
124	chadian, diaspora, opposition, arabs, establishing	2	2024-01-31 06:03:43.238532096
126	pilgrims, umrah, falling, tightening, endowments	2	2024-01-31 06:03:43.238532096
127	barbaric, hatred, acts, act, bombing	1	2024-01-31 06:03:43.238532096
129	started, respond, world, war, said	1	2024-01-31 06:03:43.238532096
131	sudandefense, follow, telegram, httpstmedefenssuda, spokesperson	11	2024-01-31 06:03:43.238532096
132	tribes, minni, arko, covenant, darfur	2	2024-01-31 06:03:43.238532096
136	win, hostile, strength, strengthen, raise	2	2024-01-31 06:03:43.238532096
137	drop, temperatures, parts, continue, weather	1	2024-01-31 06:03:43.238532096
139	rehabilitate, devices, worth, insurance, 40	1	2024-01-31 06:03:43.238532096
140	robbed, approximately, babanusa, saqwl, rate	1	2024-01-31 06:03:43.238532096
141	fadil, taqaddam, mubarak, activists, diaspora	2	2024-01-31 06:03:43.238532096
143	bashir, al, rapid, albashir, albashirs	1	2024-01-31 06:03:43.238532096
144	film, goodbye, prize, grand, missile	2	2024-01-31 06:03:43.238532096
149	entire, destroyed, elements, members, rapid	2	2024-01-31 06:03:43.238532096
152	tunisian, migrants, coast, boat, migrant	4	2024-01-31 06:03:43.238532096
162	neighborhoods, copied, makki, returned, normal	2	2024-01-31 06:03:43.238532096
165	watan, february, ad, news, 2024	5	2024-01-31 06:03:43.238532096
167	overall, jaber, reviews, jazeera, federal	2	2024-01-31 06:03:43.238532096
170	god, conquest, victory, near, willing	9	2024-01-31 06:03:43.238532096
174	february, thursday, 2024, ad, news	2	2024-01-31 06:03:43.238532096
175	features, update, transactions, valued, application	8	2024-01-31 06:03:43.238532096
181	babanusa, interruption, networks, communication, renewed	2	2024-01-31 06:03:43.238532096
183	expatriates, clips, publish, clip, reassure	10	2024-01-31 06:03:43.238532096
184	feared, villages, shendi, proof, river	2	2024-01-31 06:03:43.238532096
188	email, device, questions, using, internet	3	2024-01-31 06:03:43.238532096
192	malaysia, mean, dongola, case, displaced	1	2024-01-31 06:03:43.238532096
196	active, gang, looting, arrest, river	1	2024-01-31 06:03:43.238532096
198	languages, english, graduated, tongue, hebrew	1	2024-01-31 06:03:43.238532096
200	defended, befell, felt, alive, buried	5	2024-01-31 06:03:43.238532096
204	channel, follow, telegram, httpstmesudaaan, sudan	2	2024-01-31 06:03:43.238532096
206	mosque, present, quran, holy, mosques	1	2024-01-31 06:03:43.238532096
208	accusations, false, regard, surprised, sanctions	6	2024-01-31 06:03:43.238532096
210	communications, outage, internet, digital, cut	5	2024-01-31 06:03:43.238532096
217	archaeological, secrets, pyramids, reveal, transport	2	2024-01-31 06:03:43.238532096
219	evident, distress, popularresistance, strength, sudanesearmedforces	6	2024-01-31 06:03:43.238532096
223	guardians, righteous, glorious, forgiveness, mercy	1	2024-01-31 06:03:43.238532096
229	complaining, crying, lot, question, forward	1	2024-01-31 06:03:43.238532096
231	id, facebook, 249, link, khartoumjanjaweedcemetery	4	2024-01-31 06:03:43.238532096
233	end, ambition, satisfy, congress, establishes	2	2024-01-31 06:03:43.238532096
234	broke, fires, camps, houses, damage	6	2024-01-31 06:03:43.238532096
236	rich, record, criminal, hanging, execution	1	2024-01-31 06:03:43.238532096
238	latif, house, commanders, abdullah, occupied	1	2024-01-31 06:03:43.238532096
239	hear, willing, jazeera, soon, al	1	2024-01-31 06:03:43.238532096
247	exhausted, exceeded, limit, secret, island	2	2024-01-31 06:03:43.238532096
248	infantry, officers, division, 18th, non	7	2024-01-31 06:03:43.238532096
251	unfortunately, departure, quantities, witnesses, village	1	2024-01-31 06:03:43.238532096
260	hamad, mustermen, letters, bases, repeated	2	2024-01-31 06:03:43.238532096
266	armed, guidance, cooperative, entertainment, community	9	2024-01-31 06:03:43.238532096
268	looking, intend, courses, opportunities, whatsapp	1	2024-01-31 06:03:43.238532096
269	queues, repeated, want, considered, work	2	2024-01-31 06:03:43.238532096
272	version, 46, latest, application, follow	1	2024-01-31 06:03:43.238532096
273	hostage, betrayed, neighbors, person, held	1	2024-01-31 06:03:43.238532096
281	standing, thanks, expressed, achieve, continued	1	2024-01-31 06:03:43.238532096
285	channel, telegram, follow, sudan, httpstmesudaaan	3	2024-01-31 06:03:43.238532096
-1	al, ramadan, war, militia, sudan	677	2024-03-01 12:15:11.587155936
0	containers, drone, destroyed, al, rapid	41	2024-03-01 12:15:11.587155936
1	school, schools, education, reassured, helpless	6	2024-03-01 12:15:11.587155936
2	aid, humanitarian, food, malnutrition, million	65	2024-03-01 12:15:11.587155936
3	absent, sports, defeats, league, admits	6	2024-03-01 12:15:11.587155936
4	vote, diplomats, negotiating, draft, britain	1	2024-03-01 12:15:11.587155936
5	prominent, headlines, burhan, fingers, qaribullah	2	2024-03-01 12:15:11.587155936
6	ababa, addis, violation, declaration, ethiopia	4	2024-03-01 12:15:11.587155936
7	polio, emergence, virus, issuing, registry	1	2024-03-01 12:15:11.587155936
8	entity, israeli, normalization, palestinian, israel	5	2024-03-01 12:15:11.587155936
9	village, villages, al, committees, jazira	13	2024-03-01 12:15:11.587155936
10	women, rape, sexual, violence, girls	14	2024-03-01 12:15:11.587155936
11	developing, lake, animals, soil, forests	2	2024-03-01 12:15:11.587155936
12	lived, threats, humiliated, subjected, inhumane	5	2024-03-01 12:15:11.587155936
13	god, oh, approached, lord, willing	21	2024-03-01 12:15:11.587155936
14	clean, continue, efforts, channel, areas	1	2024-03-01 12:15:11.587155936
15	required, degree, assistant, officer, vacant	7	2024-03-01 12:15:11.587155936
16	constitutional, executive, fulfilling, carrier, authority	2	2024-03-01 12:15:11.587155936
17	baskets, ramadan, donate, food, families	27	2024-03-01 12:15:11.587155936
18	sanctities, infringement, strongly, transparent, condemn	6	2024-03-01 12:15:11.587155936
19	biden, vote, outcome, divided, harmed	3	2024-03-01 12:15:11.587155936
20	meets, energy, japanese, minister, tears	4	2024-03-01 12:15:11.587155936
21	doctors, babanusa, borders, medical, mortality	7	2024-03-01 12:15:11.587155936
22	army, patriotism, victory, defeat, armies	8	2024-03-01 12:15:11.587155936
24	urgently, village, share, philanthropists, just	5	2024-03-01 12:15:11.587155936
25	chad, refugees, arrive, influx, amid	6	2024-03-01 12:15:11.587155936
26	blue, disbursing, arranging, medications, issues	1	2024-03-01 12:15:11.587155936
27	facebook, click, id, coverage, page	5	2024-03-01 12:15:11.587155936
28	host, communities, away, ethiopian, umm	1	2024-03-01 12:15:11.587155936
29	inspected, tour, reviewed, police, secure	2	2024-03-01 12:15:11.587155936
30	bank, wheat, dollar, figure, omdurman	3	2024-03-01 12:15:11.587155936
32	passports, halls, enters, registry, foreigners	5	2024-03-01 12:15:11.587155936
33	officer, holder, fasting, police, bag	2	2024-03-01 12:15:11.587155936
34	53, localities, 800, damaged, missing	1	2024-03-01 12:15:11.587155936
35	emphasize, actions, rounds, fragmentation, disintegration	10	2024-03-01 12:15:11.587155936
36	intended, morale, collapsed, raise, pointing	2	2024-03-01 12:15:11.587155936
37	lies, morale, collapsed, claims, jazira	13	2024-03-01 12:15:11.587155936
38	honor, fairly, strictly, ok, personally	4	2024-03-01 12:15:11.587155936
39	residency, violating, requirements, territory, deport	1	2024-03-01 12:15:11.587155936
41	spokesperson, httpstmesaqwl, office, official, rapid	2	2024-03-01 12:15:11.587155936
42	deliberations, rights, human, justice, presents	3	2024-03-01 12:15:11.587155936
47	ok, instructions, understand, wait, did	2	2024-03-01 12:15:11.587155936
48	african, mechanism, union, confidence, consultations	5	2024-03-01 12:15:11.587155936
49	god, prophet, jar, prayer, oh	13	2024-03-01 12:15:11.587155936
50	channel, jaafar, follow, portal, telegram	4	2024-03-01 12:15:11.587155936
52	disruption, having, scenes, industrial, base	3	2024-03-01 12:15:11.587155936
54	atta, headlines, army, burhan, al	11	2024-03-01 12:15:11.587155936
55	abdul, majid, hamid, damazin, al	1	2024-03-01 12:15:11.587155936
56	telecommunications, sanitation, environmental, communication, internet	6	2024-03-01 12:15:11.587155936
59	quantities, seized, sea, large, red	1	2024-03-01 12:15:11.587155936
60	treasury, revenues, meet, supply, best	1	2024-03-01 12:15:11.587155936
61	scene, link, telegram, join, httpstmesdnewsnetwork	13	2024-03-01 12:15:11.587155936
63	oh, god, protect, victory, mighty	7	2024-03-01 12:15:11.587155936
64	heard, famous, 70, voice, expatriate	2	2024-03-01 12:15:11.587155936
66	diplomats, security, ramadan, council, nearly	5	2024-03-01 12:15:11.587155936
67	learn, follow, telegram, weather, moderate	1	2024-03-01 12:15:11.587155936
68	institute, interim, options, conducted, democracy	1	2024-03-01 12:15:11.587155936
70	identity, registry, activating, controlling, requires	1	2024-03-01 12:15:11.587155936
72	crimes, investigate, articles, code, chapter	1	2024-03-01 12:15:11.587155936
73	voting, adopts, territorial, integrity, visiting	2	2024-03-01 12:15:11.587155936
74	looking, dont, come, didnt, personally	2	2024-03-01 12:15:11.587155936
76	forcefully, fighter, inflicted, responded, aircraft	1	2024-03-01 12:15:11.587155936
77	artist, singing, closer, bakr, salem	1	2024-03-01 12:15:11.587155936
78	propaganda, robbery, sponsors, terrorism, hidden	5	2024-03-01 12:15:11.587155936
80	accepts, jumaa, wrong, fadl, religion	1	2024-03-01 12:15:11.587155936
81	television, voluntary, immigration, national, government	1	2024-03-01 12:15:11.587155936
83	twitter, dongola, opening, expatriates, hospital	1	2024-03-01 12:15:11.587155936
85	headlines, pushing, succeed, newspapers, prominent	1	2024-03-01 12:15:11.587155936
87	labor, sectors, affected, reform, employees	1	2024-03-01 12:15:11.587155936
90	careful, allegations, destabilizing, acknowledge, dedicated	1	2024-03-01 12:15:11.587155936
91	mechanism, african, geographical, endeavor, continent	1	2024-03-01 12:15:11.587155936
92	jibril, chose, pile, poisons, mercenary	4	2024-03-01 12:15:11.587155936
93	sold, medicines, like, saqwl, pharmaceutical	2	2024-03-01 12:15:11.587155936
94	exactly, ezz, saeed, resources, natural	1	2024-03-01 12:15:11.587155936
95	conflicts, kordofan, realize, little, resources	2	2024-03-01 12:15:11.587155936
96	conveyed, greetings, command, chief, officers	3	2024-03-01 12:15:11.587155936
100	tongue, admitted, matters, managing, guidance	6	2024-03-01 12:15:11.587155936
102	trump, deep, biden, republican, woman	4	2024-03-01 12:15:11.587155936
103	banner, revolutions, succeed, crowds, mandate	2	2024-03-01 12:15:11.587155936
104	bargain, hesitate, victorious, responded, victory	6	2024-03-01 12:15:11.587155936
107	chief, sovereignty, hamar, chairman, commander	3	2024-03-01 12:15:11.587155936
108	technicians, commissions, levels, discussed, crossings	1	2024-03-01 12:15:11.587155936
109	processes, legalize, determine, registration, refugee	2	2024-03-01 12:15:11.587155936
111	surgical, perform, dilling, complained, urgently	1	2024-03-01 12:15:11.587155936
115	titles, black, incidents, pound, currency	13	2024-03-01 12:15:11.587155936
117	reviewing, residential, upgrading, plans, progress	1	2024-03-01 12:15:11.587155936
122	ice, distributing, teaching, shelters, kosti	1	2024-03-01 12:15:11.587155936
124	chadian, supplying, line, chad, border	2	2024-03-01 12:15:11.587155936
129	skill, negotiate, surrender, isolation, mother	3	2024-03-01 12:15:11.587155936
131	follow, telegram, sudandefense, httpstmedefenssuda, spokesperson	8	2024-03-01 12:15:11.587155936
135	courses, writing, jobs, interested, contains	1	2024-03-01 12:15:11.587155936
136	win, strength, feet, hearts, firm	1	2024-03-01 12:15:11.587155936
140	looted, disrupted, gates, cars, shops	4	2024-03-01 12:15:11.587155936
141	signature, taqaddam, coordinating, democratic, 30	1	2024-03-01 12:15:11.587155936
144	scenes, slander, memory, clip, mind	3	2024-03-01 12:15:11.587155936
145	hotbed, sharp, terrorism, warning, sons	1	2024-03-01 12:15:11.587155936
147	usually, spend, exceed, arriving, capacity	1	2024-03-01 12:15:11.587155936
149	camels, voices, green, leaves, does	3	2024-03-01 12:15:11.587155936
155	maintenance, roads, urban, road, atbara	1	2024-03-01 12:15:11.587155936
157	expelled, occupy, kafouri, successfully, coordinating	2	2024-03-01 12:15:11.587155936
163	owner, health, insurance, peacebuilding, 170	1	2024-03-01 12:15:11.587155936
165	watan, 12, march, tuesday, electronic	1	2024-03-01 12:15:11.587155936
169	formula, electoral, topic, serves, purposes	1	2024-03-01 12:15:11.587155936
170	god, victory, oh, grant, perished	4	2024-03-01 12:15:11.587155936
173	appeared, tribune, sudan, scholarship, admission	1	2024-03-01 12:15:11.587155936
177	gabriel, 25th, deposited, eve, certainty	2	2024-03-01 12:15:11.587155936
178	rebels, reassured, fronts, worst, excellency	4	2024-03-01 12:15:11.587155936
183	guide, expatriates, unfortunately, doing, god	2	2024-03-01 12:15:11.587155936
184	regardless, location, reality, video, daily	1	2024-03-01 12:15:11.587155936
186	2nd, din, shams, kabbashi, breakfast	2	2024-03-01 12:15:11.587155936
189	uganda, ugandan, disabled, kampala, exceptions	3	2024-03-01 12:15:11.587155936
191	rules, adhere, principles, involved, commitment	2	2024-03-01 12:15:11.587155936
192	tragedies, pregnant, liberated, recently, woman	1	2024-03-01 12:15:11.587155936
194	scene, link, telegram, join, httpstmesdnewsnetwork	3	2024-03-01 12:15:11.587155936
200	movement, liberation, convoy, minawi, kidnapped	2	2024-03-01 12:15:11.587155936
202	issuance, resolution, explained, organizations, joint	1	2024-03-01 12:15:11.587155936
203	cemetery, dongola, gengueid, telegram, khartoumal	1	2024-03-01 12:15:11.587155936
204	channel, follow, telegram, httpstmesudaaan, sudan	1	2024-03-01 12:15:11.587155936
207	donate, balance, abboud, baqi, deeds	1	2024-03-01 12:15:11.587155936
209	places, fear, intelligence, rest, house	6	2024-03-01 12:15:11.587155936
210	internet, outage, exacerbated, thirty, zain	2	2024-03-01 12:15:11.587155936
213	admitted, saving, wounds, succeeded, hospital	2	2024-03-01 12:15:11.587155936
215	sudanesearmedforces, tall, dismantled, ezz, imagine	1	2024-03-01 12:15:11.587155936
216	estimates, resulted, 12, deaths, april	1	2024-03-01 12:15:11.587155936
222	spring, trips, shameless, summer, winter	1	2024-03-01 12:15:11.587155936
224	broadcast, video, fabricated, sky, channel	1	2024-03-01 12:15:11.587155936
229	description, matches, decades, kidnapped, play	2	2024-03-01 12:15:11.587155936
230	absolutely, interviews, mashad, enemies, politicians	2	2024-03-01 12:15:11.587155936
231	facebook, click, id, khartoumjanjaweedcemetery, battleofdignity	2	2024-03-01 12:15:11.587155936
232	fighters, tactical, valor, blood, images	4	2024-03-01 12:15:11.587155936
233	ending, powers, conflict, document, does	2	2024-03-01 12:15:11.587155936
237	sky, daglo, terrorist, crimes, cnn	2	2024-03-01 12:15:11.587155936
239	paths, action, al, jazeera, movement	2	2024-03-01 12:15:11.587155936
240	ammar, inspected, reassured, imminent, yasser	1	2024-03-01 12:15:11.587155936
241	driver, license, driving, unhcr, required	3	2024-03-01 12:15:11.587155936
244	lawyers, concerned, report, monitoring, civilians	1	2024-03-01 12:15:11.587155936
245	necessities, sharp, food, kilograms, meat	1	2024-03-01 12:15:11.587155936
247	island, coexist, happened, destiny, secession	2	2024-03-01 12:15:11.587155936
248	22nd, infantry, division, defend, babanusa	1	2024-03-01 12:15:11.587155936
251	exploited, rented, occupied, engaged, speak	2	2024-03-01 12:15:11.587155936
259	mortality, chronic, rates, diseases, elderly	1	2024-03-01 12:15:11.587155936
260	rally, intimidation, describing, assassination, jazira	1	2024-03-01 12:15:11.587155936
261	kabashi, officers, non, salute, convey	3	2024-03-01 12:15:11.587155936
265	rizeigat, tribes, tribe, generous, focus	2	2024-03-01 12:15:11.587155936
269	realized, canceled, severity, scheduled, activities	1	2024-03-01 12:15:11.587155936
275	stipulated, jeddah, coordination, sides, accordance	1	2024-03-01 12:15:11.587155936
281	anwar, convince, native, remain, stressed	1	2024-03-01 12:15:11.587155936
-1	al, war, rapid, army, atta	799	2024-03-31 18:26:39.935779808
0	fasher, el, rapid, villages, tribune	56	2024-03-31 18:26:39.935779808
1	schools, exams, education, students, school	24	2024-03-31 18:26:39.935779808
2	malnutrition, children, humanitarian, acute, aid	32	2024-03-31 18:26:39.935779808
3	sports, al, hilal, league, cup	13	2024-03-31 18:26:39.935779808
4	iran, dhabi, accusations, says, evidence	5	2024-03-31 18:26:39.935779808
6	ethiopian, realized, retreated, alliances, amal	2	2024-03-31 18:26:39.935779808
7	polio, diseases, cases, seven, epidemic	2	2024-03-31 18:26:39.935779808
8	israel, threaten, threats, jews, keeping	4	2024-03-31 18:26:39.935779808
9	village, al, stormed, villages, displacement	16	2024-03-31 18:26:39.935779808
10	women, sexual, rape, girls, violence	14	2024-03-31 18:26:39.935779808
11	crops, longer, wheat, withstand, stems	3	2024-03-31 18:26:39.935779808
12	attacking, shooting, bullets, property, looting	6	2024-03-31 18:26:39.935779808
13	god, blessings, mercy, help, temptations	11	2024-03-31 18:26:39.935779808
15	required, jobs, officer, degree, assistant	16	2024-03-31 18:26:39.935779808
16	definition, alliances, apparatus, identity, electoral	12	2024-03-31 18:26:39.935779808
17	crescent, society, bid, animal, blankets	8	2024-03-31 18:26:39.935779808
18	crimes, genocide, inherent, forced, sexual	9	2024-03-31 18:26:39.935779808
19	dismissal, russian, tomorrow, deputy, foreign	2	2024-03-31 18:26:39.935779808
20	eid, date, controversy, ramadan, holiday	1	2024-03-31 18:26:39.935779808
21	patients, kidney, doctors, machines, cases	10	2024-03-31 18:26:39.935779808
22	comrades, struggle, battle, struggles, victory	12	2024-03-31 18:26:39.935779808
24	shaqra, frequent, understood, nutritional, newly	3	2024-03-31 18:26:39.935779808
25	refugees, torn, adri, delayed, sufficient	3	2024-03-31 18:26:39.935779808
26	shendi, framework, river, visit, locality	2	2024-03-31 18:26:39.935779808
27	mellit, control, video, pages, clips	3	2024-03-31 18:26:39.935779808
28	gedaref, refugees, ethiopian, semester, electric	1	2024-03-31 18:26:39.935779808
29	carrying, seized, hasahisa, police, truck	2	2024-03-31 18:26:39.935779808
30	star, text, internet, black, pound	1	2024-03-31 18:26:39.935779808
32	passports, immigration, passport, reviewing, identity	5	2024-03-31 18:26:39.935779808
33	alert, prevailing, pasha, intelligence, committees	4	2024-03-31 18:26:39.935779808
35	russia, war, grievances, vision, parties	9	2024-03-31 18:26:39.935779808
36	revolution, bonds, conscious, mahamid, holders	4	2024-03-31 18:26:39.935779808
37	say, driven, ignore, betrayed, thwart	8	2024-03-31 18:26:39.935779808
38	questioning, exposes, legal, arrest, court	1	2024-03-31 18:26:39.935779808
42	amnesty, embargo, signature, rights, racial	5	2024-03-31 18:26:39.935779808
47	2013, happened, september, version, improved	6	2024-03-31 18:26:39.935779808
48	27, presented, framework, form, african	1	2024-03-31 18:26:39.935779808
49	god, helps, generous, prophet, honored	3	2024-03-31 18:26:39.935779808
50	channel, follow, telegram, nouri, sir	4	2024-03-31 18:26:39.935779808
51	electricity, sales, energy, windows, sabreen	2	2024-03-31 18:26:39.935779808
52	lack, deteriorate, sewage, usually, terrifying	2	2024-03-31 18:26:39.935779808
53	alert, salaries, karama, oil, employees	1	2024-03-31 18:26:39.935779808
54	headlines, army, burhan, al, jeddah	5	2024-03-31 18:26:39.935779808
55	fadil, hamidati, mental, simple, zayed	5	2024-03-31 18:26:39.935779808
56	internet, starlink, networks, disruption, devices	2	2024-03-31 18:26:39.935779808
57	bulletin, coverage, 23, include, entire	2	2024-03-31 18:26:39.935779808
61	scene, link, telegram, join, httpstmesdnewsnetwork	1	2024-03-31 18:26:39.935779808
63	god, heal, praise, finished, high	6	2024-03-31 18:26:39.935779808
64	answer, questions, question, honorable, trouble	3	2024-03-31 18:26:39.935779808
66	hold, uae, indiscriminate, aggression, discuss	5	2024-03-31 18:26:39.935779808
68	pivotal, survival, independent, going, fully	2	2024-03-31 18:26:39.935779808
70	passports, embassies, administration, immigration, collect	3	2024-03-31 18:26:39.935779808
71	journalists, media, oppression, april, 15	4	2024-03-31 18:26:39.935779808
72	ethnicity, investigation, court, crimes, options	2	2024-03-31 18:26:39.935779808
73	say, egypt, egyptians, afraid, algeria	1	2024-03-31 18:26:39.935779808
74	usually, ruin, luxury, happens, speak	5	2024-03-31 18:26:39.935779808
76	118, vehicles, vast, equipment, equipped	5	2024-03-31 18:26:39.935779808
78	release, man, serves, publication, young	1	2024-03-31 18:26:39.935779808
80	god, hotbed, gracious, merciful, know	9	2024-03-31 18:26:39.935779808
81	deporting, proof, foreigners, taking, prevent	3	2024-03-31 18:26:39.935779808
82	estate, seller, real, purchase, considered	2	2024-03-31 18:26:39.935779808
83	equipment, centre, salman, devices, king	4	2024-03-31 18:26:39.935779808
85	newspapers, 27, headlines, congress, saturday	1	2024-03-31 18:26:39.935779808
86	mosques, shaqra, consideration, preacher, bamdurman	3	2024-03-31 18:26:39.935779808
87	sectors, pays, paying, salaries, points	1	2024-03-31 18:26:39.935779808
89	doing, awareness, russian, previous, april	1	2024-03-31 18:26:39.935779808
90	integral, sacrifices, larger, drafting, concepts	4	2024-03-31 18:26:39.935779808
92	expelled, crews, cruisers, trenches, entrances	4	2024-03-31 18:26:39.935779808
93	complained, prices, essential, black, medicines	1	2024-03-31 18:26:39.935779808
96	absolutely, soldiers, saf, honorable, proceed	3	2024-03-31 18:26:39.935779808
97	essence, broadcasting, opponents, eliminating, difference	1	2024-03-31 18:26:39.935779808
100	5th, harms, founded, pave, caution	4	2024-03-31 18:26:39.935779808
103	contradicts, suggested, tweezers, atta, words	2	2024-03-31 18:26:39.935779808
104	halted, unwavering, successfully, grace, courage	3	2024-03-31 18:26:39.935779808
108	funding, secured, suffers, seeks, total	1	2024-03-31 18:26:39.935779808
109	foreigners, asylum, laws, fighting, raping	2	2024-03-31 18:26:39.935779808
110	sky, panic, aviation, break, refinery	3	2024-03-31 18:26:39.935779808
111	dialysis, center, patients, kidney, mr	3	2024-03-31 18:26:39.935779808
112	62, reaction, irregular, algerian, kufra	2	2024-03-31 18:26:39.935779808
114	53, flee, migration, 20, forced	3	2024-03-31 18:26:39.935779808
115	titles, incidents, famine, year, economy	11	2024-03-31 18:26:39.935779808
116	haftar, libya, affect, chad, extend	1	2024-03-31 18:26:39.935779808
117	sabreen, pay, attention, safe, market	1	2024-03-31 18:26:39.935779808
118	returning, happiness, safely, brothers, home	1	2024-03-31 18:26:39.935779808
120	sabotage, cultural, submitting, heritage, documenting	2	2024-03-31 18:26:39.935779808
122	medicines, medical, patients, treatment, ensure	5	2024-03-31 18:26:39.935779808
123	reached, deaths, infections, recent, number	1	2024-03-31 18:26:39.935779808
124	rift, salih, chadian, contradicts, heal	1	2024-03-31 18:26:39.935779808
125	journalist, follow, raouf, httpstmesudannm, channel	2	2024-03-31 18:26:39.935779808
128	channel, follow, telegram, httpstmesudaaan, httpswhatsappcomchaannel0029vb2jdpaixnnnnnnnnnnnnnpxuj5a1x	1	2024-03-31 18:26:39.935779808
129	wagner, neutral, insistence, stance, mean	2	2024-03-31 18:26:39.935779808
131	follow, telegram, sudandefense, httpstmedefenssuda, spokesperson	11	2024-03-31 18:26:39.935779808
135	courses, jobs, writing, channel, interested	2	2024-03-31 18:26:39.935779808
136	later, grant, win, victory, strength	1	2024-03-31 18:26:39.935779808
137	weather, early, cold, winter, rains	1	2024-03-31 18:26:39.935779808
139	cost, requirements, pounds, operation, insurance	3	2024-03-31 18:26:39.935779808
140	wheel, disrupted, learned, running, attacking	2	2024-03-31 18:26:39.935779808
141	faki, taqaddam, freeze, jaafar, membership	1	2024-03-31 18:26:39.935779808
148	coverage, fees, httpstmesaqwl, determined, noted	1	2024-03-31 18:26:39.935779808
149	dispersed, single, think, thing, convince	3	2024-03-31 18:26:39.935779808
157	civilization, engage, invasion, brutal, duty	1	2024-03-31 18:26:39.935779808
158	caring, focused, assigned, promised, home	4	2024-03-31 18:26:39.935779808
159	atrocities, african, union, inform, condemned	2	2024-03-31 18:26:39.935779808
160	fellow, erupted, forever, pursuit, peace	2	2024-03-31 18:26:39.935779808
162	driving, mansour, friend, district, famous	1	2024-03-31 18:26:39.935779808
170	thwarted, harvesting, god, thanks, plans	1	2024-03-31 18:26:39.935779808
171	jobs, courses, skills, writing, study	1	2024-03-31 18:26:39.935779808
173	scholarship, admission, apply, university, luck	2	2024-03-31 18:26:39.935779808
178	incubator, atta, founding, extends, yasser	4	2024-03-31 18:26:39.935779808
180	entered, transport, traffic, buses, transportation	1	2024-03-31 18:26:39.935779808
183	sorry, spare, stopped, life, rent	2	2024-03-31 18:26:39.935779808
184	concludes, aqar, heart, visit, blue	1	2024-03-31 18:26:39.935779808
185	moment, response, wounding, succeeded, 249	1	2024-03-31 18:26:39.935779808
186	kutum, mohamed, nour, 27, major	3	2024-03-31 18:26:39.935779808
188	applied, decisively, dealt, networks, laws	4	2024-03-31 18:26:39.935779808
189	uganda, kampala, endless, edited, bitterness	1	2024-03-31 18:26:39.935779808
192	woman, graduated, greeting, darkness, lived	3	2024-03-31 18:26:39.935779808
194	scene, link, telegram, join, httpstmesdnewsnetwork	13	2024-03-31 18:26:39.935779808
197	uae, accuses, atta, fighters, describes	4	2024-03-31 18:26:39.935779808
198	study, german, actually, english, starting	1	2024-03-31 18:26:39.935779808
204	channel, follow, telegram, httpstmesudaaan, sudan	3	2024-03-31 18:26:39.935779808
207	donate, abboud, sharing, baqi, balance	2	2024-03-31 18:26:39.935779808
208	european, impunity, union, adopted, sanctions	3	2024-03-31 18:26:39.935779808
209	authentic, intelligence, beni, amer, service	4	2024-03-31 18:26:39.935779808
210	internet, telecommunications, hell, communications, trap	2	2024-03-31 18:26:39.935779808
213	care, difficult, treatment, lying, afflicted	1	2024-03-31 18:26:39.935779808
215	facebook, share, kutum, nour, 27	3	2024-03-31 18:26:39.935779808
222	emirates, inside, tourism, travel, tourist	1	2024-03-31 18:26:39.935779808
223	allowance, euros, monthly, guardians, acceptable	1	2024-03-31 18:26:39.935779808
224	unlimited, apology, dabanga, radio, stance	1	2024-03-31 18:26:39.935779808
226	compulsory, language, certificate, interact, karry	1	2024-03-31 18:26:39.935779808
228	centres, shelter, nations, united, unhcr	1	2024-03-31 18:26:39.935779808
229	marginalized, generally, marginalization, janjaweed, africans	2	2024-03-31 18:26:39.935779808
231	link, follow, khartoumjanjaweedcemetery, battleofdignity, httpstmealrisala249	1	2024-03-31 18:26:39.935779808
232	invaders, standing, dignity, battle, repeating	5	2024-03-31 18:26:39.935779808
233	iran, denounces, website, burhan, tearing	2	2024-03-31 18:26:39.935779808
237	festival, mobilizes, dubai, bin, arming	4	2024-03-31 18:26:39.935779808
238	village, igniting, outposts, fought, gathered	5	2024-03-31 18:26:39.935779808
241	driver, license, drivers, luck, high	1	2024-03-31 18:26:39.935779808
242	raids, maintaining, immigrants, aim, daily	1	2024-03-31 18:26:39.935779808
244	marginalized, janjaweed, powers, europe, poor	1	2024-03-31 18:26:39.935779808
250	zakat, lighting, beneficiaries, needy, cash	1	2024-03-31 18:26:39.935779808
251	separated, wrote, reason, displaced, displacement	2	2024-03-31 18:26:39.935779808
255	nomination, renewal, discrimination, explains, deny	1	2024-03-31 18:26:39.935779808
259	discover, pregnant, birth, gave, later	1	2024-03-31 18:26:39.935779808
260	intimidating, assaulted, beating, stormed, medani	4	2024-03-31 18:26:39.935779808
265	arabs, looked, beings, nationalism, betrayed	3	2024-03-31 18:26:39.935779808
270	contain, burhan, solution, crisis, chadian	1	2024-03-31 18:26:39.935779808
273	circle, expanded, quickly, evil, parts	1	2024-03-31 18:26:39.935779808
275	jeddah, talks, sides, signed, protecting	1	2024-03-31 18:26:39.935779808
279	colonialism, agent, concepts, marginal, resisting	1	2024-03-31 18:26:39.935779808
282	240, severity, hasahisa, varying, preliminary	1	2024-03-31 18:26:39.935779808
285	channel, telegram, follow, sudan, httpstmesudaaan	4	2024-03-31 18:26:39.935779808
287	maximum, age, 30, years, reliable	1	2024-03-31 18:26:39.935779808
-1	al, militia, fasher, el, forces	982	2024-05-01 00:38:08.284403648
0	fasher, artillery, rapid, el, al	85	2024-05-01 00:38:08.284403648
1	school, guidance, atbara, colleges, schools	13	2024-05-01 00:38:08.284403648
2	food, hunger, famine, million, humanitarian	21	2024-05-01 00:38:08.284403648
3	hilal, team, sports, al, league	12	2024-05-01 00:38:08.284403648
4	emptied, spoils, cargo, kept, ship	4	2024-05-01 00:38:08.284403648
5	burhan, touring, sword, juba, mustafarin	1	2024-05-01 00:38:08.284403648
6	ethiopian, ababa, addis, ethiopians, ethiopia	10	2024-05-01 00:38:08.284403648
8	jews, israel, greed, palestinian, palestine	2	2024-05-01 00:38:08.284403648
9	village, fasher, al, militia, el	32	2024-05-01 00:38:08.284403648
10	women, violence, girls, sexual, rape	24	2024-05-01 00:38:08.284403648
11	cotton, farmers, harvest, wheat, crop	6	2024-05-01 00:38:08.284403648
12	villages, displacement, dozens, heinous, women	28	2024-05-01 00:38:08.284403648
13	god, reward, patient, best, situations	10	2024-05-01 00:38:08.284403648
15	required, jobs, degree, officer, vacant	16	2024-05-01 00:38:08.284403648
16	stick, taqadum, seeking, scene, political	2	2024-05-01 00:38:08.284403648
17	baskets, distributes, charity, food, salman	12	2024-05-01 00:38:08.284403648
18	crimes, law, international, atrocities, conventions	16	2024-05-01 00:38:08.284403648
19	visa, burhan, secretary, phone, envoy	10	2024-05-01 00:38:08.284403648
20	inevitably, olympic, performed, earthquake, workshop	4	2024-05-01 00:38:08.284403648
21	umbada, shed, doctors, borders, sudani	5	2024-05-01 00:38:08.284403648
22	foundations, frustration, victory, forgiveness, righteous	28	2024-05-01 00:38:08.284403648
23	enthusiasm, actors, conferences, increases, hamdok	4	2024-05-01 00:38:08.284403648
24	brother, displaced, residents, closely, 800	13	2024-05-01 00:38:08.284403648
25	upper, 66, refugees, unhcr, south	10	2024-05-01 00:38:08.284403648
26	damazin, dalqo, volunteer, associations, youth	1	2024-05-01 00:38:08.284403648
27	fasher, el, al, losses, responded	21	2024-05-01 00:38:08.284403648
28	ethiopia, ethiopian, refugees, forests, ababa	25	2024-05-01 00:38:08.284403648
29	smuggling, exceptional, migrant, operate, repercussions	1	2024-05-01 00:38:08.284403648
30	banks, bank, trading, banking, rebuilding	9	2024-05-01 00:38:08.284403648
31	flying, airlines, airport, seat, playing	4	2024-05-01 00:38:08.284403648
32	passports, passport, printed, immigration, registry	9	2024-05-01 00:38:08.284403648
33	planted, police, spy, dramatic, raided	6	2024-05-01 00:38:08.284403648
35	intimidating, shields, desperate, negotiating, threatening	10	2024-05-01 00:38:08.284403648
36	ambition, summoned, political, military, revolution	1	2024-05-01 00:38:08.284403648
37	brigades, mustafarin, battalion, buy, burhan	3	2024-05-01 00:38:08.284403648
38	irresponsible, legally, legal, category, exposes	6	2024-05-01 00:38:08.284403648
40	mining, kilo, gold, commodities, mineral	3	2024-05-01 00:38:08.284403648
41	spokesperson, httpstmesaqwl, office, official, rapid	7	2024-05-01 00:38:08.284403648
42	rights, defenders, human, atrocities, amnesty	9	2024-05-01 00:38:08.284403648
43	banks, portfolio, banking, billion, sector	4	2024-05-01 00:38:08.284403648
46	press, release, travel, able, stated	1	2024-05-01 00:38:08.284403648
47	extension, know, waiting, answer, zero	1	2024-05-01 00:38:08.284403648
48	igad, insists, continental, preceded, enabling	6	2024-05-01 00:38:08.284403648
49	blame, companions, allah, bless, mentioned	2	2024-05-01 00:38:08.284403648
50	channel, follow, telegram, sir, httpstmesudaaan	11	2024-05-01 00:38:08.284403648
52	safer, hostility, decide, assist, corridors	7	2024-05-01 00:38:08.284403648
54	burhan, imposes, al, sanctions, army	2	2024-05-01 00:38:08.284403648
55	2024, khaled, 22, ahead, al	5	2024-05-01 00:38:08.284403648
56	phrase, widely, circulated, longer, spreading	3	2024-05-01 00:38:08.284403648
57	29, 2024, wednesday, ad, consideration	8	2024-05-01 00:38:08.284403648
58	adhere, enlightenment, decisions, management, stressing	1	2024-05-01 00:38:08.284403648
60	industrial, capabilities, pay, private, finance	1	2024-05-01 00:38:08.284403648
61	scene, link, telegram, join, httpstmesdnewsnetwork	2	2024-05-01 00:38:08.284403648
62	headlines, newspapers, 22, latest, newspaper	1	2024-05-01 00:38:08.284403648
63	god, heal, remain, safe, channel	4	2024-05-01 00:38:08.284403648
64	carefully, consider, happening, farms, short	5	2024-05-01 00:38:08.284403648
66	envoy, kampala, negligence, activists, guterres	5	2024-05-01 00:38:08.284403648
67	follow, telegram, weather, moderate, temperatures	1	2024-05-01 00:38:08.284403648
68	democracy, founded, justice, decent, mission	6	2024-05-01 00:38:08.284403648
69	suna, agency, news, sudan, sama	1	2024-05-01 00:38:08.284403648
70	passports, immigration, lists, registry, passport	7	2024-05-01 00:38:08.284403648
71	media, journalists, waging, cohesion, press	12	2024-05-01 00:38:08.284403648
73	burhan, participation, atta, battalion, intends	4	2024-05-01 00:38:08.284403648
74	shake, got, absent, autumn, chairs	3	2024-05-01 00:38:08.284403648
75	mercy, martyrs, mobilized, condolences, heart	1	2024-05-01 00:38:08.284403648
76	confronted, inflicting, seizing, innocent, vehicles	4	2024-05-01 00:38:08.284403648
77	grew, singing, career, moved, professional	1	2024-05-01 00:38:08.284403648
78	terrorists, terrorist, extremist, ruled, prosecute	7	2024-05-01 00:38:08.284403648
80	sweep, grace, prevail, strength, parts	4	2024-05-01 00:38:08.284403648
81	doing, going, establishing, asylum, action	2	2024-05-01 00:38:08.284403648
82	handing, begin, kober, house, administrative	4	2024-05-01 00:38:08.284403648
84	supervised, room, osama, khashm, meals	1	2024-05-01 00:38:08.284403648
87	significantly, likely, statistics, loss, opportunities	2	2024-05-01 00:38:08.284403648
89	discussed, contributes, promote, bilateral, worked	2	2024-05-01 00:38:08.284403648
90	dedicated, devoid, rebuild, influence, unified	3	2024-05-01 00:38:08.284403648
91	splm, mediation, south, juba, commander	3	2024-05-01 00:38:08.284403648
92	gate, enter, transports, preparedness, calculations	6	2024-05-01 00:38:08.284403648
94	realized, careful, wadi, happening, fuel	5	2024-05-01 00:38:08.284403648
97	misinformation, workshop, societies, outcomes, enhancing	5	2024-05-01 00:38:08.284403648
100	defeating, capable, affirm, evil, saying	2	2024-05-01 00:38:08.284403648
103	neutrality, declaring, bless, janjaweed, fighting	1	2024-05-01 00:38:08.284403648
104	spy, wahab, muslim, sent, bin	1	2024-05-01 00:38:08.284403648
107	overall, chief, kassala, briefed, chairman	5	2024-05-01 00:38:08.284403648
109	southerners, kosti, decisions, deport, making	1	2024-05-01 00:38:08.284403648
112	anti, immigrants, illegal, nouri, deported	3	2024-05-01 00:38:08.284403648
115	titles, prohibited, dollar, goods, seizing	2	2024-05-01 00:38:08.284403648
118	son, hello, sat, uncle, mother	5	2024-05-01 00:38:08.284403648
119	guardians, righteous, glorious, forgiveness, mercy	3	2024-05-01 00:38:08.284403648
122	110, protected, facilities, neutral, lack	4	2024-05-01 00:38:08.284403648
123	doctors, fasher, el, hospital, obstetrics	4	2024-05-01 00:38:08.284403648
124	chadian, cruisers, 280, nilein, anti	1	2024-05-01 00:38:08.284403648
125	majid, journalist, hamid, abdel, follow	1	2024-05-01 00:38:08.284403648
127	terrorist, refinery, despair, saf, city	17	2024-05-01 00:38:08.284403648
128	channel, follow, telegram, httpstmesudaaan, httpswhatsappcomchaannel0029vb2jdpaixnnnnnnnnnnnnnpxuj5a1x	3	2024-05-01 00:38:08.284403648
129	ambitions, personal, reinforced, coexist, justification	1	2024-05-01 00:38:08.284403648
131	spokesperson, sudandefense, httpstmedefenssuda, office, follow	25	2024-05-01 00:38:08.284403648
132	minawi, separate, minni, arko, region	5	2024-05-01 00:38:08.284403648
139	dealings, insurance, damazin, saqwl, good	1	2024-05-01 00:38:08.284403648
140	looted, burned, crops, village, entire	3	2024-05-01 00:38:08.284403648
141	cowardly, urge, classify, extremist, jazira	4	2024-05-01 00:38:08.284403648
143	ordeal, accepted, think, bashir, constitutional	1	2024-05-01 00:38:08.284403648
147	sure, maintain, brother, identity, proof	1	2024-05-01 00:38:08.284403648
149	shifting, eating, bases, remains, rule	2	2024-05-01 00:38:08.284403648
150	losses, billion, estimates, sector, conducted	1	2024-05-01 00:38:08.284403648
152	boat, mediterranean, rescue, coast, 87	1	2024-05-01 00:38:08.284403648
153	vehicle, aforementioned, cotton, jazira, license	1	2024-05-01 00:38:08.284403648
158	sheltering, keenness, solutions, necessary, issue	6	2024-05-01 00:38:08.284403648
160	suspicions, say, motives, speak, secret	1	2024-05-01 00:38:08.284403648
162	opposite, neighbor, geography, happens, easy	2	2024-05-01 00:38:08.284403648
163	mobilization, insurance, north, dongola, health	2	2024-05-01 00:38:08.284403648
165	watan, 28, tuesday, ad, 2024	1	2024-05-01 00:38:08.284403648
168	registered, sabah, agreeing, incitement, taqadum	1	2024-05-01 00:38:08.284403648
170	conquest, near, victory, god, armed	1	2024-05-01 00:38:08.284403648
171	jobs, scholarship, courses, australia, professors	13	2024-05-01 00:38:08.284403648
173	scholarship, covers, expenses, trip, tickets	2	2024-05-01 00:38:08.284403648
177	companion, ibn, imprisoned, allied, times	1	2024-05-01 00:38:08.284403648
178	ababa, addis, collaborator, advances, atta	1	2024-05-01 00:38:08.284403648
183	majority, expatriates, expatriate, home, tell	1	2024-05-01 00:38:08.284403648
184	gezira, nile, white, located, cairo	2	2024-05-01 00:38:08.284403648
185	burn, blogging, rawaba, bombing, violent	6	2024-05-01 00:38:08.284403648
186	yasser, deputy, commander, said, army	1	2024-05-01 00:38:08.284403648
187	key, kenya, regional, tour, uganda	1	2024-05-01 00:38:08.284403648
188	extracted, accusation, activist, indicate, limited	1	2024-05-01 00:38:08.284403648
190	instagram, facebook, verify, id, whatsapp	2	2024-05-01 00:38:08.284403648
191	affirming, observer, visions, participants, attend	6	2024-05-01 00:38:08.284403648
192	filed, journey, girl, guard, interview	2	2024-05-01 00:38:08.284403648
194	scene, link, telegram, join, httpstmesdnewsnetwork	11	2024-05-01 00:38:08.284403648
195	stay, outskirts, let, oh, omdurman	1	2024-05-01 00:38:08.284403648
196	forging, stolen, shendi, receiving, documents	1	2024-05-01 00:38:08.284403648
197	flowing, uganda, arms, uae, statements	1	2024-05-01 00:38:08.284403648
200	minni, arko, minawi, divide, claims	4	2024-05-01 00:38:08.284403648
203	whatsapp, channel, follow, cemetery, gengueid	2	2024-05-01 00:38:08.284403648
204	channel, follow, telegram, httpstmesudaaan, sudan	6	2024-05-01 00:38:08.284403648
210	internet, communications, starlink, digital, besieges	3	2024-05-01 00:38:08.284403648
211	22, position, operations, fasher, el	1	2024-05-01 00:38:08.284403648
213	pile, leg, girl, unknown, cut	2	2024-05-01 00:38:08.284403648
215	facebook, share, video, sudanesearmedforces, 69	1	2024-05-01 00:38:08.284403648
219	evident, distress, strength, facebook, leadership	6	2024-05-01 00:38:08.284403648
225	vehicles, transport, owners, vehicle, goods	2	2024-05-01 00:38:08.284403648
229	deceive, mercenary, arko, regime, minni	13	2024-05-01 00:38:08.284403648
231	instagram, facebook, luxurious, khartoumjanjaweedcemetery, battleofdignity	2	2024-05-01 00:38:08.284403648
232	confronted, alert, ready, force, said	1	2024-05-01 00:38:08.284403648
233	stop, war, threatens, scope, obstructing	3	2024-05-01 00:38:08.284403648
234	fires, tracking, matrix, week, villages	3	2024-05-01 00:38:08.284403648
237	image, attend, zayed, distributes, festival	1	2024-05-01 00:38:08.284403648
238	tweezers, gates, caught, ambush, armies	2	2024-05-01 00:38:08.284403648
241	driver, khashm, driving, license, jobs	6	2024-05-01 00:38:08.284403648
242	tours, skills, proven, illegal, missions	1	2024-05-01 00:38:08.284403648
243	escaping, prisons, match, names, saying	2	2024-05-01 00:38:08.284403648
244	allied, non, towns, tighten, cities	1	2024-05-01 00:38:08.284403648
245	coffee, satisfy, eating, hilla, tea	2	2024-05-01 00:38:08.284403648
247	eighth, note, district, random, immigrants	1	2024-05-01 00:38:08.284403648
249	thwart, kilos, qualitative, gold, smuggling	1	2024-05-01 00:38:08.284403648
251	population, village, displacement, occupied, longer	1	2024-05-01 00:38:08.284403648
252	horizons, salva, kiir, kabashi, opens	1	2024-05-01 00:38:08.284403648
253	bleeding, sword, bit, executed, protected	1	2024-05-01 00:38:08.284403648
255	ankara, seriously, afternoon, son, accident	1	2024-05-01 00:38:08.284403648
260	100, resistance, looting, militia, exploited	2	2024-05-01 00:38:08.284403648
264	seventh, injured, wish, district, speedy	2	2024-05-01 00:38:08.284403648
265	diaspora, expense, falls, arabs, inch	1	2024-05-01 00:38:08.284403648
267	unprecedented, committing, atrocities, persistence, maternity	1	2024-05-01 00:38:08.284403648
269	endeavors, succeed, brought, good, following	7	2024-05-01 00:38:08.284403648
270	chadian, origins, immigrated, chad, mohamed	7	2024-05-01 00:38:08.284403648
273	deception, contrary, hatred, practicing, worst	3	2024-05-01 00:38:08.284403648
275	worsening, condemned, supporters, warning, external	1	2024-05-01 00:38:08.284403648
281	currently, direct, monitoring, continuing, youth	1	2024-05-01 00:38:08.284403648
282	facility, sounds, row, distress, volunteers	1	2024-05-01 00:38:08.284403648
285	channel, telegram, follow, sudan, httpstmesudaaan	2	2024-05-01 00:38:08.284403648
-1	al, militia, fasher, el, noura	799	2024-05-31 06:49:36.633027520
0	rapid, fasher, al, el, artillery	95	2024-05-31 06:49:36.633027520
1	education, school, students, schools, educational	16	2024-05-31 06:49:36.633027520
2	food, hunger, famine, aid, humanitarian	43	2024-05-31 06:49:36.633027520
3	hilal, sports, companions, allah, al	8	2024-05-31 06:49:36.633027520
4	socialist, tariq, yemeni, yemen, abdo	3	2024-05-31 06:49:36.633027520
5	makkawi, noura, journalist, karari, prominent	1	2024-05-31 06:49:36.633027520
6	founding, ababa, addis, democratic, ethiopian	3	2024-05-31 06:49:36.633027520
8	humiliate, pave, gaza, strip, muslims	2	2024-05-31 06:49:36.633027520
9	al, villages, village, noura, shouk	27	2024-05-31 06:49:36.633027520
10	girls, women, sexual, married, branches	7	2024-05-31 06:49:36.633027520
11	fao, inputs, agricultural, insecurity, season	6	2024-05-31 06:49:36.633027520
12	astonishment, young, volunteers, carried, looting	16	2024-05-31 06:49:36.633027520
13	god, oh, tidings, reward, comes	14	2024-05-31 06:49:36.633027520
15	required, jobs, officer, degree, port	23	2024-05-31 06:49:36.633027520
17	charity, crescent, shelter, food, nights	9	2024-05-31 06:49:36.633027520
18	crimes, saf, burhan, accordance, condemning	7	2024-05-31 06:49:36.633027520
19	trust, person, embassy, cairo, told	1	2024-05-31 06:49:36.633027520
20	ruled, sinja, razek, storms, geological	3	2024-05-31 06:49:36.633027520
21	doctors, hunger, save, borders, malnutrition	11	2024-05-31 06:49:36.633027520
22	popular, struggle, axis, force, mercenaries	26	2024-05-31 06:49:36.633027520
24	homes, men, hosted, displaced, shelter	9	2024-05-31 06:49:36.633027520
25	refugees, chad, chadian, unhcr, commissioner	18	2024-05-31 06:49:36.633027520
26	attracting, nasser, improving, initiatives, sennar	3	2024-05-31 06:49:36.633027520
27	siege, length, desert, suffers, militia	10	2024-05-31 06:49:36.633027520
28	refugees, ethiopia, ethiopian, forests, forest	23	2024-05-31 06:49:36.633027520
29	police, security, achieving, presence, deployment	9	2024-05-31 06:49:36.633027520
30	pound, bank, dollar, central, giad	2	2024-05-31 06:49:36.633027520
31	aviation, 500, height, feet, accommodate	3	2024-05-31 06:49:36.633027520
32	visas, electronically, underway, issuing, directions	1	2024-05-31 06:49:36.633027520
33	respond, available, problem, intelligence, information	1	2024-05-31 06:49:36.633027520
35	dialogue, meaning, platforms, stopping, stopped	5	2024-05-31 06:49:36.633027520
36	hero, rebelled, fighter, claiming, oppression	2	2024-05-31 06:49:36.633027520
37	reassurance, try, overthrow, mobilize, hearts	4	2024-05-31 06:49:36.633027520
38	separate, review, violations, statement, court	2	2024-05-31 06:49:36.633027520
39	egypt, egyptian, buses, aswan, smugglers	18	2024-05-31 06:49:36.633027520
40	mining, nilein, mineral, gold, saving	1	2024-05-31 06:49:36.633027520
42	rights, human, mission, finding, geneva	4	2024-05-31 06:49:36.633027520
43	chapter, conspiracies, volcker, failed, dollar	1	2024-05-31 06:49:36.633027520
45	drug, liquor, municipal, declining, matama	1	2024-05-31 06:49:36.633027520
46	trafficking, dalgo, somali, range, human	3	2024-05-31 06:49:36.633027520
47	cards, proof, ask, need, waiting	3	2024-05-31 06:49:36.633027520
49	god, messenger, almighty, seen, topic	10	2024-05-31 06:49:36.633027520
50	channel, follow, telegram, sir, httpstmesudaaan	9	2024-05-31 06:49:36.633027520
52	materials, medicine, basic, shelter, life	6	2024-05-31 06:49:36.633027520
53	paid, basis, fuel, supply, refinery	1	2024-05-31 06:49:36.633027520
54	resolution, fasher, el, headlines, army	4	2024-05-31 06:49:36.633027520
55	share, rahim, masar, abdul, bakhit	6	2024-05-31 06:49:36.633027520
56	communications, networks, devices, communication, views	4	2024-05-31 06:49:36.633027520
57	summary, events, regional, international, ad	1	2024-05-31 06:49:36.633027520
60	methodology, cheap, trading, adopted, embassies	1	2024-05-31 06:49:36.633027520
61	scene, link, telegram, join, httpstmesdnewsnetwork	2	2024-05-31 06:49:36.633027520
62	criticizing, cancellation, written, performance, accused	1	2024-05-31 06:49:36.633027520
63	oh, god, lord, betrayed, victory	7	2024-05-31 06:49:36.633027520
64	backs, sadness, size, moment, poor	1	2024-05-31 06:49:36.633027520
65	care, necessary, health, hospital, doctors	1	2024-05-31 06:49:36.633027520
66	representative, council, resolution, security, speech	10	2024-05-31 06:49:36.633027520
67	follow, telegram, weather, moderate, temperatures	1	2024-05-31 06:49:36.633027520
68	injustice, regime, actions, marginalization, equality	4	2024-05-31 06:49:36.633027520
70	reduction, passports, issuing, passport, value	1	2024-05-31 06:49:36.633027520
71	journalists, awards, journalist, media, sir	5	2024-05-31 06:49:36.633027520
73	mali, russia, niger, courtesy, kabashi	5	2024-05-31 06:49:36.633027520
74	suddenly, alive, asks, tight, think	5	2024-05-31 06:49:36.633027520
75	body, speedy, recovery, martyrs, mercy	4	2024-05-31 06:49:36.633027520
76	chase, vehicles, losses, equipment, remnants	6	2024-05-31 06:49:36.633027520
78	terrorist, extremist, brigades, terrorism, burhan	9	2024-05-31 06:49:36.633027520
80	god, noura, eid, shocked, victory	9	2024-05-31 06:49:36.633027520
81	competent, deport, decided, authorities, foreigners	1	2024-05-31 06:49:36.633027520
84	investor, bud, excluding, introducing, mayor	2	2024-05-31 06:49:36.633027520
86	problems, seventy, died, famine, accidents	2	2024-05-31 06:49:36.633027520
88	disrupted, deprived, depends, jazira, financing	1	2024-05-31 06:49:36.633027520
90	equipped, doubt, armed, ports, fully	3	2024-05-31 06:49:36.633027520
92	cards, valor, 77, confronted, pm	6	2024-05-31 06:49:36.633027520
94	gas, dollar, crisis, electricity, lebanon	2	2024-05-31 06:49:36.633027520
97	satellite, unit, reported, official, media	1	2024-05-31 06:49:36.633027520
100	rest, army, soldiers, morale, victory	1	2024-05-31 06:49:36.633027520
103	bride, painting, say, ticket, gathered	3	2024-05-31 06:49:36.633027520
104	ask, declare, willing, victory, god	3	2024-05-31 06:49:36.633027520
106	eid, performs, prayers, dabbah, prayer	2	2024-05-31 06:49:36.633027520
108	funding, percent, deficit, requested, allocated	2	2024-05-31 06:49:36.633027520
109	constantly, egypt, registered, specific, refugees	2	2024-05-31 06:49:36.633027520
110	promoted, signal, rumor, weapon, fighters	1	2024-05-31 06:49:36.633027520
112	libyan, accident, libya, car, involved	2	2024-05-31 06:49:36.633027520
114	verge, exceeding, dire, iom, internally	1	2024-05-31 06:49:36.633027520
115	titles, incidents, dollar, black, famine	7	2024-05-31 06:49:36.633027520
117	mother, apartment, surroundings, house, stay	2	2024-05-31 06:49:36.633027520
121	heat, wave, severe, warns, temperatures	1	2024-05-31 06:49:36.633027520
122	khashm, clinics, damaged, centers, stray	5	2024-05-31 06:49:36.633027520
123	fasher, el, malnutrition, doctors, 280	5	2024-05-31 06:49:36.633027520
124	chadian, territory, source, interfering, chad	1	2024-05-31 06:49:36.633027520
125	mirghani, journalist, follow, channel, ali	1	2024-05-31 06:49:36.633027520
126	pilgrims, hajj, departure, flight, damazin	1	2024-05-31 06:49:36.633027520
128	channel, follow, telegram, httpstmesudaaan, httpswhatsappcomchaannel0029vb2jdpaixnnnnnnnnnnnnnpxuj5a1x	6	2024-05-31 06:49:36.633027520
131	spokesperson, sudandefense, follow, telegram, httpstmedefenssuda	6	2024-05-31 06:49:36.633027520
132	infiltrated, minni, arko, contains, deliberate	1	2024-05-31 06:49:36.633027520
133	sudandefense, testing, careful, bet, quality	5	2024-05-31 06:49:36.633027520
135	message249, link, follow, climate, jobs	2	2024-05-31 06:49:36.633027520
139	insurance, medicines, special, coordination, provide	1	2024-05-31 06:49:36.633027520
140	physical, carried, plundering, extensive, eyewitnesses	2	2024-05-31 06:49:36.633027520
143	yaqoub, website, ali, killed, fasher	2	2024-05-31 06:49:36.633027520
147	inhumane, giving, harsh, detained, seek	1	2024-05-31 06:49:36.633027520
148	saqwl, httpstmesaqwl, coverage, fees, determined	1	2024-05-31 06:49:36.633027520
149	crocodile, dangers, forest, exposed, sheep	5	2024-05-31 06:49:36.633027520
157	discovered, sennar, siege, expelling, placed	5	2024-05-31 06:49:36.633027520
158	widows, childhood, orphans, organizes, care	2	2024-05-31 06:49:36.633027520
159	police, sairin, jurist, secretary, pasha	1	2024-05-31 06:49:36.633027520
160	possibilities, amani, narratives, analysis, businessman	1	2024-05-31 06:49:36.633027520
161	commission, statement, empowerment, committee, professionals	1	2024-05-31 06:49:36.633027520
162	turn, wadi, 21, street, al	1	2024-05-31 06:49:36.633027520
165	watan, june, ad, 2024, news	2	2024-05-31 06:49:36.633027520
168	tariq, destination, haj, kidnapped, unknown	1	2024-05-31 06:49:36.633027520
170	missed, big, prayers, bless, heroes	2	2024-05-31 06:49:36.633027520
171	jobs, scholarship, courses, professors, indian	2	2024-05-31 06:49:36.633027520
173	appeared, tribune, sudan, scholarship, admission	1	2024-05-31 06:49:36.633027520
177	bride, relied, strive, drawn, married	3	2024-05-31 06:49:36.633027520
181	officers, 58, non, imad, captured	3	2024-05-31 06:49:36.633027520
184	muya, ancient, located, sennar, al	4	2024-05-31 06:49:36.633027520
185	muya, jabal, observatory, 40, resulted	2	2024-05-31 06:49:36.633027520
186	colonel, musa, bed, bahri, hassan	3	2024-05-31 06:49:36.633027520
188	rooms, poses, job, determining, information	5	2024-05-31 06:49:36.633027520
189	uganda, flooded, rainfall, forests, complain	1	2024-05-31 06:49:36.633027520
190	youtube, facebook, whatsapp, channel, photo	2	2024-05-31 06:49:36.633027520
192	tightened, circle, patient, fourth, holder	3	2024-05-31 06:49:36.633027520
194	scene, link, telegram, join, httpstmesdnewsnetwork	8	2024-05-31 06:49:36.633027520
197	judge, zayed, uae, analysts, coordinated	2	2024-05-31 06:49:36.633027520
198	karari, channel, telegram, study, httpstmekraray224466	1	2024-05-31 06:49:36.633027520
204	channel, follow, telegram, httpstmesudaaan, share	8	2024-05-31 06:49:36.633027520
206	jurisprudence, sacrifice, academy, islamic, abandon	2	2024-05-31 06:49:36.633027520
209	sleeper, intelligence, cells, tabia, integrating	2	2024-05-31 06:49:36.633027520
211	operational, 19th, june, situation, thursday	2	2024-05-31 06:49:36.633027520
213	healthy, clean, normal, completely, returned	1	2024-05-31 06:49:36.633027520
215	facebook, share, 13, platform, june	1	2024-05-31 06:49:36.633027520
217	antiquities, archaeological, mount, tourist, muya	7	2024-05-31 06:49:36.633027520
218	en, zakat, nahud, activate, collection	1	2024-05-31 06:49:36.633027520
219	evident, distress, facebook, strength, leadership	4	2024-05-31 06:49:36.633027520
222	tourist, considered, area, tourism, travel	1	2024-05-31 06:49:36.633027520
224	gandhi, radio, worked, doctor, engineer	1	2024-05-31 06:49:36.633027520
228	unhcr, play, questioning, caring, assigned	3	2024-05-31 06:49:36.633027520
229	legend, forever, kinds, yaqoub, masses	6	2024-05-31 06:49:36.633027520
231	hassan, al, khartoumjanjaweedcemetery, battleofdignity, httpstmealrisala249	1	2024-05-31 06:49:36.633027520
232	openly, panic, heard, hosts, calls	2	2024-05-31 06:49:36.633027520
233	leaked, din, circulating, brigade, seven	1	2024-05-31 06:49:36.633027520
235	repeat, hour, random, thank, half	1	2024-05-31 06:49:36.633027520
238	sons, exhaustion, tribes, rushing, summoned	3	2024-05-31 06:49:36.633027520
240	model, shelters, leave, imagine, schools	3	2024-05-31 06:49:36.633027520
241	driver, female, job, students, egyptian	1	2024-05-31 06:49:36.633027520
242	integrating, escaping, charged, sleeper, infiltration	2	2024-05-31 06:49:36.633027520
245	saving, permissible, meat, eat, disappeared	2	2024-05-31 06:49:36.633027520
248	touring, 22nd, infantry, clips, division	1	2024-05-31 06:49:36.633027520
250	bureau, zakat, sheep, clothes, sick	3	2024-05-31 06:49:36.633027520
251	videos, provocative, dance, beds, sleeping	2	2024-05-31 06:49:36.633027520
254	patriotism, unity, differences, spirit, moral	3	2024-05-31 06:49:36.633027520
256	umma, party, disavows, taqaddam, ababa	1	2024-05-31 06:49:36.633027520
259	pregnant, dependence, detected, lentils, harmful	1	2024-05-31 06:49:36.633027520
260	perished, muya, abd, mount, threatening	2	2024-05-31 06:49:36.633027520
265	acknowledge, settle, shameless, janjaweed, arabs	2	2024-05-31 06:49:36.633027520
267	mediation, guise, loots, mashad, ardoul	1	2024-05-31 06:49:36.633027520
270	chadian, chad, ambassador, summoned, ignoring	2	2024-05-31 06:49:36.633027520
273	humiliated, corrupt, town, honorable, enter	1	2024-05-31 06:49:36.633027520
275	exploited, responds, source, allow, uae	1	2024-05-31 06:49:36.633027520
277	planting, forest, appreciates, production, federal	1	2024-05-31 06:49:36.633027520
279	ignited, devastation, adopted, tragedy, presents	3	2024-05-31 06:49:36.633027520
282	hospital, khater, hasahisa, battles, assassinations	5	2024-05-31 06:49:36.633027520
283	courses, jobs, canada, english, language	1	2024-05-31 06:49:36.633027520
285	channel, telegram, follow, network, sudan	1	2024-05-31 06:49:36.633027520
-1	al, sinja, sennar, militia, city	1140	2024-06-30 13:01:04.981651360
0	rapid, fasher, sennar, el, sinja	65	2024-06-30 13:01:04.981651360
1	teachers, formal, family, education, campaign	18	2024-06-30 13:01:04.981651360
2	humanitarian, aid, famine, hunger, food	49	2024-06-30 13:01:04.981651360
3	al, hilal, sports, match, league	11	2024-06-30 13:01:04.981651360
4	dhabi, emirate, rashid, rulers, laundering	4	2024-06-30 13:01:04.981651360
5	dinder, wahed, cairo, intermediate, confrontations	2	2024-06-30 13:01:04.981651360
6	ethiopian, true, ethiopia, touching, abi	8	2024-06-30 13:01:04.981651360
7	fever, vaccines, children, diseases, cholera	12	2024-06-30 13:01:04.981651360
8	symbolism, ring, jews, drag, nazir	2	2024-06-30 13:01:04.981651360
9	kikel, contacted, wish, disappearance, injury	14	2024-06-30 13:01:04.981651360
10	violence, women, sexual, girls, gender	14	2024-06-30 13:01:04.981651360
11	dinder, dependence, fertilizer, machinery, analyst	2	2024-06-30 13:01:04.981651360
12	estimates, sinja, injuries, deliberate, intensive	24	2024-06-30 13:01:04.981651360
13	god, lord, ask, mercy, oh	34	2024-06-30 13:01:04.981651360
15	required, degree, assistant, officer, vacant	16	2024-06-30 13:01:04.981651360
16	accept, yes, district, fourth, ultimately	4	2024-06-30 13:01:04.981651360
17	distributed, shelter, baskets, initiative, displaced	26	2024-06-30 13:01:04.981651360
18	denounce, urge, crimes, document, expands	6	2024-06-30 13:01:04.981651360
19	resorting, necessity, concerted, badr, envoy	5	2024-06-30 13:01:04.981651360
20	pharmaceutical, rainwater, holds, vice, kosti	1	2024-06-30 13:01:04.981651360
21	kitchens, lack, belt, medical, room	6	2024-06-30 13:01:04.981651360
22	guardians, righteous, injustice, battle, glorious	17	2024-06-30 13:01:04.981651360
23	tolerate, forgive, burhan, fattah, rape	1	2024-06-30 13:01:04.981651360
24	district, dinder, grand, displaced, adjacent	21	2024-06-30 13:01:04.981651360
25	refugees, coincided, assured, lacks, exacerbated	5	2024-06-30 13:01:04.981651360
26	standing, gedaref, doubling, falsehood, trustees	2	2024-06-30 13:01:04.981651360
27	axis, narrative, al, area, removed	9	2024-06-30 13:01:04.981651360
28	ethiopian, refugees, ethiopia, forests, refugee	25	2024-06-30 13:01:04.981651360
29	presence, workshop, hashem, held, reviewing	1	2024-06-30 13:01:04.981651360
30	pound, pounds, dollar, decline, currencies	6	2024-06-30 13:01:04.981651360
32	passports, passport, immigration, foreigners, status	22	2024-06-30 13:01:04.981651360
33	fingers, intelligence, collaborator, consolidate, windows	5	2024-06-30 13:01:04.981651360
34	rains, tents, floods, rain, flooded	13	2024-06-30 13:01:04.981651360
35	ceasefire, example, accountability, sides, parties	8	2024-06-30 13:01:04.981651360
36	glorious, revolution, acknowledge, unfortunate, aspirations	7	2024-06-30 13:01:04.981651360
37	fronts, wound, economically, marginalized, mention	11	2024-06-30 13:01:04.981651360
38	prosecution, procedure, refuse, powers, male	1	2024-06-30 13:01:04.981651360
39	deports, egypt, halfa, 11, buses	14	2024-06-30 13:01:04.981651360
40	cultivation, linked, gold, trade, mining	1	2024-06-30 13:01:04.981651360
41	spokesperson, httpstmesaqwl, office, official, rapid	4	2024-06-30 13:01:04.981651360
42	rights, human, expert, independent, assess	10	2024-06-30 13:01:04.981651360
45	saqwl, drugs, drug, pills, seized	1	2024-06-30 13:01:04.981651360
46	trafficking, technologies, human, muawiyah, kassala	4	2024-06-30 13:01:04.981651360
47	zero, hour, waiting, jump, affects	12	2024-06-30 13:01:04.981651360
48	friendly, desire, framework, african, countries	1	2024-06-30 13:01:04.981651360
49	god, mighty, almighty, jurisprudence, bless	9	2024-06-30 13:01:04.981651360
50	channel, follow, telegram, raouf, taha	12	2024-06-30 13:01:04.981651360
51	electricity, suakin, reducing, electrical, talal	3	2024-06-30 13:01:04.981651360
52	hunger, cold, tired, shelter, yesterday	14	2024-06-30 13:01:04.981651360
54	atta, truce, negotiation, dinder, yasser	5	2024-06-30 13:01:04.981651360
55	fatima, tonight, hassan, al, ahmed	8	2024-06-30 13:01:04.981651360
56	networks, complicated, contacted, periods, internet	15	2024-06-30 13:01:04.981651360
58	wadi, halfa, supreme, chairman, council	1	2024-06-30 13:01:04.981651360
59	enjoyed, vigilance, customs, sense, indicates	1	2024-06-30 13:01:04.981651360
60	bleak, taxes, potential, expel, remains	2	2024-06-30 13:01:04.981651360
61	scene, link, telegram, join, httpstmesdnewsnetwork	3	2024-06-30 13:01:04.981651360
62	karari, newspapers, headlines, monday, channel	1	2024-06-30 13:01:04.981651360
63	god, ask, sinja, grant, protect	12	2024-06-30 13:01:04.981651360
64	arm, home, exploited, loan, completely	5	2024-06-30 13:01:04.981651360
65	finally, russia, proof, treatment, latest	2	2024-06-30 13:01:04.981651360
67	facebook, videos, weather, 46, platform	5	2024-06-30 13:01:04.981651360
68	dictates, purely, vision, external, solution	3	2024-06-30 13:01:04.981651360
70	passports, passport, immigration, issuance, printing	8	2024-06-30 13:01:04.981651360
71	journalists, elected, association, uganda, kampala	2	2024-06-30 13:01:04.981651360
73	burhan, conference, talks, egyptian, qatari	5	2024-06-30 13:01:04.981651360
74	personality, jump, starts, sight, darkness	5	2024-06-30 13:01:04.981651360
75	speedy, recovery, mercy, forgiveness, martyrs	5	2024-06-30 13:01:04.981651360
76	boats, infiltrating, lightning, cruiser, infiltrators	3	2024-06-30 13:01:04.981651360
77	patriotic, artistic, artist, bakhit, great	1	2024-06-30 13:01:04.981651360
78	punished, terrorist, accountable, sabotage, condemnation	10	2024-06-30 13:01:04.981651360
80	god, conquest, crowd, hour, victory	6	2024-06-30 13:01:04.981651360
81	foreigners, deports, problem, file, immigrant	10	2024-06-30 13:01:04.981651360
82	difficulty, communication, available, neighborhoods, rest	6	2024-06-30 13:01:04.981651360
83	amin, threaten, adam, told, measures	1	2024-06-30 13:01:04.981651360
87	exacerbates, burdens, necessities, difficulty, consumer	1	2024-06-30 13:01:04.981651360
89	exchanging, expose, diplomats, violates, tension	2	2024-06-30 13:01:04.981651360
90	manner, questioning, entrusted, explicit, divided	3	2024-06-30 13:01:04.981651360
91	african, union, affirming, timing, engaging	3	2024-06-30 13:01:04.981651360
92	assessments, gentlemen, carefully, fallen, decisively	5	2024-06-30 13:01:04.981651360
95	agar, hamar, glasses, qadir, kordofan	2	2024-06-30 13:01:04.981651360
97	room, form, network, media, authorities	1	2024-06-30 13:01:04.981651360
98	meets, ethiopian, executive, burhan, rehabilitation	1	2024-06-30 13:01:04.981651360
99	httpstmesaqwl, saqwl, , , 	22	2024-06-30 13:01:04.981651360
100	queues, failures, resolve, morale, programmes	5	2024-06-30 13:01:04.981651360
101	trips, unions, kordofan, marawi, north	1	2024-06-30 13:01:04.981651360
104	screens, trenches, lie, speaker, channels	1	2024-06-30 13:01:04.981651360
107	yacoub, masalit, king, tribe, delegation	4	2024-06-30 13:01:04.981651360
108	humanitarian, entity, alternative, emergencies, dealing	11	2024-06-30 13:01:04.981651360
109	reconciling, registering, reside, refugees, registered	4	2024-06-30 13:01:04.981651360
111	kidney, dialysis, patients, repair, notice	5	2024-06-30 13:01:04.981651360
112	libya, illegal, immigrants, libyan, immigration	10	2024-06-30 13:01:04.981651360
114	migration, libya, kufra, organization, 35	9	2024-06-30 13:01:04.981651360
115	titles, uganda, doubles, connect, releases	1	2024-06-30 13:01:04.981651360
116	pay, price, libya, continue, haftar	2	2024-06-30 13:01:04.981651360
117	kassala, abide, rents, ceiling, atbara	2	2024-06-30 13:01:04.981651360
118	nights, mother, son, spend, exhausted	5	2024-06-30 13:01:04.981651360
122	clinic, waiting, room, clothes, rain	6	2024-06-30 13:01:04.981651360
123	doctors, 23, network, massacre, killed	3	2024-06-30 13:01:04.981651360
127	terrorist, operational, saf, city, july	5	2024-06-30 13:01:04.981651360
128	channel, follow, telegram, httpstmesudaaan, httpswhatsappcomchaannel0029vb2jdpaixnnnnnnnnnnnnnpxuj5a1x	7	2024-06-30 13:01:04.981651360
129	caring, billions, arm, spent, fight	5	2024-06-30 13:01:04.981651360
131	spokesperson, office, sudandefense, httpstmedefenssuda, official	2	2024-06-30 13:01:04.981651360
132	relative, jazira, leave, witnessed, cities	1	2024-06-30 13:01:04.981651360
133	sudandefense, testing, careful, bet, quality	11	2024-06-30 13:01:04.981651360
135	resolutions, message249, subsequent, interested, terrorism	10	2024-06-30 13:01:04.981651360
136	strength, prevail, grace, win, god	1	2024-06-30 13:01:04.981651360
138	khalil, yes, district, fourth, job	1	2024-06-30 13:01:04.981651360
140	guided, looting, owners, homes, singa	8	2024-06-30 13:01:04.981651360
143	temptations, sentenced, escaped, politicians, prisons	3	2024-06-30 13:01:04.981651360
145	instability, extremism, terrorism, alike, enables	6	2024-06-30 13:01:04.981651360
147	boarding, inevitably, deteriorated, emptying, relatively	3	2024-06-30 13:01:04.981651360
148	saqwl, httpstmesaqwl, share, coverage, fees	2	2024-06-30 13:01:04.981651360
149	sheep, cows, heads, terrorize, invade	3	2024-06-30 13:01:04.981651360
154	karari, july, monday, 15, channel	1	2024-06-30 13:01:04.981651360
156	jazira, july, wednesday, events, important	1	2024-06-30 13:01:04.981651360
157	fought, larger, equipment, courage, size	1	2024-06-30 13:01:04.981651360
158	responding, restoration, demanded, speedy, communication	1	2024-06-30 13:01:04.981651360
160	benefit, fair, mechanisms, terms, indirect	2	2024-06-30 13:01:04.981651360
161	approved, concerned, included, related, plan	1	2024-06-30 13:01:04.981651360
162	calm, autumn, normal, prevailing, life	3	2024-06-30 13:01:04.981651360
163	pharmaceutical, marawi, insurance, pound, health	2	2024-06-30 13:01:04.981651360
165	watan, july, ad, 2024, news	4	2024-06-30 13:01:04.981651360
169	consolidating, circles, territorial, undermine, integrity	8	2024-06-30 13:01:04.981651360
170	god, victory, mighty, enemies, plots	3	2024-06-30 13:01:04.981651360
171	training, courses, vocational, skills, jobs	7	2024-06-30 13:01:04.981651360
177	symbol, sultanate, visited, laws, unity	1	2024-06-30 13:01:04.981651360
178	berber, cohesion, sectors, burhan, praised	5	2024-06-30 13:01:04.981651360
179	publications, publish, hammam, shafiq, magdy	1	2024-06-30 13:01:04.981651360
180	barracks, short, set, street, road	1	2024-06-30 13:01:04.981651360
181	foolish, recent, convince, easier, ideas	4	2024-06-30 13:01:04.981651360
183	swear, make, homeless, lost, daily	2	2024-06-30 13:01:04.981651360
184	cairo, greater, residents, nile, white	1	2024-06-30 13:01:04.981651360
185	muya, unarmed, claimed, sennar, outskirts	1	2024-06-30 13:01:04.981651360
187	conflicts, brothers, arab, sisi, bakri	1	2024-06-30 13:01:04.981651360
190	youtube, facebook, whatsapp, channel, account	1	2024-06-30 13:01:04.981651360
191	matter, negotiate, switzerland, negotiation, possible	2	2024-06-30 13:01:04.981651360
192	tells, tears, singa, expels, bitterness	4	2024-06-30 13:01:04.981651360
194	scene, link, telegram, join, httpstmesdnewsnetwork	18	2024-06-30 13:01:04.981651360
197	destroyed, compensate, material, compensation, rebuild	1	2024-06-30 13:01:04.981651360
198	karari, channel, telegram, study, httpstmekraray224466	8	2024-06-30 13:01:04.981651360
200	rebel, anwar, jeddah, sorry, al	3	2024-06-30 13:01:04.981651360
204	channel, follow, telegram, httpstmesudaaan, sudan	6	2024-06-30 13:01:04.981651360
206	sharia, saying, borders, law, did	1	2024-06-30 13:01:04.981651360
207	abboud, donate, baqi, deeds, balance	1	2024-06-30 13:01:04.981651360
210	networks, communication, devices, tenth, ones	5	2024-06-30 13:01:04.981651360
211	operational, gandhi, july, monitoring, 19	3	2024-06-30 13:01:04.981651360
213	suki, speedy, recovery, hospitals, continued	2	2024-06-30 13:01:04.981651360
216	concrete, damaged, reference, circular, disaster	2	2024-06-30 13:01:04.981651360
218	zakat, thirty, sheep, mohamed, addressing	1	2024-06-30 13:01:04.981651360
219	evident, distress, facebook, strength, popularresistance	1	2024-06-30 13:01:04.981651360
222	spring, trips, shameless, summer, winter	1	2024-06-30 13:01:04.981651360
228	partnership, prospects, netherlands, seekers, corporation	4	2024-06-30 13:01:04.981651360
229	believe, absolute, logic, merely, based	1	2024-06-30 13:01:04.981651360
230	cities, denouncing, marches, exodus, slogans	4	2024-06-30 13:01:04.981651360
231	khojali, accept, 1446, khartoumjanjaweedcemetery, battleofdignity	5	2024-06-30 13:01:04.981651360
232	army, barrier, lions, invaders, stood	1	2024-06-30 13:01:04.981651360
233	cairo, conference, taqadum, civil, war	6	2024-06-30 13:01:04.981651360
236	punishment, ensuring, horrific, accountable, escape	1	2024-06-30 13:01:04.981651360
238	eliminated, rushed, satisfied, yaqoub, engage	2	2024-06-30 13:01:04.981651360
240	numbering, azraq, rapporteur, sheltering, sadiq	1	2024-06-30 13:01:04.981651360
241	driving, valid, license, driver, drivers	1	2024-06-30 13:01:04.981651360
242	600, cell, deported, foreigners, countries	1	2024-06-30 13:01:04.981651360
243	escaping, prisons, match, names, problems	1	2024-06-30 13:01:04.981651360
245	carry, tea, dates, lot, medicines	2	2024-06-30 13:01:04.981651360
247	liberate, arrange, island, alert, organize	2	2024-06-30 13:01:04.981651360
248	brigade, 17th, infantry, liberating, division	2	2024-06-30 13:01:04.981651360
251	loots, displace, mean, homes, second	4	2024-06-30 13:01:04.981651360
253	hungry, walking, phones, walk, mountains	3	2024-06-30 13:01:04.981651360
257	register, study, 15, july, admission	6	2024-06-30 13:01:04.981651360
259	pregnant, bought, hungry, mothers, august	4	2024-06-30 13:01:04.981651360
260	tragedy, rugged, singa, smooth, suki	1	2024-06-30 13:01:04.981651360
264	electric, drowned, gash, worsened, unknown	3	2024-06-30 13:01:04.981651360
265	mirghani, arabs, writes, diaspora, want	1	2024-06-30 13:01:04.981651360
267	wait, worsening, proper, complexities, hesitation	4	2024-06-30 13:01:04.981651360
273	deter, pursuit, act, horrific, allow	3	2024-06-30 13:01:04.981651360
275	responsibility, abi, bears, burhan, escape	1	2024-06-30 13:01:04.981651360
277	forest, dabbah, qualify, dalqo, indicators	1	2024-06-30 13:01:04.981651360
279	dubai, known, war, rule, harness	3	2024-06-30 13:01:04.981651360
281	fatah, captain, supervision, branch, khaled	1	2024-06-30 13:01:04.981651360
283	courses, jobs, english, language, interested	1	2024-06-30 13:01:04.981651360
284	thank, channel, karry, karari, httpstmekraray224466	1	2024-06-30 13:01:04.981651360
285	channel, single, telegram, follow, sudan	3	2024-06-30 13:01:04.981651360
-1	al, militia, burhan, geneva, aid	1158	2024-07-30 19:12:33.330275200
0	axis, al, rapid, sennar, fasher	87	2024-07-30 19:12:33.330275200
1	schools, sit, students, education, student	27	2024-07-30 19:12:33.330275200
2	famine, humanitarian, aid, food, adre	141	2024-07-30 19:12:33.330275200
3	league, sports, defeats, benghazi, leg	10	2024-07-30 19:12:33.330275200
4	burhan, geneva, lamamra, secretary, attend	9	2024-07-30 19:12:33.330275200
5	obaid, rashid, honors, 27, sheikh	1	2024-07-30 19:12:33.330275200
7	cholera, cases, infections, outbreak, epidemic	31	2024-07-30 19:12:33.330275200
8	choosing, facing, extremist, options, capable	1	2024-07-30 19:12:33.330275200
9	village, villages, al, faki, abu	36	2024-07-30 19:12:33.330275200
10	women, defenders, sexual, rape, violence	8	2024-07-30 19:12:33.330275200
11	corn, seeds, cultivation, bushra, allocate	6	2024-07-30 19:12:33.330275200
12	looted, decreased, resorted, beat, militia	20	2024-07-30 19:12:33.330275200
13	god, oh, mercy, generous, ask	31	2024-07-30 19:12:33.330275200
15	required, officer, degree, vacant, job	8	2024-07-30 19:12:33.330275200
17	kuwaiti, charity, relief, society, charitable	17	2024-07-30 19:12:33.330275200
18	condemn, crimes, barbaric, systematic, humanitarian	21	2024-07-30 19:12:33.330275200
19	brotherly, foreign, burhan, affairs, concerns	10	2024-07-30 19:12:33.330275200
20	meets, gedaref, northern, governor, zakat	4	2024-07-30 19:12:33.330275200
21	doctors, malnutrition, borders, medicines, health	20	2024-07-30 19:12:33.330275200
22	steadfast, valiant, reassure, axes, precious	26	2024-07-30 19:12:33.330275200
23	governance, hamidati, circles, politics, oath	2	2024-07-30 19:12:33.330275200
24	camp, hindered, trucks, sudani, displaced	14	2024-07-30 19:12:33.330275200
25	refugees, chad, adre, chadian, foot	20	2024-07-30 19:12:33.330275200
26	giad, encourage, river, fulfilled, income	4	2024-07-30 19:12:33.330275200
27	al, village, area, base, axis	23	2024-07-30 19:12:33.330275200
28	foot, refugees, ethiopia, ethiopian, forests	16	2024-07-30 19:12:33.330275200
29	patrol, registry, trying, karari, police	6	2024-07-30 19:12:33.330275200
30	banking, reopening, fundamental, portfolio, pursuit	2	2024-07-30 19:12:33.330275200
31	advertising, banner, entrance, fell, turn	1	2024-07-30 19:12:33.330275200
32	passport, passports, 72, printing, immigration	6	2024-07-30 19:12:33.330275200
33	normally, enforcement, coordinating, objects, allowing	4	2024-07-30 19:12:33.330275200
34	floods, rains, torrential, torrents, cut	54	2024-07-30 19:12:33.330275200
35	negotiation, principle, responded, ceasefire, initiatives	17	2024-07-30 19:12:33.330275200
36	terrified, generals, fate, mere, allow	9	2024-07-30 19:12:33.330275200
37	aggression, burhan, geography, besieges, mountains	12	2024-07-30 19:12:33.330275200
39	syrians, reason, deport, egyptian, authorities	1	2024-07-30 19:12:33.330275200
40	flooded, miners, wells, appears, likely	1	2024-07-30 19:12:33.330275200
41	spokesperson, httpstmesaqwl, office, official, rapid	1	2024-07-30 19:12:33.330275200
43	indian, strengthening, discuss, relations, ambassador	1	2024-07-30 19:12:33.330275200
45	rugged, drug, resorted, animals, machinery	3	2024-07-30 19:12:33.330275200
46	trafficking, smuggling, gang, human, 33	4	2024-07-30 19:12:33.330275200
47	affects, step, difficult, clear, just	5	2024-07-30 19:12:33.330275200
48	plundered, tweezers, brought, implement, africa	1	2024-07-30 19:12:33.330275200
49	allah, answered, mercy, earth, god	4	2024-07-30 19:12:33.330275200
50	channel, follow, telegram, majid, abdel	10	2024-07-30 19:12:33.330275200
51	electricity, station, vandalized, conversion, jibril	7	2024-07-30 19:12:33.330275200
52	famine, devastating, mobilize, occurred, residents	8	2024-07-30 19:12:33.330275200
54	advertising, endless, mediators, summary, negotiations	4	2024-07-30 19:12:33.330275200
55	khaled, al, august, tayeb, deng	6	2024-07-30 19:12:33.330275200
56	starlink, networks, devices, communication, ones	12	2024-07-30 19:12:33.330275200
57	2736, 2024, august, ad, headlines	6	2024-07-30 19:12:33.330275200
58	umbada, performance, praises, expatriates, count	4	2024-07-30 19:12:33.330275200
59	customs, ports, stability, service, confirms	5	2024-07-30 19:12:33.330275200
60	revenues, improved, finance, cohesion, print	6	2024-07-30 19:12:33.330275200
61	scene, link, telegram, join, httpstmesdnewsnetwork	9	2024-07-30 19:12:33.330275200
63	god, ease, master, mighty, burden	6	2024-07-30 19:12:33.330275200
64	belongs, later, facts, sudanese, sudan	2	2024-07-30 19:12:33.330275200
66	juma, sanctions, imposing, commander, bless	15	2024-07-30 19:12:33.330275200
67	rains, sweeping, torrential, meteorology, warns	4	2024-07-30 19:12:33.330275200
68	ethical, driven, pursuit, gain, mandate	2	2024-07-30 19:12:33.330275200
69	suna, agency, news, sudan, sama	5	2024-07-30 19:12:33.330275200
70	printing, capacity, printed, passports, learned	2	2024-07-30 19:12:33.330275200
71	journalists, syndicate, media, shed, disaster	8	2024-07-30 19:12:33.330275200
73	enlighten, meets, jaber, ambassador, kabashi	3	2024-07-30 19:12:33.330275200
74	say, dont, come, didnt, personally	1	2024-07-30 19:12:33.330275200
75	speedy, recovery, mercy, martyrs, eternity	4	2024-07-30 19:12:33.330275200
76	armored, vehicles, moments, enemy, command	15	2024-07-30 19:12:33.330275200
77	malaysia, touring, 1446, corresponding, ah	1	2024-07-30 19:12:33.330275200
78	terrorist, unparalleled, serves, claiming, unifying	8	2024-07-30 19:12:33.330275200
79	jica, drinking, resuming, station, operation	3	2024-07-30 19:12:33.330275200
80	live, long, mujahideen, god, mukhtar	2	2024-07-30 19:12:33.330275200
81	legalize, notice, violators, occupation, adhere	2	2024-07-30 19:12:33.330275200
82	cash, launching, strategic, windows, microfinance	4	2024-07-30 19:12:33.330275200
83	hiatus, reopening, restart, lasted, hospital	1	2024-07-30 19:12:33.330275200
87	bribe, lost, pay, revenues, unable	3	2024-07-30 19:12:33.330275200
88	economy, cohesive, improved, planned, cohesion	1	2024-07-30 19:12:33.330275200
90	doctrine, promising, solid, single, professional	3	2024-07-30 19:12:33.330275200
91	igad, intersections, stop, envoy, contacts	1	2024-07-30 19:12:33.330275200
92	infiltrating, remnants, chasing, mercenaries, outskirts	8	2024-07-30 19:12:33.330275200
95	governorates, inaugurates, kordofan, western, grant	5	2024-07-30 19:12:33.330275200
96	occasion, chief, delivers, speech, commander	3	2024-07-30 19:12:33.330275200
97	misery, verge, create, cover, raise	2	2024-07-30 19:12:33.330275200
99	httpstmesaqwl, saqwl, , , 	9	2024-07-30 19:12:33.330275200
100	tidings, horizon, victory, martyrdom, choice	4	2024-07-30 19:12:33.330275200
101	assets, unions, kordofan, bags, 31	1	2024-07-30 19:12:33.330275200
103	tribe, al, rizeigat, tribes, hussein	6	2024-07-30 19:12:33.330275200
104	heroes, compromise, fallen, armored, mercenary	7	2024-07-30 19:12:33.330275200
107	oath, sovereignty, yahya, council, abdullah	12	2024-07-30 19:12:33.330275200
108	facilitating, humanitarian, agencies, transparent, cooperating	16	2024-07-30 19:12:33.330275200
110	series, missile, anti, guided, 24	3	2024-07-30 19:12:33.330275200
111	dialysis, kidney, patients, center, resuming	7	2024-07-30 19:12:33.330275200
112	libya, overcrowded, kufra, libyan, thefts	4	2024-07-30 19:12:33.330275200
114	migration, net, tens, read, witness	2	2024-07-30 19:12:33.330275200
116	traders, karama, confirm, libya, battle	1	2024-07-30 19:12:33.330275200
117	hilla, al, khojali, popularity, kafouri	2	2024-07-30 19:12:33.330275200
119	guardians, righteous, glorious, forgiveness, mercy	4	2024-07-30 19:12:33.330275200
120	handover, credentials, sovereignty, president, meets	2	2024-07-30 19:12:33.330275200
122	450, rijal, amounted, arriving, pregnant	2	2024-07-30 19:12:33.330275200
123	doctors, network, killing, injury, shouk	6	2024-07-30 19:12:33.330275200
127	terrorist, invade, city, saturday, sponsor	6	2024-07-30 19:12:33.330275200
128	channel, follow, telegram, httpstmesudaaan, httpswhatsappcomchaannel0029vb2jdpaixnnnnnnnnnnnnnpxuj5a1x	5	2024-07-30 19:12:33.330275200
129	negligent, exclude, unite, machine, accepted	2	2024-07-30 19:12:33.330275200
131	spokesperson, office, sudandefense, httpstmedefenssuda, official	8	2024-07-30 19:12:33.330275200
132	arming, pregnant, sufficient, accuses, causing	1	2024-07-30 19:12:33.330275200
133	sudandefense, testing, careful, bet, quality	8	2024-07-30 19:12:33.330275200
135	message249, link, follow, climate, jobs	14	2024-07-30 19:12:33.330275200
137	quiet, morning, areas, weather, hot	1	2024-07-30 19:12:33.330275200
140	looting, looted, evacuate, homes, citizens	8	2024-07-30 19:12:33.330275200
141	kabashi, positions, praises, coordination, national	1	2024-07-30 19:12:33.330275200
147	cash, launching, direct, expatriates, affected	1	2024-07-30 19:12:33.330275200
148	saqwl, httpstmesaqwl, coverage, fees, determined	14	2024-07-30 19:12:33.330275200
149	far, cows, hole, hide, demands	3	2024-07-30 19:12:33.330275200
151	commodities, strategic, directs, white, governor	1	2024-07-30 19:12:33.330275200
157	restoration, doors, axes, bahri, awaiting	3	2024-07-30 19:12:33.330275200
158	game, drawing, feelings, space, friendly	1	2024-07-30 19:12:33.330275200
159	juma, othman, hamed, threaten, considering	1	2024-07-30 19:12:33.330275200
160	root, obstacle, restores, peace, negotiations	10	2024-07-30 19:12:33.330275200
161	ethics, identifying, engagement, contacts, freeze	2	2024-07-30 19:12:33.330275200
162	greater, calm, normal, autumn, operational	7	2024-07-30 19:12:33.330275200
168	symposium, coverage, agency, newspaper, alwatan	1	2024-07-30 19:12:33.330275200
169	dictates, americans, conversation, agar, rejected	7	2024-07-30 19:12:33.330275200
170	plots, best, repel, enemies, lord	1	2024-07-30 19:12:33.330275200
171	australia, courses, apply, opportunity, scholarship	2	2024-07-30 19:12:33.330275200
173	appeared, tribune, sudan, scholarship, admission	1	2024-07-30 19:12:33.330275200
181	belonging, causing, rebels, destroyed, deaths	2	2024-07-30 19:12:33.330275200
183	income, present, source, financial, does	1	2024-07-30 19:12:33.330275200
184	gandhi, definitely, white, ibrahim, monitoring	4	2024-07-30 19:12:33.330275200
185	guards, ambush, near, carried, janjaweed	1	2024-07-30 19:12:33.330275200
186	observers, 5th, commander, represent, condition	5	2024-07-30 19:12:33.330275200
187	cairo, send, study, tomorrow, step	7	2024-07-30 19:12:33.330275200
190	whatsapp, questions, inquiries, contact, page	2	2024-07-30 19:12:33.330275200
191	sponsoring, thought, passed, represent, framework	4	2024-07-30 19:12:33.330275200
192	heat, sun, walking, separated, route	2	2024-07-30 19:12:33.330275200
194	scene, link, telegram, join, httpstmesdnewsnetwork	12	2024-07-30 19:12:33.330275200
195	august, omdurman, 2024, ad, south	3	2024-07-30 19:12:33.330275200
197	america, emirates, geneva, insist, divide	5	2024-07-30 19:12:33.330275200
198	karari, channel, telegram, study, httpstmekraray224466	25	2024-07-30 19:12:33.330275200
200	interests, pressuring, relationships, aspect, rebellion	1	2024-07-30 19:12:33.330275200
204	channel, follow, telegram, httpstmesudaaan, sudan	9	2024-07-30 19:12:33.330275200
206	preachers, imams, preacher, scholars, sheikh	2	2024-07-30 19:12:33.330275200
207	abboud, donate, baqi, branch, street	2	2024-07-30 19:12:33.330275200
208	resumption, sudandefense, adre, welcomes, expressed	1	2024-07-30 19:12:33.330275200
209	forgery, sleeper, tight, cells, threats	3	2024-07-30 19:12:33.330275200
210	sudani, internet, gradual, network, zain	1	2024-07-30 19:12:33.330275200
211	operational, gandhi, august, monitoring, ibrahim	9	2024-07-30 19:12:33.330275200
213	elderly, injuries, currently, hospital, loots	3	2024-07-30 19:12:33.330275200
215	sudanesearmedforces, means, august, pioneers, army	3	2024-07-30 19:12:33.330275200
216	floods, rain, torrential, 68, ward	16	2024-07-30 19:12:33.330275200
218	135, zakat, half, achieved, rate	1	2024-07-30 19:12:33.330275200
219	evident, distress, facebook, strength, popularresistance	8	2024-07-30 19:12:33.330275200
224	devastation, scenes, television, night, documents	2	2024-07-30 19:12:33.330275200
229	plastic, gang, version, evil, leader	1	2024-07-30 19:12:33.330275200
230	persecution, britain, demonstrations, summary, terms	1	2024-07-30 19:12:33.330275200
231	khojali, 1446, 29, khartoumjanjaweedcemetery, 22	1	2024-07-30 19:12:33.330275200
232	recruit, threatened, forcibly, ranks, fight	1	2024-07-30 19:12:33.330275200
235	meteorology, varying, rainfall, rain, gash	14	2024-07-30 19:12:33.330275200
237	starving, msf, deliberate, practices, evidence	1	2024-07-30 19:12:33.330275200
239	sinnar, jazeera, al, project, aljazeera	1	2024-07-30 19:12:33.330275200
242	europe, immigrants, gang, planning, dollars	1	2024-07-30 19:12:33.330275200
243	detained, weeks, end, detainees, prison	1	2024-07-30 19:12:33.330275200
244	heinous, disregard, defenseless, innocents, crimes	5	2024-07-30 19:12:33.330275200
245	lentils, utensils, household, ran, cooking	3	2024-07-30 19:12:33.330275200
247	island, loots, face, wearing, clothes	3	2024-07-30 19:12:33.330275200
248	tandelti, 18th, infantry, division, pledges	3	2024-07-30 19:12:33.330275200
250	wishing, zakat, slogan, return, implementing	1	2024-07-30 19:12:33.330275200
251	expels, villagers, unable, pay, comes	1	2024-07-30 19:12:33.330275200
252	salva, kiir, advisor, tut, qalwak	2	2024-07-30 19:12:33.330275200
260	expanding, villages, assaulted, opposite, freely	6	2024-07-30 19:12:33.330275200
261	obeid, pasha, wishing, colonel, brigade	1	2024-07-30 19:12:33.330275200
266	19th, division, graduation, marawi, celebrates	1	2024-07-30 19:12:33.330275200
270	mohamed, convinced, chadian, influential, suspicious	1	2024-07-30 19:12:33.330275200
271	adre, crossing, border, crucial, open	18	2024-07-30 19:12:33.330275200
275	jeddah, repeat, ending, stopping, uae	5	2024-07-30 19:12:33.330275200
278	memorial, islamist, penetrated, archaeological, justifications	1	2024-07-30 19:12:33.330275200
280	uae, sits, mediator, observer, watching	3	2024-07-30 19:12:33.330275200
281	youth, deepening, objectives, encouraging, detailed	1	2024-07-30 19:12:33.330275200
282	pregnant, khater, reaching, causing, blocking	2	2024-07-30 19:12:33.330275200
285	channel, telegram, follow, single, sudan	9	2024-07-30 19:12:33.330275200
286	jobs, interested, organizations, contains, courses	2	2024-07-30 19:12:33.330275200
-1	al, militia, burhan, organization, city	885	2024-08-30 01:24:01.678899072
0	fasher, rapid, el, city, army	52	2024-08-30 01:24:01.678899072
1	students, exams, certificate, kassala, education	22	2024-08-30 01:24:01.678899072
2	hunger, million, food, humanitarian, aid	37	2024-08-30 01:24:01.678899072
3	al, niger, team, sports, hilal	6	2024-08-30 01:24:01.678899072
4	pressure, alleged, wage, biden, explain	6	2024-08-30 01:24:01.678899072
5	net, window, breaking, expatriate, developments	1	2024-08-30 01:24:01.678899072
6	ethiopian, qalabat, ethiopia, border, matama	43	2024-08-30 01:24:01.678899072
7	cases, cholera, deaths, health, epidemic	22	2024-08-30 01:24:01.678899072
8	israel, israeli, gaza, evade, flock	9	2024-08-30 01:24:01.678899072
9	village, al, villages, jazeera, militia	20	2024-08-30 01:24:01.678899072
10	women, sexual, intersections, agenda, rape	17	2024-08-30 01:24:01.678899072
11	crops, discount, greatest, sale, sugar	6	2024-08-30 01:24:01.678899072
12	residential, shelling, bombing, neighborhoods, artillery	11	2024-08-30 01:24:01.678899072
13	god, willing, lord, sincerity, man	13	2024-08-30 01:24:01.678899072
14	messages, send, deterioration, city, kassala	1	2024-08-30 01:24:01.678899072
15	required, manager, degree, officer, vacant	12	2024-08-30 01:24:01.678899072
16	positively, elected, commitment, handing, power	8	2024-08-30 01:24:01.678899072
17	volunteers, baskets, food, charity, distribute	20	2024-08-30 01:24:01.678899072
18	conventions, protocol, law, geneva, charter	17	2024-08-30 01:24:01.678899072
19	china, chinese, burhan, relationship, president	23	2024-08-30 01:24:01.678899072
20	appointments, exemptions, auditor, traveling, message249	2	2024-08-30 01:24:01.678899072
21	doctors, borders, health, organization, medical	25	2024-08-30 01:24:01.678899072
22	version, thieves, diaspora, remains, army	7	2024-08-30 01:24:01.678899072
23	sits, completely, seat, daein, burhan	6	2024-08-30 01:24:01.678899072
24	internally, displaced, risk, famine, 750	6	2024-08-30 01:24:01.678899072
25	refugees, chadian, chad, unhcr, commissioner	17	2024-08-30 01:24:01.678899072
26	damazin, relieved, sports, arrears, watery	2	2024-08-30 01:24:01.678899072
27	infiltrate, outskirts, fasher, located, el	8	2024-08-30 01:24:01.678899072
28	ethiopian, refugees, ethiopia, fleeing, qalabat	10	2024-08-30 01:24:01.678899072
29	police, departments, resumes, benefits, appreciates	9	2024-08-30 01:24:01.678899072
31	qaisan, organize, governorate, forms, badi	1	2024-08-30 01:24:01.678899072
32	passports, bahrain, obtain, passport, embassy	2	2024-08-30 01:24:01.678899072
33	warfare, graduation, urban, specialized, witnesses	1	2024-08-30 01:24:01.678899072
34	floods, rains, torrential, rain, affected	22	2024-08-30 01:24:01.678899072
35	urging, refrain, warring, table, parties	2	2024-08-30 01:24:01.678899072
36	participated, accountable, rebellion, held, revolution	2	2024-08-30 01:24:01.678899072
37	trenches, know, burhan, al, does	9	2024-08-30 01:24:01.678899072
38	mohieddin, accordingly, mayor, consequences, resulting	1	2024-08-30 01:24:01.678899072
39	aswan, instructions, designated, egyptian, creating	1	2024-08-30 01:24:01.678899072
40	mineral, mining, implement, resources, markets	3	2024-08-30 01:24:01.678899072
42	rights, finding, human, fact, mandate	8	2024-08-30 01:24:01.678899072
45	poisons, drugs, iranian, pharmaceutical, develop	1	2024-08-30 01:24:01.678899072
47	sure, big, knows, beginning, time	4	2024-08-30 01:24:01.678899072
48	european, commission, faki, representative, moussa	1	2024-08-30 01:24:01.678899072
50	channel, follow, telegram, httpstmesudaaan, yacoub	8	2024-08-30 01:24:01.678899072
51	restoration, lasted, interruption, electricity, saqwl	1	2024-08-30 01:24:01.678899072
52	like, feel, hidden, scourges, severity	5	2024-08-30 01:24:01.678899072
53	refinery, oil, employees, energy, fuel	15	2024-08-30 01:24:01.678899072
54	september, prominent, losses, heavy, inflicted	2	2024-08-30 01:24:01.678899072
55	awad, al, damazin, abdul, hassan	1	2024-08-30 01:24:01.678899072
56	grief, guest, starlink, impact, devices	4	2024-08-30 01:24:01.678899072
57	denial, september, 2024, bulletin, ad	6	2024-08-30 01:24:01.678899072
58	chamber, inaugurates, insurance, interior, sea	2	2024-08-30 01:24:01.678899072
59	winds, 250, damaged, arqin, quantities	1	2024-08-30 01:24:01.678899072
61	scene, link, telegram, join, httpstmesdnewsnetwork	6	2024-08-30 01:24:01.678899072
62	babiker, fattah, abdul, headlines, newspapers	1	2024-08-30 01:24:01.678899072
63	lord, god, 160, blessings, tayeb	3	2024-08-30 01:24:01.678899072
64	authentic, pennies, like, eat, lesson	4	2024-08-30 01:24:01.678899072
65	registration, complained, refused, waiting, times	1	2024-08-30 01:24:01.678899072
66	resolution, voting, york, russia, sanctions	6	2024-08-30 01:24:01.678899072
67	uniforms, previously, summoned, clarify, weather	9	2024-08-30 01:24:01.678899072
68	enlighten, history, advocacy, discourse, conspiracy	2	2024-08-30 01:24:01.678899072
69	suna, agency, news, sudan, sama	6	2024-08-30 01:24:01.678899072
70	passports, forgery, administration, 99, add	3	2024-08-30 01:24:01.678899072
72	attorney, taqaddum, taqadum, involvement, evidence	2	2024-08-30 01:24:01.678899072
73	york, counterpart, egyptian, sovereignty, foreign	6	2024-08-30 01:24:01.678899072
74	cries, left, clear, did, getting	4	2024-08-30 01:24:01.678899072
75	speedy, eternity, recovery, righteous, glory	4	2024-08-30 01:24:01.678899072
76	tank, armored, losses, vehicle, total	8	2024-08-30 01:24:01.678899072
77	tijani, boy, shop, worked, early	1	2024-08-30 01:24:01.678899072
78	classified, classify, terrorist, community, group	2	2024-08-30 01:24:01.678899072
80	conspiracy, let, hole, plays, man	6	2024-08-30 01:24:01.678899072
81	documents, migration, control, foreigners, immigration	1	2024-08-30 01:24:01.678899072
82	umbada, cash, materials, withstand, outlet	4	2024-08-30 01:24:01.678899072
84	entity, mohieddin, logical, incite, notables	2	2024-08-30 01:24:01.678899072
85	karary, accusing, deny, girl, headlines	1	2024-08-30 01:24:01.678899072
86	worship, birthday, prophet, places, preachers	7	2024-08-30 01:24:01.678899072
87	salaries, absence, employees, stopped, income	3	2024-08-30 01:24:01.678899072
89	forums, periods, tighten, countries, ministers	3	2024-08-30 01:24:01.678899072
90	stronger, doctrine, ethnically, familiar, goodbye	5	2024-08-30 01:24:01.678899072
91	league, addressing, expressed, guarantees, engage	2	2024-08-30 01:24:01.678899072
92	confronted, retreat, remnants, forced, nominated	5	2024-08-30 01:24:01.678899072
93	pharmaceutical, industries, launch, kassala, project	1	2024-08-30 01:24:01.678899072
94	burhan, chinese, oil, fattah, headquarters	1	2024-08-30 01:24:01.678899072
95	kordofan, north, production, governor, minister	2	2024-08-30 01:24:01.678899072
100	facts, reveal, prey, fateful, retreated	4	2024-08-30 01:24:01.678899072
101	implement, shikan, north, training, intends	1	2024-08-30 01:24:01.678899072
103	arabs, southerners, honor, diaspora, grief	6	2024-08-30 01:24:01.678899072
104	koko, eagles, struck, islam, redemptionandawareness	2	2024-08-30 01:24:01.678899072
107	tarco, kenana, passengers, base, flights	2	2024-08-30 01:24:01.678899072
108	crews, humanitarian, relief, convoys, determination	5	2024-08-30 01:24:01.678899072
109	refugees, identifying, deport, accommodate, asylum	2	2024-08-30 01:24:01.678899072
110	concentrations, causing, drones, deals, counted	9	2024-08-30 01:24:01.678899072
111	treatments, dialysis, patients, obeid, arrive	1	2024-08-30 01:24:01.678899072
112	accident, traffic, kufra, shortly, libyan	2	2024-08-30 01:24:01.678899072
114	migration, views, exchanged, participants, migrants	2	2024-08-30 01:24:01.678899072
116	haftar, rahim, libyan, emirati, hiding	4	2024-08-30 01:24:01.678899072
117	outlet, guarding, units, construction, housing	2	2024-08-30 01:24:01.678899072
118	children, slightest, ask, want, terrified	4	2024-08-30 01:24:01.678899072
119	scene, link, telegram, httpswhatsappcomchaannel0029vb2jdpaixnnnnnnnnnnnnpxuj5a1x, sudanese	11	2024-08-30 01:24:01.678899072
121	expectations, winter, years, temperatures, meteorology	1	2024-08-30 01:24:01.678899072
122	patients, association, medicines, treatment, care	3	2024-08-30 01:24:01.678899072
123	doctors, network, injured, injuries, including	5	2024-08-30 01:24:01.678899072
124	chadian, fact, chad, opponents, idea	3	2024-08-30 01:24:01.678899072
126	hajj, umrah, pilgrims, endowments, ah	4	2024-08-30 01:24:01.678899072
128	channel, follow, telegram, httpstmesudaaan, httpswhatsappcomchaannel0029vb2jdpaixnnnnnnnnnnnnnpxuj5a1x	5	2024-08-30 01:24:01.678899072
129	rushing, getting, rid, actually, asking	3	2024-08-30 01:24:01.678899072
132	sets, passports, printed, abyad, nahud	1	2024-08-30 01:24:01.678899072
133	sudandefense, testing, careful, bet, quality	5	2024-08-30 01:24:01.678899072
135	message249, link, follow, climate, jobs	6	2024-08-30 01:24:01.678899072
139	insurance, financing, shifting, relying, taxes	1	2024-08-30 01:24:01.678899072
140	steal, feature, bitter, feeling, harassment	6	2024-08-30 01:24:01.678899072
144	trend, dismissal, different, saleh, video	3	2024-08-30 01:24:01.678899072
146	follow, channel, focus, httpswhatsappcomchannel0029vapgy3o7dmecjcizwq2x, thing	1	2024-08-30 01:24:01.678899072
148	saqwl, httpstmesaqwl, coverage, fees, determined	19	2024-08-30 01:24:01.678899072
149	bird, norway, birds, research, sent	5	2024-08-30 01:24:01.678899072
152	hoping, boats, cross, libyan, men	1	2024-08-30 01:24:01.678899072
155	road, asphalt, dirt, tokar, linking	1	2024-08-30 01:24:01.678899072
157	celebrates, anniversary, karari, battle, khartoum	3	2024-08-30 01:24:01.678899072
158	adopt, supporting, stop, children, society	1	2024-08-30 01:24:01.678899072
160	ending, consists, withdrawing, enable, occupied	5	2024-08-30 01:24:01.678899072
162	calm, normal, witnessed, operational, life	8	2024-08-30 01:24:01.678899072
163	900, abyad, arrears, hosted, paying	1	2024-08-30 01:24:01.678899072
167	hinder, jazira, teaching, affirm, overcome	1	2024-08-30 01:24:01.678899072
169	elimination, sure, achieves, engage, keen	2	2024-08-30 01:24:01.678899072
170	sisters, mothers, victory, protect, god	1	2024-08-30 01:24:01.678899072
171	jobs, courses, professors, study, opportunity	14	2024-08-30 01:24:01.678899072
172	taqaddam, disagreements, coordination, islamic, movement	1	2024-08-30 01:24:01.678899072
173	appeared, tribune, sudan, scholarship, admission	2	2024-08-30 01:24:01.678899072
176	scene, link, telegram, join, httpstmesdnewsnetwork	2	2024-08-30 01:24:01.678899072
177	biography, pulse, associated, transit, crossed	2	2024-08-30 01:24:01.678899072
181	succeeded, camp, rebel, attack, army	4	2024-08-30 01:24:01.678899072
182	york, assembly, 22nd, affect, respect	3	2024-08-30 01:24:01.678899072
184	45, kilometers, juba, capital, camp	1	2024-08-30 01:24:01.678899072
185	sennar, bombing, forcibly, designated, afternoon	2	2024-08-30 01:24:01.678899072
186	barrier, qader, conspiracy, hamdan, aggression	3	2024-08-30 01:24:01.678899072
192	holocaust, testimony, grandfather, dabanga, husband	4	2024-08-30 01:24:01.678899072
197	uae, atta, proving, involvement, france	5	2024-08-30 01:24:01.678899072
198	karari, channel, telegram, study, september	3	2024-08-30 01:24:01.678899072
200	faction, neutral, hadi, accuses, says	1	2024-08-30 01:24:01.678899072
204	channel, follow, telegram, httpstmesudaaan, sudan	18	2024-08-30 01:24:01.678899072
205	estimates, statistics, arabs, diaspora, dead	1	2024-08-30 01:24:01.678899072
207	asking, inquiries, send, contact, contribute	2	2024-08-30 01:24:01.678899072
208	stipulates, ban, initiated, sanctions, strongest	2	2024-08-30 01:24:01.678899072
211	gandhi, operational, august, ibrahim, monitoring	4	2024-08-30 01:24:01.678899072
212	asia, khalifa, correspondent, major, war	4	2024-08-30 01:24:01.678899072
213	wound, elderly, fatigue, bed, served	4	2024-08-30 01:24:01.678899072
216	farms, floods, torrential, rainwater, flooded	1	2024-08-30 01:24:01.678899072
217	census, museum, documentation, complete, sea	1	2024-08-30 01:24:01.678899072
219	evident, distress, facebook, strength, popularresistance	4	2024-08-30 01:24:01.678899072
227	dam, renaissance, water, danger, ethiopia	4	2024-08-30 01:24:01.678899072
228	supposed, treat, visiting, unprecedented, turn	1	2024-08-30 01:24:01.678899072
229	practicing, violence, wish, word, humiliation	1	2024-08-30 01:24:01.678899072
233	end, tabiya, likely, december, occupied	2	2024-08-30 01:24:01.678899072
235	varying, rainfall, meteorology, rates, tropical	5	2024-08-30 01:24:01.678899072
236	hanging, sentence, hesitation, fugitives, portion	5	2024-08-30 01:24:01.678899072
237	misinformation, gain, serving, accompanying, lot	1	2024-08-30 01:24:01.678899072
240	bitterness, taste, azraq, rahad, promising	3	2024-08-30 01:24:01.678899072
241	driver, job, required, unhcr, drivers	2	2024-08-30 01:24:01.678899072
243	fadil, detainees, prisoners, psychological, prison	3	2024-08-30 01:24:01.678899072
245	types, lentils, skill, plates, suit	2	2024-08-30 01:24:01.678899072
247	turns, detention, factory, holds, island	1	2024-08-30 01:24:01.678899072
250	category, inmates, zakat, prisons, kassala	3	2024-08-30 01:24:01.678899072
251	devoid, completely, residents, village, displaced	1	2024-08-30 01:24:01.678899072
253	islam, doing, came, discover, discovered	1	2024-08-30 01:24:01.678899072
259	mother, baby, summoned, complications, section	2	2024-08-30 01:24:01.678899072
260	villages, stormed, villagers, cows, recruit	1	2024-08-30 01:24:01.678899072
261	officers, youssef, entertainment, knights, non	3	2024-08-30 01:24:01.678899072
263	middle, hands, remain, needs, free	10	2024-08-30 01:24:01.678899072
265	arabs, africans, elite, certain, niger	2	2024-08-30 01:24:01.678899072
266	division, infantry, 1st, guidance, brigade	4	2024-08-30 01:24:01.678899072
267	extremist, arabs, stems, racial, tabiya	2	2024-08-30 01:24:01.678899072
270	danger, chadian, changes, reflects, points	1	2024-08-30 01:24:01.678899072
282	dead, wounded, doctors, falling, hasahisa	3	2024-08-30 01:24:01.678899072
-1	al, militia, villages, jazira, city	747	2024-09-29 07:35:30.027522912
0	rapid, al, army, forces, tribune	95	2024-09-29 07:35:30.027522912
1	education, higher, students, certificate, universities	51	2024-09-29 07:35:30.027522912
2	aid, humanitarian, famine, children, million	25	2024-09-29 07:35:30.027522912
3	al, hilal, team, league, sports	17	2024-09-29 07:35:30.027522912
4	ankara, sends, burhan, turkish, message	5	2024-09-29 07:35:30.027522912
6	ethiopian, qalabat, border, militias, ethiopia	9	2024-09-29 07:35:30.027522912
7	dengue, fever, samarab, deaths, cholera	15	2024-09-29 07:35:30.027522912
8	israeli, israel, hiding, lebanon, considers	8	2024-09-29 07:35:30.027522912
9	al, village, villages, jazeera, jazira	24	2024-09-29 07:35:30.027522912
10	women, girls, sexual, rape, violence	12	2024-09-29 07:35:30.027522912
11	productivity, prohibits, corn, agriculture, 58	14	2024-09-29 07:35:30.027522912
12	villages, island, humiliation, looting, intimidating	17	2024-09-29 07:35:30.027522912
13	god, oh, willing, tired, gather	11	2024-09-29 07:35:30.027522912
15	officer, required, degree, vacant, assistant	19	2024-09-29 07:35:30.027522912
17	baskets, food, distributes, crescent, volunteer	16	2024-09-29 07:35:30.027522912
18	punishment, encourages, doubt, genocide, sponsor	8	2024-09-29 07:35:30.027522912
19	anti, benefiting, decision, welcomed, envoy	9	2024-09-29 07:35:30.027522912
20	complaining, transformed, salaam, vectors, es	1	2024-09-29 07:35:30.027522912
21	doctors, truck, borders, medical, medicines	12	2024-09-29 07:35:30.027522912
22	competing, cleanse, suki, race, task	8	2024-09-29 07:35:30.027522912
23	dirar, reap, fruits, ghandour, registered	3	2024-09-29 07:35:30.027522912
24	al, villages, bahr, ah, wad	8	2024-09-29 07:35:30.027522912
25	refugees, commissioner, high, raouf, deputy	5	2024-09-29 07:35:30.027522912
26	northern, north, resuming, governor, chairs	5	2024-09-29 07:35:30.027522912
27	samarab, area, al, axis, controlled	10	2024-09-29 07:35:30.027522912
28	refugees, ethiopian, ethiopia, asylum, dabanga	6	2024-09-29 07:35:30.027522912
29	foreigners, police, activating, activation, security	9	2024-09-29 07:35:30.027522912
30	managers, branch, organizes, future, workshop	1	2024-09-29 07:35:30.027522912
31	aviation, cooperate, better, airport, flights	1	2024-09-29 07:35:30.027522912
32	passports, passport, printing, waiting, issuing	3	2024-09-29 07:35:30.027522912
33	successes, thefts, habitual, quantity, maritime	1	2024-09-29 07:35:30.027522912
34	700, whatsapp, channel, loss, died	1	2024-09-29 07:35:30.027522912
35	conflict, parties, conflicts, composition, dimension	5	2024-09-29 07:35:30.027522912
36	56, built, marginalization, denied, dismantling	8	2024-09-29 07:35:30.027522912
37	islamist, excluding, consists, speaking, condemn	6	2024-09-29 07:35:30.027522912
38	perpetrator, changed, released, times, reasons	2	2024-09-29 07:35:30.027522912
39	ashkit, crossing, month, reached, learned	5	2024-09-29 07:35:30.027522912
40	moroccan, company, mineral, mining, contributes	1	2024-09-29 07:35:30.027522912
42	rights, human, finding, fact, mission	4	2024-09-29 07:35:30.027522912
43	dollar, exchange, rate, inflation, currency	1	2024-09-29 07:35:30.027522912
44	infections, recorded, deaths, states, corona	1	2024-09-29 07:35:30.027522912
45	drug, drugs, pills, smuggling, targeted	6	2024-09-29 07:35:30.027522912
46	trafficking, restrictions, imposed, lifting, human	2	2024-09-29 07:35:30.027522912
47	definitely, answer, wrong, individual, waiting	4	2024-09-29 07:35:30.027522912
48	lakes, african, burhan, union, summit	7	2024-09-29 07:35:30.027522912
49	god, bless, sanctity, messenger, prophet	13	2024-09-29 07:35:30.027522912
50	channel, whatsapp, follow, telegram, httpstmesudaaan	15	2024-09-29 07:35:30.027522912
52	foot, journey, villagers, lasted, helping	3	2024-09-29 07:35:30.027522912
53	investors, influx, oil, reveals, sector	1	2024-09-29 07:35:30.027522912
54	coincided, unesco, warehouses, mothers, items	4	2024-09-29 07:35:30.027522912
55	majid, fine, written, dean, falsehood	5	2024-09-29 07:35:30.027522912
56	starlink, communication, networks, devices, satellite	8	2024-09-29 07:35:30.027522912
57	october, 2024, ad, headlines, bulletin	6	2024-09-29 07:35:30.027522912
58	uniform, releases, directs, rank, communicate	2	2024-09-29 07:35:30.027522912
59	customs, workflow, anti, warehouse, tighten	3	2024-09-29 07:35:30.027522912
63	god, falls, oh, willing, instead	5	2024-09-29 07:35:30.027522912
64	grandfather, knowing, teacher, meaning, father	1	2024-09-29 07:35:30.027522912
66	guterres, secretary, deployment, appropriate, filing	4	2024-09-29 07:35:30.027522912
67	facebook, id, weather, moderate, temperatures	2	2024-09-29 07:35:30.027522912
68	dismantle, corrupt, rebuild, acts, foundations	1	2024-09-29 07:35:30.027522912
69	suna, agency, news, sudan, sama	6	2024-09-29 07:35:30.027522912
70	passports, berber, signatory, passport, friend	5	2024-09-29 07:35:30.027522912
71	journalists, submits, platform, complaint, federation	3	2024-09-29 07:35:30.027522912
72	draft, genocide, atrocities, court, protection	1	2024-09-29 07:35:30.027522912
73	discussions, evaluate, dialogue, dangers, islamists	2	2024-09-29 07:35:30.027522912
74	silent, calm, said, like, dont	3	2024-09-29 07:35:30.027522912
75	ask, accept, martyrs, speedy, recovery	6	2024-09-29 07:35:30.027522912
76	usual, vehicles, assassinate, fighter, battlefield	2	2024-09-29 07:35:30.027522912
78	terrorist, influential, wing, revenge, worst	5	2024-09-29 07:35:30.027522912
80	whatsapp, channel, god, conquest, al	7	2024-09-29 07:35:30.027522912
81	citizenship, knowing, violation, prevented, illegal	6	2024-09-29 07:35:30.027522912
82	nature, tall, parking, land, anger	3	2024-09-29 07:35:30.027522912
83	ceiling, microfinance, widely, average, abyad	2	2024-09-29 07:35:30.027522912
86	bans, followers, chad, directives, let	8	2024-09-29 07:35:30.027522912
88	bank, world, finance, monetary, reconstruction	3	2024-09-29 07:35:30.027522912
89	regulation, facilitate, establishment, abroad, neighboring	2	2024-09-29 07:35:30.027522912
90	supporter, factor, thwarted, army, plays	5	2024-09-29 07:35:30.027522912
92	caution, adopt, easy, battle, think	3	2024-09-29 07:35:30.027522912
93	concentrations, medications, mixed, regulate, pain	1	2024-09-29 07:35:30.027522912
94	resumption, china, oil, cooperation, field	1	2024-09-29 07:35:30.027522912
95	gathering, largest, activities, west, kordofan	1	2024-09-29 07:35:30.027522912
97	background, suitable, journalism, marketing, communications	1	2024-09-29 07:35:30.027522912
99	httpstmesaqwl, saqwl, , , 	4	2024-09-29 07:35:30.027522912
100	battalion, homeland, information, god, war	1	2024-09-29 07:35:30.027522912
102	introduced, powers, presidential, decided, use	2	2024-09-29 07:35:30.027522912
103	steadfast, nomads, inhabited, non, brutality	3	2024-09-29 07:35:30.027522912
104	sons, martyrs, dear, steadfast, bear	4	2024-09-29 07:35:30.027522912
107	chief, chairman, sovereignty, met, commander	3	2024-09-29 07:35:30.027522912
108	freely, allowed, flow, lives, continued	1	2024-09-29 07:35:30.027522912
110	anti, missiles, kenana, drones, responded	3	2024-09-29 07:35:30.027522912
114	worrying, libya, conditions, follow, telegram	1	2024-09-29 07:35:30.027522912
115	seventh, contribution, despite, africa, war	1	2024-09-29 07:35:30.027522912
117	rental, apartment, sabreen, collapsed, market	3	2024-09-29 07:35:30.027522912
118	missing, separated, paths, martyr, know	2	2024-09-29 07:35:30.027522912
119	scene, link, telegram, httpswhatsappcomchaannel0029vb2jdpaixnnnnnnnnnnnnpxuj5a1x, sudanese	18	2024-09-29 07:35:30.027522912
122	room, samarab, emergency, halfa, appealed	3	2024-09-29 07:35:30.027522912
123	network, doctors, dinder, shelling, room	6	2024-09-29 07:35:30.027522912
124	urge, crossing, allowing, chad, chadian	3	2024-09-29 07:35:30.027522912
127	terrorist, infiltrate, gangs, renewed, remaining	3	2024-09-29 07:35:30.027522912
128	channel, whatsapp, follow, event, httpstmesudaaan	1	2024-09-29 07:35:30.027522912
129	exhausted, certain, slogan, brutal, resolve	2	2024-09-29 07:35:30.027522912
131	spokesperson, office, sudandefense, httpstmedefenssuda, official	1	2024-09-29 07:35:30.027522912
132	56, ignorant, lie, expel, read	1	2024-09-29 07:35:30.027522912
133	sudandefense, testing, careful, bet, quality	3	2024-09-29 07:35:30.027522912
135	climate, natural, impact, organizes, environment	1	2024-09-29 07:35:30.027522912
139	frequent, outlets, insurance, million, health	1	2024-09-29 07:35:30.027522912
140	vandalized, looted, property, village, looting	1	2024-09-29 07:35:30.027522912
141	mirghani, ends, alliance, othman, progress	1	2024-09-29 07:35:30.027522912
146	channel, whatsapp, follow, httpswhatsappcomchannel0029vapgy3o7dmecjcizwq2x, telegram	23	2024-09-29 07:35:30.027522912
147	tidings, ashkit, majority, victories, voluntary	1	2024-09-29 07:35:30.027522912
148	saqwl, httpstmesaqwl, coverage, fees, determined	12	2024-09-29 07:35:30.027522912
149	sheep, prey, cook, hesitate, eat	3	2024-09-29 07:35:30.027522912
151	reopen, market, merchants, resume, launch	1	2024-09-29 07:35:30.027522912
157	dilemma, rush, closer, brings, advance	1	2024-09-29 07:35:30.027522912
158	lacking, sponsoring, children, distributing, believe	1	2024-09-29 07:35:30.027522912
163	specialties, skills, examinations, communication, kordofan	1	2024-09-29 07:35:30.027522912
164	inquiry, whatsapp, request, inquiries, 249918984706	1	2024-09-29 07:35:30.027522912
170	activated, spared, scourge, faith, shared	2	2024-09-29 07:35:30.027522912
171	australia, jobs, courses, opportunity, professors	7	2024-09-29 07:35:30.027522912
172	bloc, islamists, sets, democratic, participation	1	2024-09-29 07:35:30.027522912
173	appeared, tribune, sudan, scholarship, admission	2	2024-09-29 07:35:30.027522912
174	events, important, central, states, summary	1	2024-09-29 07:35:30.027522912
176	scene, link, telegram, join, httpstmesdnewsnetwork	1	2024-09-29 07:35:30.027522912
177	adventures, shock, succeeded, turning, ruling	2	2024-09-29 07:35:30.027522912
178	atta, yasser, deter, facing, regional	1	2024-09-29 07:35:30.027522912
180	traffic, excellency, inspected, bus, departments	5	2024-09-29 07:35:30.027522912
181	sweeping, combat, significantly, tweezers, penetrate	5	2024-09-29 07:35:30.027522912
183	sure, attach, banned, sister, contact	1	2024-09-29 07:35:30.027522912
184	northwest, masalit, dar, located, known	1	2024-09-29 07:35:30.027522912
185	shouk, shelling, artillery, camp, yesterday	4	2024-09-29 07:35:30.027522912
186	graduated, din, supervised, tamboul, invade	2	2024-09-29 07:35:30.027522912
187	antiquities, transporting, expelled, bags, hamad	1	2024-09-29 07:35:30.027522912
190	facebook, id, whatsapp, contact, follow	4	2024-09-29 07:35:30.027522912
193	investigations, 36, bringing, detainees, aim	2	2024-09-29 07:35:30.027522912
197	rsf, uae, gold, largely, driven	1	2024-09-29 07:35:30.027522912
199	homeland, october, 2024, ad, 24	4	2024-09-29 07:35:30.027522912
200	saleh, liberation, facebook, mamoun, rebellion	2	2024-09-29 07:35:30.027522912
206	pray, mosques, emirates, friday, quran	1	2024-09-29 07:35:30.027522912
211	gandhi, 28th, monitoring, ibrahim, operational	3	2024-09-29 07:35:30.027522912
213	hospital, accident, care, sick, valleys	4	2024-09-29 07:35:30.027522912
217	antiquities, museum, sources, share, 2016	2	2024-09-29 07:35:30.027522912
219	evident, distress, strength, facebook, leadership	3	2024-09-29 07:35:30.027522912
229	supported, rule, satisfied, dream, condemn	1	2024-09-29 07:35:30.027522912
230	miserable, breaking, union, contribute, entire	4	2024-09-29 07:35:30.027522912
231	message249, halfaya, khartoumjanjaweedcemetery, battleofdignity, deny	2	2024-09-29 07:35:30.027522912
232	prevents, guard, entering, returning, man	2	2024-09-29 07:35:30.027522912
235	tropical, rainfall, retreated, divide, rates	1	2024-09-29 07:35:30.027522912
237	strongly, sponsors, uae, perpetrators, accountable	7	2024-09-29 07:35:30.027522912
238	house, beware, taj, uncle, kitchen	2	2024-09-29 07:35:30.027522912
239	definitely, wronged, jazeera, dark, satellite	2	2024-09-29 07:35:30.027522912
240	approximately, halfa, reached, arab, area	1	2024-09-29 07:35:30.027522912
241	driver, driving, iom, license, valid	3	2024-09-29 07:35:30.027522912
244	kutum, harming, rush, humiliating, condemning	3	2024-09-29 07:35:30.027522912
245	vegetables, neglect, entire, region, kilograms	1	2024-09-29 07:35:30.027522912
247	rebelled, kikel, safe, villages, militia	1	2024-09-29 07:35:30.027522912
248	division, infantry, officers, sinkat, wishes	4	2024-09-29 07:35:30.027522912
251	haven, burdens, bitter, walls, forcing	1	2024-09-29 07:35:30.027522912
257	luck, photo, honest, filling, image	1	2024-09-29 07:35:30.027522912
259	milk, hour, carrying, came, water	1	2024-09-29 07:35:30.027522912
260	hospice, house, halfaya, videos, occupied	1	2024-09-29 07:35:30.027522912
265	complicity, killers, forget, blatant, emirate	3	2024-09-29 07:35:30.027522912
268	courses, academy, english, networking, professors	7	2024-09-29 07:35:30.027522912
271	obstruction, permits, visas, allegations, deliberate	4	2024-09-29 07:35:30.027522912
279	reading, internal, war, context, bashir	4	2024-09-29 07:35:30.027522912
280	reckless, figure, influence, millions, uae	1	2024-09-29 07:35:30.027522912
286	jobs, interested, organizations, contains, courses	6	2024-09-29 07:35:30.027522912
-1	al, village, militia, jazira, island	1103	2024-10-29 13:46:58.376146784
0	rapid, al, villages, jazira, east	105	2024-10-29 13:46:58.376146784
1	students, education, exams, certificate, school	68	2024-10-29 13:46:58.376146784
2	humanitarian, aid, famine, nations, deliver	52	2024-10-29 13:46:58.376146784
3	instagram, facebook, youtube, id, morocco	11	2024-10-29 13:46:58.376146784
4	arabia, saudi, russia, kingdom, fulfilling	6	2024-10-29 13:46:58.376146784
5	advertising, endless, balad, sudani, territorial	1	2024-10-29 13:46:58.376146784
6	eritrea, ethiopian, eritrean, jazira, ethiopia	11	2024-10-29 13:46:58.376146784
7	cholera, cases, epidemic, deaths, east	35	2024-10-29 13:46:58.376146784
8	israeli, israel, trump, gaza, palestinian	12	2024-10-29 13:46:58.376146784
9	al, village, villages, jazeera, wad	55	2024-10-29 13:46:58.376146784
10	women, sexual, violence, girls, rape	26	2024-10-29 13:46:58.376146784
11	season, agricultural, success, productivity, agriculture	6	2024-10-29 13:46:58.376146784
12	horrific, explosions, villages, wounding, displacement	34	2024-10-29 13:46:58.376146784
13	blessings, god, mercy, bless, thanks	14	2024-10-29 13:46:58.376146784
15	required, assistant, degree, field, vacant	19	2024-10-29 13:46:58.376146784
16	offers, secretariat, positions, leadership, ministers	5	2024-10-29 13:46:58.376146784
17	kitchen, good, food, shendi, contact	24	2024-10-29 13:46:58.376146784
18	genocide, crimes, civilians, conventions, law	18	2024-10-29 13:46:58.376146784
19	brotherly, affairs, foreign, historical, minister	11	2024-10-29 13:46:58.376146784
20	envoy, japan, kabbashi, special, horn	3	2024-10-29 13:46:58.376146784
21	doctors, mental, health, reduced, borders	15	2024-10-29 13:46:58.376146784
22	mercenaries, victory, soldier, victorious, hope	5	2024-10-29 13:46:58.376146784
23	mawlana, mona, unionist, symposium, party	2	2024-10-29 13:46:58.376146784
24	village, al, jazira, displaced, wad	39	2024-10-29 13:46:58.376146784
25	refugees, chadian, sticks, developed, delay	8	2024-10-29 13:46:58.376146784
26	northern, dongola, reviews, tarco, governor	4	2024-10-29 13:46:58.376146784
27	joint, besieged, city, fasher, forces	14	2024-10-29 13:46:58.376146784
28	ababa, addis, renewal, ethiopian, fines	2	2024-10-29 13:46:58.376146784
31	airspace, air, airlines, flights, memorial	3	2024-10-29 13:46:58.376146784
32	88, passport, passports, monitored, summary	1	2024-10-29 13:46:58.376146784
33	sabotage, theft, specialized, gang, normally	3	2024-10-29 13:46:58.376146784
34	wave, repeating, kept, doctor, office	2	2024-10-29 13:46:58.376146784
35	factory, wished, mentioning, hostage, preceded	4	2024-10-29 13:46:58.376146784
36	abandon, fish, waters, colleagues, thinking	6	2024-10-29 13:46:58.376146784
37	revenge, jazeera, jazira, liberation, al	6	2024-10-29 13:46:58.376146784
38	notification, november, justice, 2024, ministry	1	2024-10-29 13:46:58.376146784
42	rights, human, peoples, african, complaint	9	2024-10-29 13:46:58.376146784
44	shut, infected, accurate, moment, networks	1	2024-10-29 13:46:58.376146784
45	substances, morals, drugs, undermine, tolerance	1	2024-10-29 13:46:58.376146784
46	trafficking, human, ethical, governing, anti	2	2024-10-29 13:46:58.376146784
47	adds, feel, mean, stops, purpose	5	2024-10-29 13:46:58.376146784
48	african, candidate, union, continent, visas	4	2024-10-29 13:46:58.376146784
49	god, bless, messenger, grant, prophet	13	2024-10-29 13:46:58.376146784
50	channel, whatsapp, follow, telegram, httpstmesudaaan	9	2024-10-29 13:46:58.376146784
51	come, outage, electricity, whatsapp, channel	2	2024-10-29 13:46:58.376146784
52	foot, conditions, difficult, mass, displaced	7	2024-10-29 13:46:58.376146784
53	oil, energy, gas, counterpart, smart	8	2024-10-29 13:46:58.376146784
54	sinja, november, headlines, prominent, explains	7	2024-10-29 13:46:58.376146784
55	riyadh, november, 12, net, issued	3	2024-10-29 13:46:58.376146784
56	starlink, networks, devices, communications, reasons	12	2024-10-29 13:46:58.376146784
57	november, 2024, bulletin, ad, note	4	2024-10-29 13:46:58.376146784
58	began, rebuilding, documenting, daily, facilities	2	2024-10-29 13:46:58.376146784
59	exemptions, customs, material, exceeded, 600	1	2024-10-29 13:46:58.376146784
60	spending, mobilizing, priorities, scarcity, controlling	3	2024-10-29 13:46:58.376146784
62	verify, validity, allegations, unable, independent	2	2024-10-29 13:46:58.376146784
63	god, reward, mighty, protect, rents	4	2024-10-29 13:46:58.376146784
64	traitor, regardless, size, outside, position	1	2024-10-29 13:46:58.376146784
65	clinic, visitors, attractive, park, comfort	2	2024-10-29 13:46:58.376146784
66	sanctions, imposed, council, security, united	20	2024-10-29 13:46:58.376146784
67	lowest, records, meteorology, facebook, dongola	6	2024-10-29 13:46:58.376146784
68	initiative, justice, war, drums, russia	4	2024-10-29 13:46:58.376146784
69	suna, agency, news, sudan, sama	6	2024-10-29 13:46:58.376146784
70	passports, bakhit, immigration, passport, 72	4	2024-10-29 13:46:58.376146784
71	journalists, media, male, covering, female	4	2024-10-29 13:46:58.376146784
72	jurisdiction, expanding, crimes, allied, humanity	1	2024-10-29 13:46:58.376146784
73	ordeal, brotherly, expression, gratitude, spare	2	2024-10-29 13:46:58.376146784
74	playing, sure, dont, come, didnt	1	2024-10-29 13:46:58.376146784
75	speedy, recovery, martyrs, righteous, mercy	20	2024-10-29 13:46:58.376146784
76	sound, columns, heard, casualties, smoke	5	2024-10-29 13:46:58.376146784
77	artist, artists, choice, standing, global	3	2024-10-29 13:46:58.376146784
78	terrorist, condemnations, backed, resolutions, decisive	4	2024-10-29 13:46:58.376146784
79	contributions, hard, individual, charitable, worked	1	2024-10-29 13:46:58.376146784
80	permission, rebuild, channel, whatsapp, spirit	6	2024-10-29 13:46:58.376146784
82	rents, entertainment, sense, brought, circumstances	1	2024-10-29 13:46:58.376146784
83	umbrella, settle, kuwaiti, seeks, patient	4	2024-10-29 13:46:58.376146784
86	guests, church, burhan, bite, resource	2	2024-10-29 13:46:58.376146784
89	diplomats, postponed, wanted, proposal, russia	3	2024-10-29 13:46:58.376146784
90	deception, gross, facilitates, does, listen	2	2024-10-29 13:46:58.376146784
92	armies, book, 170, astonishment, scenarios	7	2024-10-29 13:46:58.376146784
93	pharmaceutical, oversight, package, carries, branch	2	2024-10-29 13:46:58.376146784
97	media, tongue, discourse, speak, bad	5	2024-10-29 13:46:58.376146784
99	httpstmesaqwl, saqwl, , , 	14	2024-10-29 13:46:58.376146784
100	soldiers, depends, feel, estimates, proud	2	2024-10-29 13:46:58.376146784
101	kordofan, recover, rural, postponed, renew	1	2024-10-29 13:46:58.376146784
102	trump, race, deserves, house, start	3	2024-10-29 13:46:58.376146784
103	janjaweed, al, art, fasher, steadfast	9	2024-10-29 13:46:58.376146784
104	speedy, dedicate, cleanse, resolve, kinds	17	2024-10-29 13:46:58.376146784
105	disperse, protesters, fired, bullets, chadian	2	2024-10-29 13:46:58.376146784
107	overall, sovereignty, chief, region, chairman	10	2024-10-29 13:46:58.376146784
108	agencies, humanitarian, enlightening, emergencies, hotel	14	2024-10-29 13:46:58.376146784
109	neighboring, assessing, sairin, ground, pasha	1	2024-10-29 13:46:58.376146784
110	drones, missiles, anti, shot, sky	6	2024-10-29 13:46:58.376146784
112	imad, tripoli, migrants, settle, libyan	2	2024-10-29 13:46:58.376146784
114	migration, shocking, increasing, numbers, organization	2	2024-10-29 13:46:58.376146784
115	sectors, infrastructure, losses, 89, allocating	2	2024-10-29 13:46:58.376146784
117	apartment, renting, expensive, rent, house	3	2024-10-29 13:46:58.376146784
118	mother, phrase, touching, grief, postpone	4	2024-10-29 13:46:58.376146784
119	scene, link, telegram, guardians, righteous	19	2024-10-29 13:46:58.376146784
120	meets, horn, envoy, japanese, special	4	2024-10-29 13:46:58.376146784
122	patients, room, embrace, stabilize, captured	7	2024-10-29 13:46:58.376146784
123	network, doctors, killing, attack, looting	8	2024-10-29 13:46:58.376146784
124	chadian, chad, regime, facts, investigative	13	2024-10-29 13:46:58.376146784
125	whatsapp, channel, follow, journalist, httpstmesudannm	2	2024-10-29 13:46:58.376146784
127	gangs, terrorist, city, operational, air	17	2024-10-29 13:46:58.376146784
128	channel, whatsapp, follow, httpstmesudaaan, httpswhatsappcomchaannel0029vb2jdpaixnnnnnnnnnnnnnpxuj5a1x	2	2024-10-29 13:46:58.376146784
129	party, violations, issue, betrayed, contradiction	2	2024-10-29 13:46:58.376146784
131	spokesperson, sudandefense, httpstmedefenssuda, office, official	3	2024-10-29 13:46:58.376146784
132	bias, 42, native, west, bahr	2	2024-10-29 13:46:58.376146784
135	climate, change, summit, priority, message249	24	2024-10-29 13:46:58.376146784
139	insurance, restores, mecca, eye, health	1	2024-10-29 13:46:58.376146784
140	looted, solar, tanker, exploded, property	7	2024-10-29 13:46:58.376146784
144	film, shown, tragedies, loses, festival	4	2024-10-29 13:46:58.376146784
145	sanctions, juma, sudani, classified, list	1	2024-10-29 13:46:58.376146784
146	channel, whatsapp, follow, httpswhatsappcomchannel0029vapgy3o7dmecjcizwq2x, telegram	34	2024-10-29 13:46:58.376146784
147	categorically, resettlement, origin, rejection, affirmed	1	2024-10-29 13:46:58.376146784
148	saqwl, coverage, httpstmesaqwl, fees, determined	7	2024-10-29 13:46:58.376146784
150	outcomes, industry, investment, forum, zone	3	2024-10-29 13:46:58.376146784
151	availability, solar, possibility, experience, capabilities	1	2024-10-29 13:46:58.376146784
152	drowning, tunisia, guards, marine, cause	1	2024-10-29 13:46:58.376146784
157	shikan, celebrate, obeid, anniversary, tom	5	2024-10-29 13:46:58.376146784
158	reassured, terms, capabilities, services, excellency	7	2024-10-29 13:46:58.376146784
159	experts, resolution, unamid, team, arms	2	2024-10-29 13:46:58.376146784
160	root, convinced, consider, causes, formula	1	2024-10-29 13:46:58.376146784
162	calm, cautious, al, relative, named	4	2024-10-29 13:46:58.376146784
165	summary, best, news, start, advertising	1	2024-10-29 13:46:58.376146784
166	1989, dispersal, coup, sit, wars	1	2024-10-29 13:46:58.376146784
167	tuti, crowd, crying, tears, collapsed	1	2024-10-29 13:46:58.376146784
169	delegate, proposals, hear, settlement, russian	1	2024-10-29 13:46:58.376146784
170	valiant, reassuring, god, victory, sacrifices	4	2024-10-29 13:46:58.376146784
171	courses, jobs, english, scholarship, professors	3	2024-10-29 13:46:58.376146784
173	scholarship, admission, apply, university, luck	1	2024-10-29 13:46:58.376146784
174	19, november, tuesday, news, ad	1	2024-10-29 13:46:58.376146784
175	steps, account, application, apply, reliable	1	2024-10-29 13:46:58.376146784
176	scene, link, telegram, join, httpstmesdnewsnetwork	9	2024-10-29 13:46:58.376146784
177	gift, declare, wealth, evil, destroy	1	2024-10-29 13:46:58.376146784
178	inch, determination, great, chief, wished	5	2024-10-29 13:46:58.376146784
180	reasons, suspension, stopped, returned, clear	1	2024-10-29 13:46:58.376146784
181	resumed, faced, greater, failed, ranks	1	2024-10-29 13:46:58.376146784
182	david, london, british, adre, indefinitely	5	2024-10-29 13:46:58.376146784
184	accurately, determines, location, marches, launch	1	2024-10-29 13:46:58.376146784
185	shouk, liberation, rounds, quiet, sinja	2	2024-10-29 13:46:58.376146784
187	egyptian, sisi, discussion, existence, presidential	1	2024-10-29 13:46:58.376146784
188	photo, amnesty, facebook, source, international	1	2024-10-29 13:46:58.376146784
190	facebook, id, follow, telegram, whatsapp	12	2024-10-29 13:46:58.376146784
192	mother, tea, seller, coffee, adversity	2	2024-10-29 13:46:58.376146784
198	study, german, actually, english, starting	1	2024-10-29 13:46:58.376146784
199	homeland, november, 2024, ad, news	22	2024-10-29 13:46:58.376146784
202	activate, competent, regard, facilitate, excellency	2	2024-10-29 13:46:58.376146784
206	quran, holy, yassin, 48, instagram	6	2024-10-29 13:46:58.376146784
207	raouf, prophet, whatsapp, channel, khalifa	3	2024-10-29 13:46:58.376146784
210	starlink, surrendered, communications, outage, felt	2	2024-10-29 13:46:58.376146784
211	gandhi, operational, 14th, monitoring, ibrahim	10	2024-10-29 13:46:58.376146784
213	nights, learned, reassured, elderly, departure	3	2024-10-29 13:46:58.376146784
214	net, httpstmekraray224466, major, channel, karry	1	2024-10-29 13:46:58.376146784
215	facebook, photos, share, platform, sudanesearmedforces	1	2024-10-29 13:46:58.376146784
216	tokar, heavily, floods, torrents, estimates	3	2024-10-29 13:46:58.376146784
217	nubian, civilization, objects, old, years	1	2024-10-29 13:46:58.376146784
218	diwan, zakat, looked, say, hospitals	1	2024-10-29 13:46:58.376146784
219	evident, distress, strength, facebook, popularresistance	10	2024-10-29 13:46:58.376146784
223	allowance, euros, monthly, guardians, acceptable	1	2024-10-29 13:46:58.376146784
226	compulsory, language, certificate, interact, karry	1	2024-10-29 13:46:58.376146784
227	visions, issue, existential, exchanged, reflected	5	2024-10-29 13:46:58.376146784
230	demonstration, denunciation, killings, protest, organize	1	2024-10-29 13:46:58.376146784
232	inch, aspirations, heroes, steadfastness, defeat	1	2024-10-29 13:46:58.376146784
233	nahud, emphasis, optimistic, views, mustafarin	1	2024-10-29 13:46:58.376146784
237	classifying, speak, denounces, jazira, commit	1	2024-10-29 13:46:58.376146784
238	wad, outposts, fought, ones, village	5	2024-10-29 13:46:58.376146784
239	factor, atta, yasser, power, media	3	2024-10-29 13:46:58.376146784
240	alleviate, improve, relevant, burhan, directed	9	2024-10-29 13:46:58.376146784
244	proceed, grievances, condemning, generals, barbaric	1	2024-10-29 13:46:58.376146784
246	exceptions, cars, expatriate, developments, customs	1	2024-10-29 13:46:58.376146784
247	resist, left, villages, island, beloved	1	2024-10-29 13:46:58.376146784
248	division, infantry, karama, away, threatens	4	2024-10-29 13:46:58.376146784
250	zakat, sending, 100, localities, rahad	2	2024-10-29 13:46:58.376146784
251	villagers, steadfast, completely, homes, displacement	2	2024-10-29 13:46:58.376146784
252	addiction, tom, nairobi, retreat, stops	1	2024-10-29 13:46:58.376146784
253	sufi, knew, moderate, swear, create	3	2024-10-29 13:46:58.376146784
254	children, homeland, traitor, homelands, hands	1	2024-10-29 13:46:58.376146784
257	applications, 26, tomorrow, 14, vacant	2	2024-10-29 13:46:58.376146784
258	milk, satisfaction, address, listened, clinics	5	2024-10-29 13:46:58.376146784
259	guide, reproductive, planning, workshop, facebook	5	2024-10-29 13:46:58.376146784
260	confused, incorrect, farms, confusion, misleading	3	2024-10-29 13:46:58.376146784
261	skill, territories, backed, wisdom, isolated	3	2024-10-29 13:46:58.376146784
262	posted, perpetrator, catch, corpses, sad	1	2024-10-29 13:46:58.376146784
264	250, 500, past, month, killed	1	2024-10-29 13:46:58.376146784
266	brigade, division, graduation, recruits, artillery	7	2024-10-29 13:46:58.376146784
267	adre, crossing, activation, stipulated, arming	5	2024-10-29 13:46:58.376146784
270	chad, lying, resorted, denounces, blatant	1	2024-10-29 13:46:58.376146784
271	crossing, approved, trucks, entry, border	3	2024-10-29 13:46:58.376146784
273	immoral, morals, indicates, heroes, brought	1	2024-10-29 13:46:58.376146784
275	community, abdulaziz, depends, view, friendly	1	2024-10-29 13:46:58.376146784
276	english, language, exam, test, tests	4	2024-10-29 13:46:58.376146784
277	128, palm, fires, halfa, address	2	2024-10-29 13:46:58.376146784
282	tortured, consultant, taher, fadl, killed	1	2024-10-29 13:46:58.376146784
283	courses, english, jobs, language, interested	2	2024-10-29 13:46:58.376146784
287	maximum, age, 30, years, reliable	1	2024-10-29 13:46:58.376146784
-1	al, militia, forces, zamzam, camp	1066	2024-11-28 19:58:26.724770624
0	rapid, camp, fasher, zamzam, artillery	123	2024-11-28 19:58:26.724770624
1	exams, students, certificate, education, school	102	2024-11-28 19:58:26.724770624
2	humanitarian, aid, million, famine, nations	30	2024-11-28 19:58:26.724770624
3	facebook, id, 249, gengueid, cemetery	11	2024-11-28 19:58:26.724770624
4	erdogan, emir, ismail, watan, mediation	5	2024-11-28 19:58:26.724770624
5	mauritania, journalist, denominations, unsafe, leak	1	2024-11-28 19:58:26.724770624
6	ethiopian, ethiopia, ankara, somalia, exempting	4	2024-11-28 19:58:26.724770624
7	cholera, cases, deaths, disease, aba	20	2024-11-28 19:58:26.724770624
8	despite, unlimited, apology, israel, lebanon	3	2024-11-28 19:58:26.724770624
9	villages, al, bombing, village, fasher	30	2024-11-28 19:58:26.724770624
10	women, gender, violence, sexual, rape	10	2024-11-28 19:58:26.724770624
11	season, crops, inauguration, success, agricultural	4	2024-11-28 19:58:26.724770624
12	caused, disabilities, bombing, led, centers	11	2024-11-28 19:58:26.724770624
13	accept, ask, god, soul, intention	7	2024-11-28 19:58:26.724770624
15	required, degree, vacant, officer, assistant	21	2024-11-28 19:58:26.724770624
16	legitimacy, fulfillment, sustainability, competence, imposition	3	2024-11-28 19:58:26.724770624
17	crescent, distributes, foodstuffs, distribution, baskets	13	2024-11-28 19:58:26.724770624
18	civilians, crimes, conventions, law, shields	20	2024-11-28 19:58:26.724770624
19	egyptian, ambassador, foreign, developments, sisi	23	2024-11-28 19:58:26.724770624
20	meets, sovereign, issues, vice, congratulates	4	2024-11-28 19:58:26.724770624
21	doctors, nightmare, shendi, panic, malnutrition	16	2024-11-28 19:58:26.724770624
22	liberation, ahmad, movement, victory, precious	28	2024-11-28 19:58:26.724770624
23	enjoys, relationships, qualifications, hateful, analysts	3	2024-11-28 19:58:26.724770624
24	solving, start, addressed, al, called	8	2024-11-28 19:58:26.724770624
25	fleeing, refugees, chad, south, increasing	4	2024-11-28 19:58:26.724770624
26	blue, halfa, nile, receives, badi	7	2024-11-28 19:58:26.724770624
27	kilometers, armies, separate, valley, drones	17	2024-11-28 19:58:26.724770624
28	exempting, ethiopian, fees, ethiopia, ababa	4	2024-11-28 19:58:26.724770624
29	phase, transfer, openness, tighten, hamza	1	2024-11-28 19:58:26.724770624
30	bank, banking, branch, sinar, currency	12	2024-11-28 19:58:26.724770624
31	airlines, flights, reuters, 170, airport	7	2024-11-28 19:58:26.724770624
32	passports, immigration, foreigners, administration, easily	4	2024-11-28 19:58:26.724770624
33	rehabilitate, ismail, prepare, writes, employees	2	2024-11-28 19:58:26.724770624
34	reservoir, flood, floods, white, aba	10	2024-11-28 19:58:26.724770624
35	topic, pressuring, justifications, truce, uses	4	2024-11-28 19:58:26.724770624
36	revolutionary, obligated, revolution, protector, compensate	3	2024-11-28 19:58:26.724770624
37	al, major, jazeera, azhari, imad	8	2024-11-28 19:58:26.724770624
38	ignored, audience, hall, report, receive	6	2024-11-28 19:58:26.724770624
39	egypt, reverse, escaping, overcoming, aswan	2	2024-11-28 19:58:26.724770624
40	mineral, unit, responsibility, dongola, resources	2	2024-11-28 19:58:26.724770624
42	kampala, rights, human, democracy, center	3	2024-11-28 19:58:26.724770624
43	reuters, published, investigation, dollar, exchange	1	2024-11-28 19:58:26.724770624
45	seizures, seize, smuggled, seized, smuggling	1	2024-11-28 19:58:26.724770624
47	better, late, comes, coming, beginning	4	2024-11-28 19:58:26.724770624
48	african, activity, union, membership, willingness	10	2024-11-28 19:58:26.724770624
49	god, bani, messenger, prophet, bless	4	2024-11-28 19:58:26.724770624
50	whatsapp, channel, follow, telegram, httpstmesudaaan	8	2024-11-28 19:58:26.724770624
51	electricity, appeals, suki, volunteers, maintain	3	2024-11-28 19:58:26.724770624
52	cold, elderly, experienced, bad, wave	11	2024-11-28 19:58:26.724770624
54	burhan, advertising, endless, al, headlines	10	2024-11-28 19:58:26.724770624
55	khojali, 1446, qasim, yaqoub, majid	4	2024-11-28 19:58:26.724770624
56	networks, operational, connection, damage, moment	8	2024-11-28 19:58:26.724770624
57	bulletin, december, 2024, ad, 17	4	2024-11-28 19:58:26.724770624
59	customs, loaded, anti, passenger, extracted	2	2024-11-28 19:58:26.724770624
60	budget, finance, permits, technical, 2025	8	2024-11-28 19:58:26.724770624
62	tom, mourns, professor, othman, agency	2	2024-11-28 19:58:26.724770624
63	god, consciousness, healing, drowned, donations	3	2024-11-28 19:58:26.724770624
64	congratulations, list, world, sudan, sudanese	3	2024-11-28 19:58:26.724770624
66	resolutions, additional, sanctions, burhan, ban	5	2024-11-28 19:58:26.724770624
67	facebook, id, weather, moderate, meteorology	14	2024-11-28 19:58:26.724770624
68	hatred, injustice, foundations, marginalization, regime	8	2024-11-28 19:58:26.724770624
69	suna, agency, news, sudan, sama	15	2024-11-28 19:58:26.724770624
70	passports, hijri, immigration, administration, inaugurates	3	2024-11-28 19:58:26.724770624
71	journalists, media, flies, union, close	3	2024-11-28 19:58:26.724770624
72	kushayb, court, defense, evidence, occurred	3	2024-11-28 19:58:26.724770624
73	interfering, league, overcoming, discussion, kabashi	2	2024-11-28 19:58:26.724770624
75	martyrs, wounded, recovery, speedy, heal	7	2024-11-28 19:58:26.724770624
76	enemy, vehicles, combat, equipment, losses	11	2024-11-28 19:58:26.724770624
77	artist, qader, salem, recovered, 70	2	2024-11-28 19:58:26.724770624
78	terrorist, wishes, varying, consisting, doubt	2	2024-11-28 19:58:26.724770624
79	water, aba, station, halfa, summer	4	2024-11-28 19:58:26.724770624
80	god, victory, sabah, declining, throwing	7	2024-11-28 19:58:26.724770624
82	district, kasla, partnerships, training, capacity	4	2024-11-28 19:58:26.724770624
83	iraqi, sidelines, session, health, counterpart	5	2024-11-28 19:58:26.724770624
84	kushayb, doha, prosecutor, ali, returns	3	2024-11-28 19:58:26.724770624
86	envoy, attendees, sufi, religious, quran	2	2024-11-28 19:58:26.724770624
87	sponsor, recommendations, labor, reform, pledges	2	2024-11-28 19:58:26.724770624
88	partnerships, 96, fund, governmental, amounted	1	2024-11-28 19:58:26.724770624
89	undermining, biden, penalties, promotion, urgently	2	2024-11-28 19:58:26.724770624
91	lamamra, mauritanian, consultative, initiatives, coordination	2	2024-11-28 19:58:26.724770624
92	armies, moral, weapon, tomorrow, meet	6	2024-11-28 19:58:26.724770624
93	medications, mere, chronic, black, volunteers	1	2024-11-28 19:58:26.724770624
95	supervisory, abyei, proof, chairman, kordofan	2	2024-11-28 19:58:26.724770624
96	chief, culture, reviews, sovereign, chairman	3	2024-11-28 19:58:26.724770624
97	enlightening, summary, ministries, says, culture	3	2024-11-28 19:58:26.724770624
99	httpstmesaqwl, saqwl, , , 	21	2024-11-28 19:58:26.724770624
100	morale, stable, rush, publish, joy	3	2024-11-28 19:58:26.724770624
101	series, kordofan, chikan, entertainment, fiscal	1	2024-11-28 19:58:26.724770624
102	dean, hearing, trump, congress, says	4	2024-11-28 19:58:26.724770624
103	al, villages, amir, defeating, 48	5	2024-11-28 19:58:26.724770624
104	valiant, art, penetrate, formations, sultan	11	2024-11-28 19:58:26.724770624
106	congratulate, shares, celebrating, 26, glorious	1	2024-11-28 19:58:26.724770624
107	mobility, valued, vice, trench, air	2	2024-11-28 19:58:26.724770624
109	budgets, allocated, inspection, permanent, shortage	1	2024-11-28 19:58:26.724770624
110	drones, losses, warplanes, recently, shot	10	2024-11-28 19:58:26.724770624
111	liver, patients, wish, promises, administration	1	2024-11-28 19:58:26.724770624
112	tunisia, unsafe, tunisian, immigrants, killing	1	2024-11-28 19:58:26.724770624
118	gaps, guarding, parents, urged, home	3	2024-11-28 19:58:26.724770624
119	guardians, righteous, glorious, forgiveness, mercy	3	2024-11-28 19:58:26.724770624
120	jaber, replacement, needy, overall, renews	3	2024-11-28 19:58:26.724770624
121	temperatures, meteorology, low, rise, decline	4	2024-11-28 19:58:26.724770624
122	patients, msf, injuries, survive, teams	10	2024-11-28 19:58:26.724770624
123	doctors, network, shelling, artillery, injured	6	2024-11-28 19:58:26.724770624
124	chadian, border, sandal, containers, chad	4	2024-11-28 19:58:26.724770624
125	whatsapp, follow, channel, journalist, httpstmesudannm	4	2024-11-28 19:58:26.724770624
127	terrorist, militia, targeted, artillery, martyrdom	11	2024-11-28 19:58:26.724770624
129	likes, purify, benefits, traitors, society	2	2024-11-28 19:58:26.724770624
130	join, scene, httpstmesdnewsnetlork, link, telegram	6	2024-11-28 19:58:26.724770624
131	spokesperson, office, sudandefense, httpstmedefenssuda, official	5	2024-11-28 19:58:26.724770624
132	darfur, dar, congratulated, zaghawa, es	6	2024-11-28 19:58:26.724770624
137	weather, moderate, cold, replace, exception	2	2024-11-28 19:58:26.724770624
139	insurance, expansion, fund, property, directs	2	2024-11-28 19:58:26.724770624
140	humiliated, assaulted, burned, attacking, looted	1	2024-11-28 19:58:26.724770624
142	watan, 2024, december, news, al	16	2024-11-28 19:58:26.724770624
145	classify, valued, condemning, fast, terrorist	2	2024-11-28 19:58:26.724770624
146	whatsapp, channel, follow, telegram, httpswhatsappcomchannel0029vapgy3o7dmecjcizwq2x	12	2024-11-28 19:58:26.724770624
147	decline, incitement, manufacturing, collective, europe	1	2024-11-28 19:58:26.724770624
148	coverage, fees, httpstmesaqwl, determined, noted	8	2024-11-28 19:58:26.724770624
150	investment, chosen, studying, relative, features	1	2024-11-28 19:58:26.724770624
155	restart, tank, awlia, bell, mount	1	2024-11-28 19:58:26.724770624
156	nasr, open, near, consciousness, god	11	2024-11-28 19:58:26.724770624
157	sennar, displace, placed, extend, adjacent	7	2024-11-28 19:58:26.724770624
158	childhood, trust, intervention, professional, requires	3	2024-11-28 19:58:26.724770624
159	burhan, non, introduction, resolutions, deterrent	1	2024-11-28 19:58:26.724770624
162	calm, street, cautious, relatively, ninth	3	2024-11-28 19:58:26.724770624
163	insurance, governor, mobility, halfa, nada	1	2024-11-28 19:58:26.724770624
167	professor, pharmacy, guarantee, contains, huge	2	2024-11-28 19:58:26.724770624
169	shifting, regionally, dependence, neck, breaks	1	2024-11-28 19:58:26.724770624
170	victory, god, willing, cleared, ally	9	2024-11-28 19:58:26.724770624
171	opportunity, scholarships, study, academic, english	2	2024-11-28 19:58:26.724770624
173	scholarship, admission, apply, university, grant	8	2024-11-28 19:58:26.724770624
175	constitutes, payment, financial, electronic, emergency	3	2024-11-28 19:58:26.724770624
178	resilience, emphasizing, spokesperson, concluded, unity	1	2024-11-28 19:58:26.724770624
181	destroy, defeat, western, special, rebel	3	2024-11-28 19:58:26.724770624
182	britain, kingdom, constructive, british, engagement	5	2024-11-28 19:58:26.724770624
184	pure, mobile, met, just, hours	5	2024-11-28 19:58:26.724770624
186	assign, dividing, arranging, travelers, mustafarin	5	2024-11-28 19:58:26.724770624
187	written, egyptian, message, fattah, abdel	2	2024-11-28 19:58:26.724770624
191	negotiating, demand, agreement, affirming, communitys	1	2024-11-28 19:58:26.724770624
193	prison, healthy, shikan, obeid, organizes	1	2024-11-28 19:58:26.724770624
195	blogging, omdurman, source, informing, ad	1	2024-11-28 19:58:26.724770624
197	lord, emirates, chad, aggression, uae	7	2024-11-28 19:58:26.724770624
198	study, actual, german, english, language	8	2024-11-28 19:58:26.724770624
202	aqar, service, civil, wages, recommendations	2	2024-11-28 19:58:26.724770624
203	cemetery, sultan, concerned, gengueid, khartoumal	3	2024-11-28 19:58:26.724770624
207	donate, balance, abboud, raouf, baqi	2	2024-11-28 19:58:26.724770624
209	wanted, yemen, departments, sent, intelligence	2	2024-11-28 19:58:26.724770624
210	starlink, internet, bomb, zamzam, satellite	1	2024-11-28 19:58:26.724770624
211	operational, december, gandhi, position, 26	5	2024-11-28 19:58:26.724770624
212	asia, correspondent, daily, khalifa, axis	5	2024-11-28 19:58:26.724770624
213	urgently, ambulances, wounds, charitable, solutions	3	2024-11-28 19:58:26.724770624
214	net, httpstmekraray224466, major, channel, karry	1	2024-11-28 19:58:26.724770624
215	facebook, 6th, sudanesearmedforces, infantry, page	4	2024-11-28 19:58:26.724770624
217	constructive, swiss, track, stolen, envoy	2	2024-11-28 19:58:26.724770624
219	evident, distress, facebook, strength, popularresistance	1	2024-11-28 19:58:26.724770624
221	oh, got, thieves, inventory, patient	1	2024-11-28 19:58:26.724770624
222	oman, sultanate, tour, stop, tourism	1	2024-11-28 19:58:26.724770624
223	allowance, acceptable, euros, airlines, tickets	10	2024-11-28 19:58:26.724770624
226	compulsory, language, certificate, interact, karry	8	2024-11-28 19:58:26.724770624
227	consideration, existential, issue, consultation, concerns	3	2024-11-28 19:58:26.724770624
232	preaching, greeting, generals, burn, smart	7	2024-11-28 19:58:26.724770624
236	sentence, hanging, undermining, death, constitutional	3	2024-11-28 19:58:26.724770624
237	draft, resolution, flagrant, jazira, considering	1	2024-11-28 19:58:26.724770624
238	joy, domination, village, practicing, gathered	6	2024-11-28 19:58:26.724770624
240	stood, rahman, connect, assign, crowding	2	2024-11-28 19:58:26.724770624
241	driver, drivers, license, driving, apply	2	2024-11-28 19:58:26.724770624
242	adri, remaining, recently, marches, entered	1	2024-11-28 19:58:26.724770624
244	huge, analysts, exposing, energies, crimes	1	2024-11-28 19:58:26.724770624
246	connecting, ports, business, completed, expected	1	2024-11-28 19:58:26.724770624
247	beloved, island, liberation, reassured, seen	9	2024-11-28 19:58:26.724770624
248	sixth, division, infantry, page, confirm	3	2024-11-28 19:58:26.724770624
250	bureau, zakat, organizes, happy, sinar	5	2024-11-28 19:58:26.724770624
257	successfully, attach, application, apply, forget	1	2024-11-28 19:58:26.724770624
259	breastfeeding, knows, pregnant, honey, mothers	2	2024-11-28 19:58:26.724770624
263	storm, heart, uae, emirates, gulf	1	2024-11-28 19:58:26.724770624
266	individuals, factors, consists, specifically, sick	1	2024-11-28 19:58:26.724770624
276	hoping, luck, english, language, benefit	4	2024-11-28 19:58:26.724770624
278	banks, exile, customers, classified, medani	2	2024-11-28 19:58:26.724770624
279	systematically, instability, scale, blatant, directly	3	2024-11-28 19:58:26.724770624
280	evidence, uae, chain, wide, agenda	4	2024-11-28 19:58:26.724770624
281	khair, makkawi, dongola, executive, locality	1	2024-11-28 19:58:26.724770624
282	dead, getting, reached, specialized, women	3	2024-11-28 19:58:26.724770624
286	jobs, interested, organizations, courses, category	13	2024-11-28 19:58:26.724770624
287	maximum, age, 30, years, reliable	8	2024-11-28 19:58:26.724770624
-1	al, militia, forces, citizens, displaced	820	2024-12-29 02:09:55.073394464
0	artillery, camp, rapid, army, axis	72	2024-12-29 02:09:55.073394464
1	exams, certificate, students, bell, secondary	26	2024-12-29 02:09:55.073394464
2	famine, aid, unicef, humanitarian, ocha	19	2024-12-29 02:09:55.073394464
3	goal, dealt, facebook, id, dignity	8	2024-12-29 02:09:55.073394464
4	turkish, offered, mirghani, dhabi, 2736	4	2024-12-29 02:09:55.073394464
5	pharmaceutical, independence, definitely, sudani, sun	1	2024-12-29 02:09:55.073394464
7	cholera, waste, cases, 51, infections	6	2024-12-29 02:09:55.073394464
8	gaza, palestinian, massacres, entrusted, territories	2	2024-12-29 02:09:55.073394464
9	al, village, camp, killed, abu	22	2024-12-29 02:09:55.073394464
10	sexual, violence, women, rape, amin	8	2024-12-29 02:09:55.073394464
11	locally, jelly, produced, satisfied, greatest	3	2024-12-29 02:09:55.073394464
12	burial, stating, resulted, unfortunately, backs	17	2024-12-29 02:09:55.073394464
13	god, oh, blessing, happy, lord	7	2024-12-29 02:09:55.073394464
15	required, assistant, vacancies, vacant, degree	10	2024-12-29 02:09:55.073394464
16	colleagues, corrupt, sovereign, 22, tomorrow	7	2024-12-29 02:09:55.073394464
17	hospice, meals, blankets, aba, hospices	6	2024-12-29 02:09:55.073394464
18	genocide, crimes, perpetrators, civilians, international	14	2024-12-29 02:09:55.073394464
19	egyptian, egypt, consulate, halfa, rabie	11	2024-12-29 02:09:55.073394464
20	refinery, jaber, installments, housing, hebrew	7	2024-12-29 02:09:55.073394464
21	doctors, kitchens, borders, ambulance, room	9	2024-12-29 02:09:55.073394464
22	symbolism, precious, gave, armed, battle	13	2024-12-29 02:09:55.073394464
24	atbara, villages, kitchen, kamal, camp	5	2024-12-29 02:09:55.073394464
25	refugees, chad, aisha, libya, eastern	8	2024-12-29 02:09:55.073394464
26	badi, blue, nile, enlighten, convoy	3	2024-12-29 02:09:55.073394464
27	infiltrate, remnants, outskirts, eyewitnesses, losses	9	2024-12-29 02:09:55.073394464
28	tent, forests, playing, sounds, gunfire	1	2024-12-29 02:09:55.073394464
29	pasha, sabreen, khalil, police, store	3	2024-12-29 02:09:55.073394464
30	bank, facebook, profits, id, deposits	6	2024-12-29 02:09:55.073394464
32	passports, passport, tripoli, medani, immigration	4	2024-12-29 02:09:55.073394464
33	integration, serve, pointing, stand, saqwl	1	2024-12-29 02:09:55.073394464
34	earthquake, strikes, start, ethiopia, floods	1	2024-12-29 02:09:55.073394464
35	composition, speculation, bleeding, destabilize, instability	4	2024-12-29 02:09:55.073394464
36	correct, summon, opinions, accordingly, revolution	2	2024-12-29 02:09:55.073394464
37	al, evil, heroes, sits, anti	6	2024-12-29 02:09:55.073394464
38	debt, imprisonment, 10, years, militia	1	2024-12-29 02:09:55.073394464
39	aswan, voluntary, ashkit, average, egypt	6	2024-12-29 02:09:55.073394464
40	seize, smuggled, mining, gold, kordofan	1	2024-12-29 02:09:55.073394464
41	httpstmesaqwl, spokesperson, office, watch, khartoumjanjaweedcemetery	2	2024-12-29 02:09:55.073394464
42	atrocities, rights, ensure, human, investigation	3	2024-12-29 02:09:55.073394464
47	48, purpose, hours, instructions, forward	4	2024-12-29 02:09:55.073394464
48	african, membership, union, founder, germany	2	2024-12-29 02:09:55.073394464
49	god, bachelor, signal, almighty, weapon	5	2024-12-29 02:09:55.073394464
50	whatsapp, channel, follow, telegram, httpstmesudaaan	5	2024-12-29 02:09:55.073394464
51	electricity, saves, sabreen, joy, facebook	5	2024-12-29 02:09:55.073394464
52	families, displaced, giving, waste, alternative	7	2024-12-29 02:09:55.073394464
53	refinery, ended, depression, strength, garden	4	2024-12-29 02:09:55.073394464
54	sudani, al, january, determination, congratulates	6	2024-12-29 02:09:55.073394464
55	damazin, al, abdul, muhammad, hassan	7	2024-12-29 02:09:55.073394464
56	communication, networks, operational, starlink, connection	8	2024-12-29 02:09:55.073394464
57	terrified, outlets, deny, eyewitnesses, 29	3	2024-12-29 02:09:55.073394464
58	reinforces, transparency, growing, accountability, dismissal	2	2024-12-29 02:09:55.073394464
59	customs, device, smuggling, smuggle, celebrates	10	2024-12-29 02:09:55.073394464
60	budget, finance, revenues, taxes, focuses	8	2024-12-29 02:09:55.073394464
63	god, shame, oh, protect, homeland	11	2024-12-29 02:09:55.073394464
64	stands, grandfather, know, goes, joy	5	2024-12-29 02:09:55.073394464
65	partially, rural, later, hospital, specialized	1	2024-12-29 02:09:55.073394464
66	infringement, beginning, learned, missions, sanctions	1	2024-12-29 02:09:55.073394464
67	temperature, facebook, instagram, meteorology, lowest	8	2024-12-29 02:09:55.073394464
68	indication, fixed, covenant, dignity, achieves	3	2024-12-29 02:09:55.073394464
69	suna, agency, news, sudan, sama	5	2024-12-29 02:09:55.073394464
70	passports, easily, drawn, passport, transactions	1	2024-12-29 02:09:55.073394464
71	editorial, edited, forum, room, media	3	2024-12-29 02:09:55.073394464
72	compensation, disturbed, court, provisions, blackmail	1	2024-12-29 02:09:55.073394464
73	turkish, destroy, jazeera, jaber, ordeal	3	2024-12-29 02:09:55.073394464
74	stick, page, share, come, like	4	2024-12-29 02:09:55.073394464
75	speedy, recovery, wounded, martyrs, mercy	5	2024-12-29 02:09:55.073394464
76	showing, vehicles, defenses, losses, marches	5	2024-12-29 02:09:55.073394464
77	artists, artistic, giad, segment, listened	6	2024-12-29 02:09:55.073394464
78	terrorist, terrorism, supporters, classify, unacceptable	7	2024-12-29 02:09:55.073394464
79	saad, launch, water, authority, omdurman	1	2024-12-29 02:09:55.073394464
80	battle, files, god, evidence, entrances	8	2024-12-29 02:09:55.073394464
81	appointments, canceling, scheduled, reception, immigrants	2	2024-12-29 02:09:55.073394464
83	chances, halfa, consulate, cadres, entities	1	2024-12-29 02:09:55.073394464
84	41, victim, kamel, mohamed, interior	1	2024-12-29 02:09:55.073394464
86	perform, prayers, mosque, hajj, teachers	1	2024-12-29 02:09:55.073394464
89	wants, contribute, renaissance, neighboring, good	2	2024-12-29 02:09:55.073394464
90	safer, powerful, urban, capabilities, return	1	2024-12-29 02:09:55.073394464
92	combing, valiant, heroes, determination, entered	1	2024-12-29 02:09:55.073394464
93	pharmacists, consent, abi, occupying, method	2	2024-12-29 02:09:55.073394464
97	media, russian, emphasis, representing, statements	3	2024-12-29 02:09:55.073394464
99	httpstmesaqwl, saqwl, , , 	23	2024-12-29 02:09:55.073394464
100	road, morale, generations, harmony, appreciate	8	2024-12-29 02:09:55.073394464
101	kordofan, north, treasury, denounces, judiciary	1	2024-12-29 02:09:55.073394464
102	investigative, deliberations, journalism, material, documented	7	2024-12-29 02:09:55.073394464
103	axis, rebelled, advances, dreams, experienced	2	2024-12-29 02:09:55.073394464
104	art, valiant, penetrate, gift, formations	8	2024-12-29 02:09:55.073394464
105	grievances, precedent, characterized, neglect, product	1	2024-12-29 02:09:55.073394464
107	tribe, overall, sovereignty, dignity, battle	6	2024-12-29 02:09:55.073394464
108	humanitarian, reflects, aid, consumption, negligence	4	2024-12-29 02:09:55.073394464
109	identical, views, refugee, coordinator, conditions	2	2024-12-29 02:09:55.073394464
110	drones, shot, defenses, advanced, losses	3	2024-12-29 02:09:55.073394464
112	libya, chasing, irregular, migrants, 75	5	2024-12-29 02:09:55.073394464
114	internally, migration, population, 30, neighboring	1	2024-12-29 02:09:55.073394464
115	dues, pensioners, collected, commitment, actually	1	2024-12-29 02:09:55.073394464
116	mansour, origin, libyan, libya, coming	1	2024-12-29 02:09:55.073394464
119	whatsapp, channel, guardians, righteous, follow	6	2024-12-29 02:09:55.073394464
120	writers, artists, chairman, burhan, payment	7	2024-12-29 02:09:55.073394464
121	cold, temperatures, meteorology, low, moderate	3	2024-12-29 02:09:55.073394464
122	wells, helping, evacuate, aids, bags	2	2024-12-29 02:09:55.073394464
123	samarab, room, volunteer, doctors, network	4	2024-12-29 02:09:55.073394464
124	chadian, birth, mukhtar, chad, passports	4	2024-12-29 02:09:55.073394464
127	terrorist, artillery, blogging, morning, term	12	2024-12-29 02:09:55.073394464
128	whatsapp, channel, follow, telegram, httpstmesudaaan	5	2024-12-29 02:09:55.073394464
129	wanted, supporters, finished, hear, divide	4	2024-12-29 02:09:55.073394464
130	join, scene, httpstmesdnewsnetlork, link, telegram	9	2024-12-29 02:09:55.073394464
134	comment, incident, issue, leadership, movements	1	2024-12-29 02:09:55.073394464
136	blessed, pride, win, strength, victory	1	2024-12-29 02:09:55.073394464
139	allocating, insurance, 90, financing, medical	3	2024-12-29 02:09:55.073394464
142	watan, 29, december, sunday, 2024	2	2024-12-29 02:09:55.073394464
146	whatsapp, channel, follow, telegram, httpswhatsappcomchannel0029vapgy3o7dmecjcizwq2x	6	2024-12-29 02:09:55.073394464
148	coverage, fees, httpstmesaqwl, determined, noted	12	2024-12-29 02:09:55.073394464
149	dogs, daklu, desert, common, al	1	2024-12-29 02:09:55.073394464
150	activating, capabilities, economy, partnership, private	1	2024-12-29 02:09:55.073394464
151	ruler, commerce, chamber, reconstruction, success	2	2024-12-29 02:09:55.073394464
155	kasla, roads, window, maintenance, cleaning	2	2024-12-29 02:09:55.073394464
156	nasr, soon, near, naval, god	4	2024-12-29 02:09:55.073394464
157	comfort, moved, middle, jazira, hajar	5	2024-12-29 02:09:55.073394464
158	improve, facilitate, living, commitment, stressing	3	2024-12-29 02:09:55.073394464
162	hantoub, uniform, supervise, accelerate, taher	4	2024-12-29 02:09:55.073394464
163	halfa, consulate, dabbah, inaugurates, gynecology	2	2024-12-29 02:09:55.073394464
166	25th, explicit, ignite, obstruct, restoration	1	2024-12-29 02:09:55.073394464
167	haitham, transmission, winds, health, warnings	4	2024-12-29 02:09:55.073394464
170	god, victory, yes, celebrate, garden	1	2024-12-29 02:09:55.073394464
171	apply, luck, scholarships, study, partnership	2	2024-12-29 02:09:55.073394464
173	scholarship, admission, apply, university, luck	12	2024-12-29 02:09:55.073394464
175	accelerate, payment, connection, commercial, completion	4	2024-12-29 02:09:55.073394464
177	enlightened, pride, knowledge, science, present	5	2024-12-29 02:09:55.073394464
180	buses, board, 14, travel, traffic	1	2024-12-29 02:09:55.073394464
181	jelly, refinery, bahri, weapon, deploy	2	2024-12-29 02:09:55.073394464
183	relatives, difficulty, buy, shops, obtaining	1	2024-12-29 02:09:55.073394464
185	province, nuba, bahri, mountains, kafouri	3	2024-12-29 02:09:55.073394464
186	din, ayoub, resignation, rukn, commander	9	2024-12-29 02:09:55.073394464
187	badr, egyptian, chief, abdel, immigration	2	2024-12-29 02:09:55.073394464
192	old, years, stuck, complications, story	6	2024-12-29 02:09:55.073394464
193	kenana, sentence, face, convicted, imprisonment	1	2024-12-29 02:09:55.073394464
195	january, 2025, ad, port, source	1	2024-12-29 02:09:55.073394464
198	study, german, actual, english, language	12	2024-12-29 02:09:55.073394464
200	categorical, advice, glasses, conspiracies, wahed	2	2024-12-29 02:09:55.073394464
203	cemetery, sultan, concerned, gengueid, order	1	2024-12-29 02:09:55.073394464
208	sanctions, treasury, decisions, european, burhan	2	2024-12-29 02:09:55.073394464
210	starlink, chadian, use, refugee, authorities	3	2024-12-29 02:09:55.073394464
211	operational, january, gandhi, daily, monitoring	8	2024-12-29 02:09:55.073394464
212	asia, correspondent, khalifa, daily, axis	6	2024-12-29 02:09:55.073394464
213	chronic, disabilities, elderly, patients, diseases	1	2024-12-29 02:09:55.073394464
215	facebook, share, photos, video, sudanesearmedforces	4	2024-12-29 02:09:55.073394464
216	consequences, disaster, bear, appeal, starting	1	2024-12-29 02:09:55.073394464
219	distress, evident, facebook, strength, popularresistance	2	2024-12-29 02:09:55.073394464
222	chamber, flights, travel, buses, conduct	3	2024-12-29 02:09:55.073394464
223	allowance, acceptable, euros, airlines, tickets	12	2024-12-29 02:09:55.073394464
226	compulsory, language, certificate, interact, karry	12	2024-12-29 02:09:55.073394464
232	militia, barrier, lions, invaders, stood	1	2024-12-29 02:09:55.073394464
234	sabah, garden, whatsapp, units, 14	1	2024-12-29 02:09:55.073394464
236	imprisoned, complain, execution, hanging, accused	1	2024-12-29 02:09:55.073394464
239	jazeera, project, al, sona, departments	5	2024-12-29 02:09:55.073394464
240	backbone, reconstruction, contribute, restore, suitable	1	2024-12-29 02:09:55.073394464
243	detainees, saved, illness, relatives, detention	2	2024-12-29 02:09:55.073394464
244	crimes, occur, mirghani, heinous, eyes	1	2024-12-29 02:09:55.073394464
246	adhering, cancels, model, import, cars	2	2024-12-29 02:09:55.073394464
248	anti, infantry, division, 6th, 19th	2	2024-12-29 02:09:55.073394464
254	founded, homeland, 56, passed, true	4	2024-12-29 02:09:55.073394464
258	watan, january, 27, 2025, ad	7	2024-12-29 02:09:55.073394464
259	caught, later, mother, days, pregnant	1	2024-12-29 02:09:55.073394464
260	rebellious, mellit, eyewitnesses, jebel, defeated	1	2024-12-29 02:09:55.073394464
261	deployed, stable, facebook, command, afternoon	3	2024-12-29 02:09:55.073394464
262	stray, dogs, bodies, threat, reports	2	2024-12-29 02:09:55.073394464
266	broadcast, college, engineering, video, bahri	1	2024-12-29 02:09:55.073394464
267	despair, station, frustration, suicide, series	1	2024-12-29 02:09:55.073394464
268	courses, academy, english, jobs, networking	1	2024-12-29 02:09:55.073394464
269	confused, collaborators, faces, addition, endeavors	1	2024-12-29 02:09:55.073394464
270	chadian, aggression, frequency, level, meet	1	2024-12-29 02:09:55.073394464
273	morals, courage, extent, confront, know	1	2024-12-29 02:09:55.073394464
275	achieved, weapon, direct, uae, stop	7	2024-12-29 02:09:55.073394464
276	benefit, hoping, luck, language, english	8	2024-12-29 02:09:55.073394464
280	uae, disregard, ignorance, minds, blatant	7	2024-12-29 02:09:55.073394464
286	jobs, interested, organizations, courses, category	5	2024-12-29 02:09:55.073394464
287	maximum, age, 30, years, reliable	12	2024-12-29 02:09:55.073394464
-1	al, militia, forces, armed, terrorist	962	2025-01-28 08:21:23.422018336
0	zamzam, fasher, al, rapid, camp	105	2025-01-28 08:21:23.422018336
1	education, educational, primary, certificate, students	27	2025-01-28 08:21:23.422018336
2	humanitarian, aid, united, nations, children	29	2025-01-28 08:21:23.422018336
3	moral, axis, player, minutes, enters	2	2025-01-28 08:21:23.422018336
4	alliances, malaysia, quickly, sharia, pakistan	2	2025-01-28 08:21:23.422018336
5	dar, rejection, parallel, shepherds, joins	2	2025-01-28 08:21:23.422018336
6	abiy, interference, ababa, blatant, raises	2	2025-01-28 08:21:23.422018336
7	cholera, uganda, recorded, epidemic, cases	6	2025-01-28 08:21:23.422018336
8	palestinian, israeli, irresponsible, israel, norms	13	2025-01-28 08:21:23.422018336
9	villages, burned, village, camp, zamzam	23	2025-01-28 08:21:23.422018336
10	rape, cases, jazeera, women, sexual	9	2025-01-28 08:21:23.422018336
11	dabba, let, livestock, feed, plant	2	2025-01-28 08:21:23.422018336
12	sweet, affects, wing, kills, women	14	2025-01-28 08:21:23.422018336
13	god, agent, willing, reward, greeting	7	2025-01-28 08:21:23.422018336
14	khader, tayeb, speaking, center, suspended	1	2025-01-28 08:21:23.422018336
15	required, vacancies, vacant, officer, degree	5	2025-01-28 08:21:23.422018336
16	separation, fake, option, paper, forming	9	2025-01-28 08:21:23.422018336
17	investigative, beneficiaries, alleviating, conducting, inventory	8	2025-01-28 08:21:23.422018336
18	genocide, allowing, embrace, ethnic, committing	17	2025-01-28 08:21:23.422018336
19	affairs, foreign, consultation, regional, common	3	2025-01-28 08:21:23.422018336
20	rings, bell, mark, patriotic, 64	1	2025-01-28 08:21:23.422018336
21	freeze, facilities, funding, health, doctors	7	2025-01-28 08:21:23.422018336
22	forever, legend, enlightened, disintegration, penetrate	14	2025-01-28 08:21:23.422018336
23	unionist, party, umma, disputed, signatories	1	2025-01-28 08:21:23.422018336
24	qatina, displaced, abyad, al, camp	11	2025-01-28 08:21:23.422018336
25	refugees, neighboring, expects, million, arrive	2	2025-01-28 08:21:23.422018336
26	badi, blue, northern, north, nile	12	2025-01-28 08:21:23.422018336
27	soba, al, army, defenses, forces	33	2025-01-28 08:21:23.422018336
28	concerns, ethiopia, refugees, doubles, ethiopian	2	2025-01-28 08:21:23.422018336
29	cell, police, security, controlling, presence	9	2025-01-28 08:21:23.422018336
31	arrivals, wahab, fees, luggage, taher	3	2025-01-28 08:21:23.422018336
32	passport, passports, identification, amendment, legal	15	2025-01-28 08:21:23.422018336
33	crime, expelled, touched, overall, defeated	10	2025-01-28 08:21:23.422018336
34	qatina, catastrophe, happening, currently, real	3	2025-01-28 08:21:23.422018336
35	expecting, exacerbate, strategies, dissolve, agendas	3	2025-01-28 08:21:23.422018336
36	purify, beloved, inch, circulated, liberate	3	2025-01-28 08:21:23.422018336
37	islamists, trend, prisoners, litigation, collapse	4	2025-01-28 08:21:23.422018336
38	recover, prosecutor, law, public, rights	3	2025-01-28 08:21:23.422018336
39	arresting, allies, directed, direct, carrying	1	2025-01-28 08:21:23.422018336
42	rights, human, mission, visas, violations	4	2025-01-28 08:21:23.422018336
45	pills, seized, drug, dealers, manufacturing	3	2025-01-28 08:21:23.422018336
47	occurrence, lot, submit, white, situation	3	2025-01-28 08:21:23.422018336
48	african, union, century, swiss, continent	9	2025-01-28 08:21:23.422018336
49	little, praise, remains, god, bless	1	2025-01-28 08:21:23.422018336
50	whatsapp, channel, follow, telegram, httpstmesudaaan	8	2025-01-28 08:21:23.422018336
51	electricity, 160, line, barrels, operate	11	2025-01-28 08:21:23.422018336
52	box, thank, confident, fund, save	3	2025-01-28 08:21:23.422018336
54	al, balad, february, news, summary	11	2025-01-28 08:21:23.422018336
55	din, proves, judge, mirghani, separate	2	2025-01-28 08:21:23.422018336
56	operational, networks, linked, communication, warning	2	2025-01-28 08:21:23.422018336
57	2025, silence, occurred, february, 14	3	2025-01-28 08:21:23.422018336
58	symbolism, northeastern, othman, fath, candidates	4	2025-01-28 08:21:23.422018336
59	customs, luggage, fees, personal, voluntary	19	2025-01-28 08:21:23.422018336
60	forms, budget, implementation, technical, committees	1	2025-01-28 08:21:23.422018336
63	whatsapp, god, channel, follow, consciousness	4	2025-01-28 08:21:23.422018336
64	determining, worker, walking, beloved, anger	2	2025-01-28 08:21:23.422018336
65	eighth, celebrate, preparing, safety, health	4	2025-01-28 08:21:23.422018336
66	continuous, delegate, mandate, allowed, extends	2	2025-01-28 08:21:23.422018336
67	shalatin, temperature, lowest, ensures, meteorology	3	2025-01-28 08:21:23.422018336
68	unity, scenarios, step, opposite, uproot	4	2025-01-28 08:21:23.422018336
69	suna, agency, news, sudan, sama	14	2025-01-28 08:21:23.422018336
70	passports, documents, immigration, administration, identification	3	2025-01-28 08:21:23.422018336
72	accused, referred, cell, investigate, law	1	2025-01-28 08:21:23.422018336
73	rejection, external, hostility, divide, sponsors	2	2025-01-28 08:21:23.422018336
74	survive, want, dont, come, didnt	1	2025-01-28 08:21:23.422018336
75	eternity, healing, martyrs, wounded, righteous	3	2025-01-28 08:21:23.422018336
76	vehicles, gun, neutralize, receipt, artillery	9	2025-01-28 08:21:23.422018336
77	atmosphere, artist, arrivals, singing, entertainment	3	2025-01-28 08:21:23.422018336
78	cheap, terrorist, facts, mercenary, remnants	4	2025-01-28 08:21:23.422018336
80	battle, great, consciousness, god, asia	4	2025-01-28 08:21:23.422018336
83	railway, dialogue, treatment, authority, director	2	2025-01-28 08:21:23.422018336
84	represented, indictment, lawyer, allah, siddiq	1	2025-01-28 08:21:23.422018336
86	preachers, urge, endowments, religious, facebook	3	2025-01-28 08:21:23.422018336
89	aspects, consular, serves, push, brotherly	2	2025-01-28 08:21:23.422018336
90	maintained, entity, liberated, command, abandon	4	2025-01-28 08:21:23.422018336
91	convening, opponents, auspices, kiir, salva	2	2025-01-28 08:21:23.422018336
92	finally, fighting, escaped, battle, recovered	4	2025-01-28 08:21:23.422018336
95	tambour, mustafa, latif, wali, minni	4	2025-01-28 08:21:23.422018336
96	appreciates, sacrifices, preserve, del, establishment	4	2025-01-28 08:21:23.422018336
97	condemnation, systematic, issue, destruction, demands	2	2025-01-28 08:21:23.422018336
99	httpstmesaqwl, saqwl, , , 	20	2025-01-28 08:21:23.422018336
100	axis, 18th, division, war, soldiers	2	2025-01-28 08:21:23.422018336
102	trump, lower, race, want, person	2	2025-01-28 08:21:23.422018336
103	curse, spoke, villages, dagalo, violations	1	2025-01-28 08:21:23.422018336
104	dismantling, fall, rahad, qatina, siege	2	2025-01-28 08:21:23.422018336
106	hajj, harness, 1446, culture, looks	3	2025-01-28 08:21:23.422018336
107	chief, sovereignty, general, lieutenant, tambour	10	2025-01-28 08:21:23.422018336
108	ensuring, humanitarian, logistical, agencies, ministries	3	2025-01-28 08:21:23.422018336
109	yellow, cards, asylum, commission, replacing	2	2025-01-28 08:21:23.422018336
110	drones, images, analysis, suicide, targeting	8	2025-01-28 08:21:23.422018336
111	dialysis, patients, kidney, center, machines	9	2025-01-28 08:21:23.422018336
119	whatsapp, channel, follow, telegram, guardians	6	2025-01-28 08:21:23.422018336
120	gen, jaber, inciting, encroachment, credentials	1	2025-01-28 08:21:23.422018336
121	meteorology, temperatures, slight, gradual, successive	7	2025-01-28 08:21:23.422018336
122	ensures, meal, 14, medicines, western	1	2025-01-28 08:21:23.422018336
123	syndicate, doctors, preliminary, dead, wounded	3	2025-01-28 08:21:23.422018336
125	whatsapp, majid, follow, abdul, channel	3	2025-01-28 08:21:23.422018336
126	packages, hajj, declaration, cost, week	5	2025-01-28 08:21:23.422018336
127	gangs, infiltrate, terrorist, city, skirmishes	4	2025-01-28 08:21:23.422018336
128	whatsapp, channel, follow, httpstmesudaaan, httpswhatsappcomchaannel0029vb2jdpaixnnnnnnnnnnnnnpxuj5a1x	11	2025-01-28 08:21:23.422018336
129	daklu, broken, summer, warned, western	2	2025-01-28 08:21:23.422018336
130	join, scene, httpstmesdnewsnetlork, link, telegram	11	2025-01-28 08:21:23.422018336
132	tribe, minni, arko, bias, supervise	3	2025-01-28 08:21:23.422018336
135	february, 18, dignity, tuesday, battle	2	2025-01-28 08:21:23.422018336
136	win, strength, god, prevail, gods	8	2025-01-28 08:21:23.422018336
137	slight, noon, temperatures, weather, rise	5	2025-01-28 08:21:23.422018336
138	determine, want, concepts, aspire, dictates	1	2025-01-28 08:21:23.422018336
139	insurance, organizes, treatment, free, island	2	2025-01-28 08:21:23.422018336
140	burned, property, stores, looted, attacking	3	2025-01-28 08:21:23.422018336
142	watan, february, 2025, news, al	15	2025-01-28 08:21:23.422018336
144	fingers, symptoms, produced, actors, wealth	6	2025-01-28 08:21:23.422018336
146	whatsapp, channel, follow, telegram, httpswhatsappcomchannel0029vapgy3o7dmecjcizwq2x	1	2025-01-28 08:21:23.422018336
147	encroachment, phenomenon, reflects, hosting, departments	1	2025-01-28 08:21:23.422018336
148	saqwl, httpstmesaqwl, coverage, fees, determined	2	2025-01-28 08:21:23.422018336
149	flying, animal, attend, hotel, running	2	2025-01-28 08:21:23.422018336
155	asphalt, ways, shendi, start, company	2	2025-01-28 08:21:23.422018336
156	nasr, soon, opening, consciousness, god	5	2025-01-28 08:21:23.422018336
157	nubia, steadfast, heroes, certainty, knights	3	2025-01-28 08:21:23.422018336
159	resolution, prohibits, sale, cause, community	2	2025-01-28 08:21:23.422018336
161	decision, performing, relevant, practice, appropriate	9	2025-01-28 08:21:23.422018336
162	neighborhood, calm, cautious, electricity, ordinary	7	2025-01-28 08:21:23.422018336
163	heralds, deceased, loyalty, clinics, captain	4	2025-01-28 08:21:23.422018336
166	honest, prevents, coup, appropriate, looking	1	2025-01-28 08:21:23.422018336
167	ease, documentation, remittances, resuming, certificates	1	2025-01-28 08:21:23.422018336
170	resort, pride, sacrifices, families, victory	1	2025-01-28 08:21:23.422018336
172	sects, religious, religions, christian, definition	1	2025-01-28 08:21:23.422018336
173	click, net, read, story, link	1	2025-01-28 08:21:23.422018336
175	easier, transactions, let, request, easily	19	2025-01-28 08:21:23.422018336
177	republican, palace, accepts, grace, restoration	1	2025-01-28 08:21:23.422018336
178	energies, saluted, pride, fronts, eliminate	4	2025-01-28 08:21:23.422018336
179	science, technology, publishing, magazine, hammam	3	2025-01-28 08:21:23.422018336
181	depth, withdrew, advancing, station, army	6	2025-01-28 08:21:23.422018336
183	washing, machine, reason, pound, home	1	2025-01-28 08:21:23.422018336
184	villages, nile, white, qatina, box	6	2025-01-28 08:21:23.422018336
185	direction, occurred, injuries, artillery, deaths	1	2025-01-28 08:21:23.422018336
186	abyad, commander, lieutenant, al, office	4	2025-01-28 08:21:23.422018336
187	consulate, wadi, establish, halfa, egyptian	1	2025-01-28 08:21:23.422018336
188	privacy, charged, crime, priority, article	2	2025-01-28 08:21:23.422018336
191	contributions, conference, cooperation, efforts, forces	1	2025-01-28 08:21:23.422018336
193	insulting, sentence, prison, imprisonment, applies	1	2025-01-28 08:21:23.422018336
202	shall, periodic, submit, results, procedures	5	2025-01-28 08:21:23.422018336
203	cemetery, gengueid, nasr, khartoumal, soon	2	2025-01-28 08:21:23.422018336
206	prize, trustees, creativity, tayeb, award	4	2025-01-28 08:21:23.422018336
211	operational, february, gandhi, position, 2025	6	2025-01-28 08:21:23.422018336
212	asia, correspondent, daily, axis, caliph	2	2025-01-28 08:21:23.422018336
213	devices, destiny, generosity, lacks, alleviating	2	2025-01-28 08:21:23.422018336
215	facebook, share, sudanesearmedforces, 69, sudantoday	2	2025-01-28 08:21:23.422018336
217	heritage, unesco, cultural, culture, discuss	3	2025-01-28 08:21:23.422018336
219	evident, facebook, distress, strength, popularresistance	2	2025-01-28 08:21:23.422018336
222	buses, tourist, travel, conduct, chamber	3	2025-01-28 08:21:23.422018336
223	guardians, righteous, glorious, forgiveness, mercy	1	2025-01-28 08:21:23.422018336
228	unhcr, expensive, lacking, resettlement, exposing	3	2025-01-28 08:21:23.422018336
230	refusing, protest, parallel, zamzam, form	3	2025-01-28 08:21:23.422018336
232	scourge, abandon, fought, alongside, dignity	2	2025-01-28 08:21:23.422018336
234	displaces, 46, broke, abyad, kills	3	2025-01-28 08:21:23.422018336
237	genocide, strongly, condemned, supporting, uae	5	2025-01-28 08:21:23.422018336
238	rahad, victory, sacrifices, al, liberation	1	2025-01-28 08:21:23.422018336
239	jazeera, al, 300, project, losses	8	2025-01-28 08:21:23.422018336
244	genocide, blood, crimes, watching, stronghold	3	2025-01-28 08:21:23.422018336
246	cars, importing, import, cabinet, procedures	2	2025-01-28 08:21:23.422018336
247	nature, village, island, terrified, fights	6	2025-01-28 08:21:23.422018336
248	sixth, infantry, page, division, official	3	2025-01-28 08:21:23.422018336
250	zakat, bureau, federal, standards, ministries	2	2025-01-28 08:21:23.422018336
252	salva, kiir, lasting, pivotal, aspirations	1	2025-01-28 08:21:23.422018336
253	entered, al, discover, discovered, ibn	1	2025-01-28 08:21:23.422018336
256	kasla, hosts, suna, society, platform	3	2025-01-28 08:21:23.422018336
260	qatina, gandhi, neighborhoods, retreats, stormed	7	2025-01-28 08:21:23.422018336
261	mustafa, february, prominent, stated, wad	1	2025-01-28 08:21:23.422018336
264	count, injured, therapeutic, competent, injuries	2	2025-01-28 08:21:23.422018336
265	arabs, heads, strong, sincerity, worthy	2	2025-01-28 08:21:23.422018336
266	engineers, corps, commander, graduation, atmosphere	2	2025-01-28 08:21:23.422018336
267	trials, jiyad, classify, militia, explanation	2	2025-01-28 08:21:23.422018336
269	accountable, collaborator, hold, collaborators, expose	2	2025-01-28 08:21:23.422018336
276	benefit, hoping, luck, english, language	2	2025-01-28 08:21:23.422018336
281	shall, hands, watan, slogan, initiative	6	2025-01-28 08:21:23.422018336
282	dead, khater, 112, injured, syndicate	2	2025-01-28 08:21:23.422018336
286	jobs, interested, organizations, courses, category	2	2025-01-28 08:21:23.422018336
-1	al, militia, genocide, nairobi, forces	692	2025-02-27 14:32:51.770642176
0	rapid, fasher, camp, killed, shelling	65	2025-02-27 14:32:51.770642176
1	grade, education, teachers, students, lower	14	2025-02-27 14:32:51.770642176
2	children, unicef, zamzam, 750, food	13	2025-02-27 14:32:51.770642176
3	mauritanian, league, hilal, al, almerreikh	1	2025-02-27 14:32:51.770642176
4	hamad, farewell, bushra, consultant, theater	4	2025-02-27 14:32:51.770642176
6	djibouti, delivered, written, aqar, returns	1	2025-02-27 14:32:51.770642176
7	cholera, cases, february, kosti, epidemic	7	2025-02-27 14:32:51.770642176
8	palestinian, israeli, gaza, israel, officials	20	2025-02-27 14:32:51.770642176
9	al, attacks, jazeera, killed, village	19	2025-02-27 14:32:51.770642176
10	women, rape, cases, violence, girls	19	2025-02-27 14:32:51.770642176
11	productive, agricultural, institution, sugar, impact	6	2025-02-27 14:32:51.770642176
12	guided, hesitate, escalated, crowded, fired	4	2025-02-27 14:32:51.770642176
13	god, got, oh, praise, think	18	2025-02-27 14:32:51.770642176
15	required, vacant, vacancies, degree, assistant	6	2025-02-27 14:32:51.770642176
17	baskets, initiative, ramadan, food, shendi	20	2025-02-27 14:32:51.770642176
18	conventions, crimes, civilians, geneva, perpetrators	7	2025-02-27 14:32:51.770642176
19	foreign, affairs, participation, april, turkey	13	2025-02-27 14:32:51.770642176
20	blankets, halfa, minister, century, performs	6	2025-02-27 14:32:51.770642176
21	room, doctors, emergency, health, bashaer	12	2025-02-27 14:32:51.770642176
22	proof, masses, struggle, victory, force	13	2025-02-27 14:32:51.770642176
23	opposing, democratic, unionist, jumaa, leader	3	2025-02-27 14:32:51.770642176
24	documenting, neighborhoods, asylum, pictures, shelling	9	2025-02-27 14:32:51.770642176
25	refugees, unhcr, funding, reside, saving	5	2025-02-27 14:32:51.770642176
26	rawaba, reviews, northern, north, communications	3	2025-02-27 14:32:51.770642176
27	vehicles, crews, infantry, sixth, cruiser	9	2025-02-27 14:32:51.770642176
28	ethiopian, refugees, ethiopia, reporters, camps	4	2025-02-27 14:32:51.770642176
29	checks, supervisor, strict, body, chairs	2	2025-02-27 14:32:51.770642176
30	banks, currency, bank, pieces, speculation	3	2025-02-27 14:32:51.770642176
31	50, airlines, reduction, seats, flights	6	2025-02-27 14:32:51.770642176
33	abuses, deliberately, police, director, role	1	2025-02-27 14:32:51.770642176
35	warring, serves, space, conflict, prolong	5	2025-02-27 14:32:51.770642176
37	draw, idea, offer, martyrs, condolences	3	2025-02-27 14:32:51.770642176
38	74, request, referring, court, case	11	2025-02-27 14:32:51.770642176
39	assured, libyan, anxiety, privacy, pressures	1	2025-02-27 14:32:51.770642176
40	anti, mining, immunization, reviews, directions	1	2025-02-27 14:32:51.770642176
41	saqwl, httpstmesaqwl, spokesperson, office, watch	16	2025-02-27 14:32:51.770642176
42	rights, human, item, lies, geneva	3	2025-02-27 14:32:51.770642176
45	shipment, drug, drugs, smuggle, pills	3	2025-02-27 14:32:51.770642176
46	trafficking, congratulates, combat, human, women	1	2025-02-27 14:32:51.770642176
47	clarify, things, hope, wait, important	5	2025-02-27 14:32:51.770642176
48	african, ugandan, president, union, vice	13	2025-02-27 14:32:51.770642176
49	god, paradise, willing, bless, dose	5	2025-02-27 14:32:51.770642176
50	whatsapp, channel, follow, telegram, raouf	4	2025-02-27 14:32:51.770642176
51	sponsored, wait, reality, energy, basic	1	2025-02-27 14:32:51.770642176
52	crazy, commodity, harsh, rise, amid	1	2025-02-27 14:32:51.770642176
54	net, march, parallel, balad, prominent	3	2025-02-27 14:32:51.770642176
55	seven, evidence, lost, just, right	3	2025-02-27 14:32:51.770642176
57	plastic, march, quick, 2025, 27	2	2025-02-27 14:32:51.770642176
58	appointment, appointments, included, suspicions, qualifications	3	2025-02-27 14:32:51.770642176
59	prohibition, cards, exit, entry, port	1	2025-02-27 14:32:51.770642176
62	26, prepared, newspapers, headlines, wednesday	1	2025-02-27 14:32:51.770642176
63	god, dance, great, consciousness, testimony	5	2025-02-27 14:32:51.770642176
64	worst, prepare, sudanese, father, love	1	2025-02-27 14:32:51.770642176
65	complex, buildings, medical, east, health	1	2025-02-27 14:32:51.770642176
66	spring, crucial, repeating, briefing, hardship	2	2025-02-27 14:32:51.770642176
67	facebook, share, follow, telegram, weather	7	2025-02-27 14:32:51.770642176
69	suna, agency, news, sudan, sama	9	2025-02-27 14:32:51.770642176
71	goodness, spirit, appreciation, humanity, responsibility	1	2025-02-27 14:32:51.770642176
72	court, genocide, justice, complaint, request	11	2025-02-27 14:32:51.770642176
73	existing, rejecting, legitimacy, tidings, unity	1	2025-02-27 14:32:51.770642176
74	personally, satisfied, fact, page, share	4	2025-02-27 14:32:51.770642176
75	speedy, recovery, mercy, martyrs, wounded	5	2025-02-27 14:32:51.770642176
76	vehicles, ammunition, enemy, vehicle, destruction	5	2025-02-27 14:32:51.770642176
77	artist, colleagues, karim, professions, awad	1	2025-02-27 14:32:51.770642176
78	girl, stems, severity, varying, neutral	2	2025-02-27 14:32:51.770642176
80	god, victory, heroes, pray, hear	7	2025-02-27 14:32:51.770642176
81	ireland, think, immigration, foreigners, immigrants	1	2025-02-27 14:32:51.770642176
82	walked, withdrawing, growth, 120, started	1	2025-02-27 14:32:51.770642176
86	qatari, ramadan, al, sudanese, religious	1	2025-02-27 14:32:51.770642176
89	promotion, determine, priorities, china, begins	1	2025-02-27 14:32:51.770642176
91	figure, account, existing, provisions, interference	3	2025-02-27 14:32:51.770642176
92	heroes, kikel, moving, awakening, axes	4	2025-02-27 14:32:51.770642176
95	kordofan, nubia, indicating, advocacy, road	2	2025-02-27 14:32:51.770642176
96	regiment, access, safety, executive, called	1	2025-02-27 14:32:51.770642176
99	httpstmesaqwl, saqwl, , , 	2	2025-02-27 14:32:51.770642176
100	directions, outskirts, palace, determination, talk	4	2025-02-27 14:32:51.770642176
101	edition, dalqo, resilience, dabba, exhibition	1	2025-02-27 14:32:51.770642176
102	republican, palace, building, trump, biden	1	2025-02-27 14:32:51.770642176
103	tweezers, extermination, arabs, mercenary, diaspora	1	2025-02-27 14:32:51.770642176
104	badr, bin, battle, muslims, seventy	4	2025-02-27 14:32:51.770642176
105	celebrate, student, march, liberation, al	1	2025-02-27 14:32:51.770642176
106	travelers, abyad, iftar, traffic, ramadan	1	2025-02-27 14:32:51.770642176
107	nuba, chief, chairman, masalit, sovereignty	6	2025-02-27 14:32:51.770642176
109	southern, refugee, documents, refugees, deporting	7	2025-02-27 14:32:51.770642176
110	anti, drones, aircraft, missiles, crews	3	2025-02-27 14:32:51.770642176
111	kidney, crowding, medications, seize, causes	1	2025-02-27 14:32:51.770642176
112	saves, patrol, combing, pregnant, guard	1	2025-02-27 14:32:51.770642176
114	returnee, migration, returnees, encourages, 2003	1	2025-02-27 14:32:51.770642176
115	priorities, vision, digital, jibril, previously	1	2025-02-27 14:32:51.770642176
117	renews, prepare, housing, fund, secretary	1	2025-02-27 14:32:51.770642176
119	whatsapp, channel, follow, telegram, httpswhatsappcomchaannel0029vb2jdpaixnnnnnnnnnnnnpxuj5a1x	3	2025-02-27 14:32:51.770642176
120	eliminated, secured, daughters, regain, countryside	4	2025-02-27 14:32:51.770642176
121	temperatures, slight, rise, meteorology, degrees	2	2025-02-27 14:32:51.770642176
122	vandalism, clinics, lifesaving, operate, shortage	1	2025-02-27 14:32:51.770642176
123	doctors, network, killing, regrets, 46	2	2025-02-27 14:32:51.770642176
124	chadian, adri, crossings, close, geneina	2	2025-02-27 14:32:51.770642176
125	whatsapp, majid, follow, abdul, channel	1	2025-02-27 14:32:51.770642176
126	umrah, hajj, 1446, ah, pilgrims	1	2025-02-27 14:32:51.770642176
127	gangs, artillery, moment, city, terrorist	2	2025-02-27 14:32:51.770642176
128	whatsapp, channel, follow, httpstmesudaaan, httpswhatsappcomchaannel0029vb2jdpaixnnnnnnnnnnnnnpxuj5a1x	6	2025-02-27 14:32:51.770642176
129	strong, threat, frightening, treated, armies	1	2025-02-27 14:32:51.770642176
130	join, scene, httpstmesdnewsnetlork, link, telegram	13	2025-02-27 14:32:51.770642176
132	province, handed, distribute, bag, practices	1	2025-02-27 14:32:51.770642176
135	chains, climate, microfinance, sector, impact	1	2025-02-27 14:32:51.770642176
136	win, strength, god, prevail, gods	3	2025-02-27 14:32:51.770642176
140	looted, shops, sanctity, raided, merchant	4	2025-02-27 14:32:51.770642176
145	terrorist, environment, allow, added, 27	3	2025-02-27 14:32:51.770642176
147	approximately, deportation, southern, island, announces	1	2025-02-27 14:32:51.770642176
149	refuse, divisions, enter, say, imagined	5	2025-02-27 14:32:51.770642176
150	relation, goods, offered, investment, consumer	1	2025-02-27 14:32:51.770642176
156	watan, 27, march, 2025, thursday	2	2025-02-27 14:32:51.770642176
157	regiment, meroe, deposits, achieved, battle	5	2025-02-27 14:32:51.770642176
159	algeria, somalia, adhere, ceasefire, holy	2	2025-02-27 14:32:51.770642176
161	accountable, hold, necessary, groups, know	1	2025-02-27 14:32:51.770642176
162	creation, district, neighborhood, willing, entire	2	2025-02-27 14:32:51.770642176
163	1446, kordofan, abbasiya, profession, shikan	1	2025-02-27 14:32:51.770642176
167	charge, poisons, medicines, praising, role	2	2025-02-27 14:32:51.770642176
170	pray, ask, soldiers, leader, god	2	2025-02-27 14:32:51.770642176
172	broadcasts, umm, store, explosion, video	1	2025-02-27 14:32:51.770642176
175	safely, request, easily, whatsapp, transfer	9	2025-02-27 14:32:51.770642176
177	republican, palace, proof, reason, renting	3	2025-02-27 14:32:51.770642176
178	factor, unwavering, resilience, emphasizing, decisive	1	2025-02-27 14:32:51.770642176
180	traffic, trucks, users, tomorrow, video	3	2025-02-27 14:32:51.770642176
181	vicinity, destroy, northeastern, escape, crews	2	2025-02-27 14:32:51.770642176
182	britain, british, ambassador, affirmed, integrity	4	2025-02-27 14:32:51.770642176
183	knowing, tickets, requirements, ones, home	1	2025-02-27 14:32:51.770642176
184	bids, historical, science, represents, confirms	1	2025-02-27 14:32:51.770642176
185	camp, compensate, artillery, desperate, shouk	2	2025-02-27 14:32:51.770642176
192	shadow, bitter, lived, tragedy, woman	1	2025-02-27 14:32:51.770642176
195	middle, corresponding, vicinity, farewell, gengueid	5	2025-02-27 14:32:51.770642176
200	evil, cook, skilled, composition, stored	1	2025-02-27 14:32:51.770642176
202	showed, appointed, dismissed, employees, documents	1	2025-02-27 14:32:51.770642176
209	intelligence, service, condition, personality, twice	2	2025-02-27 14:32:51.770642176
210	telecommunications, taher, khair, engineer, accompanied	1	2025-02-27 14:32:51.770642176
211	gender, plot, dispersed, destroyed, counted	4	2025-02-27 14:32:51.770642176
212	asia, correspondent, khalifa, daily, axis	3	2025-02-27 14:32:51.770642176
216	protection, island, civil, decision, national	1	2025-02-27 14:32:51.770642176
218	permissible, zakat, transfer, expatriates, al	3	2025-02-27 14:32:51.770642176
222	thought, trying, arabia, saudi, egypt	1	2025-02-27 14:32:51.770642176
223	guardians, righteous, glorious, forgiveness, mercy	2	2025-02-27 14:32:51.770642176
232	confused, wishing, collaborators, questions, victory	3	2025-02-27 14:32:51.770642176
235	rain, nyala, second, time, meteorology	1	2025-02-27 14:32:51.770642176
236	records, walked, returned, caught, paper	1	2025-02-27 14:32:51.770642176
238	fought, debate, scourge, mistake, fifth	2	2025-02-27 14:32:51.770642176
239	contracting, denies, jazeera, project, al	1	2025-02-27 14:32:51.770642176
242	secured, ensured, riding, comfort, measures	2	2025-02-27 14:32:51.770642176
244	genocide, properties, putting, civilians, constitutes	5	2025-02-27 14:32:51.770642176
248	remaining, infantry, accurately, division, applied	3	2025-02-27 14:32:51.770642176
250	zakat, conveyed, voluntarily, wishing, facilitating	1	2025-02-27 14:32:51.770642176
253	salvation, dispute, owner, air, intelligence	2	2025-02-27 14:32:51.770642176
254	homelands, traitor, sons, homeland, north	2	2025-02-27 14:32:51.770642176
259	240, 125, recorded, february, july	1	2025-02-27 14:32:51.770642176
261	direct, prominent, stated, march, port	1	2025-02-27 14:32:51.770642176
263	uae, did, emirates, gulf, dubai	1	2025-02-27 14:32:51.770642176
268	courses, english, academy, networking, study	5	2025-02-27 14:32:51.770642176
269	slow, suspicion, collaborators, regard, file	3	2025-02-27 14:32:51.770642176
271	resolved, visas, concerns, fully, embassy	1	2025-02-27 14:32:51.770642176
275	stop, deterioration, pressure, uae, way	1	2025-02-27 14:32:51.770642176
276	think, english, language, luck, benefit	1	2025-02-27 14:32:51.770642176
279	motives, ideas, internal, external, deterrent	1	2025-02-27 14:32:51.770642176
-1	al, zamzam, camp, fasher, militia	1220	2025-03-29 20:44:20.119266048
0	fasher, camp, zamzam, el, rapid	152	2025-03-29 20:44:20.119266048
1	exams, university, education, certificate, examinations	42	2025-03-29 20:44:20.119266048
2	aid, humanitarian, nations, united, million	40	2025-03-29 20:44:20.119266048
3	facebook, id, sports, cup, 249	16	2025-03-29 20:44:20.119266048
4	pakistan, india, escalation, tensions, iraqi	7	2025-03-29 20:44:20.119266048
6	watching, heralds, neighbors, accusation, ababa	1	2025-03-29 20:44:20.119266048
7	cholera, renews, health, cases, epidemic	8	2025-03-29 20:44:20.119266048
8	definition, israel, territories, samoud, specialties	3	2025-03-29 20:44:20.119266048
9	zamzam, fasher, camp, al, shouk	30	2025-03-29 20:44:20.119266048
10	sexual, rape, violence, women, girls	14	2025-03-29 20:44:20.119266048
11	agriculture, azraq, rukn, agricultural, cultivation	16	2025-03-29 20:44:20.119266048
12	injury, homes, neighborhoods, bombing, dragging	26	2025-03-29 20:44:20.119266048
13	god, lord, willing, best, reward	9	2025-03-29 20:44:20.119266048
15	response, required, assistant, kosti, emergence	2	2025-03-29 20:44:20.119266048
16	enjoy, rule, 2736, seeing, runs	3	2025-03-29 20:44:20.119266048
17	standard, serving, accompanying, improving, possibility	13	2025-03-29 20:44:20.119266048
18	genocide, crimes, law, ethnic, international	30	2025-03-29 20:44:20.119266048
19	visas, dutch, granted, strengthening, relations	11	2025-03-29 20:44:20.119266048
20	checks, hospital, regarding, specialized, jaber	3	2025-03-29 20:44:20.119266048
21	doctors, medical, patients, malnutrition, health	19	2025-03-29 20:44:20.119266048
22	fabric, discord, polarization, liberation, drag	14	2025-03-29 20:44:20.119266048
23	amani, screen, relieved, suit, democratic	4	2025-03-29 20:44:20.119266048
24	zamzam, tawila, camp, displaced, idp	12	2025-03-29 20:44:20.119266048
25	refugees, 280, outbreak, unhcr, stuck	6	2025-03-29 20:44:20.119266048
26	blue, dalqo, northern, nile, launches	7	2025-03-29 20:44:20.119266048
27	fasher, al, dabbah, zamzam, siege	20	2025-03-29 20:44:20.119266048
28	eritrean, refugees, deploy, priority, pasha	3	2025-03-29 20:44:20.119266048
29	police, interior, modernization, doctrine, pasha	6	2025-03-29 20:44:20.119266048
31	flight, airlines, flights, 50, reunification	6	2025-03-29 20:44:20.119266048
32	deport, residential, saqwl, foreigners, neighborhoods	1	2025-03-29 20:44:20.119266048
33	police, departments, buildings, documentation, 90	8	2025-03-29 20:44:20.119266048
36	rebelled, imagine, violates, republican, palace	1	2025-03-29 20:44:20.119266048
37	files, rahim, inaugurates, leaked, treachery	4	2025-03-29 20:44:20.119266048
38	questioning, undersecretary, enforce, justice, binding	4	2025-03-29 20:44:20.119266048
39	buses, crossing, returnees, returning, egypt	6	2025-03-29 20:44:20.119266048
40	deposits, umbrella, mineral, 150, beds	5	2025-03-29 20:44:20.119266048
41	saqwl, httpstmesaqwl, spokesperson, office, official	21	2025-03-29 20:44:20.119266048
42	rights, human, geneva, invading, civilians	6	2025-03-29 20:44:20.119266048
43	average, monthly, compared, seven, year	1	2025-03-29 20:44:20.119266048
45	drugs, pills, puts, 48, seizes	2	2025-03-29 20:44:20.119266048
46	trafficking, anti, human, smuggling, kasla	4	2025-03-29 20:44:20.119266048
47	questions, legitimate, ask, announce, hope	4	2025-03-29 20:44:20.119266048
48	igad, freeze, african, union, discussions	3	2025-03-29 20:44:20.119266048
49	muslim, god, pursued, daklu, kind	7	2025-03-29 20:44:20.119266048
50	whatsapp, channel, follow, tree, telegram	4	2025-03-29 20:44:20.119266048
51	electricity, energy, electrical, resume, sustainable	14	2025-03-29 20:44:20.119266048
52	estimate, timing, reduced, return, excellent	5	2025-03-29 20:44:20.119266048
53	counterpart, oil, sends, chinese, proof	6	2025-03-29 20:44:20.119266048
54	balad, summary, sudani, news, burhan	7	2025-03-29 20:44:20.119266048
55	siddiq, 21, april, 2025, ali	4	2025-03-29 20:44:20.119266048
56	networks, starlink, communications, internet, nearby	3	2025-03-29 20:44:20.119266048
57	2025, april, plastic, ad, wednesday	13	2025-03-29 20:44:20.119266048
58	ministries, hadi, sayed, secretary, determine	6	2025-03-29 20:44:20.119266048
62	prepared, newspapers, headlines, friday, april	1	2025-03-29 20:44:20.119266048
63	oh, god, whatsapp, ethics, channel	4	2025-03-29 20:44:20.119266048
64	humiliate, wanted, generosity, pride, neighbors	1	2025-03-29 20:44:20.119266048
65	promotion, 300, inauguration, cost, excluded	3	2025-03-29 20:44:20.119266048
66	siege, council, envoy, pointing, security	6	2025-03-29 20:44:20.119266048
67	ranging, facebook, decrease, hiding, vast	7	2025-03-29 20:44:20.119266048
68	alliance, founding, building, achieving, aspirations	5	2025-03-29 20:44:20.119266048
69	suna, agency, news, sudan, sama	13	2025-03-29 20:44:20.119266048
71	journalists, media, anniversary, victim, forum	4	2025-03-29 20:44:20.119266048
72	court, genocide, justice, uae, complaint	9	2025-03-29 20:44:20.119266048
73	turkish, ambassador, proceed, nader, qatar	3	2025-03-29 20:44:20.119266048
74	bitterness, tonight, worse, need, late	5	2025-03-29 20:44:20.119266048
75	speedy, recovery, martyrs, mercy, righteous	11	2025-03-29 20:44:20.119266048
76	ammunition, 20, weapons, seizes, seizure	7	2025-03-29 20:44:20.119266048
77	intellectual, visitors, artist, imagine, let	6	2025-03-29 20:44:20.119266048
78	terrorist, terrorism, claims, 45, india	8	2025-03-29 20:44:20.119266048
79	capacity, station, production, provided, water	1	2025-03-29 20:44:20.119266048
80	whatsapp, channel, sixth, innocent, flags	4	2025-03-29 20:44:20.119266048
81	deported, belt, attached, communicate, lists	2	2025-03-29 20:44:20.119266048
82	shambat, repair, palm, trees, businessman	4	2025-03-29 20:44:20.119266048
83	hospitals, 67, eid, authorized, health	2	2025-03-29 20:44:20.119266048
84	morgue, emirates, visited, reviewed, prosecutor	3	2025-03-29 20:44:20.119266048
85	newspapers, prepared, published, headlines, morning	1	2025-03-29 20:44:20.119266048
86	congo, wonderful, image, sake, visit	6	2025-03-29 20:44:20.119266048
87	employees, jobs, reduced, putting, absent	3	2025-03-29 20:44:20.119266048
88	looking, spring, accounts, currency, shall	7	2025-03-29 20:44:20.119266048
89	diplomat, adding, bodies, american, regional	2	2025-03-29 20:44:20.119266048
90	attempts, slander, narratives, unlike, plays	4	2025-03-29 20:44:20.119266048
92	axis, tactical, stripped, usually, occupy	9	2025-03-29 20:44:20.119266048
94	watan, understanding, memorandum, russian, oil	1	2025-03-29 20:44:20.119266048
95	kordofan, successively, focuses, wound, pumping	4	2025-03-29 20:44:20.119266048
97	narratives, designed, laboratories, break, battle	1	2025-03-29 20:44:20.119266048
100	tries, firmly, inform, commanders, fronts	3	2025-03-29 20:44:20.119266048
102	trump, failures, gets, trillion, mutual	1	2025-03-29 20:44:20.119266048
103	diaspora, sahara, samoud, al, zamzam	9	2025-03-29 20:44:20.119266048
104	honorable, daklu, speedy, planned, pretext	2	2025-03-29 20:44:20.119266048
106	acting, wedding, aforementioned, looks, seventh	1	2025-03-29 20:44:20.119266048
109	refugee, delegation, tribune, employee, employees	6	2025-03-29 20:44:20.119266048
110	drones, missiles, designed, bought, range	9	2025-03-29 20:44:20.119266048
114	migration, returned, egypt, organization, 72	3	2025-03-29 20:44:20.119266048
115	revealing, transportation, dollar, developments, losses	1	2025-03-29 20:44:20.119266048
119	whatsapp, channel, guardians, righteous, follow	3	2025-03-29 20:44:20.119266048
120	tankers, planes, intervene, asked, khaled	1	2025-03-29 20:44:20.119266048
121	temperatures, slight, meteorology, maximum, decrease	14	2025-03-29 20:44:20.119266048
122	medical, clinics, babiker, organization, camp	9	2025-03-29 20:44:20.119266048
123	atbara, targeting, 11, network, killed	2	2025-03-29 20:44:20.119266048
125	whatsapp, majid, follow, abdul, channel	3	2025-03-29 20:44:20.119266048
127	suicide, terrorist, hospitals, defenseless, injury	3	2025-03-29 20:44:20.119266048
128	whatsapp, channel, follow, httpstmesudaaan, httpswhatsappcomchaannel0029vb2jdpaixnnnnnnnnnnnnnpxuj5a1x	14	2025-03-29 20:44:20.119266048
129	vision, years, position, war, change	1	2025-03-29 20:44:20.119266048
130	join, scene, httpstmesdnewsnetlork, link, telegram	13	2025-03-29 20:44:20.119266048
132	minawi, arko, minni, hired, displace	4	2025-03-29 20:44:20.119266048
133	defense, testing, careful, bet, quality	1	2025-03-29 20:44:20.119266048
136	win, strength, god, prevail, promise	11	2025-03-29 20:44:20.119266048
137	slight, temperatures, maximum, weather, parts	3	2025-03-29 20:44:20.119266048
139	insurance, integration, facilities, supplies, health	4	2025-03-29 20:44:20.119266048
140	sanctities, bitter, ransom, fought, kidnapping	2	2025-03-29 20:44:20.119266048
143	prisoners, reassures, monitors, exposed, karama	1	2025-03-29 20:44:20.119266048
144	biography, film, festival, islam, directing	5	2025-03-29 20:44:20.119266048
146	whatsapp, channel, follow, httpswhatsappcomchannel0029vapgy3o7dmecjcizwq2x, httpstmesudaaan	5	2025-03-29 20:44:20.119266048
147	returnees, average, year, monthly, travelers	3	2025-03-29 20:44:20.119266048
150	mark, terrified, investors, investments, journey	1	2025-03-29 20:44:20.119266048
153	railway, prepare, ways, environment, transport	1	2025-03-29 20:44:20.119266048
155	road, birds, roads, inspecting, reassures	7	2025-03-29 20:44:20.119266048
156	watan, 2025, april, nasr, sunday	10	2025-03-29 20:44:20.119266048
157	big, liberated, surprise, liberate, previously	2	2025-03-29 20:44:20.119266048
158	send, additional, assistance, residents, announced	1	2025-03-29 20:44:20.119266048
160	foremost, credible, tunnel, destructive, wisdom	1	2025-03-29 20:44:20.119266048
165	summary, sudani, best, start, news	1	2025-03-29 20:44:20.119266048
169	invading, diplomacy, internal, conflict, project	1	2025-03-29 20:44:20.119266048
177	fall, bright, fact, civilization, means	5	2025-03-29 20:44:20.119266048
178	adventures, fateful, proceeding, reassured, resolved	5	2025-03-29 20:44:20.119266048
182	britain, british, london, ties, envoy	13	2025-03-29 20:44:20.119266048
184	satisfy, hotels, yes, male, europe	1	2025-03-29 20:44:20.119266048
185	rahad, saf, elderly, wave, rsf	5	2025-03-29 20:44:20.119266048
188	tensions, escalating, concerns, technology, threat	1	2025-03-29 20:44:20.119266048
189	identifying, uganda, amnesty, victims, relatives	1	2025-03-29 20:44:20.119266048
190	whatsapp, facebook, httpswwwfacebookcomprofilephpid61556457563338, httpstmealrisala249, httpstmekraray224466	1	2025-03-29 20:44:20.119266048
192	del, escape, journey, 38, faced	2	2025-03-29 20:44:20.119266048
193	shocked, makki, closely, apartment, knew	1	2025-03-29 20:44:20.119266048
195	tweezers, moments, blogging, omdurman, random	4	2025-03-29 20:44:20.119266048
197	emirates, knows, uae, question, arises	2	2025-03-29 20:44:20.119266048
200	liberation, movement, participation, fighting, siege	4	2025-03-29 20:44:20.119266048
201	dam, merowe, vital, facilities, renaissance	1	2025-03-29 20:44:20.119266048
202	auspices, transitional, reform, labor, honor	6	2025-03-29 20:44:20.119266048
203	cemetery, gengueid, graves, khartoumal, read	4	2025-03-29 20:44:20.119266048
207	donation, helps, simple, raises, voice	1	2025-03-29 20:44:20.119266048
209	intelligence, sovereign, chairman, egyptian, head	1	2025-03-29 20:44:20.119266048
211	gender, plot, dispersed, destroyed, counted	5	2025-03-29 20:44:20.119266048
212	asia, correspondent, khalifa, daily, axis	6	2025-03-29 20:44:20.119266048
213	transferred, hospitals, treatment, necessary, receive	1	2025-03-29 20:44:20.119266048
214	channel, httpstmekraray224466, repeat, karry, west	4	2025-03-29 20:44:20.119266048
215	facebook, twitter, 46, status, share	4	2025-03-29 20:44:20.119266048
218	zakat, fourth, delayed, scale, savings	3	2025-03-29 20:44:20.119266048
219	distress, assure, popularresistance, sudanesearmedforces, evident	1	2025-03-29 20:44:20.119266048
222	tourism, discusses, ways, develop, reconstruction	6	2025-03-29 20:44:20.119266048
223	guardians, righteous, glorious, forgiveness, mercy	4	2025-03-29 20:44:20.119266048
229	sedition, cheap, reality, conflicts, tearing	4	2025-03-29 20:44:20.119266048
230	london, demonstration, denouncing, gathering, honorable	6	2025-03-29 20:44:20.119266048
232	remains, militia, barrier, lions, invaders	1	2025-03-29 20:44:20.119266048
233	refrain, instability, renewing, territorial, integrity	1	2025-03-29 20:44:20.119266048
234	systematically, heat, kitchen, camp, zamzam	1	2025-03-29 20:44:20.119266048
237	image, uae, fairly, coincides, intellectuals	5	2025-03-29 20:44:20.119266048
239	arabiya, hebrew, sky, jazeera, mind	1	2025-03-29 20:44:20.119266048
240	ambada, settle, wishing, trips, saad	1	2025-03-29 20:44:20.119266048
244	kidnapping, tightening, prevention, doctors, sponsor	4	2025-03-29 20:44:20.119266048
245	luxury, meals, factories, kilograms, meat	1	2025-03-29 20:44:20.119266048
247	deceived, daklu, warned, proof, family	2	2025-03-29 20:44:20.119266048
248	daklu, 6th, infantry, sudden, follows	5	2025-03-29 20:44:20.119266048
249	kilos, 44, gold, kasla, smuggling	2	2025-03-29 20:44:20.119266048
251	unfortunately, occurs, morning, displacement, occupied	1	2025-03-29 20:44:20.119266048
253	fixed, victorious, usual, nature, man	1	2025-03-29 20:44:20.119266048
255	khaled, spokesman, official, al, government	1	2025-03-29 20:44:20.119266048
260	noura, blind, warehouses, rawaba, friend	1	2025-03-29 20:44:20.119266048
262	follows, names, far, bodies, morgue	1	2025-03-29 20:44:20.119266048
263	chasing, morally, legally, afraid, uae	2	2025-03-29 20:44:20.119266048
264	ages, 32, toll, afternoon, injury	1	2025-03-29 20:44:20.119266048
271	miserable, intervention, dangerous, crossing, needs	1	2025-03-29 20:44:20.119266048
273	humiliated, likes, killers, courage, criminals	1	2025-03-29 20:44:20.119266048
275	makes, involvement, experts, evidence, clear	1	2025-03-29 20:44:20.119266048
277	successful, enhance, remove, gum, celebrating	3	2025-03-29 20:44:20.119266048
279	existential, goes, fronts, determined, entity	1	2025-03-29 20:44:20.119266048
280	uae, emirates, relation, asking, allegations	3	2025-03-29 20:44:20.119266048
282	khater, result, injured, killed, surprising	4	2025-03-29 20:44:20.119266048
286	jobs, interested, organizations, courses, category	1	2025-03-29 20:44:20.119266048
-1	al, militia, nile, governor, uae	1022	2025-04-29 02:55:48.467889888
0	fasher, camp, el, al, rapid	79	2025-04-29 02:55:48.467889888
1	students, education, exams, certificate, school	98	2025-04-29 02:55:48.467889888
2	aid, humanitarian, adre, organizations, nations	28	2025-04-29 02:55:48.467889888
3	football, facebook, league, id, qualifying	27	2025-04-29 02:55:48.467889888
4	jaber, arrives, privileges, summit, participate	9	2025-04-29 02:55:48.467889888
6	domination, sword, deepening, resisting, interfering	2	2025-04-29 02:55:48.467889888
7	cholera, cases, measles, mosquitoes, governorates	34	2025-04-29 02:55:48.467889888
8	gaza, hamidati, recognition, shaking, offer	7	2025-04-29 02:55:48.467889888
9	shelling, artillery, shells, fasher, al	11	2025-04-29 02:55:48.467889888
10	sexual, women, violence, rape, girls	15	2025-04-29 02:55:48.467889888
11	agricultural, technology, season, production, dependence	14	2025-04-29 02:55:48.467889888
12	artillery, civilians, burning, usual, injury	12	2025-04-29 02:55:48.467889888
13	god, stems, protector, harming, lord	9	2025-04-29 02:55:48.467889888
14	dropped, publish, showing, trips, modern	2	2025-04-29 02:55:48.467889888
15	required, assistant, port, degree, vacancies	4	2025-04-29 02:55:48.467889888
16	representation, neglected, prospects, bodies, voices	2	2025-04-29 02:55:48.467889888
17	charity, meals, qatar, food, pregnant	20	2025-04-29 02:55:48.467889888
18	crimes, memory, international, law, accountability	9	2025-04-29 02:55:48.467889888
19	revive, diplomacy, rare, arman, trump	8	2025-04-29 02:55:48.467889888
20	cooperation, sponsor, agency, tv, announcing	6	2025-04-29 02:55:48.467889888
21	doctors, funding, room, health, noura	16	2025-04-29 02:55:48.467889888
22	heroes, epic, battle, axes, praise	5	2025-04-29 02:55:48.467889888
24	personally, hosted, district, rural, zamzam	6	2025-04-29 02:55:48.467889888
25	refugees, 25, white, south, commissioner	10	2025-04-29 02:55:48.467889888
26	blue, nile, white, governor, ruler	14	2025-04-29 02:55:48.467889888
27	marshal, al, fasher, haftar, khalifa	14	2025-04-29 02:55:48.467889888
28	59, ethiopian, foreigners, programs, operation	1	2025-04-29 02:55:48.467889888
29	police, security, remove, crime, presence	33	2025-04-29 02:55:48.467889888
30	dabba, bank, branch, banks, mechanisms	4	2025-04-29 02:55:48.467889888
32	59, passports, foreigners, passport, police	10	2025-04-29 02:55:48.467889888
33	design, thefts, furniture, police, property	14	2025-04-29 02:55:48.467889888
34	heat, stress, jazira, risk, warned	1	2025-04-29 02:55:48.467889888
35	saving, truce, ceasefire, deliver, immediate	1	2025-04-29 02:55:48.467889888
36	revolution, assessments, pretexts, stems, exposed	2	2025-04-29 02:55:48.467889888
37	rehabilitating, inch, announcing, participate, ok	7	2025-04-29 02:55:48.467889888
38	article, procedure, 79, code, 78	6	2025-04-29 02:55:48.467889888
39	visitors, alexandria, brings, residency, tickets	3	2025-04-29 02:55:48.467889888
40	gold, mineral, exports, tightening, wealth	8	2025-04-29 02:55:48.467889888
41	saqwl, httpstmesaqwl, spokesperson, office, watch	29	2025-04-29 02:55:48.467889888
42	experts, rights, appoints, human, committed	2	2025-04-29 02:55:48.467889888
43	replacement, bank, biggest, benefiting, banking	3	2025-04-29 02:55:48.467889888
44	corona, risk, cases, drink, global	6	2025-04-29 02:55:48.467889888
46	cell, hostages, 140, smuggling, trafficking	4	2025-04-29 02:55:48.467889888
47	consideration, ahead, eyes, worth, step	3	2025-04-29 02:55:48.467889888
48	african, president, continent, union, lakes	3	2025-04-29 02:55:48.467889888
49	god, familiar, read, almighty, fruit	5	2025-04-29 02:55:48.467889888
50	whatsapp, channel, follow, telegram, httpstmesudaaan	8	2025-04-29 02:55:48.467889888
51	station, electricity, maintenance, masters, omdurman	6	2025-04-29 02:55:48.467889888
52	displaced, environment, original, generous, shelter	13	2025-04-29 02:55:48.467889888
54	prominent, air, headlines, warplanes, gatherings	2	2025-04-29 02:55:48.467889888
55	raouf, taha, ismail, released, 2025	3	2025-04-29 02:55:48.467889888
56	logic, walking, event, participating, honorary	3	2025-04-29 02:55:48.467889888
57	17, released, 2025, saturday, 13	6	2025-04-29 02:55:48.467889888
58	chairman, assign, repair, transitional, restart	12	2025-04-29 02:55:48.467889888
59	smuggle, customs, thwarting, attempt, 60	10	2025-04-29 02:55:48.467889888
63	hamar, martyrs, god, righteous, dar	7	2025-04-29 02:55:48.467889888
64	fires, turn, steadfastness, tamper, sand	4	2025-04-29 02:55:48.467889888
65	discusses, federal, supporting, health, northern	1	2025-04-29 02:55:48.467889888
66	security, undermining, precautionary, netherlands, arm	4	2025-04-29 02:55:48.467889888
67	weather, fragile, societies, gap, climate	4	2025-04-29 02:55:48.467889888
68	dealings, origins, regardless, equal, discrimination	2	2025-04-29 02:55:48.467889888
69	suna, agency, news, sudan, sama	6	2025-04-29 02:55:48.467889888
70	suspects, passports, delivered, cell, submitted	2	2025-04-29 02:55:48.467889888
71	journalists, media, syndicate, 31, tragedy	8	2025-04-29 02:55:48.467889888
72	court, uae, justice, genocide, lawsuit	11	2025-04-29 02:55:48.467889888
73	aggression, external, brotherly, friendly, non	15	2025-04-29 02:55:48.467889888
74	hit, known, dont, come, didnt	1	2025-04-29 02:55:48.467889888
75	speedy, recovery, martyrs, mercy, wounded	8	2025-04-29 02:55:48.467889888
76	ammunition, map, flow, jaber, weapons	3	2025-04-29 02:55:48.467889888
77	artistic, medium, artist, residence, faisal	2	2025-04-29 02:55:48.467889888
78	terrorist, preventing, enter, cautious, stopping	4	2025-04-29 02:55:48.467889888
79	regrets, irrigation, systematic, presidency, destruction	8	2025-04-29 02:55:48.467889888
80	religion, bara, malik, heart, bin	2	2025-04-29 02:55:48.467889888
81	legal, prosecutions, smooth, fixed, furniture	4	2025-04-29 02:55:48.467889888
82	300, ready, rents, eviction, rental	7	2025-04-29 02:55:48.467889888
83	diagnostic, inspecting, informing, proposed, integrated	4	2025-04-29 02:55:48.467889888
84	emirates, saad, uae, victims, ali	3	2025-04-29 02:55:48.467889888
86	church, evaluate, father, evaluating, rituals	8	2025-04-29 02:55:48.467889888
87	positive, impact, implementing, workers, economic	1	2025-04-29 02:55:48.467889888
89	diplomat, american, chinese, foreign, countries	1	2025-04-29 02:55:48.467889888
91	interventions, external, dialogue, began, sudanese	2	2025-04-29 02:55:48.467889888
92	eliminated, defenses, remaining, heroes, enemy	3	2025-04-29 02:55:48.467889888
93	pharmaceutical, industries, supporting, committed, national	3	2025-04-29 02:55:48.467889888
94	petroleum, smooth, shipping, resumed, contained	1	2025-04-29 02:55:48.467889888
95	coordinator, regional, northern, meets, governor	2	2025-04-29 02:55:48.467889888
96	navy, rank, stars, excellence, star	3	2025-04-29 02:55:48.467889888
97	workshop, publications, press, empower, amend	11	2025-04-29 02:55:48.467889888
98	eritrea, monitoring, original, times, documentation	2	2025-04-29 02:55:48.467889888
99	httpstmesaqwl, saqwl, , , 	1	2025-04-29 02:55:48.467889888
100	sky, stable, embrace, supporting, high	3	2025-04-29 02:55:48.467889888
103	facebook, id, fight, latest, dignity	1	2025-04-29 02:55:48.467889888
104	prevails, openness, relative, valiant, calm	1	2025-04-29 02:55:48.467889888
105	64, ambush, separate, appointing, afternoon	3	2025-04-29 02:55:48.467889888
106	obaid, rashid, reassures, conspiracies, mosques	6	2025-04-29 02:55:48.467889888
107	congratulates, occasion, entire, liberation, governor	1	2025-04-29 02:55:48.467889888
109	registered, refugee, foreigners, 400, deport	8	2025-04-29 02:55:48.467889888
112	anti, irregular, libyan, broke, saqwl	1	2025-04-29 02:55:48.467889888
114	migration, flee, wave, million, appeal	1	2025-04-29 02:55:48.467889888
117	rental, estate, decreased, rent, pounds	3	2025-04-29 02:55:48.467889888
119	whatsapp, channel, follow, telegram, httpswhatsappcomchaannel0029vb2jdpaixnnnnnnnnnnnnpxuj5a1x	1	2025-04-29 02:55:48.467889888
121	temperatures, meteorology, slight, rise, maximum	17	2025-04-29 02:55:48.467889888
122	residents, medical, worsened, lack, kitchens	4	2025-04-29 02:55:48.467889888
123	rahim, doctors, mercenaries, garden, object	3	2025-04-29 02:55:48.467889888
125	whatsapp, majid, follow, abdul, channel	2	2025-04-29 02:55:48.467889888
126	regiment, pilgrims, hajj, heading, rituals	5	2025-04-29 02:55:48.467889888
128	whatsapp, channel, follow, httpstmesudaaan, httpswhatsappcomchaannel0029vb2jdpaixnnnnnnnnnnnnnpxuj5a1x	19	2025-04-29 02:55:48.467889888
129	debate, chosen, enemy, imposed, know	2	2025-04-29 02:55:48.467889888
130	join, scene, httpstmesdnewsnetlork, link, telegram	14	2025-04-29 02:55:48.467889888
132	intimidation, mayor, longer, welcomes, marginal	2	2025-04-29 02:55:48.467889888
135	study, uganda, kingdom, luck, application	4	2025-04-29 02:55:48.467889888
136	win, strength, god, victorious, prevail	20	2025-04-29 02:55:48.467889888
137	slight, temperatures, weather, maximum, rise	14	2025-04-29 02:55:48.467889888
138	zakaria, democratic, shift, externally, observers	2	2025-04-29 02:55:48.467889888
139	insurance, 87, allocates, model, revenues	6	2025-04-29 02:55:48.467889888
140	starving, releasing, looting, inmates, displacing	1	2025-04-29 02:55:48.467889888
141	accurate, poles, transient, excessive, rational	2	2025-04-29 02:55:48.467889888
142	watan, 2025, news, al, thursday	16	2025-04-29 02:55:48.467889888
145	creates, unrest, exacerbates, excellence, flows	1	2025-04-29 02:55:48.467889888
146	channel, whatsapp, follow, httpswhatsappcomchannel0029vapgy3o7dmecjcizwq2x, telegram	1	2025-04-29 02:55:48.467889888
147	registered, 400, apply, asylum, removal	1	2025-04-29 02:55:48.467889888
148	coverage, fees, httpstmesaqwl, determined, noted	2	2025-04-29 02:55:48.467889888
149	bird, birds, norway, research, veterinary	5	2025-04-29 02:55:48.467889888
151	sesame, trading, warehouses, gum, nahud	1	2025-04-29 02:55:48.467889888
153	transportation, internal, travel, lack, market	2	2025-04-29 02:55:48.467889888
154	cities, link, news, karari, headlines	1	2025-04-29 02:55:48.467889888
155	road, continental, qalabat, asphalt, saad	5	2025-04-29 02:55:48.467889888
156	watan, 2025, ad, news, al	18	2025-04-29 02:55:48.467889888
157	facebook, id, victory, 249, gengueid	4	2025-04-29 02:55:48.467889888
158	organizing, aimed, protecting, localities, community	3	2025-04-29 02:55:48.467889888
159	guterres, marches, secretary, iraqi, targeting	1	2025-04-29 02:55:48.467889888
160	platform, jeddah, negotiating, established, subsequent	1	2025-04-29 02:55:48.467889888
161	ethical, vote, conclusion, happened, fall	2	2025-04-29 02:55:48.467889888
162	vacation, summer, date, sea, announces	2	2025-04-29 02:55:48.467889888
163	funeral, sayed, diplomat, treat, mourns	5	2025-04-29 02:55:48.467889888
166	confiscated, granting, tools, exploitation, coup	1	2025-04-29 02:55:48.467889888
167	meet, hospital, delegation, development, director	1	2025-04-29 02:55:48.467889888
169	ignored, accountability, isolation, question, steps	2	2025-04-29 02:55:48.467889888
170	heart, god, cowardly, conspiracies, enemies	2	2025-04-29 02:55:48.467889888
171	uganda, study, master, excellent, submission	8	2025-04-29 02:55:48.467889888
173	scholarship, admission, apply, university, grant	3	2025-04-29 02:55:48.467889888
175	contracts, payment, collection, banks, electronic	5	2025-04-29 02:55:48.467889888
177	abundant, civilization, ancient, helping, contribution	5	2025-04-29 02:55:48.467889888
178	sadness, regret, appeared, post, commanderinchief	1	2025-04-29 02:55:48.467889888
181	surroundings, peripheral, openness, crew, infiltration	1	2025-04-29 02:55:48.467889888
185	jabra, sheikh, shouk, shakes, gunpoint	2	2025-04-29 02:55:48.467889888
186	ahmad, engineers, father, weapon, khaled	1	2025-04-29 02:55:48.467889888
187	120, returns, republic, receives, arab	2	2025-04-29 02:55:48.467889888
189	kampala, ugandan, suburb, park, denounce	1	2025-04-29 02:55:48.467889888
193	130, prison, article, facebook, release	4	2025-04-29 02:55:48.467889888
194	facebook, join, 46, scene, twitter	1	2025-04-29 02:55:48.467889888
195	medina, regulatory, crossing, rehabilitate, arqin	4	2025-04-29 02:55:48.467889888
196	paid, car, department, investigation, theft	7	2025-04-29 02:55:48.467889888
197	fatal, emirates, revenge, uae, officers	6	2025-04-29 02:55:48.467889888
198	study, actual, german, english, language	2	2025-04-29 02:55:48.467889888
200	prince, abdul, overwhelming, sedition, secured	2	2025-04-29 02:55:48.467889888
202	service, civil, conference, start, selection	5	2025-04-29 02:55:48.467889888
203	cemetery, gengueid, read, whatsapp, khartoumal	15	2025-04-29 02:55:48.467889888
206	distribute, mosques, completion, campaign, arrangements	3	2025-04-29 02:55:48.467889888
208	sanctions, domination, controversial, imposition, rebellious	1	2025-04-29 02:55:48.467889888
210	internet, faces, registration, demand, challenges	2	2025-04-29 02:55:48.467889888
211	gender, plot, dispersed, destroyed, counted	1	2025-04-29 02:55:48.467889888
212	asia, correspondent, caliph, daily, axis	9	2025-04-29 02:55:48.467889888
214	channel, httpstmekraray224466, karry, net, repeat	18	2025-04-29 02:55:48.467889888
215	facebook, share, armed, sudanesearmedforces, sudan	2	2025-04-29 02:55:48.467889888
217	heritage, library, consultative, selection, documentation	4	2025-04-29 02:55:48.467889888
218	zakat, balance, seek, poor, secretary	5	2025-04-29 02:55:48.467889888
219	distress, evident, facebook, popularresistance, strength	3	2025-04-29 02:55:48.467889888
220	headlines, 30, wednesday, morning, issued	1	2025-04-29 02:55:48.467889888
221	dirhams, sold, instead, budget, heba	2	2025-04-29 02:55:48.467889888
223	allowance, acceptable, euros, airlines, tickets	2	2025-04-29 02:55:48.467889888
224	radio, pulse, breath, clips, ancient	1	2025-04-29 02:55:48.467889888
225	ownership, vehicle, highlighting, identification, owner	4	2025-04-29 02:55:48.467889888
226	compulsory, language, certificate, interact, karry	2	2025-04-29 02:55:48.467889888
228	relevant, organization, necessary, refugees, immigration	1	2025-04-29 02:55:48.467889888
229	talked, traitor, works, ago, electricity	1	2025-04-29 02:55:48.467889888
230	capitals, europe, gathering, honorable, demonstrations	2	2025-04-29 02:55:48.467889888
233	discourse, fast, map, ceasefire, exposed	3	2025-04-29 02:55:48.467889888
237	image, polish, uae, event, evil	3	2025-04-29 02:55:48.467889888
239	artistic, outlets, funded, cultural, silence	3	2025-04-29 02:55:48.467889888
242	screening, prefer, highlights, potential, decisively	1	2025-04-29 02:55:48.467889888
247	mafia, terrified, eliminated, limited, capabilities	1	2025-04-29 02:55:48.467889888
248	infantry, heroism, neglect, division, soil	1	2025-04-29 02:55:48.467889888
250	zakat, blue, insurance, discusses, important	1	2025-04-29 02:55:48.467889888
251	slightest, regulation, prolonged, breath, hope	3	2025-04-29 02:55:48.467889888
252	ugandan, elections, oppose, salva, scheduled	1	2025-04-29 02:55:48.467889888
254	expels, solid, steadfastness, traitor, desert	2	2025-04-29 02:55:48.467889888
260	jabra, sheikh, shakes, expelling, stormed	1	2025-04-29 02:55:48.467889888
263	rulings, customers, uae, confront, able	3	2025-04-29 02:55:48.467889888
266	72, graduation, batch, dongola, air	2	2025-04-29 02:55:48.467889888
268	courses, english, academy, networking, airline	5	2025-04-29 02:55:48.467889888
270	generous, chadian, takes, initiative, president	1	2025-04-29 02:55:48.467889888
273	traitor, tolerate, traitors, view, negotiate	2	2025-04-29 02:55:48.467889888
276	benefit, hoping, luck, english, language	2	2025-04-29 02:55:48.467889888
277	forest, forestry, identifying, ruler, achievements	3	2025-04-29 02:55:48.467889888
279	reading, internal, context, short, war	3	2025-04-29 02:55:48.467889888
280	uae, relations, diplomats, inevitably, dhabi	12	2025-04-29 02:55:48.467889888
282	abyad, injuries, shelling, karama, stands	2	2025-04-29 02:55:48.467889888
286	jobs, interested, organizations, contains, courses	1	2025-04-29 02:55:48.467889888
287	maximum, age, 30, years, reliable	2	2025-04-29 02:55:48.467889888
-1	al, militia, kordofan, prime, kamel	747	2025-05-29 09:07:16.816513728
0	rapid, el, kordofan, fasher, bombing	48	2025-05-29 09:07:16.816513728
1	exams, certificate, students, education, chadian	77	2025-05-29 09:07:16.816513728
2	aid, humanitarian, malnutrition, food, famine	30	2025-05-29 09:07:16.816513728
3	club, honorary, ahead, board, mauritanian	8	2025-05-29 09:07:16.816513728
4	iran, iranian, anticipation, bases, missiles	11	2025-05-29 09:07:16.816513728
6	ethiopian, abi, message, prime, ethiopia	5	2025-05-29 09:07:16.816513728
7	cholera, cases, measles, epidemic, doctors	34	2025-05-29 09:07:16.816513728
8	israel, palestinian, israeli, gaza, flood	21	2025-05-29 09:07:16.816513728
9	al, confirm, affiliated, shouk, fasher	11	2025-05-29 09:07:16.816513728
10	sexual, rape, violence, documented, women	8	2025-05-29 09:07:16.816513728
11	somali, gift, low, harvest, riyals	2	2025-05-29 09:07:16.816513728
12	plundering, phenomenon, displacement, gross, witnessing	6	2025-05-29 09:07:16.816513728
13	lord, god, comfort, harm, does	5	2025-05-29 09:07:16.816513728
15	msf, supervisor, required, job, nursing	20	2025-05-29 09:07:16.816513728
16	ministerial, ministers, formation, batch, 14	7	2025-05-29 09:07:16.816513728
17	baskets, 1000, shok, distribution, needy	5	2025-05-29 09:07:16.816513728
18	legal, law, ignores, creates, collusion	4	2025-05-29 09:07:16.816513728
19	ambassador, forums, thanked, sadiq, welcomed	3	2025-05-29 09:07:16.816513728
20	kamel, consul, governor, reviews, salam	2	2025-05-29 09:07:16.816513728
21	tina, suspicion, barrels, publishes, triangle	3	2025-05-29 09:07:16.816513728
22	struggle, forgiveness, comrades, victory, martyrs	6	2025-05-29 09:07:16.816513728
24	shortage, stated, crazy, chamber, malnutrition	7	2025-05-29 09:07:16.816513728
25	refugees, chad, south, commissioner, high	7	2025-05-29 09:07:16.816513728
26	supporter, delivers, ruler, blue, research	10	2025-05-29 09:07:16.816513728
27	fasher, good, el, responded, attack	8	2025-05-29 09:07:16.816513728
28	115, ethiopian, ethiopia, jews, voluntary	6	2025-05-29 09:07:16.816513728
29	police, security, phenomena, negative, crime	22	2025-05-29 09:07:16.816513728
31	landed, airport, clarify, maintain, plane	2	2025-05-29 09:07:16.816513728
32	adults, passport, fees, approved, foreigners	3	2025-05-29 09:07:16.816513728
33	crime, decrease, rates, phenomena, security	10	2025-05-29 09:07:16.816513728
34	erosion, disrupted, passing, flood, stage	2	2025-05-29 09:07:16.816513728
35	tables, explains, triangle, babiker, faisal	2	2025-05-29 09:07:16.816513728
37	bonds, spaces, transformations, expecting, al	4	2025-05-29 09:07:16.816513728
38	case, defect, forged, restricted, description	4	2025-05-29 09:07:16.816513728
39	egypt, fines, remarkable, tourist, renewal	3	2025-05-29 09:07:16.816513728
40	suspension, mining, river, civil, calls	1	2025-05-29 09:07:16.816513728
41	saqwl, httpstmesaqwl, spokesperson, office, watch	18	2025-05-29 09:07:16.816513728
42	rights, watch, human, rulings, platform	2	2025-05-29 09:07:16.816513728
43	worsened, dealers, liquidity, transactions, sold	1	2025-05-29 09:07:16.816513728
45	drug, disintegration, celebrations, control, individual	8	2025-05-29 09:07:16.816513728
46	course, italy, investigation, africa, criminal	1	2025-05-29 09:07:16.816513728
47	clarify, points, main, matter, waiting	1	2025-05-29 09:07:16.816513728
48	continent, mobilizing, weight, standing, given	1	2025-05-29 09:07:16.816513728
49	allah, heal, pray, god, bless	8	2025-05-29 09:07:16.816513728
50	whatsapp, follow, reliable, coverage, immediate	7	2025-05-29 09:07:16.816513728
51	electricity, solar, inaugurate, berber, programming	13	2025-05-29 09:07:16.816513728
52	difficult, conditions, displaced, weak, harsh	11	2025-05-29 09:07:16.816513728
53	calculated, warehouse, price, kilo, gas	2	2025-05-29 09:07:16.816513728
54	sudani, june, army, classify, outages	5	2025-05-29 09:07:16.816513728
55	saleh, adam, muhammad, damazin, abdul	1	2025-05-29 09:07:16.816513728
56	starlink, confiscation, getting, worse, internet	1	2025-05-29 09:07:16.816513728
57	august, 2024, report, according, ad	1	2025-05-29 09:07:16.816513728
58	ministries, optimism, loyalty, resumption, units	11	2025-05-29 09:07:16.816513728
59	customs, charge, economy, praises, interior	6	2025-05-29 09:07:16.816513728
62	june, sudani, headlines, newspapers, 2025	2	2025-05-29 09:07:16.816513728
63	god, great, home, oh, mighty	3	2025-05-29 09:07:16.816513728
64	does, neglect, deserves, asks, love	3	2025-05-29 09:07:16.816513728
65	surgery, center, affirms, running, kind	11	2025-05-29 09:07:16.816513728
66	speech, ambitious, idris, detailed, delivered	1	2025-05-29 09:07:16.816513728
67	auspices, climate, temperatures, facebook, record	7	2025-05-29 09:07:16.816513728
69	suna, agency, news, sudan, sama	5	2025-05-29 09:07:16.816513728
70	verification, signature, photos, copy, passport	1	2025-05-29 09:07:16.816513728
73	developments, following, egypt, war, sudanese	1	2025-05-29 09:07:16.816513728
74	page, share, come, like, end	1	2025-05-29 09:07:16.816513728
75	speedy, recovery, martyrs, righteous, pray	5	2025-05-29 09:07:16.816513728
76	vehicles, enemy, 300, losses, ended	4	2025-05-29 09:07:16.816513728
77	plastic, artist, suleiman, mourns, reason	1	2025-05-29 09:07:16.816513728
80	prevail, speedy, prayers, recovery, safety	1	2025-05-29 09:07:16.816513728
81	illegal, immigrants, anti, citizenship, trump	4	2025-05-29 09:07:16.816513728
82	audit, lived, costs, bureau, evaluation	5	2025-05-29 09:07:16.816513728
83	celebrate, arrival, equipment, jazeera, village	1	2025-05-29 09:07:16.816513728
84	maulana, assassinated, yassin, lawyer, baqi	3	2025-05-29 09:07:16.816513728
86	prayer, eid, perform, mosques, securing	1	2025-05-29 09:07:16.816513728
87	directing, emphasizes, creating, environment, workers	1	2025-05-29 09:07:16.816513728
89	standards, memorandum, meet, specified, diplomats	1	2025-05-29 09:07:16.816513728
90	equal, customers, try, life, souls	3	2025-05-29 09:07:16.816513728
92	northeastern, trained, competencies, claiming, battalion	2	2025-05-29 09:07:16.816513728
93	pharmaceutical, flow, treatment, free, plan	1	2025-05-29 09:07:16.816513728
94	hiatus, pumping, oil, long, southern	1	2025-05-29 09:07:16.816513728
96	problem, neighboring, added, rapid, forces	1	2025-05-29 09:07:16.816513728
100	know, directions, estimates, confidence, soldiers	1	2025-05-29 09:07:16.816513728
101	stands, 124, corporation, bahri, television	3	2025-05-29 09:07:16.816513728
102	trump, counselor, grandfather, born, immigrant	1	2025-05-29 09:07:16.816513728
105	blessed, inspected, goes, drivers, extended	2	2025-05-29 09:07:16.816513728
106	iran, kamel, authorizes, headed, authorized	2	2025-05-29 09:07:16.816513728
107	sees, enhance, secure, directed, developments	1	2025-05-29 09:07:16.816513728
108	donor, saving, pace, providing, materials	1	2025-05-29 09:07:16.816513728
109	caravan, refugee, irregular, identified, designated	1	2025-05-29 09:07:16.816513728
110	spy, 750, missile, explosive, linked	1	2025-05-29 09:07:16.816513728
111	operation, successful, hearing, patient, hospital	4	2025-05-29 09:07:16.816513728
112	illegal, immigrants, migrants, libya, libyan	5	2025-05-29 09:07:16.816513728
114	jazira, migration, organization, returned, homes	2	2025-05-29 09:07:16.816513728
115	reluctance, 71, sell, liquidity, poverty	2	2025-05-29 09:07:16.816513728
116	haftar, libyan, khalifa, libya, desert	8	2025-05-29 09:07:16.816513728
117	sabreen, floating, confrontation, awliya, selling	4	2025-05-29 09:07:16.816513728
118	consultations, heard, related, children, love	1	2025-05-29 09:07:16.816513728
119	whatsapp, channel, follow, telegram, httpswhatsappcomchaannel0029vb2jdpaixnnnnnnnnnnnnpxuj5a1x	6	2025-05-29 09:07:16.816513728
120	6th, infantry, expresses, division, ambassador	1	2025-05-29 09:07:16.816513728
121	temperatures, slight, meteorology, decrease, maximum	14	2025-05-29 09:07:16.816513728
122	scarcity, medicines, consumables, foodstuffs, treatments	1	2025-05-29 09:07:16.816513728
123	consumables, incentives, lifting, improve, environment	1	2025-05-29 09:07:16.816513728
124	mainly, impunity, assume, conclusion, external	1	2025-05-29 09:07:16.816513728
125	talal, whatsapp, follow, journalist, channel	1	2025-05-29 09:07:16.816513728
126	hajj, pilgrims, riyals, umrah, ah	9	2025-05-29 09:07:16.816513728
127	surprise, addresses, launched, terrorist, attack	1	2025-05-29 09:07:16.816513728
128	whatsapp, channel, follow, httpstmesudaaan, httpswhatsappcomchaannel0029vb2jdpaixnnnnnnnnnnnnnpxuj5a1x	3	2025-05-29 09:07:16.816513728
130	join, scene, httpstmesdnewsnetlork, link, telegram	8	2025-05-29 09:07:16.816513728
132	burden, liberate, additional, parts, soon	1	2025-05-29 09:07:16.816513728
135	climate, environment, assuming, topics, experiences	1	2025-05-29 09:07:16.816513728
136	win, strength, god, prevail, gods	9	2025-05-29 09:07:16.816513728
139	insurance, additional, enter, british, umbrella	3	2025-05-29 09:07:16.816513728
140	enforced, conjunction, carried, sparked, panic	2	2025-05-29 09:07:16.816513728
142	watan, 2025, june, news, al	14	2025-05-29 09:07:16.816513728
146	whatsapp, channel, follow, httpswhatsappcomchannel0029vapgy3o7dmecjcizwq2x, httpstmesudaaan	2	2025-05-29 09:07:16.816513728
147	regulation, excluded, successfully, handed, examinations	1	2025-05-29 09:07:16.816513728
148	coverage, fees, httpstmesaqwl, determined, noted	1	2025-05-29 09:07:16.816513728
149	prevents, shooting, eye, bear, filled	3	2025-05-29 09:07:16.816513728
151	kilo, 40, quarter, pound, 100	1	2025-05-29 09:07:16.816513728
152	mediterranean, migrants, whatsapp, unknown, rescue	1	2025-05-29 09:07:16.816513728
154	balad, june, ad, 2025, 28	2	2025-05-29 09:07:16.816513728
155	lighting, road, poles, roads, visual	3	2025-05-29 09:07:16.816513728
156	watan, 2025, june, ad, news	4	2025-05-29 09:07:16.816513728
158	services, focusing, closely, concluded, vital	2	2025-05-29 09:07:16.816513728
163	inspect, dialysis, locality, executive, director	2	2025-05-29 09:07:16.816513728
170	helped, mercenary, oh, grant, success	1	2025-05-29 09:07:16.816513728
173	scholarship, admission, apply, university, grant	2	2025-05-29 09:07:16.816513728
175	account, bank, click, online, simple	8	2025-05-29 09:07:16.816513728
177	mean, restoring, does, end, capital	1	2025-05-29 09:07:16.816513728
180	traffic, vehicles, plates, officers, withdrawn	3	2025-05-29 09:07:16.816513728
181	station, infantry, tanks, repel, managed	3	2025-05-29 09:07:16.816513728
184	external, reach, river, nile, north	1	2025-05-29 09:07:16.816513728
185	stormed, kordofan, abuses, nearby, umm	3	2025-05-29 09:07:16.816513728
186	colonel, hussein, spokesman, ahmed, joint	1	2025-05-29 09:07:16.816513728
187	conveyed, egyptian, neighbors, discussion, nawara	2	2025-05-29 09:07:16.816513728
188	personality, penetrated, contacted, aforementioned, obtain	1	2025-05-29 09:07:16.816513728
189	uganda, kampala, passport, embassy, ugandan	6	2025-05-29 09:07:16.816513728
190	sheikh, hours, whatsapp, facebook, httpswwwfacebookcomprofilephpid61556457563338	1	2025-05-29 09:07:16.816513728
191	separate, negotiating, forming, amid, platform	1	2025-05-29 09:07:16.816513728
192	bearing, exodus, bears, hussein, mass	1	2025-05-29 09:07:16.816513728
193	sentence, imprisonment, bulletin, firing, notification	2	2025-05-29 09:07:16.816513728
195	informing, june, 2025, source, 12	2	2025-05-29 09:07:16.816513728
196	shall, floating, strongholds, circles, phenomena	7	2025-05-29 09:07:16.816513728
198	study, actual, german, english, language	1	2025-05-29 09:07:16.816513728
200	tribe, misseriya, division, heglig, kordofan	6	2025-05-29 09:07:16.816513728
202	recommended, transparent, mission, bids, finding	2	2025-05-29 09:07:16.816513728
203	gengueid, cemetery, net, read, details	4	2025-05-29 09:07:16.816513728
205	whatsapp, news, link, channel, follow	3	2025-05-29 09:07:16.816513728
206	eid, asking, perform, deployment, mosques	1	2025-05-29 09:07:16.816513728
207	abboud, hammad, donate, baqi, balance	2	2025-05-29 09:07:16.816513728
209	sleeper, cells, decisively, phenomena, threats	2	2025-05-29 09:07:16.816513728
210	malfunction, internet, zain, interruption, jabra	2	2025-05-29 09:07:16.816513728
212	asia, correspondent, daily, axis, khalifa	7	2025-05-29 09:07:16.816513728
214	channel, httpstmekraray224466, repeat, karry, net	12	2025-05-29 09:07:16.816513728
215	facebook, twitter, 46, status, capabilities	4	2025-05-29 09:07:16.816513728
218	segment, zakat, guarantor, lost, bureau	1	2025-05-29 09:07:16.816513728
223	allowance, acceptable, euros, airlines, tickets	1	2025-05-29 09:07:16.816513728
225	highlighting, attached, attend, documents, traffic	6	2025-05-29 09:07:16.816513728
226	compulsory, language, certificate, interact, karry	1	2025-05-29 09:07:16.816513728
231	facebook, id, 249, gengueid, cemetery	2	2025-05-29 09:07:16.816513728
232	enlightened, arts, valor, courage, aspirations	1	2025-05-29 09:07:16.816513728
233	conflict, reconstruction, hemedti, associated, morocco	4	2025-05-29 09:07:16.816513728
235	meteorology, expect, rain, states, varying	4	2025-05-29 09:07:16.816513728
237	kenyan, interesting, disturbing, marks, baseless	1	2025-05-29 09:07:16.816513728
239	jazeera, weekly, tight, mansour, mean	3	2025-05-29 09:07:16.816513728
242	murder, citing, horizon, warrant, canada	2	2025-05-29 09:07:16.816513728
244	stations, relying, timing, biased, defensive	2	2025-05-29 09:07:16.816513728
245	kitchens, offering, representation, nutrition, competition	2	2025-05-29 09:07:16.816513728
247	welcoming, celebrations, triangle, went, mass	1	2025-05-29 09:07:16.816513728
250	meat, bags, distribution, allocated, sacrifice	5	2025-05-29 09:07:16.816513728
257	electronically, send, data, final, documents	1	2025-05-29 09:07:16.816513728
260	disabled, accumulation, expression, anger, treat	1	2025-05-29 09:07:16.816513728
261	division, 21st, gets, congratulated, effect	2	2025-05-29 09:07:16.816513728
264	victims, evacuated, girl, psychological, age	2	2025-05-29 09:07:16.816513728
265	tweezers, moving, heroes, diaspora, eid	2	2025-05-29 09:07:16.816513728
268	english, study, academy, networking, airline	11	2025-05-29 09:07:16.816513728
271	visitors, weekly, view, lists, circular	1	2025-05-29 09:07:16.816513728
273	approached, followers, traitors, end, goal	1	2025-05-29 09:07:16.816513728
275	bias, supposed, comment, arming, focus	1	2025-05-29 09:07:16.816513728
277	forests, activation, preserving, siddiq, administrations	4	2025-05-29 09:07:16.816513728
282	deteriorated, exposure, insecurity, poor, facilities	1	2025-05-29 09:07:16.816513728
283	courses, english, language, interested, registration	10	2025-05-29 09:07:16.816513728
287	maximum, age, 30, years, reliable	1	2025-05-29 09:07:16.816513728
-1	al, return, sovereign, member, khartoum	1056	2025-06-28 15:18:45.165137600
0	obeid, bara, al, kordofan, rapid	73	2025-06-28 15:18:45.165137600
1	exams, certificate, students, education, school	112	2025-06-28 15:18:45.165137600
2	malnutrition, humanitarian, acute, aid, food	31	2025-06-28 15:18:45.165137600
3	facebook, sports, id, 249, hilal	24	2025-06-28 15:18:45.165137600
4	fourth, financing, iraqi, spain, presence	3	2025-06-28 15:18:45.165137600
5	kamel, sudani, idris, newspapers, july	5	2025-06-28 15:18:45.165137600
6	wali, friendship, eritrean, context, secretary	3	2025-06-28 15:18:45.165137600
7	cholera, cases, tawila, recorded, epidemic	24	2025-06-28 15:18:45.165137600
8	israel, gaza, writer, israeli, normalization	9	2025-06-28 15:18:45.165137600
9	killed, shelling, june, civilians, rsf	10	2025-06-28 15:18:45.165137600
10	women, gender, sexual, girls, violence	19	2025-06-28 15:18:45.165137600
11	acres, seeds, crops, agricultural, season	20	2025-06-28 15:18:45.165137600
12	graves, bomb, mass, pile, dragged	8	2025-06-28 15:18:45.165137600
13	rational, wages, guide, expenses, learn	3	2025-06-28 15:18:45.165137600
15	msf, required, vacant, officer, assistant	13	2025-06-28 15:18:45.165137600
16	tasks, unifying, agreed, parties, announcement	5	2025-06-28 15:18:45.165137600
17	baskets, abyad, distribution, 400, crescent	15	2025-06-28 15:18:45.165137600
18	rebelled, constitution, law, institution, cleansing	11	2025-06-28 15:18:45.165137600
19	envoy, engagement, regret, appoint, positive	6	2025-06-28 15:18:45.165137600
20	meets, governor, nawara, kamel, minister	5	2025-06-28 15:18:45.165137600
21	tawila, cholera, rainy, doctors, camps	13	2025-06-28 15:18:45.165137600
22	tent, heroes, soldier, masses, proud	5	2025-06-28 15:18:45.165137600
23	consulting, tasks, prime, consult, assigning	4	2025-06-28 15:18:45.165137600
24	neighborhoods, visual, distortions, housing, displaced	10	2025-06-28 15:18:45.165137600
25	refugees, commissioner, high, lakes, refugee	19	2025-06-28 15:18:45.165137600
26	blue, northern, dongola, nile, zakat	18	2025-06-28 15:18:45.165137600
27	launched, clashes, artillery, southwest, al	11	2025-06-28 15:18:45.165137600
28	refugees, kidnapped, ethiopia, dabanga, refugee	3	2025-06-28 15:18:45.165137600
29	security, police, khartoum, committee, meeting	31	2025-06-28 15:18:45.165137600
30	copy, letter, highest, levels, directed	1	2025-06-28 15:18:45.165137600
31	oman, sultanate, badr, aviation, airport	13	2025-06-28 15:18:45.165137600
32	passports, visa, administration, immigration, passport	8	2025-06-28 15:18:45.165137600
33	sabreen, crime, rates, specialized, car	10	2025-06-28 15:18:45.165137600
34	lose, rain, 40, property, eastern	1	2025-06-28 15:18:45.165137600
35	providing, pave, key, matrix, emphasized	2	2025-06-28 15:18:45.165137600
37	deposited, saeed, rizeigat, son, nyala	8	2025-06-28 15:18:45.165137600
38	fine, prison, lawsuit, penalty, supplying	3	2025-06-28 15:18:45.165137600
39	violators, oman, sultanate, embassy, voluntary	29	2025-06-28 15:18:45.165137600
40	mining, mineral, company, gold, resources	17	2025-06-28 15:18:45.165137600
41	saqwl, httpstmesaqwl, spokesperson, office, watch	26	2025-06-28 15:18:45.165137600
42	rights, human, commission, expert, member	18	2025-06-28 15:18:45.165137600
43	ruled, deals, inflation, volcker, records	1	2025-06-28 15:18:45.165137600
44	spokesperson, slogan, success, implement, health	6	2025-06-28 15:18:45.165137600
45	thefts, penalty, drug, declares, appeals	4	2025-06-28 15:18:45.165137600
46	passport, trafficking, wanted, uganda, prohibition	1	2025-06-28 15:18:45.165137600
47	reading, past, leave, waiting, answer	2	2025-06-28 15:18:45.165137600
48	agar, continent, pave, expressing, resolving	2	2025-06-28 15:18:45.165137600
49	messenger, god, throne, retribution, crime	3	2025-06-28 15:18:45.165137600
50	whatsapp, channel, follow, telegram, httpstmesudaaan	5	2025-06-28 15:18:45.165137600
51	electricity, electrical, stations, company, distribution	11	2025-06-28 15:18:45.165137600
52	disappeared, lack, compared, displaced, families	9	2025-06-28 15:18:45.165137600
53	oil, chinese, energy, undersecretary, gasoline	4	2025-06-28 15:18:45.165137600
55	97, 98, 75, 88, al	4	2025-06-28 15:18:45.165137600
56	platforms, posts, collaborator, innocents, incitement	2	2025-06-28 15:18:45.165137600
57	19, 2025, saturday, ad, july	8	2025-06-28 15:18:45.165137600
58	appropriate, environment, towers, governmental, khartoum	19	2025-06-28 15:18:45.165137600
59	customs, counterparts, brussels, foodstuffs, algeria	8	2025-06-28 15:18:45.165137600
60	mandate, bureau, accounts, finance, inform	5	2025-06-28 15:18:45.165137600
64	words, extortion, tortured, generations, sun	4	2025-06-28 15:18:45.165137600
65	tijani, mental, clinics, diseases, hospital	4	2025-06-28 15:18:45.165137600
66	trump, facilitate, donald, settlement, intention	4	2025-06-28 15:18:45.165137600
67	temperatures, moderate, meteorology, thunderstorms, weather	17	2025-06-28 15:18:45.165137600
68	elite, congress, party, position, revolution	11	2025-06-28 15:18:45.165137600
69	suna, agency, news, sudan, sama	11	2025-06-28 15:18:45.165137600
70	passports, immigration, hijri, administration, visa	13	2025-06-28 15:18:45.165137600
71	releases, famous, breaking, journalist, prosecution	1	2025-06-28 15:18:45.165137600
73	dhabi, realize, egypt, egyptian, does	7	2025-06-28 15:18:45.165137600
74	longer, morning, dont, come, didnt	1	2025-06-28 15:18:45.165137600
75	eternity, healing, glory, missing, martyrs	1	2025-06-28 15:18:45.165137600
77	artist, band, artistic, art, artists	10	2025-06-28 15:18:45.165137600
78	arrangement, prior, pillars, intentions, consisting	3	2025-06-28 15:18:45.165137600
79	exemption, water, stages, march, station	5	2025-06-28 15:18:45.165137600
80	guided, gates, pray, guide, atmosphere	1	2025-06-28 15:18:45.165137600
81	violators, deport, outside, presence, deported	9	2025-06-28 15:18:45.165137600
82	qadarif, equipped, streets, demanding, integrated	8	2025-06-28 15:18:45.165137600
83	hospital, health, saudi, medical, sector	18	2025-06-28 15:18:45.165137600
85	sudani, newspapers, kamel, steadfastness, 16	1	2025-06-28 15:18:45.165137600
87	fate, closed, failure, employees, companies	1	2025-06-28 15:18:45.165137600
88	wishes, legitimate, highest, kamel, russia	1	2025-06-28 15:18:45.165137600
90	dismantled, differences, refused, elements, participate	1	2025-06-28 15:18:45.165137600
92	noticed, associated, battlefield, anger, ranks	1	2025-06-28 15:18:45.165137600
93	pharmacy, pharmaceutical, profession, pharmacies, pharmacists	4	2025-06-28 15:18:45.165137600
95	abyei, supreme, kordofan, coordination, delegation	5	2025-06-28 15:18:45.165137600
96	working, army, security, command, sat	1	2025-06-28 15:18:45.165137600
101	kordofan, blue, bani, successfully, periodic	1	2025-06-28 15:18:45.165137600
103	hamad, nasr, payment, shield, graduation	6	2025-06-28 15:18:45.165137600
107	ruler, overall, region, defeated, economic	4	2025-06-28 15:18:45.165137600
109	refugee, deport, delegation, administrative, refugees	18	2025-06-28 15:18:45.165137600
111	achievement, conducting, hospital, medical, omdurman	5	2025-06-28 15:18:45.165137600
112	libyan, 700, illegal, libya, immigrants	2	2025-06-28 15:18:45.165137600
114	migration, organization, decreased, 13, rate	5	2025-06-28 15:18:45.165137600
116	haftar, double, leaking, articles, understandings	1	2025-06-28 15:18:45.165137600
118	answered, suit, husband, tells, story	1	2025-06-28 15:18:45.165137600
119	whatsapp, channel, follow, telegram, guardians	5	2025-06-28 15:18:45.165137600
120	salma, reviews, congratulates, dr, sovereignty	3	2025-06-28 15:18:45.165137600
121	slight, meteorology, temperatures, maximum, small	16	2025-06-28 15:18:45.165137600
122	inspected, hospital, dongola, calling, 13	1	2025-06-28 15:18:45.165137600
123	doctors, network, um, heinous, resulting	2	2025-06-28 15:18:45.165137600
126	umrah, ah, pilgrims, hajj, agencies	8	2025-06-28 15:18:45.165137600
128	whatsapp, channel, follow, telegram, httpstmesudaaan	1	2025-06-28 15:18:45.165137600
129	hurry, remind, space, fulfill, wish	1	2025-06-28 15:18:45.165137600
130	join, scene, httpstmesdnewsnetlork, link, telegram	9	2025-06-28 15:18:45.165137600
134	recurrence, jumped, presentation, tragedies, tighten	2	2025-06-28 15:18:45.165137600
136	win, strength, god, power, prevail	16	2025-06-28 15:18:45.165137600
137	hot, weather, night, moderate, warm	4	2025-06-28 15:18:45.165137600
138	secretary, party, congress, organizational, issa	7	2025-06-28 15:18:45.165137600
139	insurance, ceiling, supervisor, financing, jazeera	8	2025-06-28 15:18:45.165137600
141	evil, demonstrations, emirates, headquarters, expatriates	1	2025-06-28 15:18:45.165137600
143	assets, bashir, dominated, nizar, park	1	2025-06-28 15:18:45.165137600
144	time, film, series, shown, theater	1	2025-06-28 15:18:45.165137600
147	deposited, 450, voluntary, 36, expatriates	7	2025-06-28 15:18:45.165137600
150	reconcile, punishment, proposed, fair, clean	1	2025-06-28 15:18:45.165137600
151	industries, manufacturing, modern, vegetables, pounds	4	2025-06-28 15:18:45.165137600
152	boat, mediterranean, migrant, survivors, searching	1	2025-06-28 15:18:45.165137600
153	railway, railways, signed, transportation, authority	4	2025-06-28 15:18:45.165137600
155	road, rehabilitation, length, village, linking	7	2025-06-28 15:18:45.165137600
156	watan, july, 2025, ad, news	10	2025-06-28 15:18:45.165137600
158	planning, sensitive, reduced, participation, survival	3	2025-06-28 15:18:45.165137600
161	create, specialized, committees, high, committee	1	2025-06-28 15:18:45.165137600
162	qadarif, inspected, alexandria, shadow, tents	3	2025-06-28 15:18:45.165137600
166	july, sisi, congratulations, sends, occasion	1	2025-06-28 15:18:45.165137600
167	qadarif, water, dialysis, rural, inspection	7	2025-06-28 15:18:45.165137600
168	grievances, bears, expressing, mandate, burden	1	2025-06-28 15:18:45.165137600
170	agent, did, know, god, war	1	2025-06-28 15:18:45.165137600
173	scholarship, admission, apply, university, municipality	5	2025-06-28 15:18:45.165137600
175	adopt, payment, practice, surprise, institution	1	2025-06-28 15:18:45.165137600
178	emptying, minawi, battalions, force, joint	3	2025-06-28 15:18:45.165137600
180	parking, beans, breakfast, worst, vehicle	2	2025-06-28 15:18:45.165137600
181	lasted, babanusa, 16, launched, june	1	2025-06-28 15:18:45.165137600
182	european, highlight, union, haitham, imposed	4	2025-06-28 15:18:45.165137600
183	expatriate, honesty, loved, kitchen, honest	3	2025-06-28 15:18:45.165137600
184	alexandria, distributed, signs, 12, region	2	2025-06-28 15:18:45.165137600
185	scale, accompanied, previous, launched, june	1	2025-06-28 15:18:45.165137600
186	rukn, azraq, sadiq, charge, batch	4	2025-06-28 15:18:45.165137600
187	speaker, nawara, kuwaiti, watan, egyptian	8	2025-06-28 15:18:45.165137600
188	replace, negative, remove, necessary, measures	6	2025-06-28 15:18:45.165137600
189	uganda, ugandan, refugees, camp, refugee	28	2025-06-28 15:18:45.165137600
190	channel, follow, ammar, whatsapp, facebook	6	2025-06-28 15:18:45.165137600
193	exploited, prison, meroe, residential, imprisonment	10	2025-06-28 15:18:45.165137600
195	wild, receiving, informing, returnees, source	6	2025-06-28 15:18:45.165137600
196	suburb, seizes, investigation, theft, police	9	2025-06-28 15:18:45.165137600
197	dictates, analysis, interference, interventions, question	1	2025-06-28 15:18:45.165137600
202	commission, promised, employees, reviewed, overcome	5	2025-06-28 15:18:45.165137600
203	cemetery, gengueid, khartoumal, read, whatsapp	6	2025-06-28 15:18:45.165137600
205	net, whatsapp, read, news, details	4	2025-06-28 15:18:45.165137600
207	donate, hopes, beneficiaries, salute, 300	2	2025-06-28 15:18:45.165137600
208	sanctions, european, union, imposed, entities	5	2025-06-28 15:18:45.165137600
213	assisting, caring, losing, elderly, bad	3	2025-06-28 15:18:45.165137600
214	channel, httpstmekraray224466, karry, net, repeat	6	2025-06-28 15:18:45.165137600
215	single, corps, al, sudanesearmedforces, forces	1	2025-06-28 15:18:45.165137600
218	bureau, zakat, segment, sense, organize	2	2025-06-28 15:18:45.165137600
223	guardians, righteous, glorious, forgiveness, mercy	1	2025-06-28 15:18:45.165137600
224	radio, awards, tunisia, won, festival	3	2025-06-28 15:18:45.165137600
225	motorcycles, dens, quantity, shared, traffic	11	2025-06-28 15:18:45.165137600
229	unfortunately, lived, bullets, hand, dhabi	3	2025-06-28 15:18:45.165137600
231	facebook, id, 249, gengueid, cemetery	3	2025-06-28 15:18:45.165137600
232	comrades, names, results, numbers, children	1	2025-06-28 15:18:45.165137600
233	burhan, interview, intervention, humiliated, exclusive	2	2025-06-28 15:18:45.165137600
235	meteorology, wind, dust, rains, moderate	8	2025-06-28 15:18:45.165137600
236	execution, hanging, wood, accused, anti	12	2025-06-28 15:18:45.165137600
238	leader, battle, lost, disintegration, umm	3	2025-06-28 15:18:45.165137600
239	jazeera, al, transmitted, fadil, exploited	2	2025-06-28 15:18:45.165137600
240	dabba, grand, custodian, autumn, forest	5	2025-06-28 15:18:45.165137600
244	disregard, emphasizing, crimes, massacres, talking	1	2025-06-28 15:18:45.165137600
246	goodness, deportation, companies, offered, businessmen	1	2025-06-28 15:18:45.165137600
248	22nd, infantry, division, vehicles, repelled	4	2025-06-28 15:18:45.165137600
250	zakat, bureau, makki, majid, praising	4	2025-06-28 15:18:45.165137600
251	reason, depriving, destiny, felt, believed	4	2025-06-28 15:18:45.165137600
252	withdrew, ugandan, escalating, tension, beginning	1	2025-06-28 15:18:45.165137600
254	loyalty, serving, pledge, duty, renewed	1	2025-06-28 15:18:45.165137600
255	elected, success, hatem, election, wishing	3	2025-06-28 15:18:45.165137600
259	asphalt, awaiting, pregnant, birth, dignity	1	2025-06-28 15:18:45.165137600
261	rukn, spokesperson, colonel, shield, permanent	1	2025-06-28 15:18:45.165137600
262	minors, mamoun, graves, bodies, recovered	2	2025-06-28 15:18:45.165137600
263	starving, luxury, shows, art, hosting	1	2025-06-28 15:18:45.165137600
264	pregnant, 31, women, including, dead	1	2025-06-28 15:18:45.165137600
268	english, study, academy, networking, airline	2	2025-06-28 15:18:45.165137600
273	iron, beating, lesson, perpetrators, making	3	2025-06-28 15:18:45.165137600
277	forests, forest, 100, produce, season	4	2025-06-28 15:18:45.165137600
279	intentions, plunder, regional, wealth, represented	1	2025-06-28 15:18:45.165137600
280	ignored, intimidation, emirates, uae, display	1	2025-06-28 15:18:45.165137600
283	english, courses, language, interested, jobs	20	2025-06-28 15:18:45.165137600
-1	al, khartoum, militia, fasher, security	1111	2025-07-28 21:30:13.513761440
0	camp, shouk, fasher, el, rapid	63	2025-07-28 21:30:13.513761440
1	education, students, teachers, exams, school	64	2025-07-28 21:30:13.513761440
2	humanitarian, aid, besieges, suffer, used	34	2025-07-28 21:30:13.513761440
3	sports, football, algerian, team, facebook	15	2025-07-28 21:30:13.513761440
4	turkish, throne, ambassador, taher, thanks	6	2025-07-28 21:30:13.513761440
5	proof, newspapers, concentrated, newspaper, august	4	2025-07-28 21:30:13.513761440
6	ethiopian, eritrea, ethiopia, tigray, abi	7	2025-07-28 21:30:13.513761440
7	cholera, cases, epidemic, deaths, tawila	24	2025-07-28 21:30:13.513761440
8	israel, israeli, talks, gaza, denies	9	2025-07-28 21:30:13.513761440
9	camp, shok, 40, al, abu	12	2025-07-28 21:30:13.513761440
10	rape, trained, abuse, sexual, kidnapped	4	2025-07-28 21:30:13.513761440
11	farmers, agriculture, phase, small, agricultural	13	2025-07-28 21:30:13.513761440
12	car, sticks, crushed, torn, villagers	4	2025-07-28 21:30:13.513761440
13	god, praise, good, mercy, paradise	5	2025-07-28 21:30:13.513761440
15	required, assistant, vacant, degree, port	9	2025-07-28 21:30:13.513761440
16	concrete, isolated, achievements, declared, achieved	13	2025-07-28 21:30:13.513761440
17	cooperative, supervision, obaid, feed, provided	11	2025-07-28 21:30:13.513761440
18	law, execution, track, crimes, international	9	2025-07-28 21:30:13.513761440
19	fraud, quartet, cancellation, washington, known	3	2025-07-28 21:30:13.513761440
20	al, minister, inspects, receives, stands	4	2025-07-28 21:30:13.513761440
21	doctors, cholera, children, malnutrition, patients	20	2025-07-28 21:30:13.513761440
22	neutralize, dedicate, masses, equality, battle	21	2025-07-28 21:30:13.513761440
23	electoral, project, mandate, reference, constitutional	1	2025-07-28 21:30:13.513761440
24	tragedy, shouk, appeal, camp, animal	4	2025-07-28 21:30:13.513761440
25	refugees, rituals, 140, commission, 350	5	2025-07-28 21:30:13.513761440
26	blue, nile, northern, monetary, north	13	2025-07-28 21:30:13.513761440
27	cars, axes, combat, equipped, 34	13	2025-07-28 21:30:13.513761440
28	returning, began, ethiopian, process, eastern	2	2025-07-28 21:30:13.513761440
29	security, police, cell, cameras, enhance	27	2025-07-28 21:30:13.513761440
30	bank, branch, wadi, farm, commercial	5	2025-07-28 21:30:13.513761440
31	flights, airport, airlines, underway, aviation	13	2025-07-28 21:30:13.513761440
32	foreigners, deportation, tightening, exception, violating	7	2025-07-28 21:30:13.513761440
33	entrusted, permits, district, obtaining, intelligence	13	2025-07-28 21:30:13.513761440
34	tropical, passes, separation, wadi, british	7	2025-07-28 21:30:13.513761440
35	address, societal, need, positive, injustice	3	2025-07-28 21:30:13.513761440
36	hate, hope, division, death, alliances	6	2025-07-28 21:30:13.513761440
37	consolidating, desired, contributes, foundations, possible	10	2025-07-28 21:30:13.513761440
38	justice, law, court, rule, prosecution	5	2025-07-28 21:30:13.513761440
39	regiment, consulate, jeddah, voluntary, 104	8	2025-07-28 21:30:13.513761440
40	mining, gold, mineral, minerals, hebrew	17	2025-07-28 21:30:13.513761440
41	saqwl, httpstmesaqwl, spokesperson, office, watch	12	2025-07-28 21:30:13.513761440
42	rights, expert, human, refusal, meet	3	2025-07-28 21:30:13.513761440
43	currency, translation, frozen, transfer, conversion	2	2025-07-28 21:30:13.513761440
45	drugs, despair, easier, drug, expelling	6	2025-07-28 21:30:13.513761440
46	trafficking, turns, commodity, human, form	6	2025-07-28 21:30:13.513761440
48	african, union, membership, representative, competencies	32	2025-07-28 21:30:13.513761440
49	prophet, hurry, god, beloved, tomorrow	3	2025-07-28 21:30:13.513761440
50	whatsapp, reliable, coverage, follow, immediate	9	2025-07-28 21:30:13.513761440
51	electricity, transmission, outage, merowe, electrical	3	2025-07-28 21:30:13.513761440
52	insufficient, initiating, characterized, plastic, trapped	4	2025-07-28 21:30:13.513761440
53	refinery, maintain, priority, oil, energy	7	2025-07-28 21:30:13.513761440
54	sudani, promotions, club, wounded, newspaper	7	2025-07-28 21:30:13.513761440
55	book, interaction, channel, hassan, ismail	15	2025-07-28 21:30:13.513761440
56	websites, alike, pages, societies, reliable	10	2025-07-28 21:30:13.513761440
57	23, 2025, august, source, ad	3	2025-07-28 21:30:13.513761440
58	controversy, kamel, idris, tijani, appointment	18	2025-07-28 21:30:13.513761440
59	customs, headquarters, airport, inspects, finance	1	2025-07-28 21:30:13.513761440
62	newspapers, august, headlines, ad, crown	2	2025-07-28 21:30:13.513761440
64	battle, truth, adversity, satisfy, devoted	4	2025-07-28 21:30:13.513761440
65	efficiency, surgery, heart, health, systems	13	2025-07-28 21:30:13.513761440
67	meteorology, temperatures, warns, moderate, weather	8	2025-07-28 21:30:13.513761440
68	revolutions, elites, revolution, real, injustice	8	2025-07-28 21:30:13.513761440
69	suna, agency, news, sudan, sama	8	2025-07-28 21:30:13.513761440
70	passports, passport, immigration, administration, unit	8	2025-07-28 21:30:13.513761440
71	journalists, media, press, opinion, pens	9	2025-07-28 21:30:13.513761440
72	rulings, court, crimes, fairly, criminal	2	2025-07-28 21:30:13.513761440
73	2736, recognized, egyptian, armies, integrity	2	2025-07-28 21:30:13.513761440
74	shot, spoke, dont, come, didnt	1	2025-07-28 21:30:13.513761440
75	speedy, recovery, missing, promises, mercy	4	2025-07-28 21:30:13.513761440
76	34, vehicles, equipment, axes, 16	4	2025-07-28 21:30:13.513761440
79	water, station, completion, pipeline, awlia	7	2025-07-28 21:30:13.513761440
80	battle, dear, islamists, precious, martyr	12	2025-07-28 21:30:13.513761440
81	deportation, awaiting, affect, violating, inspection	2	2025-07-28 21:30:13.513761440
82	municipality, cleaning, poverty, organizes, 72	5	2025-07-28 21:30:13.513761440
83	canada, canadian, medical, chronic, health	3	2025-07-28 21:30:13.513761440
86	mosques, mosque, prayers, preacher, ages	5	2025-07-28 21:30:13.513761440
87	unemployment, skilled, erosion, escape, workers	8	2025-07-28 21:30:13.513761440
89	prepared, david, took, prompted, place	2	2025-07-28 21:30:13.513761440
90	throw, exposes, fabricated, clarify, try	7	2025-07-28 21:30:13.513761440
91	african, union, representative, satisfaction, defeat	8	2025-07-28 21:30:13.513761440
92	epic, valor, confronted, heroic, courage	2	2025-07-28 21:30:13.513761440
94	oil, marketing, petroleum, adel, transit	3	2025-07-28 21:30:13.513761440
95	province, governor, darfur, kordofan, west	1	2025-07-28 21:30:13.513761440
96	chief, staff, form, commander, issues	3	2025-07-28 21:30:13.513761440
97	media, accuracy, professionalism, credibility, outlets	6	2025-07-28 21:30:13.513761440
100	white, rank, accounting, glory, formed	2	2025-07-28 21:30:13.513761440
101	medium, manager, stage, inspects, certificate	3	2025-07-28 21:30:13.513761440
103	pulse, aggressors, won, write, stood	7	2025-07-28 21:30:13.513761440
104	sleep, nasr, eyes, god, armored	2	2025-07-28 21:30:13.513761440
106	harboring, worship, rebellious, alive, referring	1	2025-07-28 21:30:13.513761440
108	consultant, nawara, reviewed, humanitarian, higher	4	2025-07-28 21:30:13.513761440
109	refugee, refugees, transfer, 71, luggage	4	2025-07-28 21:30:13.513761440
110	drones, object, attempted, drone, hostile	3	2025-07-28 21:30:13.513761440
111	liver, patients, hospital, resumption, dialysis	2	2025-07-28 21:30:13.513761440
112	anti, libyan, libya, illegal, valid	2	2025-07-28 21:30:13.513761440
114	immigration, homes, organization, year, million	1	2025-07-28 21:30:13.513761440
115	inflation, unemployment, 2024, 2022, estimates	2	2025-07-28 21:30:13.513761440
116	desert, libyan, libya, vehicles, cruiser	1	2025-07-28 21:30:13.513761440
117	estate, inspect, real, project, jazeera	5	2025-07-28 21:30:13.513761440
118	surroundings, hidden, silent, extend, hand	1	2025-07-28 21:30:13.513761440
119	guardians, righteous, glorious, forgiveness, mercy	1	2025-07-28 21:30:13.513761440
120	prof, millet, distort, assumes, nazir	2	2025-07-28 21:30:13.513761440
122	incubators, thanked, solar, departments, devices	5	2025-07-28 21:30:13.513761440
123	network, doctors, injured, 66, result	3	2025-07-28 21:30:13.513761440
124	chadian, 125, chad, interpol, handed	5	2025-07-28 21:30:13.513761440
127	gangs, city, terrorist, shells, militia	2	2025-07-28 21:30:13.513761440
129	chosen, imposed, surprise, war, outbreak	3	2025-07-28 21:30:13.513761440
130	join, scene, httpstmesdnewsnetlork, link, telegram	8	2025-07-28 21:30:13.513761440
132	hadi, bakhit, recruiting, darfur, idris	5	2025-07-28 21:30:13.513761440
135	study, interested, language, registration, jobs	2	2025-07-28 21:30:13.513761440
136	win, strength, god, prevail, gods	5	2025-07-28 21:30:13.513761440
139	insurance, installing, 56, cost, radiology	8	2025-07-28 21:30:13.513761440
140	destinations, liquidation, unknown, fate, reason	3	2025-07-28 21:30:13.513761440
142	watan, august, 2025, news, ad	12	2025-07-28 21:30:13.513761440
147	immigrated, driven, reassurance, improvement, roots	1	2025-07-28 21:30:13.513761440
149	cows, discovered, farm, saw, skill	2	2025-07-28 21:30:13.513761440
150	polarization, medium, subject, independent, financing	3	2025-07-28 21:30:13.513761440
151	millet, crops, price, bag, pounds	3	2025-07-28 21:30:13.513761440
152	boat, drowned, italy, 2014, migrants	5	2025-07-28 21:30:13.513761440
154	channel, karari, newspapers, issued, headlines	3	2025-07-28 21:30:13.513761440
155	road, roads, dimension, noura, invest	3	2025-07-28 21:30:13.513761440
156	watan, 2025, august, ad, news	9	2025-07-28 21:30:13.513761440
157	percentage, island, contributed, largest, preparing	5	2025-07-28 21:30:13.513761440
160	agreement, juba, peace, healing, compensate	3	2025-07-28 21:30:13.513761440
161	construction, planning, management, free, authority	1	2025-07-28 21:30:13.513761440
162	mars, club, cook, pumping, neighborhood	2	2025-07-28 21:30:13.513761440
163	mineral, badi, rehabilitation, resources, company	2	2025-07-28 21:30:13.513761440
168	tijani, citizenship, emirati, al, does	1	2025-07-28 21:30:13.513761440
170	conquest, facebook, victory, god, near	4	2025-07-28 21:30:13.513761440
173	appeared, tribune, sudan, scholarship, admission	1	2025-07-28 21:30:13.513761440
175	transactions, types, license, financial, official	2	2025-07-28 21:30:13.513761440
177	ella, proof, dilapidated, wellness, ask	3	2025-07-28 21:30:13.513761440
178	regiment, coalition, proof, implementation, outside	2	2025-07-28 21:30:13.513761440
180	transit, corrupt, points, operating, reduce	4	2025-07-28 21:30:13.513761440
181	inflicting, daglo, losses, heavy, launched	1	2025-07-28 21:30:13.513761440
183	grain, mother, home, died, 13	1	2025-07-28 21:30:13.513761440
184	desert, spot, discover, photos, narrow	2	2025-07-28 21:30:13.513761440
185	nearby, executed, relatively, settled, gradually	3	2025-07-28 21:30:13.513761440
187	reference, denied, existence, saying, absence	4	2025-07-28 21:30:13.513761440
189	uganda, refugee, ishaq, adam, camp	7	2025-07-28 21:30:13.513761440
190	interaction, channel, follow, telegram, happiness	8	2025-07-28 21:30:13.513761440
193	autopsy, reinforced, dogs, ugandan, police	1	2025-07-28 21:30:13.513761440
195	informing, messages, source, confidence, heart	2	2025-07-28 21:30:13.513761440
196	theft, paid, youssef, hajj, investigation	4	2025-07-28 21:30:13.513761440
199	submitted, burhan, homeland, fattah, convoy	4	2025-07-28 21:30:13.513761440
203	cemetery, gengueid, read, net, khartoumal	13	2025-07-28 21:30:13.513761440
205	net, read, details, news, homeland	3	2025-07-28 21:30:13.513761440
206	duration, mosques, sermon, imams, holy	5	2025-07-28 21:30:13.513761440
207	notification, contribute, sends, donations, 59	10	2025-07-28 21:30:13.513761440
212	asia, correspondent, caliph, daily, axis	3	2025-07-28 21:30:13.513761440
213	ambulance, severe, officer, hospital, said	1	2025-07-28 21:30:13.513761440
214	book, channel, httpstmekraray224466, karry, net	1	2025-07-28 21:30:13.513761440
215	distress, facebook, anniversary, photos, spokesman	2	2025-07-28 21:30:13.513761440
216	180, salt, resorted, rains, estimated	1	2025-07-28 21:30:13.513761440
217	antiquities, sincerity, mourning, colleague, giving	4	2025-07-28 21:30:13.513761440
218	zakat, bureau, looking, target, 30	1	2025-07-28 21:30:13.513761440
219	distress, evident, popularresistance, facebook, strength	2	2025-07-28 21:30:13.513761440
222	tourist, tourism, guidance, domestic, work	2	2025-07-28 21:30:13.513761440
224	facebook, id, tv, radio, 249	2	2025-07-28 21:30:13.513761440
225	motorcycles, confiscate, prohibiting, violation, praised	1	2025-07-28 21:30:13.513761440
231	facebook, whatsapp, id, khartoumjanjaweedcemetery, 249	3	2025-07-28 21:30:13.513761440
235	meteorology, rains, thunderstorms, varying, expecting	10	2025-07-28 21:30:13.513761440
238	mobilized, tell, arabs, preparing, came	1	2025-07-28 21:30:13.513761440
242	secure, calling, continued, border, official	1	2025-07-28 21:30:13.513761440
245	small, popular, kilograms, meat, lentils	2	2025-07-28 21:30:13.513761440
250	shikan, zakat, collection, performance, july	1	2025-07-28 21:30:13.513761440
251	symptoms, violated, imposed, looted, destroyed	2	2025-07-28 21:30:13.513761440
253	retreated, neglected, missed, chance, busy	1	2025-07-28 21:30:13.513761440
254	dirty, clip, traitors, supported, supports	1	2025-07-28 21:30:13.513761440
257	specializations, read, available, know, details	2	2025-07-28 21:30:13.513761440
261	seventy, congratulate, anniversary, sixth, division	5	2025-07-28 21:30:13.513761440
262	guardian, scattered, bodies, fields, remain	1	2025-07-28 21:30:13.513761440
264	rushed, neighbor, discovered, inform, afflicted	2	2025-07-28 21:30:13.513761440
267	intentional, comply, commitments, clear, warring	1	2025-07-28 21:30:13.513761440
269	ireland, honesty, efficiency, integrity, delivery	3	2025-07-28 21:30:13.513761440
270	chadian, chad, doubt, obligations, respect	1	2025-07-28 21:30:13.513761440
271	embassies, usual, fate, embassy, know	1	2025-07-28 21:30:13.513761440
274	newspapers, precautions, preparation, monitoring, happiness	1	2025-07-28 21:30:13.513761440
281	extremely, record, aqar, voice, thanks	3	2025-07-28 21:30:13.513761440
282	doctors, network, village, casualties, seven	1	2025-07-28 21:30:13.513761440
283	english, courses, language, interested, jobs	6	2025-07-28 21:30:13.513761440
-1	al, fasher, el, khartoum, governor	670	2025-08-28 03:41:41.862385312
0	fasher, el, john, shouk, rapid	43	2025-08-28 03:41:41.862385312
1	education, university, school, colleges, teachers	34	2025-08-28 03:41:41.862385312
2	humanitarian, children, aid, nations, united	24	2025-08-28 03:41:41.862385312
3	cup, facebook, id, federation, football	16	2025-08-28 03:41:41.862385312
4	environs, iraqi, din, managed, saudi	2	2025-08-28 03:41:41.862385312
5	sudani, newspaper, minerals, deep, humanity	3	2025-08-28 03:41:41.862385312
6	clash, massad, boulos, abiy, reinforcements	1	2025-08-28 03:41:41.862385312
7	cholera, cases, deaths, recorded, infection	29	2025-08-28 03:41:41.862385312
8	palestine, gaza, israel, israeli, confrontation	5	2025-08-28 03:41:41.862385312
9	hillat, beware, siege, fasher, blackmail	13	2025-08-28 03:41:41.862385312
10	women, sexual, violence, documented, rape	8	2025-08-28 03:41:41.862385312
11	colleagues, livestock, commodity, hajar, muhannad	3	2025-08-28 03:41:41.862385312
12	tens, thousands, comes, reference, escalating	5	2025-08-28 03:41:41.862385312
13	welcome, remember, ask, shepherds, god	3	2025-08-28 03:41:41.862385312
15	assistant, required, gadarif, kosti, vacant	17	2025-08-28 03:41:41.862385312
16	correct, surrounding, bear, responsibility, degree	1	2025-08-28 03:41:41.862385312
17	evaluation, dabbah, baskets, 1446, crescent	4	2025-08-28 03:41:41.862385312
18	humanity, crimes, highlighting, depriving, welcoming	4	2025-08-28 03:41:41.862385312
19	assumed, influence, mission, duties, representatives	2	2025-08-28 03:41:41.862385312
20	member, jaber, meets, council, nawara	9	2025-08-28 03:41:41.862385312
21	injuries, deaths, wounds, bringing, coordinator	3	2025-08-28 03:41:41.862385312
22	steadfastness, morale, tidings, meanings, dedicate	4	2025-08-28 03:41:41.862385312
24	disappearance, disappeared, reporting, families, search	5	2025-08-28 03:41:41.862385312
25	refugees, unhcr, commissioner, idris, south	5	2025-08-28 03:41:41.862385312
26	blue, kordofan, nile, governor, north	14	2025-08-28 03:41:41.862385312
27	meals, hospices, hospice, officers, brigade	4	2025-08-28 03:41:41.862385312
29	police, security, committee, meeting, khartoum	19	2025-08-28 03:41:41.862385312
31	airport, approaching, date, street, returnees	4	2025-08-28 03:41:41.862385312
32	foreigners, illegally, passports, passport, status	9	2025-08-28 03:41:41.862385312
33	plates, criminals, intelligence, arrested, inaugurates	6	2025-08-28 03:41:41.862385312
34	rains, floods, torrential, heavy, rain	21	2025-08-28 03:41:41.862385312
35	governmental, ceasefire, map, agreeing, transparent	5	2025-08-28 03:41:41.862385312
36	formula, victim, quartet, reject, pressure	2	2025-08-28 03:41:41.862385312
39	deportation, egypt, egyptian, residency, embassy	12	2025-08-28 03:41:41.862385312
40	gold, publication, exporting, purchasing, mining	4	2025-08-28 03:41:41.862385312
41	saqwl, httpstmesaqwl, spokesperson, office, watch	9	2025-08-28 03:41:41.862385312
42	rights, human, mission, crimes, persecution	7	2025-08-28 03:41:41.862385312
45	drugs, drug, quantity, exceeding, managed	6	2025-08-28 03:41:41.862385312
46	hostages, 65, gangs, smuggling, trafficking	4	2025-08-28 03:41:41.862385312
48	african, union, decide, territorial, structures	2	2025-08-28 03:41:41.862385312
49	knows, tears, lord, god, ice	2	2025-08-28 03:41:41.862385312
50	whatsapp, reliable, coverage, follow, immediate	9	2025-08-28 03:41:41.862385312
51	awlia, reservoir, electricity, jabal, maintenance	1	2025-08-28 03:41:41.862385312
52	data, 28, 18, witnessed, 20	6	2025-08-28 03:41:41.862385312
53	oil, refinery, jabra, administrations, located	1	2025-08-28 03:41:41.862385312
54	91, joins, restart, sudani, eighth	1	2025-08-28 03:41:41.862385312
55	bakhit, book, abdul, al, rahman	4	2025-08-28 03:41:41.862385312
56	artificial, intelligence, attracted, talent, likes	5	2025-08-28 03:41:41.862385312
57	happiness, queues, mosquito, protects, mosquitoes	2	2025-08-28 03:41:41.862385312
58	jaber, halfaya, shambat, sovereign, creating	3	2025-08-28 03:41:41.862385312
59	inaugurate, tracking, containers, customs, smuggling	6	2025-08-28 03:41:41.862385312
62	sudani, newspaper, headlines, karari, september	4	2025-08-28 03:41:41.862385312
63	check, moves, list, happy, libya	1	2025-08-28 03:41:41.862385312
64	lose, del, keeping, insulting, reputation	5	2025-08-28 03:41:41.862385312
66	recruitment, deployment, firm, stance, sanctions	3	2025-08-28 03:41:41.862385312
67	moderate, weather, night, hot, cold	5	2025-08-28 03:41:41.862385312
68	jump, formation, factor, undertake, speeches	1	2025-08-28 03:41:41.862385312
69	suna, agency, news, sudan, sama	8	2025-08-28 03:41:41.862385312
70	passports, immigration, passport, administration, registry	3	2025-08-28 03:41:41.862385312
71	collusion, tampering, deterrent, limits, legitimacy	1	2025-08-28 03:41:41.862385312
73	brotherly, egypt, unity, quartet, preservation	5	2025-08-28 03:41:41.862385312
74	unprecedented, marginal, expect, heard, works	4	2025-08-28 03:41:41.862385312
75	speedy, recovery, missing, mercy, wounded	6	2025-08-28 03:41:41.862385312
76	destroying, inflicted, violently, equipment, dragging	7	2025-08-28 03:41:41.862385312
78	shall, act, secretary, evaluation, appropriate	1	2025-08-28 03:41:41.862385312
80	heinous, shield, prayers, crime, mosque	3	2025-08-28 03:41:41.862385312
81	legal, affirm, welcome, respect, foreigners	4	2025-08-28 03:41:41.862385312
82	informing, lived, owner, estimated, 29	2	2025-08-28 03:41:41.862385312
83	phase, hospital, burri, opening, contribution	2	2025-08-28 03:41:41.862385312
86	mosque, farouk, prayers, rehabilitation, completion	1	2025-08-28 03:41:41.862385312
87	exceeding, lose, 48, 600, livelihood	1	2025-08-28 03:41:41.862385312
89	experiment, realistic, achieved, transparent, disclosure	1	2025-08-28 03:41:41.862385312
91	structures, governance, parallel, touring, memorandum	3	2025-08-28 03:41:41.862385312
93	medicines, veterinary, holds, second, expensive	4	2025-08-28 03:41:41.862385312
95	legitimate, temporary, responsibility, minawi, nyala	4	2025-08-28 03:41:41.862385312
96	membership, chief, chairs, command, sovereign	4	2025-08-28 03:41:41.862385312
102	judiciary, senate, committee, section, term	1	2025-08-28 03:41:41.862385312
105	sharp, founding, daglo, dispute, entity	1	2025-08-28 03:41:41.862385312
106	medina, prophet, strip, cabinet, aspects	1	2025-08-28 03:41:41.862385312
108	salvation, consistent, goals, 100, commissioner	3	2025-08-28 03:41:41.862385312
109	flight, refugee, agency, 96, transfer	2	2025-08-28 03:41:41.862385312
110	missiles, km, drones, air, rounds	2	2025-08-28 03:41:41.862385312
112	anti, benghazi, morgue, survivors, handed	1	2025-08-28 03:41:41.862385312
114	migration, organization, international, deports, illegal	15	2025-08-28 03:41:41.862385312
116	haftar, complicity, resolutions, researchers, exposing	1	2025-08-28 03:41:41.862385312
117	apartment, license, apartments, advised, rent	4	2025-08-28 03:41:41.862385312
118	absent, missing, daughter, attached, relative	2	2025-08-28 03:41:41.862385312
120	sidelines, assembly, foreign, affairs, minister	1	2025-08-28 03:41:41.862385312
122	resumed, suspending, hospital, facility, guarantees	2	2025-08-28 03:41:41.862385312
123	650, tawila, wounded, treated, msf	1	2025-08-28 03:41:41.862385312
125	whatsapp, correspondent, follow, channel, httpstmesudannm	6	2025-08-28 03:41:41.862385312
126	agent, let, hajj, retirement, khalil	3	2025-08-28 03:41:41.862385312
129	end, did, war, citizen, betrayed	1	2025-08-28 03:41:41.862385312
130	join, scene, httpstmesdnewsnetlork, link, telegram	1	2025-08-28 03:41:41.862385312
132	nyala, cooperating, town, charges, sources	1	2025-08-28 03:41:41.862385312
135	study, interested, language, registration, jobs	4	2025-08-28 03:41:41.862385312
136	strength, win, prevail, god, help	4	2025-08-28 03:41:41.862385312
139	insurance, consistent, goals, 100, fund	1	2025-08-28 03:41:41.862385312
140	assets, spoke, widespread, property, looting	1	2025-08-28 03:41:41.862385312
142	watan, august, 2025, news, 31	4	2025-08-28 03:41:41.862385312
144	film, fatima, grace, award, wins	2	2025-08-28 03:41:41.862385312
146	whatsapp, channel, follow, httpswhatsappcomchannel0029vapgy3o7dmecjcizwq2x, httpstmesudaaan	1	2025-08-28 03:41:41.862385312
147	deported, returnees, returned, foreigners, regard	6	2025-08-28 03:41:41.862385312
150	hide, actually, think, aims, investment	1	2025-08-28 03:41:41.862385312
151	factory, socialist, islamist, dairy, abboud	2	2025-08-28 03:41:41.862385312
152	boat, coast, libyan, mediterranean, guard	14	2025-08-28 03:41:41.862385312
153	station, railway, trains, returnees, 450	3	2025-08-28 03:41:41.862385312
154	karari, september, issued, channel, headlines	3	2025-08-28 03:41:41.862385312
155	pivotal, linking, extending, line, coming	1	2025-08-28 03:41:41.862385312
156	watan, august, 2025, 31, 28	2	2025-08-28 03:41:41.862385312
159	warring, condemned, ceasefire, immediate, unamid	8	2025-08-28 03:41:41.862385312
160	solution, lasting, agreeing, interfere, politics	2	2025-08-28 03:41:41.862385312
162	gap, simple, managing, risks, bear	1	2025-08-28 03:41:41.862385312
163	rahad, charge, welfare, kordofan, student	1	2025-08-28 03:41:41.862385312
167	competence, haitham, surprised, exploited, health	8	2025-08-28 03:41:41.862385312
170	land, valiant, god, grant, victory	1	2025-08-28 03:41:41.862385312
175	payment, sitting, communicate, answer, mind	4	2025-08-28 03:41:41.862385312
181	repelled, owned, armored, sixth, supported	2	2025-08-28 03:41:41.862385312
182	25, lamamra, ireland, 2025, turk	5	2025-08-28 03:41:41.862385312
183	invitation, honorable, diaspora, countries, general	1	2025-08-28 03:41:41.862385312
188	apology, old, reasonable, tampering, broadcast	1	2025-08-28 03:41:41.862385312
190	interaction, ancient, buy, groups, telegram	1	2025-08-28 03:41:41.862385312
195	informing, source, 2025, august, ad	4	2025-08-28 03:41:41.862385312
196	boud, patrol, peripheral, medani, theft	4	2025-08-28 03:41:41.862385312
197	uae, objection, led, 75, withdraw	1	2025-08-28 03:41:41.862385312
203	read, net, cemetery, gengueid, details	3	2025-08-28 03:41:41.862385312
205	homeland, 16, september, 2025, tuesday	4	2025-08-28 03:41:41.862385312
206	quran, holy, opening, center, al	1	2025-08-28 03:41:41.862385312
208	sanctions, unanimously, european, prohibition, 2005	5	2025-08-28 03:41:41.862385312
212	asia, correspondent, khalifa, 6th, staff	7	2025-08-28 03:41:41.862385312
214	book, channel, httpstmekraray224466, karry, net	2	2025-08-28 03:41:41.862385312
215	possess, forbidden, interact, evident, store	2	2025-08-28 03:41:41.862385312
216	damage, floods, affected, commissioners, bride	3	2025-08-28 03:41:41.862385312
217	archaeological, tabiya, compromise, guard, perpetrators	3	2025-08-28 03:41:41.862385312
219	authorized, guardian, mind, popularresistance, existence	1	2025-08-28 03:41:41.862385312
224	shams, bakri, facebook, id, 249	3	2025-08-28 03:41:41.862385312
225	plates, campaigns, firing, intensify, license	1	2025-08-28 03:41:41.862385312
226	interact, karry, compulsory, channel, telegram	2	2025-08-28 03:41:41.862385312
228	unhcr, designated, relevant, transferred, camps	5	2025-08-28 03:41:41.862385312
230	demonstration, european, brussels, union, hall	3	2025-08-28 03:41:41.862385312
231	net, read, dignity, battle, details	1	2025-08-28 03:41:41.862385312
233	ain, catastrophe, largest, dialogue, ukraine	1	2025-08-28 03:41:41.862385312
242	motorcycles, defect, directed, caution, illegally	1	2025-08-28 03:41:41.862385312
243	detainees, fatal, relatives, letters, prison	2	2025-08-28 03:41:41.862385312
247	escaping, crying, marginalization, leader, family	1	2025-08-28 03:41:41.862385312
249	thwarting, achievement, gold, smuggling, intelligence	1	2025-08-28 03:41:41.862385312
261	spot, cleanse, theater, morale, reassure	2	2025-08-28 03:41:41.862385312
262	deceased, lists, circulating, circulated, names	1	2025-08-28 03:41:41.862385312
264	rugged, hinder, volunteer, teams, recovery	1	2025-08-28 03:41:41.862385312
265	eagles, successfully, abyad, crowded, distribute	1	2025-08-28 03:41:41.862385312
269	justification, report, work, endeavors, succeed	1	2025-08-28 03:41:41.862385312
271	crossing, extension, opening, reopen, refer	2	2025-08-28 03:41:41.862385312
273	mouth, punish, blind, eye, defend	3	2025-08-28 03:41:41.862385312
275	objects, evacuate, jeddah, search, went	2	2025-08-28 03:41:41.862385312
277	tropical, rare, trees, geographical, distance	1	2025-08-28 03:41:41.862385312
282	wounds, mosquito, heal, resort, doctors	3	2025-08-28 03:41:41.862385312
287	reliable, coverage, whatsapp, immediate, maximum	2	2025-08-28 03:41:41.862385312
-1	al, fasher, el, militia, sovereignty	790	2025-09-27 09:53:10.211009152
0	fasher, el, rapid, artillery, bombing	50	2025-09-27 09:53:10.211009152
1	students, education, school, certificate, exams	33	2025-09-27 09:53:10.211009152
2	humanitarian, nations, funding, food, united	18	2025-09-27 09:53:10.211009152
3	sports, blood, team, facebook, player	11	2025-09-27 09:53:10.211009152
4	sympathy, offered, regret, wishing, act	3	2025-09-27 09:53:10.211009152
5	gaza, expels, offensive, confiscation, 58	1	2025-09-27 09:53:10.211009152
6	touring, malfunctions, djibouti, technical, nairobi	1	2025-09-27 09:53:10.211009152
7	epidemics, vectors, ability, dengue, funding	5	2025-09-27 09:53:10.211009152
8	gaza, palestinian, israeli, palestine, israel	12	2025-09-27 09:53:10.211009152
9	fasher, besieged, city, el, bombing	12	2025-09-27 09:53:10.211009152
10	women, sexual, violence, psychological, salma	12	2025-09-27 09:53:10.211009152
11	agricultural, jurisdiction, tighten, granted, purpose	7	2025-09-27 09:53:10.211009152
12	nearby, elderly, retaliation, treated, injury	24	2025-09-27 09:53:10.211009152
13	god, praise, oh, sufficient, clouds	8	2025-09-27 09:53:10.211009152
15	officer, required, degree, vacant, assistant	12	2025-09-27 09:53:10.211009152
16	thought, say, left, know, position	1	2025-09-27 09:53:10.211009152
17	islam, kitchen, initiatives, nour, initiative	6	2025-09-27 09:53:10.211009152
18	2736, starvation, sight, ignored, resolutions	17	2025-09-27 09:53:10.211009152
19	ambassador, egyptian, salem, affairs, foreign	17	2025-09-27 09:53:10.211009152
20	minister, participates, undersecretary, meets, reviews	6	2025-09-27 09:53:10.211009152
21	health, hospital, medical, doctors, facilities	13	2025-09-27 09:53:10.211009152
22	crushing, think, valor, fight, defeat	18	2025-09-27 09:53:10.211009152
23	fights, hoping, majid, hamid, abdel	1	2025-09-27 09:53:10.211009152
24	sleep, mothers, shells, humiliation, fasher	8	2025-09-27 09:53:10.211009152
25	refugees, returnees, south, returned, unhcr	4	2025-09-27 09:53:10.211009152
26	blue, nile, governor, meets, region	17	2025-09-27 09:53:10.211009152
27	dirt, exit, siege, kilometers, sixth	7	2025-09-27 09:53:10.211009152
28	satti, wronged, ethiopia, conventions, price	2	2025-09-27 09:53:10.211009152
29	police, park, crime, security, campaigns	8	2025-09-27 09:53:10.211009152
30	bank, microfinance, relieve, branch, central	9	2025-09-27 09:53:10.211009152
31	airport, airlines, landing, badr, plane	9	2025-09-27 09:53:10.211009152
32	foreigners, illegally, passports, presence, immigration	8	2025-09-27 09:53:10.211009152
33	crime, nearby, got, wake, sat	2	2025-09-27 09:53:10.211009152
34	floods, levels, flood, nile, rising	10	2025-09-27 09:53:10.211009152
35	ceasefire, immediate, marginalized, parties, warring	3	2025-09-27 09:53:10.211009152
36	inevitable, realize, wing, signs, steps	2	2025-09-27 09:53:10.211009152
37	relatives, signs, favoritism, replaced, spring	5	2025-09-27 09:53:10.211009152
38	case, court, circulated, require, later	3	2025-09-27 09:53:10.211009152
39	hosting, returnee, voluntary, prohibited, prohibiting	2	2025-09-27 09:53:10.211009152
40	gold, 53, mining, amounted, traditional	3	2025-09-27 09:53:10.211009152
41	saqwl, httpstmesaqwl, spokesperson, office, watch	9	2025-09-27 09:53:10.211009152
42	mandate, objection, finding, rights, mission	1	2025-09-27 09:53:10.211009152
43	freezing, assets, financial, dollar, exchange	1	2025-09-27 09:53:10.211009152
46	smugglers, internationally, trafficking, eyes, operating	2	2025-09-27 09:53:10.211009152
47	things, complete, control, waiting, answer	1	2025-09-27 09:53:10.211009152
48	union, welcoming, quartet, tools, igad	1	2025-09-27 09:53:10.211009152
49	oh, god, grant, praise, temptations	3	2025-09-27 09:53:10.211009152
51	connecting, revive, electricity, electrical, recovering	1	2025-09-27 09:53:10.211009152
52	eyes, realized, suddenly, migration, paths	2	2025-09-27 09:53:10.211009152
53	oil, motor, pumping, experiences, energy	2	2025-09-27 09:53:10.211009152
54	dismantled, tops, tunnel, forgery, explicit	1	2025-09-27 09:53:10.211009152
55	friend, dear, satti, twice, mukhtar	5	2025-09-27 09:53:10.211009152
57	enlightening, ad, circulation, 2025, wednesday	11	2025-09-27 09:53:10.211009152
58	possible, capable, painting, memorial, adversity	2	2025-09-27 09:53:10.211009152
60	sales, constitute, income, source, major	1	2025-09-27 09:53:10.211009152
62	karari, headlines, newspaper, october, wednesday	1	2025-09-27 09:53:10.211009152
64	drink, gave, chad, defeated, cup	7	2025-09-27 09:53:10.211009152
65	qualifications, criteria, administrative, intensify, observers	2	2025-09-27 09:53:10.211009152
68	foolish, enormous, acceptable, inevitable, ideas	3	2025-09-27 09:53:10.211009152
69	suna, agency, news, sudan, sama	7	2025-09-27 09:53:10.211009152
72	conviction, kushayb, court, criminal, justice	7	2025-09-27 09:53:10.211009152
73	russian, moscow, burhan, discussions, diplomatic	5	2025-09-27 09:53:10.211009152
74	past, did, dont, come, didnt	1	2025-09-27 09:53:10.211009152
75	speedy, recovery, mercy, martyrs, missing	13	2025-09-27 09:53:10.211009152
76	commanders, eliminated, vehicles, senior, fighters	7	2025-09-27 09:53:10.211009152
77	drawing, artistic, slow, corner, feelings	3	2025-09-27 09:53:10.211009152
78	retaliation, treated, martyrdom, record, defeats	3	2025-09-27 09:53:10.211009152
80	ansar, liberated, normal, steadfast, replaced	2	2025-09-27 09:53:10.211009152
81	foreigners, legal, documents, welcome, presence	10	2025-09-27 09:53:10.211009152
82	planning, residential, locality, lands, supervisors	3	2025-09-27 09:53:10.211009152
83	satti, hospital, health, controversy, charity	3	2025-09-27 09:53:10.211009152
84	evening, sleep, tariq, door, hajar	2	2025-09-27 09:53:10.211009152
89	responds, invitation, washington, visit, affairs	3	2025-09-27 09:53:10.211009152
90	formations, branches, affiliated, regular, drawn	4	2025-09-27 09:53:10.211009152
91	map, presented, acceptable, conjunction, provisions	1	2025-09-27 09:53:10.211009152
92	occupying, long, souls, black, defeated	4	2025-09-27 09:53:10.211009152
95	capacity, strive, attended, din, deputy	2	2025-09-27 09:53:10.211009152
97	truly, sad, ordinary, advice, publishing	1	2025-09-27 09:53:10.211009152
101	departments, review, plans, 2026, culture	1	2025-09-27 09:53:10.211009152
102	choosing, candidate, claiming, won, presidential	1	2025-09-27 09:53:10.211009152
103	abundant, mean, prayers, diaspora, oh	3	2025-09-27 09:53:10.211009152
104	victory, despair, patience, accustomed, sword	2	2025-09-27 09:53:10.211009152
106	arbab, hospitality, hero, incentive, hammad	2	2025-09-27 09:53:10.211009152
108	contacts, update, organizations, unified, adding	2	2025-09-27 09:53:10.211009152
109	deport, refugees, flight, organizes, 22	6	2025-09-27 09:53:10.211009152
110	drone, combat, target, infantry, 6th	8	2025-09-27 09:53:10.211009152
114	migration, migrants, unsafe, extortion, infiltrators	4	2025-09-27 09:53:10.211009152
115	unemployment, inability, 72, difficulties, rates	2	2025-09-27 09:53:10.211009152
116	haftar, libyan, triangle, separate, severe	3	2025-09-27 09:53:10.211009152
117	planning, amin, awliya, urban, engineer	1	2025-09-27 09:53:10.211009152
118	approached, sells, love, surrounded, mother	3	2025-09-27 09:53:10.211009152
122	limbs, treatment, undertake, exacerbated, performed	2	2025-09-27 09:53:10.211009152
124	chadian, chest, chad, nightmare, resting	6	2025-09-27 09:53:10.211009152
125	whatsapp, correspondent, channel, follow, httpstmesudannm	6	2025-09-27 09:53:10.211009152
126	hajj, ah, religious, season, discusses	3	2025-09-27 09:53:10.211009152
129	immediately, stop, said, war, citizen	1	2025-09-27 09:53:10.211009152
132	minni, arko, minawi, adds, fallen	3	2025-09-27 09:53:10.211009152
136	strength, prevail, win, help, god	2	2025-09-27 09:53:10.211009152
139	orphans, insurance, disabilities, mineral, resources	4	2025-09-27 09:53:10.211009152
140	assaults, executions, extortion, raid, carried	1	2025-09-27 09:53:10.211009152
144	virtue, tonight, courage, tears, learn	1	2025-09-27 09:53:10.211009152
145	transgressions, guise, ignoring, actors, plundered	4	2025-09-27 09:53:10.211009152
147	deported, foreigners, equipped, voluntarily, 38	3	2025-09-27 09:53:10.211009152
151	investment, created, meat, bought, pounds	3	2025-09-27 09:53:10.211009152
153	transportation, arranges, licensing, stops, buses	7	2025-09-27 09:53:10.211009152
154	karari, headlines, 13, monday, october	1	2025-09-27 09:53:10.211009152
156	watan, festival, nasr, marwa, collaborator	6	2025-09-27 09:53:10.211009152
157	answered, burn, loot, voluntarily, greatest	2	2025-09-27 09:53:10.211009152
160	negotiations, ceasefire, map, followed, initiating	2	2025-09-27 09:53:10.211009152
161	included, decisions, following, empowerment, committee	1	2025-09-27 09:53:10.211009152
162	faki, hashim, live, used, included	2	2025-09-27 09:53:10.211009152
163	rawaba, kordofan, bachelor, umm, health	3	2025-09-27 09:53:10.211009152
170	oh, god, victory, enemies, breaks	3	2025-09-27 09:53:10.211009152
172	politically, manage, fact, advisor, youssef	1	2025-09-27 09:53:10.211009152
173	appeared, tribune, sudan, scholarship, admission	1	2025-09-27 09:53:10.211009152
176	scene, link, telegram, join, httpstmesdnewsnetwork	8	2025-09-27 09:53:10.211009152
177	governorate, renk, drivers, bus, refused	3	2025-09-27 09:53:10.211009152
178	values, compassion, saluted, sheltering, stance	1	2025-09-27 09:53:10.211009152
180	staying, stops, buses, prohibiting, transportation	5	2025-09-27 09:53:10.211009152
181	northeastern, attempted, inflicted, infiltrate, owned	2	2025-09-27 09:53:10.211009152
182	european, constructive, engagement, union, regional	8	2025-09-27 09:53:10.211009152
187	fattah, sisi, egyptian, abdel, president	3	2025-09-27 09:53:10.211009152
188	tracking, reporting, recording, concerns, incidents	1	2025-09-27 09:53:10.211009152
191	collusion, prove, judicial, condemnation, document	1	2025-09-27 09:53:10.211009152
192	renk, journey, deported, stories, lived	4	2025-09-27 09:53:10.211009152
193	imprisonment, measure, hanging, penalty, death	7	2025-09-27 09:53:10.211009152
197	uae, emirati, weapons, qualifications, guise	3	2025-09-27 09:53:10.211009152
200	minawi, coordinated, weaken, supervises, minni	2	2025-09-27 09:53:10.211009152
202	integrate, actors, finding, mandate, extended	1	2025-09-27 09:53:10.211009152
205	homeland, 2025, ad, news, october	9	2025-09-27 09:53:10.211009152
207	karama, notification, contribute, manufacturing, clothing	9	2025-09-27 09:53:10.211009152
208	sanctions, european, expired, deadline, union	3	2025-09-27 09:53:10.211009152
209	gosh, intelligence, salah, apparatus, service	2	2025-09-27 09:53:10.211009152
210	digital, transformation, communications, build, enhances	1	2025-09-27 09:53:10.211009152
211	bara, moment, active, happening, stopped	1	2025-09-27 09:53:10.211009152
212	asia, correspondent, khalifa, 6th, 2025	7	2025-09-27 09:53:10.211009152
213	band, patient, elderly, sick, hospital	2	2025-09-27 09:53:10.211009152
214	karry, httpstmekraray224466, channel, 22, october	7	2025-09-27 09:53:10.211009152
215	facebook, twitter, firmly, assure, sudanesearmedforces	3	2025-09-27 09:53:10.211009152
216	98, activists, destroyed, reported, sources	1	2025-09-27 09:53:10.211009152
218	zakat, drag, begging, subsidies, transfers	1	2025-09-27 09:53:10.211009152
222	undoubtedly, tourism, resource, egyptians, treasury	1	2025-09-27 09:53:10.211009152
223	guardians, righteous, glorious, forgiveness, mercy	1	2025-09-27 09:53:10.211009152
225	motorcycles, prohibiting, furniture, broken, transporting	3	2025-09-27 09:53:10.211009152
226	interact, karry, compulsory, channel, telegram	1	2025-09-27 09:53:10.211009152
227	meters, unilateral, compliance, water, dam	2	2025-09-27 09:53:10.211009152
228	designated, relevant, unhcr, transferred, camps	2	2025-09-27 09:53:10.211009152
229	blood, accept, firmly, shake, personally	2	2025-09-27 09:53:10.211009152
230	conviction, kushayb, peaceful, marches, ali	1	2025-09-27 09:53:10.211009152
232	cowardly, strong, fight, militia, barrier	1	2025-09-27 09:53:10.211009152
234	mount, traders, causes, massive, damage	1	2025-09-27 09:53:10.211009152
237	terrorist, concrete, 2736, punish, sponsors	3	2025-09-27 09:53:10.211009152
238	trap, deceived, righteous, controls, fall	1	2025-09-27 09:53:10.211009152
242	specified, adherence, violators, arresting, bases	1	2025-09-27 09:53:10.211009152
245	method, whatsapp, correspondent, culture, preparing	1	2025-09-27 09:53:10.211009152
248	6th, infantry, division, fasher, el	1	2025-09-27 09:53:10.211009152
251	courtesy, frankly, telling, noticed, tolerate	1	2025-09-27 09:53:10.211009152
253	treating, 200, medical, work, committee	1	2025-09-27 09:53:10.211009152
255	nazir, unite, mansour, moneim, passing	6	2025-09-27 09:53:10.211009152
261	accordingly, minutes, sacrifice, mentioned, silent	2	2025-09-27 09:53:10.211009152
263	propaganda, investors, image, longer, dhabi	2	2025-09-27 09:53:10.211009152
265	awlad, drought, nazir, rizeigat, mansour	1	2025-09-27 09:53:10.211009152
267	eradicate, commits, help, massacre, dar	4	2025-09-27 09:53:10.211009152
268	academy, study, jobs, courses, training	6	2025-09-27 09:53:10.211009152
269	copied, collaborator, place, endeavors, succeed	1	2025-09-27 09:53:10.211009152
273	traitor, traitors, learn, masters, deception	1	2025-09-27 09:53:10.211009152
278	39, freezes, samoud, leaders, freeze	1	2025-09-27 09:53:10.211009152
279	narrative, reject, elites, relied, lessons	3	2025-09-27 09:53:10.211009152
-1	al, fasher, el, militia, dabbah	1387	2025-10-27 16:04:38.559632992
0	tawila, fasher, el, displaced, rapid	92	2025-10-27 16:04:38.559632992
1	education, higher, students, school, universities	65	2025-10-27 16:04:38.559632992
2	humanitarian, food, tawila, famine, aid	36	2025-10-27 16:04:38.559632992
3	football, team, hilal, al, league	26	2025-10-27 16:04:38.559632992
4	jurisprudence, yemen, academy, islamic, survival	8	2025-10-27 16:04:38.559632992
5	lakes, newspaper, happiness, summit, comprehensive	2	2025-10-27 16:04:38.559632992
6	91, examples, ethiopian, man, complications	1	2025-10-27 16:04:38.559632992
7	disease, dengue, fever, vectors, immunization	11	2025-10-27 16:04:38.559632992
8	syria, israel, inquiry, penetrated, urgently	1	2025-10-27 16:04:38.559632992
9	abyad, fasher, el, tawila, blood	10	2025-10-27 16:04:38.559632992
10	sexual, women, rape, girls, violence	18	2025-10-27 16:04:38.559632992
11	winter, agricultural, crop, grassroots, season	19	2025-10-27 16:04:38.559632992
12	necessities, killings, chose, thousands, walk	22	2025-10-27 16:04:38.559632992
13	god, divine, hardship, relieve, faith	11	2025-10-27 16:04:38.559632992
15	iom, required, degree, vacant, bachelor	5	2025-10-27 16:04:38.559632992
16	position, leadership, prime, magnitude, credit	3	2025-10-27 16:04:38.559632992
17	azhari, dabbah, charity, food, al	28	2025-10-27 16:04:38.559632992
18	genocide, crimes, ethnic, cleansing, committed	32	2025-10-27 16:04:38.559632992
19	foreign, affairs, discussions, salem, bilateral	18	2025-10-27 16:04:38.559632992
20	inaugurated, undersecretary, television, regional, affairs	2	2025-10-27 16:04:38.559632992
21	doctors, fasher, tawila, medical, borders	21	2025-10-27 16:04:38.559632992
22	tambour, mustafa, army, thing, liberation	12	2025-10-27 16:04:38.559632992
23	looking, burhan, stripped, tut, qalwak	4	2025-10-27 16:04:38.559632992
24	displaced, fasher, el, tawila, dabbah	57	2025-10-27 16:04:38.559632992
25	refugees, refugee, commissioner, 25th, remarkable	4	2025-10-27 16:04:38.559632992
26	blue, nile, governor, kordofan, north	30	2025-10-27 16:04:38.559632992
27	allies, 26, 22nd, violent, battles	5	2025-10-27 16:04:38.559632992
28	ethiopia, ethiopian, complications, residency, refugees	8	2025-10-27 16:04:38.559632992
29	breaches, decrease, crime, rate, security	6	2025-10-27 16:04:38.559632992
30	note, pound, arranges, tariffs, issuance	1	2025-10-27 16:04:38.559632992
31	scenario, routes, linking, plane, play	4	2025-10-27 16:04:38.559632992
32	documents, passports, foreigners, foreigner, resident	7	2025-10-27 16:04:38.559632992
33	spy, escaped, clash, delivered, preliminary	2	2025-10-27 16:04:38.559632992
34	suddenly, earthquake, loses, balance, reason	1	2025-10-27 16:04:38.559632992
35	truce, unless, aggressor, ceasefire, stop	17	2025-10-27 16:04:38.559632992
36	failures, flies, misinformation, dirty, pages	2	2025-10-27 16:04:38.559632992
37	withdrawal, prophet, withdrew, silent, saw	12	2025-10-27 16:04:38.559632992
38	prosecution, explanatory, affiliated, formation, investigating	7	2025-10-27 16:04:38.559632992
39	train, aswan, voluntary, cairo, 650	3	2025-10-27 16:04:38.559632992
40	gold, mineral, mining, tons, revenues	14	2025-10-27 16:04:38.559632992
41	saqwl, httpstmesaqwl, spokesperson, office, official	21	2025-10-27 16:04:38.559632992
42	rights, human, atrocities, finding, fact	10	2025-10-27 16:04:38.559632992
43	stock, adjust, market, closes, expulsion	3	2025-10-27 16:04:38.559632992
44	importing, commensurate, dose, exceed, vaccine	1	2025-10-27 16:04:38.559632992
46	trafficking, model, administration, ambush, issa	1	2025-10-27 16:04:38.559632992
47	reason, mentioning, examples, preserved, apologize	4	2025-10-27 16:04:38.559632992
48	jaber, summit, lakes, ninth, african	6	2025-10-27 16:04:38.559632992
49	gracious, god, merciful, bless, withstand	7	2025-10-27 16:04:38.559632992
50	whatsapp, channel, follow, hot, correspondent	2	2025-10-27 16:04:38.559632992
52	tweet, survivors, lack, added, elderly	8	2025-10-27 16:04:38.559632992
53	gas, stations, wadi, encouraged, rahad	3	2025-10-27 16:04:38.559632992
54	sudani, newspaper, al, burhan, november	14	2025-10-27 16:04:38.559632992
55	qasim, paper, wahab, al, fath	7	2025-10-27 16:04:38.559632992
56	accounts, amani, flock, youtube, opinions	4	2025-10-27 16:04:38.559632992
57	date, november, 2025, ad, mentioned	5	2025-10-27 16:04:38.559632992
58	environment, preparing, roads, reviews, supreme	3	2025-10-27 16:04:38.559632992
59	customs, exempt, electrical, furniture, returning	10	2025-10-27 16:04:38.559632992
60	tax, focus, revenues, secretary, dignity	1	2025-10-27 16:04:38.559632992
62	sudani, karari, newspaper, headlines, burhan	3	2025-10-27 16:04:38.559632992
63	oh, god, mighty, grant, feet	7	2025-10-27 16:04:38.559632992
64	knows, forget, intervene, spoil, adversity	7	2025-10-27 16:04:38.559632992
66	promises, secretary, saved, deng, donald	7	2025-10-27 16:04:38.559632992
67	weather, whatsapp, reliable, coverage, relatively	8	2025-10-27 16:04:38.559632992
68	transformations, routine, goes, indicate, reflects	1	2025-10-27 16:04:38.559632992
69	suna, agency, news, sudan, sama	13	2025-10-27 16:04:38.559632992
70	passports, immigration, issuance, electronic, obeid	6	2025-10-27 16:04:38.559632992
71	journalists, media, syndicate, contact, seven	8	2025-10-27 16:04:38.559632992
72	court, crimes, french, criminal, classify	6	2025-10-27 16:04:38.559632992
73	salem, quartet, invasion, happening, mohieddin	10	2025-10-27 16:04:38.559632992
74	gift, play, sit, raise, escape	5	2025-10-27 16:04:38.559632992
76	tanks, informal, vehicles, 72, inventory	1	2025-10-27 16:04:38.559632992
77	dabbah, artist, tambour, known, mohamed	1	2025-10-27 16:04:38.559632992
78	terrorist, classifying, classify, referral, rulings	7	2025-10-27 16:04:38.559632992
79	salaam, es, dar, water, motor	4	2025-10-27 16:04:38.559632992
80	denounce, 19th, religion, god, mosques	8	2025-10-27 16:04:38.559632992
81	foreigners, harboring, illegal, legal, identification	12	2025-10-27 16:04:38.559632992
82	monetary, sennar, families, rent, house	1	2025-10-27 16:04:38.559632992
83	health, abyad, center, staff, karima	7	2025-10-27 16:04:38.559632992
84	doha, sentence, filed, ruling, court	14	2025-10-27 16:04:38.559632992
86	sat, ruler, courts, charges, prosecutor	2	2025-10-27 16:04:38.559632992
87	class, 800, comfort, luxury, sheep	2	2025-10-27 16:04:38.559632992
89	american, took, place, cooperation, agent	9	2025-10-27 16:04:38.559632992
90	surrender, replacing, propaganda, battalion, think	4	2025-10-27 16:04:38.559632992
92	saw, mercenaries, babanusa, trenches, crushed	4	2025-10-27 16:04:38.559632992
94	warehouse, 56, reducing, gas, gezira	2	2025-10-27 16:04:38.559632992
95	minni, arko, minawi, declare, kordofan	4	2025-10-27 16:04:38.559632992
96	cooper, actions, accountable, held, leadership	1	2025-10-27 16:04:38.559632992
97	media, misinformation, professionals, patience, cast	5	2025-10-27 16:04:38.559632992
100	soldier, seen, bag, early, carrying	7	2025-10-27 16:04:38.559632992
101	kordofan, north, listens, blue, commission	1	2025-10-27 16:04:38.559632992
102	tools, demanded, quickly, draft, trump	9	2025-10-27 16:04:38.559632992
103	limitations, wahab, martyrs, neck, mujahideen	1	2025-10-27 16:04:38.559632992
104	knew, talking, jihad, dignity, dear	3	2025-10-27 16:04:38.559632992
105	clarification, burhan, remove, information, authorities	1	2025-10-27 16:04:38.559632992
106	labor, activation, umrah, secretariat, religious	3	2025-10-27 16:04:38.559632992
107	nawara, sovereignty, muhammad, member, khamis	6	2025-10-27 16:04:38.559632992
108	asking, humanitarian, psychological, arrive, safe	7	2025-10-27 16:04:38.559632992
109	explanatory, prosecution, migration, sesame, harvesting	1	2025-10-27 16:04:38.559632992
110	drones, tactical, ii, 200, aircraft	1	2025-10-27 16:04:38.559632992
111	burn, awareness, occasion, treatment, week	3	2025-10-27 16:04:38.559632992
112	aiming, tripoli, mediterranean, understandings, migrants	1	2025-10-27 16:04:38.559632992
115	poverty, 71, productive, moatasem, rate	2	2025-10-27 16:04:38.559632992
116	haftar, libyan, libya, khalifa, kufra	24	2025-10-27 16:04:38.559632992
117	abuse, items, postponing, distributing, selling	1	2025-10-27 16:04:38.559632992
118	illness, husband, puts, trying, pressure	1	2025-10-27 16:04:38.559632992
120	praises, minister, swiss, obeid, secretary	5	2025-10-27 16:04:38.559632992
122	teams, repeated, noted, access, strikes	1	2025-10-27 16:04:38.559632992
123	alive, preliminary, doctors, hours, burning	6	2025-10-27 16:04:38.559632992
124	chadian, advisor, divine, equation, comment	5	2025-10-27 16:04:38.559632992
125	whatsapp, correspondent, follow, channel, httpstmesudannm	21	2025-10-27 16:04:38.559632992
126	hajj, umrah, appointing, kamel, ah	3	2025-10-27 16:04:38.559632992
127	hear, describing, single, dhabi, cover	2	2025-10-27 16:04:38.559632992
129	citizen, definitely, repelled, supposed, hospice	6	2025-10-27 16:04:38.559632992
132	minni, arko, minawi, darfur, el	7	2025-10-27 16:04:38.559632992
135	jobs, climate, study, interested, contains	2	2025-10-27 16:04:38.559632992
138	electoral, produce, changed, broken, unions	1	2025-10-27 16:04:38.559632992
139	insurance, understandings, jazeera, airlines, hosts	2	2025-10-27 16:04:38.559632992
144	film, bamdurman, represented, visits, shown	6	2025-10-27 16:04:38.559632992
147	32, phase, voluntary, second, project	1	2025-10-27 16:04:38.559632992
149	covenant, stop, bird, birds, norway	2	2025-10-27 16:04:38.559632992
150	wheel, employers, proposes, emphasizes, economy	3	2025-10-27 16:04:38.559632992
152	boat, drone, tunisian, migrants, libyan	2	2025-10-27 16:04:38.559632992
153	transportation, tariffs, proposal, lines, company	16	2025-10-27 16:04:38.559632992
154	karari, headlines, november, channel, issued	6	2025-10-27 16:04:38.559632992
155	encroachment, phenomena, roads, negative, launches	3	2025-10-27 16:04:38.559632992
157	vacuum, tambour, blatant, mustafa, liberation	5	2025-10-27 16:04:38.559632992
158	welfare, child, social, spaces, researchers	8	2025-10-27 16:04:38.559632992
160	pressuring, jump, dimensions, foolish, peace	3	2025-10-27 16:04:38.559632992
161	contained, competencies, phenomena, tasks, reviewed	2	2025-10-27 16:04:38.559632992
162	areas, fasher, el, calm, neighborhood	1	2025-10-27 16:04:38.559632992
163	insurance, damazin, health, resources, blue	7	2025-10-27 16:04:38.559632992
166	freeze, alongside, alert, immediately, fight	1	2025-10-27 16:04:38.559632992
167	115, worker, jaafar, giving, nasr	4	2025-10-27 16:04:38.559632992
168	sawt, balad, atta, emir, yasser	2	2025-10-27 16:04:38.559632992
169	quartet, fingers, means, want, parties	6	2025-10-27 16:04:38.559632992
170	hearts, game, salvation, standing, god	4	2025-10-27 16:04:38.559632992
172	burhan, ismail, speeches, hassan, writes	2	2025-10-27 16:04:38.559632992
173	scholarship, apply, admission, master, university	4	2025-10-27 16:04:38.559632992
176	scene, link, telegram, join, httpstmesdnewsnetwork	14	2025-10-27 16:04:38.559632992
177	flags, republican, lived, quartet, forget	2	2025-10-27 16:04:38.559632992
180	teams, roads, severe, reported, lack	1	2025-10-27 16:04:38.559632992
182	massad, boulos, sales, britain, proven	3	2025-10-27 16:04:38.559632992
183	peacefully, moved, ago, problems, forum	1	2025-10-27 16:04:38.559632992
184	awliya, remnants, jabal, residents, nile	2	2025-10-27 16:04:38.559632992
186	abdul, hamid, rahman, lieutenant, muhammad	1	2025-10-27 16:04:38.559632992
190	whatsapp, follow, channel, telegram, facebook	1	2025-10-27 16:04:38.559632992
191	ignores, facts, disaster, cover, agreement	4	2025-10-27 16:04:38.559632992
192	journey, authentic, tells, reservoir, dabba	8	2025-10-27 16:04:38.559632992
195	staying, hotel, juba, capital, source	1	2025-10-27 16:04:38.559632992
196	residence, age, salem, hidden, years	1	2025-10-27 16:04:38.559632992
197	uae, pushed, mentioning, samoud, publicly	7	2025-10-27 16:04:38.559632992
202	desires, encroachment, resorted, jurisdiction, limits	1	2025-10-27 16:04:38.559632992
205	november, homeland, 2025, ad, news	20	2025-10-27 16:04:38.559632992
206	mobilization, preachers, imams, emphasizes, concludes	3	2025-10-27 16:04:38.559632992
207	clothes, lot, distributed, old, need	2	2025-10-27 16:04:38.559632992
208	sanctions, european, rahim, union, dagalo	5	2025-10-27 16:04:38.559632992
210	digital, mansour, whatsapp, transformation, communications	1	2025-10-27 16:04:38.559632992
213	saving, sick, iom, proud, elderly	2	2025-10-27 16:04:38.559632992
215	facebook, twitter, 46, status, 28	2	2025-10-27 16:04:38.559632992
218	zakat, trustees, collection, festival, board	4	2025-10-27 16:04:38.559632992
222	tourism, tourist, bell, dangers, dhabi	4	2025-10-27 16:04:38.559632992
224	incentives, permit, radio, television, certification	9	2025-10-27 16:04:38.559632992
225	motorcycles, unregulated, pursuing, reporting, contracts	1	2025-10-27 16:04:38.559632992
226	interact, karry, compulsory, channel, telegram	8	2025-10-27 16:04:38.559632992
228	highlights, saving, entity, concerned, exposed	2	2025-10-27 16:04:38.559632992
230	demonstration, abroad, voice, community, protest	6	2025-10-27 16:04:38.559632992
231	facebook, message249, id, whatsapp, channel	12	2025-10-27 16:04:38.559632992
232	supporter, fought, fell, condition, sons	2	2025-10-27 16:04:38.559632992
233	survival, truce, ceasefire, threatens, hamdok	1	2025-10-27 16:04:38.559632992
234	space, seen, burning, ground, blood	1	2025-10-27 16:04:38.559632992
235	waves, arrive, expected, coming, days	2	2025-10-27 16:04:38.559632992
236	ransom, pay, asked, detention, prisoners	2	2025-10-27 16:04:38.559632992
237	uae, embassies, leak, prevent, emirati	5	2025-10-27 16:04:38.559632992
238	sold, siege, destroyed, plan, said	3	2025-10-27 16:04:38.559632992
239	sky, editorial, comply, propaganda, accuse	2	2025-10-27 16:04:38.559632992
240	dabba, din, dabbah, shelters, tour	7	2025-10-27 16:04:38.559632992
241	driver, driving, license, completed, suitable	3	2025-10-27 16:04:38.559632992
242	freely, immigrant, promoting, driver, illegal	3	2025-10-27 16:04:38.559632992
244	committing, widespread, starving, shortly, surrounded	3	2025-10-27 16:04:38.559632992
250	rahad, zakat, reassures, effort, karama	2	2025-10-27 16:04:38.559632992
251	pound, eliminated, completely, camps, inside	2	2025-10-27 16:04:38.559632992
252	salva, kiir, dismissed, agent, emirati	1	2025-10-27 16:04:38.559632992
253	contradiction, discover, discovered, ibn, friend	1	2025-10-27 16:04:38.559632992
254	voice, exile, stress, withdrawing, roots	3	2025-10-27 16:04:38.559632992
259	pregnant, distance, care, increasing, amid	1	2025-10-27 16:04:38.559632992
260	direction, play, areas, opposite, gunpoint	1	2025-10-27 16:04:38.559632992
262	transported, buried, bodies, burned, remains	1	2025-10-27 16:04:38.559632992
263	dubai, emirati, emirates, britain, dhabi	5	2025-10-27 16:04:38.559632992
264	bodies, images, initial, estimates, analysis	6	2025-10-27 16:04:38.559632992
265	hearts, moments, words, shaking, looked	2	2025-10-27 16:04:38.559632992
266	suburb, recruits, 19th, batch, marawi	2	2025-10-27 16:04:38.559632992
267	garda, aggression, initiative, appreciating, existential	3	2025-10-27 16:04:38.559632992
268	academy, courses, study, jobs, networking	4	2025-10-27 16:04:38.559632992
269	ambiguity, indicates, leaves, organized, room	1	2025-10-27 16:04:38.559632992
271	inform, earlier, adherence, employee, airports	2	2025-10-27 16:04:38.559632992
273	revenge, leave, traitors, traitor, deception	1	2025-10-27 16:04:38.559632992
275	clarified, translation, unilateral, sales, legislation	8	2025-10-27 16:04:38.559632992
278	vast, allowed, generation, wealth, seize	1	2025-10-27 16:04:38.559632992
279	amin, event, dimension, indirect, prominent	2	2025-10-27 16:04:38.559632992
280	uae, familiar, dealings, mediator, negotiations	1	2025-10-27 16:04:38.559632992
281	wonderful, noble, images, cohesion, praised	1	2025-10-27 16:04:38.559632992
282	doctors, 450, inside, liquidation, sick	2	2025-10-27 16:04:38.559632992
287	reliable, coverage, whatsapp, immediate, maximum	6	2025-10-27 16:04:38.559632992
-1	al, net, 2025, minister, militia	885	2025-11-26 22:16:06.908256864
0	dilling, rapid, kadugli, army, kordofan	53	2025-11-26 22:16:06.908256864
1	education, school, educational, teachers, students	44	2025-11-26 22:16:06.908256864
2	european, aid, humanitarian, food, union	27	2025-11-26 22:16:06.908256864
3	sports, guardian, cup, team, championship	16	2025-11-26 22:16:06.908256864
4	precise, diplomacy, blow, issue, tells	2	2025-11-26 22:16:06.908256864
5	sudani, fadil, consultative, interaction, reconcile	3	2025-11-26 22:16:06.908256864
6	eritrean, palace, relations, reception, ethiopian	9	2025-11-26 22:16:06.908256864
7	cases, malaria, cholera, hepatitis, dengue	12	2025-11-26 22:16:06.908256864
8	parliament, shed, savings, claimed, moved	1	2025-11-26 22:16:06.908256864
9	detaining, ransom, relatives, demanding, release	1	2025-11-26 22:16:06.908256864
10	women, sexual, violence, rape, raped	22	2025-11-26 22:16:06.908256864
11	farmers, project, agricultural, crop, creative	15	2025-11-26 22:16:06.908256864
12	prior, realize, flee, intimidation, crowded	12	2025-11-26 22:16:06.908256864
13	god, oh, willing, reward, happy	16	2025-11-26 22:16:06.908256864
15	required, coordinator, degree, vacant, manager	2	2025-11-26 22:16:06.908256864
16	democracy, respecting, makes, absence, possibilities	4	2025-11-26 22:16:06.908256864
17	baskets, fath, reward, food, crescent	14	2025-11-26 22:16:06.908256864
18	humanitarian, civilians, constitutes, encourages, crimes	8	2025-11-26 22:16:06.908256864
19	wake, counterpart, relationship, defended, realistic	5	2025-11-26 22:16:06.908256864
20	minister, meets, graduation, praises, inspects	3	2025-11-26 22:16:06.908256864
21	doctors, azhari, tawila, shelter, medical	13	2025-11-26 22:16:06.908256864
22	hidden, burhan, dragging, wished, appreciating	3	2025-11-26 22:16:06.908256864
23	farid, amjad, creation, tayeb, knowledge	5	2025-11-26 22:16:06.908256864
24	obeid, families, recruitment, noteworthy, al	10	2025-11-26 22:16:06.908256864
25	refugees, net, chad, refuse, nations	6	2025-11-26 22:16:06.908256864
26	blue, nile, welfare, northern, interact	20	2025-11-26 22:16:06.908256864
27	obeid, al, located, dilling, expands	8	2025-11-26 22:16:06.908256864
28	eritrea, passport, residency, tent, validity	2	2025-11-26 22:16:06.908256864
29	security, strategy, police, prestige, enhance	9	2025-11-26 22:16:06.908256864
31	located, southwest, scenes, flights, airspace	5	2025-11-26 22:16:06.908256864
32	registry, card, passports, id, passport	10	2025-11-26 22:16:06.908256864
33	assigned, secure, security, prepare, liberating	12	2025-11-26 22:16:06.908256864
34	floor, collapse, upper, partial, sea	3	2025-11-26 22:16:06.908256864
35	ceasefire, commitments, truce, coordinate, possible	5	2025-11-26 22:16:06.908256864
36	revolution, sabotage, idea, revolutionary, attempts	3	2025-11-26 22:16:06.908256864
37	dalami, searched, jubaiha, abbasiya, governorates	4	2025-11-26 22:16:06.908256864
38	article, 175, code, certainly, claimed	3	2025-11-26 22:16:06.908256864
39	arranges, nationals, aswan, voluntarily, libya	5	2025-11-26 22:16:06.908256864
40	mining, mineral, ardoul, briefs, gold	6	2025-11-26 22:16:06.908256864
41	saqwl, httpstmesaqwl, office, spokesperson, official	8	2025-11-26 22:16:06.908256864
43	clearing, launching, procedures, discusses, bank	1	2025-11-26 22:16:06.908256864
44	tests, conduct, vital, laboratory, complex	1	2025-11-26 22:16:06.908256864
46	trafficking, human, sentences, smuggling, prison	3	2025-11-26 22:16:06.908256864
47	sense, wait, exceeded, short, expectations	3	2025-11-26 22:16:06.908256864
48	representatives, african, continent, 52, hosted	2	2025-11-26 22:16:06.908256864
49	god, throwing, throw, restored, remember	3	2025-11-26 22:16:06.908256864
51	electricity, problem, faces, solve, 13	11	2025-11-26 22:16:06.908256864
52	livelihoods, exhaustion, asylum, ask, sleeping	5	2025-11-26 22:16:06.908256864
53	gas, wadi, stations, halfa, sector	1	2025-11-26 22:16:06.908256864
54	sudani, al, electronic, newspaper, burhan	4	2025-11-26 22:16:06.908256864
55	juma, stick, ezz, lower, din	6	2025-11-26 22:16:06.908256864
56	telecommunications, efficiency, companies, systems, service	10	2025-11-26 22:16:06.908256864
57	offensive, publications, changed, comments, established	2	2025-11-26 22:16:06.908256864
58	returned, accomplished, credit, big, rehabilitation	10	2025-11-26 22:16:06.908256864
59	customs, containers, smuggling, crossing, passengers	5	2025-11-26 22:16:06.908256864
60	decides, uproot, audit, fiscal, spend	3	2025-11-26 22:16:06.908256864
62	karari, landed, cargo, sudani, headlines	2	2025-11-26 22:16:06.908256864
63	dabbah, tweezers, helped, god, oh	2	2025-11-26 22:16:06.908256864
64	vandalized, coffee, ignorant, atbara, ignore	6	2025-11-26 22:16:06.908256864
65	introduce, electronically, partial, health, center	10	2025-11-26 22:16:06.908256864
66	escalating, attack, united, security, nations	5	2025-11-26 22:16:06.908256864
67	facebook, weather, relatively, hot, jazira	2	2025-11-26 22:16:06.908256864
68	revolutions, revolution, slogans, revolutionaries, rushing	4	2025-11-26 22:16:06.908256864
69	suna, agency, news, sudan, sama	9	2025-11-26 22:16:06.908256864
70	passports, registry, immigration, data, passport	4	2025-11-26 22:16:06.908256864
71	journalists, female, media, violence, exposed	8	2025-11-26 22:16:06.908256864
73	burhan, considering, regional, settlement, riyadh	3	2025-11-26 22:16:06.908256864
74	courtesy, dont, come, didnt, personally	2	2025-11-26 22:16:06.908256864
75	speedy, eternity, recovery, righteous, glory	1	2025-11-26 22:16:06.908256864
76	losses, vehicles, loss, heavy, battlefield	6	2025-11-26 22:16:06.908256864
77	artist, steadfastness, singing, art, banner	4	2025-11-26 22:16:06.908256864
78	terrorist, classified, referring, text, designated	2	2025-11-26 22:16:06.908256864
79	water, authority, approval, pump, budget	3	2025-11-26 22:16:06.908256864
80	conquest, flood, soon, safe, victory	1	2025-11-26 22:16:06.908256864
81	immigration, recover, trump, willing, routine	4	2025-11-26 22:16:06.908256864
82	improving, unit, heads, administrative, halfa	5	2025-11-26 22:16:06.908256864
83	health, hospital, artificial, restart, visits	13	2025-11-26 22:16:06.908256864
84	assumed, coincided, mediator, plays, victim	1	2025-11-26 22:16:06.908256864
85	karari, headlines, collusion, samoud, sudani	2	2025-11-26 22:16:06.908256864
86	obeid, church, birthday, prophet, qadir	5	2025-11-26 22:16:06.908256864
87	restoring, workers, gate, challenge, relationship	10	2025-11-26 22:16:06.908256864
88	envoys, crowds, truth, face, ibrahim	1	2025-11-26 22:16:06.908256864
89	london, location, courtesy, crescent, embassy	4	2025-11-26 22:16:06.908256864
90	instead, tone, misinformation, moments, propaganda	2	2025-11-26 22:16:06.908256864
93	pharmaceutical, poisons, medicines, shipment, registry	4	2025-11-26 22:16:06.908256864
94	oil, heglig, deal, energy, fields	4	2025-11-26 22:16:06.908256864
95	kordofan, north, intermediate, service, holding	5	2025-11-26 22:16:06.908256864
97	incubators, classified, professionals, communities, ban	1	2025-11-26 22:16:06.908256864
99	httpstmesaqwl, saqwl, , , 	1	2025-11-26 22:16:06.908256864
100	emphasis, promotions, placed, restoring, ranks	1	2025-11-26 22:16:06.908256864
101	blue, steering, receives, forums, kordofan	2	2025-11-26 22:16:06.908256864
102	trump, amendment, congress, introduced, senate	12	2025-11-26 22:16:06.908256864
103	allied, arabs, diaspora, know, al	1	2025-11-26 22:16:06.908256864
105	clip, directing, abuse, demonstrations, staff	1	2025-11-26 22:16:06.908256864
106	bureau, hajj, stands, carrier, secretary	3	2025-11-26 22:16:06.908256864
109	migration, ministerial, composition, excellency, interior	6	2025-11-26 22:16:06.908256864
111	patients, kidney, dialysis, boud, performed	5	2025-11-26 22:16:06.908256864
112	kufra, bakhit, 18, accident, libya	1	2025-11-26 22:16:06.908256864
114	migration, internally, million, locations, returned	4	2025-11-26 22:16:06.908256864
115	azhari, bleeding, machinery, expense, wali	2	2025-11-26 22:16:06.908256864
117	arrangement, bahri, guards, merchants, property	1	2025-11-26 22:16:06.908256864
118	daughter, son, grief, crying, separation	6	2025-11-26 22:16:06.908256864
120	favorite, thwarted, rises, undermine, targets	1	2025-11-26 22:16:06.908256864
121	cold, temperatures, slight, parts, meteorology	2	2025-11-26 22:16:06.908256864
123	detains, disappearance, hospital, rashid, doctors	5	2025-11-26 22:16:06.908256864
125	whatsapp, correspondent, follow, channel, httpstmesudannm	16	2025-11-26 22:16:06.908256864
126	hajj, umrah, ah, pilgrims, endowments	10	2025-11-26 22:16:06.908256864
127	gate, strongest, terrorist, drones, directly	2	2025-11-26 22:16:06.908256864
129	cast, capture, winning, doubt, accuse	2	2025-11-26 22:16:06.908256864
132	net, tambour, survived, certain, mustafa	2	2025-11-26 22:16:06.908256864
135	jobs, study, contains, interested, language	1	2025-11-26 22:16:06.908256864
137	cold, temperatures, weather, moderate, slight	2	2025-11-26 22:16:06.908256864
138	expense, partner, nuba, interests, coalition	2	2025-11-26 22:16:06.908256864
139	insurance, umbrella, organize, enlightenment, understanding	4	2025-11-26 22:16:06.908256864
140	enters, flee, soon, residents, prior	3	2025-11-26 22:16:06.908256864
142	watan, reliable, reports, arabiya, 2025	1	2025-11-26 22:16:06.908256864
145	terrorism, hotbed, distorted, disrupt, destructive	1	2025-11-26 22:16:06.908256864
147	ties, contributes, facilitating, account, strengthening	1	2025-11-26 22:16:06.908256864
150	restoring, factories, economy, investment, consumption	5	2025-11-26 22:16:06.908256864
151	130, costs, bag, wheat, pounds	1	2025-11-26 22:16:06.908256864
152	boat, migrants, indication, 15, faced	1	2025-11-26 22:16:06.908256864
154	karari, headlines, channel, issued, december	6	2025-11-26 22:16:06.908256864
155	amounts, euros, funded, bridge, value	1	2025-11-26 22:16:06.908256864
157	boat, shot, short, waves, sabotage	4	2025-11-26 22:16:06.908256864
158	welfare, homeless, child, referral, specified	4	2025-11-26 22:16:06.908256864
160	hostilities, truce, goal, establish, stop	1	2025-11-26 22:16:06.908256864
162	abyad, um, outskirts, al, calm	1	2025-11-26 22:16:06.908256864
163	municipality, bachelor, private, conducts, separation	1	2025-11-26 22:16:06.908256864
165	deprived, identification, papers, obtaining, summary	1	2025-11-26 22:16:06.908256864
169	america, title, focus, allies, policy	4	2025-11-26 22:16:06.908256864
170	victory, retreats, certainty, god, advances	5	2025-11-26 22:16:06.908256864
173	appeared, tribune, sudan, scholarship, admission	1	2025-11-26 22:16:06.908256864
176	scene, link, telegram, join, httpstmesdnewsnetwork	8	2025-11-26 22:16:06.908256864
177	flags, protector, chest, guardian, periods	2	2025-11-26 22:16:06.908256864
178	flag, fathers, independence, unacceptable, raised	6	2025-11-26 22:16:06.908256864
182	assessing, london, britain, preferred, ally	2	2025-11-26 22:16:06.908256864
183	striking, kinds, care, expatriates, provide	3	2025-11-26 22:16:06.908256864
184	illness, known, cairo, following, capital	1	2025-11-26 22:16:06.908256864
185	bombing, jar, 73, affiliation, gate	3	2025-11-26 22:16:06.908256864
186	captain, ship, jaber, reconstruction, lieutenant	2	2025-11-26 22:16:06.908256864
187	bilateral, burhan, developments, discuss, relations	2	2025-11-26 22:16:06.908256864
195	source, monday, december, 2025, ad	3	2025-11-26 22:16:06.908256864
196	conditioning, possession, display, washing, accused	2	2025-11-26 22:16:06.908256864
197	targets, sends, parts, uae, mercenaries	1	2025-11-26 22:16:06.908256864
200	truce, indications, revolutionary, dinar, rally	2	2025-11-26 22:16:06.908256864
202	adopts, reforms, broad, partnerships, grants	1	2025-11-26 22:16:06.908256864
203	net, read, details, cemetery, gengueid	8	2025-11-26 22:16:06.908256864
205	november, homeland, 2025, ad, 29	6	2025-11-26 22:16:06.908256864
208	european, trade, sanctions, evaluating, pressure	2	2025-11-26 22:16:06.908256864
209	intelligence, service, improvement, general, solid	8	2025-11-26 22:16:06.908256864
210	telecommunications, regulatory, explanatory, stopping, continuity	2	2025-11-26 22:16:06.908256864
214	httpstmekraray224466, channel, karry, net, repeat	2	2025-11-26 22:16:06.908256864
218	zakat, shift, transformation, diwan, trustees	4	2025-11-26 22:16:06.908256864
221	budgets, tayeb, cross, bridge, old	1	2025-11-26 22:16:06.908256864
223	guardians, righteous, glorious, forgiveness, mercy	2	2025-11-26 22:16:06.908256864
226	interact, karry, compulsory, channel, telegram	8	2025-11-26 22:16:06.908256864
229	nuba, blood, trade, use, controlled	2	2025-11-26 22:16:06.908256864
230	london, demonstration, coincided, alignment, clock	3	2025-11-26 22:16:06.908256864
231	facebook, message249, id, whatsapp, channel	6	2025-11-26 22:16:06.908256864
232	finds, offering, sees, soldier, loyal	3	2025-11-26 22:16:06.908256864
234	disputed, fires, abyei, massive, near	1	2025-11-26 22:16:06.908256864
237	classifying, rented, discourse, planned, silent	1	2025-11-26 22:16:06.908256864
239	jazeera, project, al, governor, aljazeera	1	2025-11-26 22:16:06.908256864
242	impersonating, 105, violators, regular, fragile	4	2025-11-26 22:16:06.908256864
243	requesting, sentences, prisons, criticism, sparked	2	2025-11-26 22:16:06.908256864
248	brigade, infantry, 22nd, heglig, puts	1	2025-11-26 22:16:06.908256864
251	turns, dust, rubble, buried, dreams	2	2025-11-26 22:16:06.908256864
252	salva, kiir, burhan, written, message	3	2025-11-26 22:16:06.908256864
254	homeland, pulse, enthusiasm, winds, soil	4	2025-11-26 22:16:06.908256864
255	anwar, exciting, desire, advisor, rule	1	2025-11-26 22:16:06.908256864
259	birth, traditional, puts, grave, mother	1	2025-11-26 22:16:06.908256864
262	story, body, hands, rest, head	1	2025-11-26 22:16:06.908256864
263	ties, financial, french, transferred, direct	1	2025-11-26 22:16:06.908256864
265	adopts, paying, causes, looted, blood	1	2025-11-26 22:16:06.908256864
267	dismantling, burhan, massad, include, memorial	1	2025-11-26 22:16:06.908256864
275	doubles, sponsorship, logistical, external, pressure	1	2025-11-26 22:16:06.908256864
277	forest, trees, forestry, ain, heglig	2	2025-11-26 22:16:06.908256864
279	tribalism, trap, questions, confrontation, institution	3	2025-11-26 22:16:06.908256864
-1	al, net, armed, militia, region	805	2025-12-27 04:27:35.256880704
0	dilling, kadugli, kordofan, drone, rapid	52	2025-12-27 04:27:35.256880704
1	education, students, school, schools, exams	44	2025-12-27 04:27:35.256880704
2	humanitarian, food, aid, hunger, malnutrition	38	2025-12-27 04:27:35.256880704
3	stadium, cup, football, steadfastness, saying	32	2025-12-27 04:27:35.256880704
4	iran, king, moment, saudi, test	8	2025-12-27 04:27:35.256880704
5	turkish, visiting, arabic, tour, recently	5	2025-12-27 04:27:35.256880704
6	ethiopian, ethiopia, cargo, emirati, airport	9	2025-12-27 04:27:35.256880704
7	measles, vaccinate, cases, campaign, vaccination	5	2025-12-27 04:27:35.256880704
8	israel, eyes, alliance, gaza, yemen	7	2025-12-27 04:27:35.256880704
9	qatina, noteworthy, looting, directly, contributed	5	2025-12-27 04:27:35.256880704
10	testimonies, women, sexual, violence, girls	6	2025-12-27 04:27:35.256880704
11	agricultural, production, agriculture, irrigation, map	3	2025-12-27 04:27:35.256880704
12	killings, excessive, identical, varying, shooting	5	2025-12-27 04:27:35.256880704
13	god, neglect, almighty, does, weak	14	2025-12-27 04:27:35.256880704
15	msf, required, degree, vacant, officer	5	2025-12-27 04:27:35.256880704
16	democracy, parties, isolated, legitimacy, definition	4	2025-12-27 04:27:35.256880704
17	crescent, baskets, commission, visiting, appreciates	5	2025-12-27 04:27:35.256880704
18	negligent, happening, genocide, community, crimes	6	2025-12-27 04:27:35.256880704
19	polish, recognize, ambassador, foreign, developments	10	2025-12-27 04:27:35.256880704
21	ambro, worsening, warning, disaster, late	4	2025-12-27 04:27:35.256880704
22	focusing, propaganda, tactical, expensive, reaction	3	2025-12-27 04:27:35.256880704
24	dabba, 650, displaced, ambro, tina	7	2025-12-27 04:27:35.256880704
25	offer, thing, 500, activists, fled	2	2025-12-27 04:27:35.256880704
26	blue, nile, governor, reviews, launches	17	2025-12-27 04:27:35.256880704
27	arabiya, soldier, obeid, commander, limits	7	2025-12-27 04:27:35.256880704
28	ethiopia, ethiopian, journey, refugees, searching	10	2025-12-27 04:27:35.256880704
29	identification, papers, security, police, exclude	12	2025-12-27 04:27:35.256880704
30	behalf, loyal, exciting, bank, nilein	3	2025-12-27 04:27:35.256880704
31	airport, flights, flight, aviation, costs	7	2025-12-27 04:27:35.256880704
32	passports, passport, immigration, registry, police	25	2025-12-27 04:27:35.256880704
33	police, security, cell, electronically, directed	10	2025-12-27 04:27:35.256880704
34	karari, surveillance, tight, activating, warning	1	2025-12-27 04:27:35.256880704
35	scenarios, drag, terrifying, lifeline, geographical	4	2025-12-27 04:27:35.256880704
36	gift, shameless, democracy, desert, activists	1	2025-12-27 04:27:35.256880704
37	mountains, obeid, merely, al, disagreement	2	2025-12-27 04:27:35.256880704
38	ownership, judge, car, showing, indictment	11	2025-12-27 04:27:35.256880704
39	egypt, holders, deportation, community, card	11	2025-12-27 04:27:35.256880704
41	httpstmesaqwl, watch, account, saqwl, application	22	2025-12-27 04:27:35.256880704
42	rights, human, volker, commissioner, high	8	2025-12-27 04:27:35.256880704
43	executing, granting, transfers, nature, extent	1	2025-12-27 04:27:35.256880704
45	anti, drugs, drug, pills, smuggling	9	2025-12-27 04:27:35.256880704
46	trafficking, hostages, human, kassala, crime	3	2025-12-27 04:27:35.256880704
47	explain, mechanism, use, waiting, answer	1	2025-12-27 04:27:35.256880704
48	nigeria, african, affirms, promote, prime	5	2025-12-27 04:27:35.256880704
49	believed, brothers, god, times, emigrate	2	2025-12-27 04:27:35.256880704
50	bid, farewell, heading, thank, eastern	3	2025-12-27 04:27:35.256880704
51	electricity, squares, enters, green, square	4	2025-12-27 04:27:35.256880704
52	sleeping, necessities, coinciding, minimum, harsh	4	2025-12-27 04:27:35.256880704
54	2026, budget, approve, ministers, permanent	1	2025-12-27 04:27:35.256880704
55	translated, nizar, ezz, din, interact	3	2025-12-27 04:27:35.256880704
56	accounts, anti, networks, telecommunications, specifying	3	2025-12-27 04:27:35.256880704
58	ministries, employees, difficulties, dimension, normalization	10	2025-12-27 04:27:35.256880704
59	customs, reducing, chamber, importers, clearance	6	2025-12-27 04:27:35.256880704
62	karari, bachelor, headlines, license, 31	1	2025-12-27 04:27:35.256880704
63	god, tidings, bashirat, freeing, certainly	3	2025-12-27 04:27:35.256880704
64	father, sisters, feed, gave, meaning	5	2025-12-27 04:27:35.256880704
67	weather, moderate, temperatures, prevails, facebook	6	2025-12-27 04:27:35.256880704
68	rubble, parties, alike, prey, quota	3	2025-12-27 04:27:35.256880704
69	suna, agency, news, sona, sudan	7	2025-12-27 04:27:35.256880704
70	obstacles, immigration, passports, occur, lists	1	2025-12-27 04:27:35.256880704
71	journalists, media, convey, press, reception	8	2025-12-27 04:27:35.256880704
72	court, judge, lawsuit, janjaweed, disputed	5	2025-12-27 04:27:35.256880704
73	prime, egyptian, sudani, recognize, tweet	2	2025-12-27 04:27:35.256880704
74	respectable, understood, observer, hope, play	3	2025-12-27 04:27:35.256880704
77	illness, artist, awad, passed, away	2	2025-12-27 04:27:35.256880704
78	infiltrate, missions, cover, residential, requires	1	2025-12-27 04:27:35.256880704
79	pump, fence, surveys, meters, criteria	3	2025-12-27 04:27:35.256880704
80	ruins, sleeping, sadiq, mothers, broken	1	2025-12-27 04:27:35.256880704
81	permit, foreigners, illegal, resident, violators	8	2025-12-27 04:27:35.256880704
82	philanthropists, medina, 65, wells, income	5	2025-12-27 04:27:35.256880704
83	health, madani, nubia, resting, salutes	2	2025-12-27 04:27:35.256880704
84	appeal, ruling, ruled, fine, riyals	5	2025-12-27 04:27:35.256880704
86	parents, obeid, mosque, inaugurates, kordofan	2	2025-12-27 04:27:35.256880704
88	obligations, fiscal, 2025, finance, effort	1	2025-12-27 04:27:35.256880704
89	norms, specifically, sending, letter, counterpart	1	2025-12-27 04:27:35.256880704
90	disappear, anticipation, publish, rely, worse	2	2025-12-27 04:27:35.256880704
97	incubators, classified, professionals, communities, ban	1	2025-12-27 04:27:35.256880704
102	tone, style, trump, personal, professional	1	2025-12-27 04:27:35.256880704
103	rahim, writes, air, force, abdel	1	2025-12-27 04:27:35.256880704
105	celebrations, demonstrations, fragility, terrorizing, noticeable	1	2025-12-27 04:27:35.256880704
106	prayers, performs, holy, babiker, education	8	2025-12-27 04:27:35.256880704
108	sectors, items, require, humanitarian, kind	5	2025-12-27 04:27:35.256880704
109	refugee, refugees, administrative, 58, commissioner	7	2025-12-27 04:27:35.256880704
112	yes, bury, kills, immigrants, grave	2	2025-12-27 04:27:35.256880704
115	obligations, payment, pension, units, evaluating	3	2025-12-27 04:27:35.256880704
117	controversy, doors, opens, file, halfa	1	2025-12-27 04:27:35.256880704
119	guardians, righteous, glorious, revolution, forgiveness	2	2025-12-27 04:27:35.256880704
122	waiting, limbs, artificial, india, medical	4	2025-12-27 04:27:35.256880704
123	ambro, doctors, 200, network, basis	3	2025-12-27 04:27:35.256880704
124	chadian, chad, test, stability, reaction	9	2025-12-27 04:27:35.256880704
125	whatsapp, correspondent, follow, channel, nizar	2	2025-12-27 04:27:35.256880704
126	hajj, umrah, ah, kenana, structure	1	2025-12-27 04:27:35.256880704
129	resist, unite, tools, worked, turned	2	2025-12-27 04:27:35.256880704
132	bakhit, appearance, fall, alert, enlightening	1	2025-12-27 04:27:35.256880704
134	approve, decisively, protest, demonstrations, directives	1	2025-12-27 04:27:35.256880704
135	jobs, study, contains, interested, language	2	2025-12-27 04:27:35.256880704
137	weather, temperatures, cold, parts, night	7	2025-12-27 04:27:35.256880704
139	segments, insurance, 23, targeting, island	1	2025-12-27 04:27:35.256880704
144	syndicate, thanks, theater, sad, passing	4	2025-12-27 04:27:35.256880704
147	steady, deported, registered, residency, transferred	7	2025-12-27 04:27:35.256880704
153	maintaining, site, bathrooms, connecting, transportation	2	2025-12-27 04:27:35.256880704
154	karari, 2026, headlines, channel, issued	7	2025-12-27 04:27:35.256880704
155	expedite, halfaya, maintenance, bridge, completion	1	2025-12-27 04:27:35.256880704
157	arrived, jazira, hajar, later, kilometers	1	2025-12-27 04:27:35.256880704
158	clinics, pharmacy, welfare, qualitative, social	2	2025-12-27 04:27:35.256880704
159	mass, executions, briefing, non, arbitrary	1	2025-12-27 04:27:35.256880704
162	notables, recognition, symbols, al, nasr	4	2025-12-27 04:27:35.256880704
163	opening, hospital, detection, advisory, operating	5	2025-12-27 04:27:35.256880704
167	sectors, partnership, fields, private, sea	2	2025-12-27 04:27:35.256880704
168	language, muammar, sawt, narrative, fellow	2	2025-12-27 04:27:35.256880704
169	emphasizing, preserving, concluded, pledged, allies	4	2025-12-27 04:27:35.256880704
170	victory, god, banner, conquest, helps	2	2025-12-27 04:27:35.256880704
175	transactions, payment, issuing, collection, traffic	2	2025-12-27 04:27:35.256880704
176	scene, link, telegram, join, httpstmesdnewsnetwork	10	2025-12-27 04:27:35.256880704
177	entrusted, guarding, treachery, percent, specifically	2	2025-12-27 04:27:35.256880704
178	fateful, definitely, exist, boy, integrate	4	2025-12-27 04:27:35.256880704
182	britain, behalf, strongest, double, referred	2	2025-12-27 04:27:35.256880704
183	rely, income, patient, asked, available	1	2025-12-27 04:27:35.256880704
185	detained, kadugli, umm, dozens, coming	1	2025-12-27 04:27:35.256880704
186	filth, confidence, cleansing, jaber, liquidate	3	2025-12-27 04:27:35.256880704
187	emirati, statements, egyptian, important, presence	2	2025-12-27 04:27:35.256880704
188	matters, restoring, extending, step, services	1	2025-12-27 04:27:35.256880704
189	uganda, elections, avoiding, ahead, assured	1	2025-12-27 04:27:35.256880704
191	preserves, permanent, reached, agreement, rights	1	2025-12-27 04:27:35.256880704
192	journey, tragedy, bullets, exile, exodus	5	2025-12-27 04:27:35.256880704
193	slaughtered, sisters, perpetrator, killer, mystery	2	2025-12-27 04:27:35.256880704
195	source, 2026, january, thursday, 15	1	2025-12-27 04:27:35.256880704
196	receipt, motorcycles, theft, identification, papers	1	2025-12-27 04:27:35.256880704
197	uae, embassies, jaafar, polish, samoud	2	2025-12-27 04:27:35.256880704
199	2026, homeland, january, ad, saturday	9	2025-12-27 04:27:35.256880704
201	dam, egypt, renaissance, trump, resorting	1	2025-12-27 04:27:35.256880704
202	service, selection, administrative, approved, transparency	5	2025-12-27 04:27:35.256880704
205	net, details, homeland, 2025, november	2	2025-12-27 04:27:35.256880704
206	performs, sadiq, prayers, mosque, burhan	1	2025-12-27 04:27:35.256880704
209	intelligence, favorite, regionally, likes, distort	4	2025-12-27 04:27:35.256880704
210	digital, communications, representing, transformation, internet	5	2025-12-27 04:27:35.256880704
214	karry, channel, httpstmekraray224466, net, repeat	5	2025-12-27 04:27:35.256880704
217	antiquities, archaeological, whereabouts, reward, delivers	6	2025-12-27 04:27:35.256880704
222	tourism, establishes, interact, northern, karry	1	2025-12-27 04:27:35.256880704
224	radio, 95, television, wave, specifically	5	2025-12-27 04:27:35.256880704
225	vehicles, motor, possessions, campaigns, motorcycles	3	2025-12-27 04:27:35.256880704
226	interact, karry, compulsory, channel, httpstmekraray224466	11	2025-12-27 04:27:35.256880704
227	risks, showed, dam, extent, impact	1	2025-12-27 04:27:35.256880704
231	facebook, message249, id, whatsapp, channel	2	2025-12-27 04:27:35.256880704
236	lose, allowed, father, released, escape	1	2025-12-27 04:27:35.256880704
237	agent, misleading, restrictions, uae, emirati	3	2025-12-27 04:27:35.256880704
238	surrounded, burhan, al, village, almanaqil	1	2025-12-27 04:27:35.256880704
239	restrictions, misleading, agent, jazeera, treason	4	2025-12-27 04:27:35.256880704
240	dabba, volcker, partners, meet, stated	1	2025-12-27 04:27:35.256880704
242	illegally, foreigners, counting, 95, pursuing	2	2025-12-27 04:27:35.256880704
243	liquidation, detainees, detention, ruling, communication	1	2025-12-27 04:27:35.256880704
244	raping, aggressor, humiliating, kinds, sponsor	2	2025-12-27 04:27:35.256880704
250	livestock, zakat, holy, inauguration, registration	3	2025-12-27 04:27:35.256880704
251	despair, hospices, absent, rooms, silent	1	2025-12-27 04:27:35.256880704
253	ibn, family, abu, al, discover	1	2025-12-27 04:27:35.256880704
254	copied, independence, glorious, homeland, traitor	2	2025-12-27 04:27:35.256880704
255	connection, rahim, crowd, dagalo, hemedti	3	2025-12-27 04:27:35.256880704
257	tonight, applications, closed, tomorrow, vacant	1	2025-12-27 04:27:35.256880704
260	looks, merowe, effects, dam, targeting	2	2025-12-27 04:27:35.256880704
263	mistake, knows, gulf, result, uae	1	2025-12-27 04:27:35.256880704
265	dues, transformed, inhabited, persecution, rizeigat	1	2025-12-27 04:27:35.256880704
268	study, jobs, courses, training, airline	1	2025-12-27 04:27:35.256880704
273	throne, occupying, earth, entity, just	1	2025-12-27 04:27:35.256880704
278	strong, reserves, pakistan, quoted, sudani	2	2025-12-27 04:27:35.256880704
279	restores, deepening, dominance, cohesive, establishes	1	2025-12-27 04:27:35.256880704
282	ambro, rural, deteriorating, activists, completely	1	2025-12-27 04:27:35.256880704
284	karry, share, channel, httpstmekraray224466, telegram	1	2025-12-27 04:27:35.256880704
287	reliable, coverage, whatsapp, immediate, maximum	6	2025-12-27 04:27:35.256880704
-1	al, 2026, egypt, february, sudanese	826	2026-01-26 10:39:03.605504576
0	kordofan, rapid, al, el, 170	65	2026-01-26 10:39:03.605504576
1	education, students, exams, school, teachers	49	2026-01-26 10:39:03.605504576
2	humanitarian, food, aid, famine, children	23	2026-01-26 10:39:03.605504576
3	hilal, league, round, loses, sports	8	2026-01-26 10:39:03.605504576
4	iran, munich, trump, yemeni, iraq	12	2026-01-26 10:39:03.605504576
5	recovers, ramadan, thwarts, curriculum, restores	2	2026-01-26 10:39:03.605504576
6	ethiopian, mistake, ethiopia, abi, harm	10	2026-01-26 10:39:03.605504576
7	dengue, fever, measles, cases, cholera	9	2026-01-26 10:39:03.605504576
8	israel, jews, iran, gaza, israeli	11	2026-01-26 10:39:03.605504576
9	allied, citing, terrorize, benefited, dirty	4	2026-01-26 10:39:03.605504576
10	women, violence, sexual, rape, introduction	6	2026-01-26 10:39:03.605504576
11	season, cotton, agriculture, livestock, fao	10	2026-01-26 10:39:03.605504576
12	exploded, refrain, prompted, chaos, tension	6	2026-01-26 10:39:03.605504576
13	god, pages, sleep, page, oh	9	2026-01-26 10:39:03.605504576
15	assistant, required, officer, vacant, degree	10	2026-01-26 10:39:03.605504576
16	criteria, looked, boy, affects, explain	6	2026-01-26 10:39:03.605504576
17	tawila, charity, section, khair, aswan	5	2026-01-26 10:39:03.605504576
18	genocide, fact, systematic, forums, international	19	2026-01-26 10:39:03.605504576
19	bonds, destiny, based, common, courtesy	2	2026-01-26 10:39:03.605504576
20	inaugurates, fasting, ramadan, resources, graduation	5	2026-01-26 10:39:03.605504576
21	doctors, borders, majority, town, belgium	13	2026-01-26 10:39:03.605504576
22	clothes, abundant, corresponding, wonderful, essam	4	2026-01-26 10:39:03.605504576
23	composition, walked, geographical, exodus, unless	2	2026-01-26 10:39:03.605504576
24	saw, jebel, displaced, camps, arduous	8	2026-01-26 10:39:03.605504576
25	neighboring, refugees, risks, countries, reported	6	2026-01-26 10:39:03.605504576
26	launches, ramadan, governor, nile, north	19	2026-01-26 10:39:03.605504576
27	hamdan, gen, pledges, returnees, inspects	1	2026-01-26 10:39:03.605504576
28	ethiopian, integrate, refugees, sense, ethiopia	3	2026-01-26 10:39:03.605504576
29	police, random, laying, enhances, idris	6	2026-01-26 10:39:03.605504576
30	bank, koko, hilla, islamic, suspicious	3	2026-01-26 10:39:03.605504576
31	airport, airlines, flights, discounted, flight	8	2026-01-26 10:39:03.605504576
32	passport, passports, foreigners, violating, immigration	6	2026-01-26 10:39:03.605504576
33	ambada, furniture, recovering, arresting, succeeded	7	2026-01-26 10:39:03.605504576
35	tone, escalation, calculations, rift, enthusiasm	1	2026-01-26 10:39:03.605504576
36	pure, agenda, search, did, good	1	2026-01-26 10:39:03.605504576
37	reinforces, disintegration, indication, absolute, banner	2	2026-01-26 10:39:03.605504576
38	really, begun, corruption, telling, leaking	2	2026-01-26 10:39:03.605504576
39	egypt, egyptian, guests, sisi, residency	20	2026-01-26 10:39:03.605504576
40	mining, prospects, banning, examining, minerals	2	2026-01-26 10:39:03.605504576
41	saqwl, httpstmesaqwl, spokesperson, office, watch	1	2026-01-26 10:39:03.605504576
42	rights, human, permanent, representative, survivors	3	2026-01-26 10:39:03.605504576
43	consumption, inflation, representing, groups, clothing	1	2026-01-26 10:39:03.605504576
45	addiction, drug, pills, drugs, smuggling	12	2026-01-26 10:39:03.605504576
46	trafficking, defendants, smuggling, human, traffickers	4	2026-01-26 10:39:03.605504576
47	starts, error, answer, grow, correcting	6	2026-01-26 10:39:03.605504576
48	resolves, recognize, african, union, entities	2	2026-01-26 10:39:03.605504576
49	prayer, god, miss, lord, messenger	6	2026-01-26 10:39:03.605504576
51	enthusiasm, programming, cuts, electricity, sectors	1	2026-01-26 10:39:03.605504576
52	preliminary, disabilities, 400, data, registration	1	2026-01-26 10:39:03.605504576
53	refinery, operate, obeid, ways, energy	2	2026-01-26 10:39:03.605504576
54	justified, gunmen, customers, constitute, dignity	1	2026-01-26 10:39:03.605504576
55	love, hassan, spoil, massad, sir	6	2026-01-26 10:39:03.605504576
56	platforms, slightest, views, feelings, rumours	2	2026-01-26 10:39:03.605504576
57	2026, february, important, headlines, ad	6	2026-01-26 10:39:03.605504576
59	customs, duties, electrical, personal, voluntary	12	2026-01-26 10:39:03.605504576
62	sudani, burhan, piece, assured, pages	3	2026-01-26 10:39:03.605504576
63	god, tamper, undertaken, paradise, shall	3	2026-01-26 10:39:03.605504576
64	stands, jazira, honorable, tribe, entire	3	2026-01-26 10:39:03.605504576
65	installation, teaching, modern, devices, maintenance	3	2026-01-26 10:39:03.605504576
66	sanctions, session, representative, hold, closed	7	2026-01-26 10:39:03.605504576
67	weather, hot, cold, temperatures, parts	2	2026-01-26 10:39:03.605504576
69	suna, agency, news, sudan, sama	1	2026-01-26 10:39:03.605504576
70	passports, immigration, administration, passport, transparency	8	2026-01-26 10:39:03.605504576
71	cohesion, cultural, recovery, step, institutions	2	2026-01-26 10:39:03.605504576
73	mediator, counts, overwhelming, farouk, neglect	4	2026-01-26 10:39:03.605504576
74	trouble, taken, care, dont, come	2	2026-01-26 10:39:03.605504576
76	dispersing, inflicting, succeeded, attacking, breaking	7	2026-01-26 10:39:03.605504576
77	artist, confuse, art, song, repeating	2	2026-01-26 10:39:03.605504576
78	terrorist, ugliest, racial, embodies, unarmed	7	2026-01-26 10:39:03.605504576
79	rehabilitating, water, solar, rehabilitate, improving	1	2026-01-26 10:39:03.605504576
80	conquest, god, victory, flock, factor	2	2026-01-26 10:39:03.605504576
81	legalize, residency, status, deportation, anxiety	10	2026-01-26 10:39:03.605504576
82	eligible, drawing, compensation, urban, rent	4	2026-01-26 10:39:03.605504576
83	health, ambulances, kadugli, medical, salman	2	2026-01-26 10:39:03.605504576
84	shop, hadi, managing, disputes, presents	2	2026-01-26 10:39:03.605504576
86	uniting, mosque, confronting, festival, holy	5	2026-01-26 10:39:03.605504576
87	operates, capacity, total, employees, rest	1	2026-01-26 10:39:03.605504576
88	non, remarkable, governmental, italian, promises	2	2026-01-26 10:39:03.605504576
89	cooper, hosted, respect, circumstances, british	2	2026-01-26 10:39:03.605504576
90	characterized, loss, feature, pressure, prevailing	3	2026-01-26 10:39:03.605504576
91	fair, ends, securing, supervision, reviewed	1	2026-01-26 10:39:03.605504576
92	invaders, shake, feet, ground, step	1	2026-01-26 10:39:03.605504576
93	pharmaceutical, exceeded, factories, losses, chamber	2	2026-01-26 10:39:03.605504576
96	corps, armored, non, breakfast, chief	2	2026-01-26 10:39:03.605504576
97	media, journalist, journalism, cnn, narratives	5	2026-01-26 10:39:03.605504576
98	shock, abiy, mansour, ethiopia, expelled	1	2026-01-26 10:39:03.605504576
100	hope, busy, dismissed, wants, respond	2	2026-01-26 10:39:03.605504576
101	white, develop, ambitious, livestock, exemption	1	2026-01-26 10:39:03.605504576
102	trump, generally, divine, engaging, speaking	5	2026-01-26 10:39:03.605504576
103	hiding, tayeb, courage, simple, played	2	2026-01-26 10:39:03.605504576
104	muhannad, battles, testimony, fought, prince	2	2026-01-26 10:39:03.605504576
105	apology, cancels, asks, employee, guidance	1	2026-01-26 10:39:03.605504576
106	widows, preachers, imams, scholars, implements	10	2026-01-26 10:39:03.605504576
107	marwan, liquidation, angry, misseriya, instructions	2	2026-01-26 10:39:03.605504576
109	salman, king, oxygen, managing, refugee	2	2026-01-26 10:39:03.605504576
110	objects, sit, patient, target, better	1	2026-01-26 10:39:03.605504576
114	migration, europe, migrants, returned, periods	2	2026-01-26 10:39:03.605504576
115	income, recording, commodities, inflation, 60	2	2026-01-26 10:39:03.605504576
116	haftar, libya, nyala, hesitation, libyan	16	2026-01-26 10:39:03.605504576
117	dawn, kidnapped, neighborhood, home, estate	2	2026-01-26 10:39:03.605504576
118	communicated, love, daughter, assured, stronghold	5	2026-01-26 10:39:03.605504576
119	guardians, righteous, glorious, forgiveness, mercy	2	2026-01-26 10:39:03.605504576
120	yahya, difficulties, challenges, overcome, bonds	2	2026-01-26 10:39:03.605504576
121	temperatures, degrees, prevails, rise, parts	1	2026-01-26 10:39:03.605504576
123	doctors, 28, network, killed, targeted	6	2026-01-26 10:39:03.605504576
124	chadian, chad, border, territory, closure	6	2026-01-26 10:39:03.605504576
125	whatsapp, correspondent, follow, channel, httpstmesudannm	9	2026-01-26 10:39:03.605504576
127	sheltering, devastating, terrorist, bases, gatherings	2	2026-01-26 10:39:03.605504576
132	tambour, alleviate, paid, atrocities, ways	1	2026-01-26 10:39:03.605504576
135	jobs, study, contains, interested, language	1	2026-01-26 10:39:03.605504576
137	weather, hot, temperatures, moderate, relatively	12	2026-01-26 10:39:03.605504576
138	elections, legislative, bloc, minawi, legislation	5	2026-01-26 10:39:03.605504576
143	deposed, door, bashir, omar, like	1	2026-01-26 10:39:03.605504576
144	reality, film, exist, makers, series	3	2026-01-26 10:39:03.605504576
145	justified, list, america, kingdom, senate	3	2026-01-26 10:39:03.605504576
147	numbered, individuals, card, 128, insufficient	3	2026-01-26 10:39:03.605504576
149	sheep, bara, death, bird, birds	1	2026-01-26 10:39:03.605504576
150	economies, grow, outlets, watch, searching	2	2026-01-26 10:39:03.605504576
151	kilo, kadugli, pounds, siege, dropped	2	2026-01-26 10:39:03.605504576
152	boat, drowned, taiba, transfers, 25	1	2026-01-26 10:39:03.605504576
153	bird, landed, carrier, incentive, discount	2	2026-01-26 10:39:03.605504576
154	karari, 2026, headlines, channel, february	6	2026-01-26 10:39:03.605504576
155	road, halfaya, roads, rabak, transparency	2	2026-01-26 10:39:03.605504576
161	workforce, professional, arrangement, satisfaction, positively	2	2026-01-26 10:39:03.605504576
163	partnership, dongola, convoy, blue, launches	2	2026-01-26 10:39:03.605504576
167	filing, approvals, recommended, lawsuit, recommendation	1	2026-01-26 10:39:03.605504576
168	chairman, sovereignty, newspaper, al, council	1	2026-01-26 10:39:03.605504576
170	heroes, conquest, blessed, god, courage	2	2026-01-26 10:39:03.605504576
176	scene, link, telegram, join, httpstmesdnewsnetwork	6	2026-01-26 10:39:03.605504576
177	nationality, hemedti, personality, visible, dominance	1	2026-01-26 10:39:03.605504576
178	bashirat, abuja, struggle, spokesman, movements	1	2026-01-26 10:39:03.605504576
180	reckless, road, adults, accumulated, newly	2	2026-01-26 10:39:03.605504576
182	lamamra, envoy, secretary, guterres, extensive	4	2026-01-26 10:39:03.605504576
184	telling, cairo, morning, called, area	1	2026-01-26 10:39:03.605504576
187	adjust, gave, extend, egyptian, years	2	2026-01-26 10:39:03.605504576
188	controversy, sparked, rejected, widespread, campaigns	1	2026-01-26 10:39:03.605504576
189	uganda, kampala, ugandan, refugees, flights	6	2026-01-26 10:39:03.605504576
190	whatsapp, channel, news, facebook, httpswwwfacebookcomprofilephpid61556457563338	2	2026-01-26 10:39:03.605504576
192	clip, grave, mother, later, search	2	2026-01-26 10:39:03.605504576
195	beautiful, meeting, khartoum, source, omdurman	1	2026-01-26 10:39:03.605504576
197	truce, mediation, burhan, uae, insisted	2	2026-01-26 10:39:03.605504576
198	karari, audio, reflect, study, inquiries	1	2026-01-26 10:39:03.605504576
199	2026, homeland, ad, february, news	4	2026-01-26 10:39:03.605504576
206	rent, pandemic, sheikh, duration, jurisprudence	2	2026-01-26 10:39:03.605504576
208	european, union, sanctions, action, impunity	2	2026-01-26 10:39:03.605504576
209	intelligence, service, professionalism, institutional, integrated	3	2026-01-26 10:39:03.605504576
210	pays, exceed, handed, devices, 26	1	2026-01-26 10:39:03.605504576
213	treat, patients, saqwl, needs, urgent	1	2026-01-26 10:39:03.605504576
221	professor, fatima, tayeb, rabak, economy	1	2026-01-26 10:39:03.605504576
224	sell, radio, waste, television, buildings	2	2026-01-26 10:39:03.605504576
228	strictly, supervising, tightening, dealing, networks	3	2026-01-26 10:39:03.605504576
229	remain, heroes, darfur, crying, widows	3	2026-01-26 10:39:03.605504576
230	protest, silence, interaction, suspicious, community	1	2026-01-26 10:39:03.605504576
232	barrier, lions, stood, heroes, aggressors	5	2026-01-26 10:39:03.605504576
234	tawila, massive, broke, town, displaced	6	2026-01-26 10:39:03.605504576
236	imagine, extent, crime, committed, hanging	1	2026-01-26 10:39:03.605504576
238	bride, sand, entrances, effectively, began	1	2026-01-26 10:39:03.605504576
239	anwar, ruler, kuwaiti, requests, dhabi	1	2026-01-26 10:39:03.605504576
241	driver, unhcr, driving, license, deadline	7	2026-01-26 10:39:03.605504576
243	detainees, deprivation, immediately, prisons, detention	3	2026-01-26 10:39:03.605504576
244	committed, crimes, ethnic, individuals, shortly	1	2026-01-26 10:39:03.605504576
247	luxurious, try, break, did, live	1	2026-01-26 10:39:03.605504576
249	mystery, kilo, claim, ends, federation	2	2026-01-26 10:39:03.605504576
250	zakat, racing, shadow, contain, expansion	2	2026-01-26 10:39:03.605504576
251	went, away, return, displacement, occupied	1	2026-01-26 10:39:03.605504576
252	mona, comments, denounces, reception, arko	2	2026-01-26 10:39:03.605504576
255	strongest, musa, hilal, statement, sudan	1	2026-01-26 10:39:03.605504576
256	shift, suit, sat, thought, umma	1	2026-01-26 10:39:03.605504576
263	builds, towers, getting, amer, dubai	2	2026-01-26 10:39:03.605504576
265	neighbors, harm, absent, refuge, distress	1	2026-01-26 10:39:03.605504576
267	silence, weapons, resolution, flow, regarding	3	2026-01-26 10:39:03.605504576
269	confusion, operational, reflects, withdrawal, attempts	1	2026-01-26 10:39:03.605504576
270	chadian, conflicting, notice, backdrop, repeated	1	2026-01-26 10:39:03.605504576
271	adre, trucks, board, cross, crossing	1	2026-01-26 10:39:03.605504576
273	hate, want, peoples, traitors, traitor	1	2026-01-26 10:39:03.605504576
279	planning, circle, dilemma, marginalization, roots	5	2026-01-26 10:39:03.605504576
284	karry, share, channel, httpstmekraray224466, telegram	11	2026-01-26 10:39:03.605504576
285	channel, karry, telegram, share, follow	1	2026-01-26 10:39:03.605504576
-1	al, eid, 2026, kurmuk, council	605	2026-02-25 16:50:31.954128416
0	rsf, kurmuk, splm, strikes, tribune	22	2026-02-25 16:50:31.954128416
1	education, exams, students, certificate, school	45	2026-02-25 16:50:31.954128416
2	million, verification, children, abyei, unicef	10	2026-02-25 16:50:31.954128416
3	olympic, sports, youth, team, qasim	14	2026-02-25 16:50:31.954128416
4	iranian, iran, missiles, uae, trump	23	2026-02-25 16:50:31.954128416
5	mars, spot, 76, chances, al	1	2026-02-25 16:50:31.954128416
6	ethiopian, ethiopia, benishangul, adjacent, kurmuk	12	2026-02-25 16:50:31.954128416
7	dengue, fever, cases, cholera, infected	21	2026-02-25 16:50:31.954128416
8	israel, israeli, palestinian, flights, lebanon	20	2026-02-25 16:50:31.954128416
9	marches, eid, site, strikes, dabba	4	2026-02-25 16:50:31.954128416
10	women, violence, gender, girls, sexual	21	2026-02-25 16:50:31.954128416
11	harvest, reassures, preparations, higher, production	5	2026-02-25 16:50:31.954128416
12	damage, steadily, ward, trauma, windows	6	2026-02-25 16:50:31.954128416
13	god, lord, worlds, oh, inflicted	15	2026-02-25 16:50:31.954128416
15	required, manager, degree, officer, protection	5	2026-02-25 16:50:31.954128416
16	decide, assembly, resolution, federation, elections	3	2026-02-25 16:50:31.954128416
17	baskets, distributes, distributing, meals, humanitarian	20	2026-02-25 16:50:31.954128416
18	flagrant, responsible, violation, accountable, civilians	5	2026-02-25 16:50:31.954128416
19	affairs, foreign, memorandums, visas, ambassador	6	2026-02-25 16:50:31.954128416
20	enhances, affects, polio, basket, egypt	2	2026-02-25 16:50:31.954128416
21	doctors, depression, network, extremely, anxiety	9	2026-02-25 16:50:31.954128416
22	battle, subject, supporters, trouble, fighters	2	2026-02-25 16:50:31.954128416
23	burhan, claim, leaks, chosen, colleague	5	2026-02-25 16:50:31.954128416
24	280, categories, beggars, successive, better	5	2026-02-25 16:50:31.954128416
25	chadian, tightened, refugees, covers, conjunction	1	2026-02-25 16:50:31.954128416
26	martyr, eid, kordofan, northern, nile	5	2026-02-25 16:50:31.954128416
27	spark, occupy, actual, nuba, indicate	2	2026-02-25 16:50:31.954128416
28	ethiopian, ethiopians, supposed, airspace, neighbors	2	2026-02-25 16:50:31.954128416
29	beggars, ice, sea, iftar, night	5	2026-02-25 16:50:31.954128416
31	flights, airlines, flight, aviation, plane	16	2026-02-25 16:50:31.954128416
32	passports, passport, visa, kenyan, immigration	12	2026-02-25 16:50:31.954128416
33	71, collaborators, cell, defendants, criminals	3	2026-02-25 16:50:31.954128416
34	arabian, occurs, suddenly, midst, imagine	2	2026-02-25 16:50:31.954128416
35	lay, truce, ceasefire, reconciliation, arms	3	2026-02-25 16:50:31.954128416
37	interesting, criticize, mention, lebanon, role	3	2026-02-25 16:50:31.954128416
38	2030, case, 2026, penalty, justice	4	2026-02-25 16:50:31.954128416
39	fees, voluntarily, imposed, voluntary, egypt	3	2026-02-25 16:50:31.954128416
40	shake, iron, smuggle, stores, challenge	3	2026-02-25 16:50:31.954128416
42	photo, rights, activist, kenyan, human	2	2026-02-25 16:50:31.954128416
43	trillion, stock, dollars, american, market	1	2026-02-25 16:50:31.954128416
45	unregistered, smuggled, seized, medicines, house	2	2026-02-25 16:50:31.954128416
46	dismantle, active, deporting, smuggling, operating	1	2026-02-25 16:50:31.954128416
47	delaying, exactly, short, controlling, reveal	3	2026-02-25 16:50:31.954128416
49	muslims, god, immoral, wishes, bless	6	2026-02-25 16:50:31.954128416
50	hamdan, follow, channel, musa, whatsapp	1	2026-02-25 16:50:31.954128416
51	electricity, restricting, restoring, merchants, energies	6	2026-02-25 16:50:31.954128416
52	reside, screens, severe, adequate, possessions	3	2026-02-25 16:50:31.954128416
53	gasoline, energy, 88, explanatory, clarifies	5	2026-02-25 16:50:31.954128416
54	invading, ice, rahad, hits, sudani	1	2026-02-25 16:50:31.954128416
55	adam, abdul, din, issa, abdullah	4	2026-02-25 16:50:31.954128416
56	signal, appears, starlink, pictures, phone	5	2026-02-25 16:50:31.954128416
57	2026, march, sunday, 15, ad	1	2026-02-25 16:50:31.954128416
58	tijani, employees, assumed, nizar, positions	1	2026-02-25 16:50:31.954128416
59	customs, passenger, goods, duties, merchants	6	2026-02-25 16:50:31.954128416
60	sabotaging, exhausted, 34, taxes, phenomenon	3	2026-02-25 16:50:31.954128416
62	columns, hamza, newspapers, headlines, al	1	2026-02-25 16:50:31.954128416
63	belongs, glory, pride, god, shake	3	2026-02-25 16:50:31.954128416
64	die, live, know, repeat, gulf	3	2026-02-25 16:50:31.954128416
65	vigilance, exist, appreciated, achievement, maintain	6	2026-02-25 16:50:31.954128416
66	sudani, storming, envoy, condemns, rest	1	2026-02-25 16:50:31.954128416
67	weather, moderate, facebook, temperatures, hot	3	2026-02-25 16:50:31.954128416
69	suna, agency, news, sudan, sama	1	2026-02-25 16:50:31.954128416
70	passports, requirements, orders, holders, validity	3	2026-02-25 16:50:31.954128416
71	journalists, media, journalist, opinion, conveying	3	2026-02-25 16:50:31.954128416
73	gets, game, loses, angry, rules	1	2026-02-25 16:50:31.954128416
74	little, swear, bad, dont, come	3	2026-02-25 16:50:31.954128416
75	maximize, accept, martyrs, god, speedy	1	2026-02-25 16:50:31.954128416
77	discounted, stop, island, decision, artist	2	2026-02-25 16:50:31.954128416
79	environmental, damaged, inventory, requirements, laboratory	7	2026-02-25 16:50:31.954128416
80	ansar, redemptionandawareness, structures, volunteers, files	2	2026-02-25 16:50:31.954128416
81	violators, 300, resulted, verification, file	3	2026-02-25 16:50:31.954128416
82	rent, pennies, man, told, picture	3	2026-02-25 16:50:31.954128416
83	qari, laboratories, hospitals, hospital, health	5	2026-02-25 16:50:31.954128416
84	victim, lawyer, marry, girl, penalty	4	2026-02-25 16:50:31.954128416
85	grow, sudani, al, affairs, newspaper	2	2026-02-25 16:50:31.954128416
87	workers, chasing, pounds, category, savings	3	2026-02-25 16:50:31.954128416
89	chose, weakness, temporary, silence, hours	1	2026-02-25 16:50:31.954128416
90	shifting, understood, responsibility, speech, war	1	2026-02-25 16:50:31.954128416
93	pharmaceutical, place, appoint, doctor, brother	3	2026-02-25 16:50:31.954128416
94	gas, energy, fuel, oil, economists	2	2026-02-25 16:50:31.954128416
95	discussing, cooperation, coordination, joint, kordofan	2	2026-02-25 16:50:31.954128416
96	badi, infantry, leadership, inspects, intelligence	2	2026-02-25 16:50:31.954128416
97	media, professionals, journalists, highlighting, greeting	4	2026-02-25 16:50:31.954128416
100	rank, feel, sister, gave, mobilized	2	2026-02-25 16:50:31.954128416
102	epic, trump, entity, officially, paid	2	2026-02-25 16:50:31.954128416
103	mahamid, born, ancient, 2000, birth	2	2026-02-25 16:50:31.954128416
105	mourn, hope, village, martyrs, prime	2	2026-02-25 16:50:31.954128416
106	prayers, eid, pilgrims, medina, caring	6	2026-02-25 16:50:31.954128416
107	secure, continuing, blue, logistical, badi	2	2026-02-25 16:50:31.954128416
108	contents, afflicted, expedite, rubble, drinking	1	2026-02-25 16:50:31.954128416
109	accusations, administrative, corruption, refugee, pursue	2	2026-02-25 16:50:31.954128416
110	missiles, bahrain, drones, missile, deals	4	2026-02-25 16:50:31.954128416
111	merowe, kidney, activities, medical, witnesses	5	2026-02-25 16:50:31.954128416
112	libyan, illegal, anti, immigrants, 36	1	2026-02-25 16:50:31.954128416
114	estimates, migration, temporary, permanent, host	1	2026-02-25 16:50:31.954128416
115	workers, labor, professional, lost, alternatives	4	2026-02-25 16:50:31.954128416
117	pennies, started, dirhams, complaining, plot	1	2026-02-25 16:50:31.954128416
119	guardians, righteous, glorious, forgiveness, mercy	1	2026-02-25 16:50:31.954128416
120	collection, illegal, programming, ramadan, sidelines	3	2026-02-25 16:50:31.954128416
122	segment, restart, facility, zones, partially	1	2026-02-25 16:50:31.954128416
123	daein, network, doctors, bara, attack	6	2026-02-25 16:50:31.954128416
124	chadian, tina, border, deployment, territory	5	2026-02-25 16:50:31.954128416
125	whatsapp, correspondent, channel, follow, httpstmesudannm	6	2026-02-25 16:50:31.954128416
129	neutral, handed, morale, celebration, supporters	2	2026-02-25 16:50:31.954128416
132	rsf, stronghold, raided, awakening, directions	1	2026-02-25 16:50:31.954128416
135	jobs, study, contains, interested, language	3	2026-02-25 16:50:31.954128416
136	blessings, win, god, strength, mercy	1	2026-02-25 16:50:31.954128416
137	weather, hot, temperatures, moderate, prevails	17	2026-02-25 16:50:31.954128416
139	insurance, diabetes, protocol, savings, health	5	2026-02-25 16:50:31.954128416
141	whereabouts, iftar, unknown, rejected, wants	2	2026-02-25 16:50:31.954128416
142	watan, dubai, transmission, darkness, 2025	1	2026-02-25 16:50:31.954128416
147	returnees, difficult, promoted, constitute, observers	3	2026-02-25 16:50:31.954128416
150	minerals, priority, ministries, industry, trade	4	2026-02-25 16:50:31.954128416
151	meat, economies, peak, declined, ramadan	1	2026-02-25 16:50:31.954128416
153	tax, ticket, temporarily, transportation, tariffs	1	2026-02-25 16:50:31.954128416
154	karari, 2026, channel, headlines, issued	8	2026-02-25 16:50:31.954128416
155	road, roads, asphalt, lighting, darkness	9	2026-02-25 16:50:31.954128416
160	roots, extends, historical, wars, manner	1	2026-02-25 16:50:31.954128416
163	bahri, eid, health, hajj, locality	5	2026-02-25 16:50:31.954128416
167	contracting, diagnostic, asphalt, pension, costs	2	2026-02-25 16:50:31.954128416
168	atta, yasser, newspaper, al, justice	2	2026-02-25 16:50:31.954128416
169	abandoned, allies, trump, alliance, interests	1	2026-02-25 16:50:31.954128416
172	brotherhood, muslim, relationship, conference, burhan	2	2026-02-25 16:50:31.954128416
173	appeared, tribune, sudan, scholarship, admission	1	2026-02-25 16:50:31.954128416
176	scene, link, telegram, join, httpstmesdnewsnetwork	4	2026-02-25 16:50:31.954128416
178	pride, burhan, let, nation, dignity	2	2026-02-25 16:50:31.954128416
183	careful, income, worker, clothing, store	3	2026-02-25 16:50:31.954128416
185	zone, industrial, obeid, condemns, bombing	2	2026-02-25 16:50:31.954128416
186	atta, exception, integration, lieutenant, witness	4	2026-02-25 16:50:31.954128416
188	leaks, technologies, specialists, analysis, digital	2	2026-02-25 16:50:31.954128416
189	uganda, kampala, refugees, voluntary, return	11	2026-02-25 16:50:31.954128416
191	logical, credible, narrative, phrase, consolidating	2	2026-02-25 16:50:31.954128416
192	amna, intensified, changed, features, holy	1	2026-02-25 16:50:31.954128416
197	uae, involvement, bin, ambitions, zayed	4	2026-02-25 16:50:31.954128416
199	2026, homeland, march, ad, news	17	2026-02-25 16:50:31.954128416
201	dams, dam, renaissance, construction, egypt	2	2026-02-25 16:50:31.954128416
206	introduction, recognized, uses, trading, view	2	2026-02-25 16:50:31.954128416
207	karama, notification, prepares, 7000, thanks	2	2026-02-25 16:50:31.954128416
208	primarily, sanctions, treasury, promoting, levels	1	2026-02-25 16:50:31.954128416
210	digital, transformation, expansion, communications, technologies	6	2026-02-25 16:50:31.954128416
222	oman, dubai, tourism, flights, departure	5	2026-02-25 16:50:31.954128416
223	guardians, righteous, glorious, forgiveness, mercy	1	2026-02-25 16:50:31.954128416
227	dams, water, dam, existential, renaissance	1	2026-02-25 16:50:31.954128416
228	adjust, doubled, burdens, hard, worked	1	2026-02-25 16:50:31.954128416
234	kalma, fires, broke, massive, camps	6	2026-02-25 16:50:31.954128416
237	narratives, specific, discord, suit, incitement	5	2026-02-25 16:50:31.954128416
238	zaid, welcomed, malik, corps, dinder	1	2026-02-25 16:50:31.954128416
239	emirates, reputation, blackmail, content, fine	1	2026-02-25 16:50:31.954128416
240	zone, burden, baskets, gedaref, qari	2	2026-02-25 16:50:31.954128416
244	genocide, inch, committed, relied, rsf	1	2026-02-25 16:50:31.954128416
249	vigilance, sisters, marine, brings, gold	2	2026-02-25 16:50:31.954128416
251	shocked, openness, refuge, took, open	1	2026-02-25 16:50:31.954128416
252	salva, kiir, deng, president, son	4	2026-02-25 16:50:31.954128416
253	curse, friend, ibn, khater, epic	4	2026-02-25 16:50:31.954128416
256	steal, supposed, elections, help, umma	2	2026-02-25 16:50:31.954128416
257	study, details, link, admission, receiving	2	2026-02-25 16:50:31.954128416
263	direct, reserves, dubai, lifeline, taste	5	2026-02-25 16:50:31.954128416
275	samoud, prove, membership, map, requires	1	2026-02-25 16:50:31.954128416
276	canada, nurses, qualified, professionals, seats	5	2026-02-25 16:50:31.954128416
277	forest, transform, associations, animal, friends	5	2026-02-25 16:50:31.954128416
284	karry, share, channel, httpstmekraray224466, telegram	6	2026-02-25 16:50:31.954128416
286	jobs, interested, japan, organizations, employee	2	2026-02-25 16:50:31.954128416
-1	al, 2026, return, khartoum, minister	605	2026-03-27 23:02:00.302752256
0	cargo, axis, aircraft, flight, zalingei	28	2026-03-27 23:02:00.302752256
1	students, school, exams, education, certificate	81	2026-03-27 23:02:00.302752256
2	humanitarian, aid, food, survey, children	26	2026-03-27 23:02:00.302752256
3	club, mansour, sanctions, complaint, zayed	5	2026-03-27 23:02:00.302752256
4	phrase, serving, khair, attributed, repeated	1	2026-03-27 23:02:00.302752256
5	newspaper, pile, jump, forging, 2026	3	2026-03-27 23:02:00.302752256
6	ethiopia, ethiopian, intelligence, border, kurmuk	9	2026-03-27 23:02:00.302752256
7	measles, cases, dengue, fever, recorded	16	2026-03-27 23:02:00.302752256
8	israel, palestinian, mosque, gaza, david	11	2026-03-27 23:02:00.302752256
9	nearby, abyad, yesterday, besieged, casualties	1	2026-03-27 23:02:00.302752256
11	production, seeds, fao, summer, contracts	5	2026-03-27 23:02:00.302752256
12	burri, rabak, unarmed, millions, targeting	8	2026-03-27 23:02:00.302752256
13	convicted, trust, behavior, god, honor	8	2026-03-27 23:02:00.302752256
15	required, assistant, degree, officer, vacant	4	2026-03-27 23:02:00.302752256
16	calculations, narrow, participants, ambitions, enemies	2	2026-03-27 23:02:00.302752256
17	baskets, declining, hospice, crescent, red	10	2026-03-27 23:02:00.302752256
18	violation, objects, rules, crimes, facilities	3	2026-03-27 23:02:00.302752256
19	diplomatic, relations, foreign, affairs, example	12	2026-03-27 23:02:00.302752256
20	hajj, directives, receives, 2030, affairs	1	2026-03-27 23:02:00.302752256
21	qaisan, shortage, doctors, network, necessities	6	2026-03-27 23:02:00.302752256
22	surprising, gangs, politicians, explicitly, ranks	1	2026-03-27 23:02:00.302752256
23	berlin, party, crowned, exist, samoud	2	2026-03-27 23:02:00.302752256
24	qaisan, individuals, sabah, karmuk, talked	3	2026-03-27 23:02:00.302752256
26	hajj, nile, blue, governor, charitable	8	2026-03-27 23:02:00.302752256
27	applies, scenario, joined, nour, area	4	2026-03-27 23:02:00.302752256
29	crossings, cameras, installing, surveillance, security	6	2026-03-27 23:02:00.302752256
30	exchange, dollar, rate, economic, supreme	4	2026-03-27 23:02:00.302752256
31	arabian, flights, airspace, omani, corridor	5	2026-03-27 23:02:00.302752256
32	passport, passports, police, rank, immigration	11	2026-03-27 23:02:00.302752256
33	height, feet, tests, pass, 35	10	2026-03-27 23:02:00.302752256
35	monopoly, pushed, divisions, daglo, managed	1	2026-03-27 23:02:00.302752256
36	rebellion, chanting, disagreement, really, forums	3	2026-03-27 23:02:00.302752256
37	prolong, awlad, zaid, advisors, contacts	3	2026-03-27 23:02:00.302752256
38	item, opponents, text, warn, ended	1	2026-03-27 23:02:00.302752256
39	voluntary, egypt, return, hope, route	6	2026-03-27 23:02:00.302752256
41	saqwl, httpstmesaqwl, spokesperson, office, watch	1	2026-03-27 23:02:00.302752256
42	rights, human, atrocities, geneva, painting	3	2026-03-27 23:02:00.302752256
43	dollar, currency, decline, driven, length	3	2026-03-27 23:02:00.302752256
45	ice, pills, drugs, drug, anti	4	2026-03-27 23:02:00.302752256
47	answer, clarified, familiar, repeatedly, idea	6	2026-03-27 23:02:00.302752256
48	continent, listened, beautiful, greatest, coast	1	2026-03-27 23:02:00.302752256
49	god, bless, hero, lord, grant	7	2026-03-27 23:02:00.302752256
50	whatsapp, channel, follow, correspondent, source	1	2026-03-27 23:02:00.302752256
51	electricity, electrical, maintenance, supply, energy	5	2026-03-27 23:02:00.302752256
54	pharmacy, launches, newspaper, central, broadcasts	1	2026-03-27 23:02:00.302752256
55	makkawi, description, listen, advice, abd	3	2026-03-27 23:02:00.302752256
56	starlink, questioning, staff, confiscated, devices	2	2026-03-27 23:02:00.302752256
59	customs, enjoyed, bathrooms, anti, deploy	5	2026-03-27 23:02:00.302752256
60	fees, unregulated, additional, pay, citizen	1	2026-03-27 23:02:00.302752256
63	born, daughter, bears, terror, witness	1	2026-03-27 23:02:00.302752256
64	millet, burns, breakthrough, shop, shake	4	2026-03-27 23:02:00.302752256
65	restoration, rebuild, needy, vital, stopped	1	2026-03-27 23:02:00.302752256
67	weather, hot, temperatures, whatsapp, coast	5	2026-03-27 23:02:00.302752256
68	points, berlin, political, translated, generally	3	2026-03-27 23:02:00.302752256
69	suna, agency, news, sudan, sama	1	2026-03-27 23:02:00.302752256
70	recruitment, passports, wishing, immigration, administration	7	2026-03-27 23:02:00.302752256
71	kutum, media, journalists, professional, solid	2	2026-03-27 23:02:00.302752256
72	litigation, memorandums, court, justice, courts	1	2026-03-27 23:02:00.302752256
74	dispersal, dont, come, didnt, personally	1	2026-03-27 23:02:00.302752256
75	heal, mighty, victory, martyrs, accept	1	2026-03-27 23:02:00.302752256
76	muhannad, skilled, raids, fadl, missions	1	2026-03-27 23:02:00.302752256
77	producing, afraid, wounds, sponsors, steadfast	1	2026-03-27 23:02:00.302752256
78	farid, amjad, plundering, documented, include	1	2026-03-27 23:02:00.302752256
79	water, meters, plant, truck, capacity	1	2026-03-27 23:02:00.302752256
81	citizenship, americans, foreigners, effectively, offering	2	2026-03-27 23:02:00.302752256
83	trustees, board, chairs, hospital, river	1	2026-03-27 23:02:00.302752256
86	mosque, khair, solidarity, compassion, sheikh	9	2026-03-27 23:02:00.302752256
89	uniform, legacy, shop, diplomacy, chinese	5	2026-03-27 23:02:00.302752256
90	leadership, visible, investing, runs, trench	3	2026-03-27 23:02:00.302752256
91	splm, letter, implemented, ground, demand	1	2026-03-27 23:02:00.302752256
92	heroic, recovering, sit, stand, battles	1	2026-03-27 23:02:00.302752256
93	dose, said, pharmaceutical, medicines, strip	1	2026-03-27 23:02:00.302752256
94	adopting, amendments, accordance, transport, fuel	2	2026-03-27 23:02:00.302752256
96	successes, efficiency, logistical, promised, advanced	1	2026-03-27 23:02:00.302752256
97	licenses, media, ethics, renewed, does	3	2026-03-27 23:02:00.302752256
100	soldiers, symbolism, morale, spare, sacrifice	2	2026-03-27 23:02:00.302752256
102	mayor, investigating, york, house, white	1	2026-03-27 23:02:00.302752256
103	tweezers, repeat, arabs, diaspora, moment	6	2026-03-27 23:02:00.302752256
104	bed, makki, rushing, trench, comrades	2	2026-03-27 23:02:00.302752256
107	regionalism, racism, hate, reject, speech	2	2026-03-27 23:02:00.302752256
108	efficiency, principle, respond, holder, selecting	2	2026-03-27 23:02:00.302752256
110	cruisers, towns, drones, finally, attacked	1	2026-03-27 23:02:00.302752256
111	kidney, patients, periodic, sudani, dialysis	4	2026-03-27 23:02:00.302752256
114	figures, internally, released, migration, making	1	2026-03-27 23:02:00.302752256
115	grow, expects, improve, economy, exacerbates	3	2026-03-27 23:02:00.302752256
118	love, ultimately, emotional, husband, mother	4	2026-03-27 23:02:00.302752256
121	temperatures, rise, parts, continue, meteorology	2	2026-03-27 23:02:00.302752256
122	vandalized, damaged, centers, directly, target	1	2026-03-27 23:02:00.302752256
124	chadian, qaisan, overthrow, transporting, lines	2	2026-03-27 23:02:00.302752256
125	whatsapp, correspondent, follow, channel, httpstmesudannm	5	2026-03-27 23:02:00.302752256
126	hajj, applications, announcing, gezira, electronic	2	2026-03-27 23:02:00.302752256
129	longer, collapsing, runs, disintegration, outcome	1	2026-03-27 23:02:00.302752256
135	jobs, study, contains, interested, language	2	2026-03-27 23:02:00.302752256
137	hot, weather, temperatures, relatively, prevails	9	2026-03-27 23:02:00.302752256
139	insurance, transformations, burdens, clinics, health	2	2026-03-27 23:02:00.302752256
144	theater, celebrates, tourism, undersecretary, day	4	2026-03-27 23:02:00.302752256
147	units, returnees, administrative, agencies, localities	2	2026-03-27 23:02:00.302752256
152	coast, boat, guard, migrant, maryam	3	2026-03-27 23:02:00.302752256
153	transportation, tax, bus, taxes, buses	7	2026-03-27 23:02:00.302752256
154	karari, 2026, headlines, channel, ad	5	2026-03-27 23:02:00.302752256
155	asphalt, tokar, inaugurate, suakin, road	2	2026-03-27 23:02:00.302752256
157	rebellion, beginning, janjaweed, sennar, battle	1	2026-03-27 23:02:00.302752256
159	splm, employee, detention, continued, south	1	2026-03-27 23:02:00.302752256
161	definition, electronic, discussion, attention, committees	1	2026-03-27 23:02:00.302752256
162	epic, halfaya, moved, line, street	1	2026-03-27 23:02:00.302752256
163	damazin, governorate, eid, baby, karmuk	2	2026-03-27 23:02:00.302752256
169	skill, maximize, choices, utmost, draws	2	2026-03-27 23:02:00.302752256
171	bachelor, scholarship, opportunity, study, institutes	4	2026-03-27 23:02:00.302752256
176	scene, link, telegram, join, httpstmesdnewsnetwork	3	2026-03-27 23:02:00.302752256
177	astonishment, egyptians, realize, noble, spend	2	2026-03-27 23:02:00.302752256
180	traffic, buses, tax, transportation, containing	6	2026-03-27 23:02:00.302752256
182	berlin, geneva, conference, scheduled, heads	1	2026-03-27 23:02:00.302752256
184	karmuk, qaisan, increasing, blue, displacement	1	2026-03-27 23:02:00.302752256
186	dedication, chiefs, career, selection, atta	2	2026-03-27 23:02:00.302752256
188	block, broadcast, internet, digital, platforms	1	2026-03-27 23:02:00.302752256
189	49, uganda, pictures, fourth, returning	1	2026-03-27 23:02:00.302752256
190	whatsapp, channel, use, join, group	6	2026-03-27 23:02:00.302752256
191	consensus, realize, happiness, hard, sky	1	2026-03-27 23:02:00.302752256
192	mystery, surrounded, midst, tripoli, maryam	1	2026-03-27 23:02:00.302752256
195	undoubtedly, likes, colleague, engaged, happy	1	2026-03-27 23:02:00.302752256
197	designed, crush, born, dream, funding	1	2026-03-27 23:02:00.302752256
199	2026, homeland, 28, march, saturday	2	2026-03-27 23:02:00.302752256
200	rahim, defect, battle, split, trench	2	2026-03-27 23:02:00.302752256
206	quran, competition, holy, closing, distribution	2	2026-03-27 23:02:00.302752256
214	karry, channel, httpstmekraray224466, net, repeat	1	2026-03-27 23:02:00.302752256
220	headlines, newspapers, published, 2026, morning	1	2026-03-27 23:02:00.302752256
223	guardians, righteous, glorious, forgiveness, mercy	1	2026-03-27 23:02:00.302752256
224	24, channel, radio, broadcasting, activity	7	2026-03-27 23:02:00.302752256
229	discourse, reflects, tearing, reality, complexity	2	2026-03-27 23:02:00.302752256
230	berlin, demonstration, honorable, shaking, unparalleled	2	2026-03-27 23:02:00.302752256
234	fires, broke, camps, shelter, displaced	9	2026-03-27 23:02:00.302752256
236	fugitive, publication, directing, surrender, announcement	2	2026-03-27 23:02:00.302752256
239	recovering, 90, jazeera, project, al	2	2026-03-27 23:02:00.302752256
242	firmly, enhances, illegally, efficiency, moves	1	2026-03-27 23:02:00.302752256
244	acts, prolonged, committed, invasion, cleansing	1	2026-03-27 23:02:00.302752256
248	battalion, mount, crossed, write, corps	1	2026-03-27 23:02:00.302752256
249	fraud, penalties, met, area, gold	1	2026-03-27 23:02:00.302752256
250	zakat, ibn, whatsapp, 400, thousand	1	2026-03-27 23:02:00.302752256
251	territories, settlements, occupied, policy, homes	1	2026-03-27 23:02:00.302752256
254	talking, cause, issue, did, homeland	1	2026-03-27 23:02:00.302752256
256	cooperative, umma, teacher, countryside, points	1	2026-03-27 23:02:00.302752256
257	application, deadline, scholarships, study, 2026	1	2026-03-27 23:02:00.302752256
263	globally, aspect, pivotal, goes, politics	1	2026-03-27 23:02:00.302752256
265	followers, extermination, racism, certain, growth	2	2026-03-27 23:02:00.302752256
271	transport, luggage, crossing, passengers, facilitating	1	2026-03-27 23:02:00.302752256
273	traitor, treason, traitors, participants, salute	2	2026-03-27 23:02:00.302752256
279	reading, intransigence, stagnation, prevails, eating	2	2026-03-27 23:02:00.302752256
281	sheikhs, dalqo, miners, exceptional, locality	1	2026-03-27 23:02:00.302752256
284	karry, share, channel, httpstmekraray224466, telegram	7	2026-03-27 23:02:00.302752256
-1	al, 2026, khartoum, war, militia	603	2026-04-27 05:13:28.651376128
0	damazin, clashes, army, rapid, confrontations	27	2026-04-27 05:13:28.651376128
1	education, teachers, students, school, educational	40	2026-04-27 05:13:28.651376128
2	funding, children, hunger, million, dongola	12	2026-04-27 05:13:28.651376128
3	league, al, stadium, championship, elite	26	2026-04-27 05:13:28.651376128
4	rashid, iran, mourns, uae, workers	8	2026-04-27 05:13:28.651376128
5	newspaper, 2026, headlines, watan, ad	6	2026-04-27 05:13:28.651376128
6	ethiopian, tigray, ethiopia, addis, ababa	20	2026-04-27 05:13:28.651376128
7	cholera, cases, marra, jebel, vaccination	23	2026-04-27 05:13:28.651376128
8	israel, traitors, israeli, agents, chaos	3	2026-04-27 05:13:28.651376128
9	ayman, nazir, aisha, gather, activist	4	2026-04-27 05:13:28.651376128
10	gender, sexual, women, risks, violence	6	2026-04-27 05:13:28.651376128
11	seeds, farmers, fao, agricultural, production	19	2026-04-27 05:13:28.651376128
12	clips, intensity, conflict, fighting, scores	16	2026-04-27 05:13:28.651376128
13	god, lie, glory, seeks, exaggeration	5	2026-04-27 05:13:28.651376128
15	officer, degree, required, engineering, unicef	1	2026-04-27 05:13:28.651376128
17	reunification, company, baskets, hospitality, families	3	2026-04-27 05:13:28.651376128
18	aspect, legal, crimes, genocide, laws	8	2026-04-27 05:13:28.651376128
19	promise, fulfill, berlin, french, expressed	1	2026-04-27 05:13:28.651376128
20	elite, coordinate, youth, sacrificial, league	6	2026-04-27 05:13:28.651376128
21	catastrophe, threatening, network, doctors, 100	4	2026-04-27 05:13:28.651376128
22	congratulate, appreciate, formations, salute, successive	2	2026-04-27 05:13:28.651376128
23	supportive, backdrop, sharp, circulating, disagreements	2	2026-04-27 05:13:28.651376128
24	accommodates, 180, finished, dabba, 500	2	2026-04-27 05:13:28.651376128
25	indicates, refugees, says, nations, return	6	2026-04-27 05:13:28.651376128
26	nile, regulate, delegation, kilo, projects	3	2026-04-27 05:13:28.651376128
27	benishangul, khor, qualitative, village, regaining	3	2026-04-27 05:13:28.651376128
28	southerners, ethiopians, shop, rent, deport	1	2026-04-27 05:13:28.651376128
29	checkpoints, raid, sudden, carries, bases	3	2026-04-27 05:13:28.651376128
30	bulletin, price, loses, certain, difference	1	2026-04-27 05:13:28.651376128
31	airport, flight, plane, flights, airlines	10	2026-04-27 05:13:28.651376128
32	foreigners, illegally, deport, unregulated, campaigns	4	2026-04-27 05:13:28.651376128
33	enforcement, fixed, outposts, deployment, restoring	1	2026-04-27 05:13:28.651376128
34	floods, dangers, shelters, risk, 91	2	2026-04-27 05:13:28.651376128
35	vast, heralds, deadly, turk, hostilities	1	2026-04-27 05:13:28.651376128
37	mahamid, withdrawing, carries, familiar, ayman	5	2026-04-27 05:13:28.651376128
38	strength, honor, main, court, corruption	1	2026-04-27 05:13:28.651376128
39	overcrowding, abroad, return, regulating, voluntary	4	2026-04-27 05:13:28.651376128
40	mining, congo, gold, mineral, massad	6	2026-04-27 05:13:28.651376128
41	saqwl, httpstmesaqwl, spokesperson, office, watch	3	2026-04-27 05:13:28.651376128
42	rights, finding, human, fact, commission	6	2026-04-27 05:13:28.651376128
44	screening, indicated, suspected, infections, awaiting	3	2026-04-27 05:13:28.651376128
45	bribe, pills, thwarting, offers, 23	1	2026-04-27 05:13:28.651376128
46	known, largest, returning, history, crime	1	2026-04-27 05:13:28.651376128
47	check, late, dimensions, carefully, designed	6	2026-04-27 05:13:28.651376128
48	finding, fact, adopted, rejected, draft	1	2026-04-27 05:13:28.651376128
49	prophet, god, bless, shed, designed	5	2026-04-27 05:13:28.651376128
50	whatsapp, channel, follow, correspondent, telegram	2	2026-04-27 05:13:28.651376128
51	electricity, markets, conversion, expedite, tariffs	4	2026-04-27 05:13:28.651376128
52	insufficient, 78, newly, informal, preferred	2	2026-04-27 05:13:28.651376128
53	petroleum, devices, electronic, company, federal	1	2026-04-27 05:13:28.651376128
54	abandoned, al, newspaper, assurances, resolves	2	2026-04-27 05:13:28.651376128
55	hamid, daoud, majid, heard, abdel	3	2026-04-27 05:13:28.651376128
56	personal, interests, websites, unlike, lying	2	2026-04-27 05:13:28.651376128
57	2026, ad, news, sunday, saturday	8	2026-04-27 05:13:28.651376128
58	green, salam, khalifa, square, al	5	2026-04-27 05:13:28.651376128
59	loaded, smuggled, collection, discussing, illegal	2	2026-04-27 05:13:28.651376128
62	karary, sudani, headlines, certain, newspaper	2	2026-04-27 05:13:28.651376128
63	oppressed, blessed, prayers, days, armed	1	2026-04-27 05:13:28.651376128
64	cameras, bleeding, truth, artists, love	6	2026-04-27 05:13:28.651376128
65	sinar, devices, salman, batch, king	3	2026-04-27 05:13:28.651376128
66	enable, recover, truce, obstacles, deliver	1	2026-04-27 05:13:28.651376128
67	weather, hot, rainfall, temperatures, varying	5	2026-04-27 05:13:28.651376128
68	wasted, agendas, narrow, aspirations, serve	1	2026-04-27 05:13:28.651376128
69	suna, agency, news, sudan, sama	1	2026-04-27 05:13:28.651376128
71	journalists, media, journalism, scale, sidelines	8	2026-04-27 05:13:28.651376128
72	explicitly, criminal, protocol, wanted, cooperate	1	2026-04-27 05:13:28.651376128
74	slow, practiced, waiting, dont, come	2	2026-04-27 05:13:28.651376128
76	vehicles, crushed, combat, minutes, inflicted	2	2026-04-27 05:13:28.651376128
77	artist, pain, artists, disappointed, pulse	14	2026-04-27 05:13:28.651376128
78	terrorizing, besiege, reflect, firm, networks	2	2026-04-27 05:13:28.651376128
79	wells, installation, tank, cleaning, quality	2	2026-04-27 05:13:28.651376128
80	protector, easy, misseriya, shield, honorable	1	2026-04-27 05:13:28.651376128
81	immigration, card, policy, anxiety, patrol	3	2026-04-27 05:13:28.651376128
82	bahri, residential, rental, lands, starting	3	2026-04-27 05:13:28.651376128
83	health, amin, federal, hospital, allocation	8	2026-04-27 05:13:28.651376128
84	fugitive, hamdan, just, dagalo, muhammad	1	2026-04-27 05:13:28.651376128
85	headlines, newspapers, newspaper, bbc, requesting	3	2026-04-27 05:13:28.651376128
86	sacrifice, joy, solidarity, compassion, rituals	1	2026-04-27 05:13:28.651376128
87	labor, transformations, employment, professions, salaries	1	2026-04-27 05:13:28.651376128
88	representative, program, finance, meets, development	2	2026-04-27 05:13:28.651376128
89	exercise, spirit, partnership, requires, responsibility	1	2026-04-27 05:13:28.651376128
90	split, militia, rapid, pardon, reporting	1	2026-04-27 05:13:28.651376128
92	withdrew, flee, battle, did, enemy	1	2026-04-27 05:13:28.651376128
93	pharmacists, technicians, procedure, excellence, perform	1	2026-04-27 05:13:28.651376128
95	directed, dagalo, know, resources, money	1	2026-04-27 05:13:28.651376128
96	lt, database, actual, built, inventory	2	2026-04-27 05:13:28.651376128
97	discipline, 54, press, freedom, professional	2	2026-04-27 05:13:28.651376128
100	step, exceed, appearance, fought, soldiers	2	2026-04-27 05:13:28.651376128
102	trump, congress, turning, secret, fund	4	2026-04-27 05:13:28.651376128
105	equality, prolonged, offering, disavows, criticized	1	2026-04-27 05:13:28.651376128
106	pilgrims, italian, honors, launches, sheikh	7	2026-04-27 05:13:28.651376128
108	mobility, indirect, beneficiaries, alleviate, multiple	2	2026-04-27 05:13:28.651376128
110	drones, missiles, missile, american, air	4	2026-04-27 05:13:28.651376128
111	performing, kidney, installation, patients, karry	4	2026-04-27 05:13:28.651376128
112	libya, illegal, immigrants, anti, migrants	4	2026-04-27 05:13:28.651376128
114	migration, organization, internally, notably, compared	2	2026-04-27 05:13:28.651376128
115	economy, strategy, medium, revive, reforms	2	2026-04-27 05:13:28.651376128
116	networks, libyan, rebellion, south, haftar	1	2026-04-27 05:13:28.651376128
117	estate, consulting, sabreen, outcome, initial	3	2026-04-27 05:13:28.651376128
118	offer, family, alive, mother, circulated	3	2026-04-27 05:13:28.651376128
120	writers, interviews, held, minni, arko	1	2026-04-27 05:13:28.651376128
121	heat, temperatures, colors, meteorology, slight	1	2026-04-27 05:13:28.651376128
122	hindered, sick, threatened, fears, access	1	2026-04-27 05:13:28.651376128
123	dilling, asked, 21, doctors, network	1	2026-04-27 05:13:28.651376128
124	chadian, chaos, chad, knows, figures	2	2026-04-27 05:13:28.651376128
125	whatsapp, correspondent, follow, channel, httpstmesudannm	5	2026-04-27 05:13:28.651376128
126	hajj, pilgrims, umrah, ah, holy	6	2026-04-27 05:13:28.651376128
129	won, paying, quickly, ones, sweeping	4	2026-04-27 05:13:28.651376128
134	136, migrant, witness, marches, sitin	1	2026-04-27 05:13:28.651376128
135	jobs, study, miss, interested, contains	1	2026-04-27 05:13:28.651376128
137	hot, weather, temperatures, parts, slight	11	2026-04-27 05:13:28.651376128
140	vandalized, conflicting, neutral, shops, invaded	4	2026-04-27 05:13:28.651376128
144	wearing, create, formal, competing, dabbah	1	2026-04-27 05:13:28.651376128
147	institutional, returnees, stresses, voluntary, receive	1	2026-04-27 05:13:28.651376128
149	die, cause, bird, birds, norway	2	2026-04-27 05:13:28.651376128
152	italian, allocated, approximately, sea, 70	1	2026-04-27 05:13:28.651376128
153	ticket, pounds, price, line, transportation	2	2026-04-27 05:13:28.651376128
154	karari, 2026, headlines, channel, issued	3	2026-04-27 05:13:28.651376128
155	maintenance, bridges, sectors, roads, regular	2	2026-04-27 05:13:28.651376128
158	reunification, beggars, homeless, implements, care	3	2026-04-27 05:13:28.651376128
160	land, traditional, disputes, agreement, tracks	2	2026-04-27 05:13:28.651376128
167	health, haitham, dr, competence, ministry	1	2026-04-27 05:13:28.651376128
168	watan, burhan, newspaper, al, outside	2	2026-04-27 05:13:28.651376128
169	diplomacy, won, war, interests, america	1	2026-04-27 05:13:28.651376128
170	consolidate, closer, heal, prisoners, victory	1	2026-04-27 05:13:28.651376128
171	bachelor, scholarship, opportunity, institutes, study	2	2026-04-27 05:13:28.651376128
174	summary, best, news, start, 2026	1	2026-04-27 05:13:28.651376128
176	scene, link, telegram, join, httpstmesdnewsnetwork	5	2026-04-27 05:13:28.651376128
177	ruled, daglo, 2019, outbreak, family	2	2026-04-27 05:13:28.651376128
178	congratulations, speakers, nation, ancient, atta	2	2026-04-27 05:13:28.651376128
180	buses, boarding, travel, tickets, temporary	1	2026-04-27 05:13:28.651376128
186	greetings, brigadier, excellency, peace, general	1	2026-04-27 05:13:28.651376128
190	whatsapp, use, join, group, channel	8	2026-04-27 05:13:28.651376128
192	severely, beat, afraid, woman, elderly	1	2026-04-27 05:13:28.651376128
196	items, household, seized, riyadh, screens	1	2026-04-27 05:13:28.651376128
197	failing, uae, penetrate, memory, reuters	2	2026-04-27 05:13:28.651376128
206	authorizes, prayers, mosques, sinnar, eid	3	2026-04-27 05:13:28.651376128
210	digital, transformation, experts, abroad, forum	5	2026-04-27 05:13:28.651376128
216	protective, autumn, floods, non, restoration	5	2026-04-27 05:13:28.651376128
217	heritage, kosti, workshop, discusses, states	1	2026-04-27 05:13:28.651376128
218	zakat, obligation, surprises, tariffs, jurisprudence	2	2026-04-27 05:13:28.651376128
224	tv, brutal, targeting, kordofan, north	1	2026-04-27 05:13:28.651376128
228	protection, standing, crises, works, includes	1	2026-04-27 05:13:28.651376128
229	normal, happening, chaos, dangerous, consciousness	2	2026-04-27 05:13:28.651376128
233	purification, unilateral, mashad, recruited, analyst	1	2026-04-27 05:13:28.651376128
234	recurrence, fires, golo, kills, massive	1	2026-04-27 05:13:28.651376128
236	indirectly, mislead, psychologically, imprisonment, mere	3	2026-04-27 05:13:28.651376128
237	platforms, misleading, media, image, indications	2	2026-04-27 05:13:28.651376128
239	fired, goodbye, rulers, mansour, accepted	1	2026-04-27 05:13:28.651376128
240	arqin, crossing, distress, deteriorating, wadi	1	2026-04-27 05:13:28.651376128
243	detaining, detainees, containers, detention, prison	1	2026-04-27 05:13:28.651376128
245	dinner, procession, turns, collective, kilograms	2	2026-04-27 05:13:28.651376128
246	crowding, exception, cars, commerce, obtaining	1	2026-04-27 05:13:28.651376128
249	kilograms, smuggled, gold, seized, kosti	2	2026-04-27 05:13:28.651376128
251	screens, starving, beings, rubble, ordered	3	2026-04-27 05:13:28.651376128
254	courtesy, imagined, adversity, opposite, ordeal	4	2026-04-27 05:13:28.651376128
262	drowned, sad, girl, ending, body	1	2026-04-27 05:13:28.651376128
265	deceived, saw, eyes, blood, arabs	1	2026-04-27 05:13:28.651376128
269	identifies, carefully, disagreement, studied, points	1	2026-04-27 05:13:28.651376128
277	rare, trees, produce, launching, home	2	2026-04-27 05:13:28.651376128
279	indirectly, indirect, managed, tools, multiple	1	2026-04-27 05:13:28.651376128
280	abide, doing, commit, priority, french	2	2026-04-27 05:13:28.651376128
284	karry, share, channel, httpstmekraray224466, telegram	13	2026-04-27 05:13:28.651376128
