topic_id	word_rank	word	score
0	1	rapid	0.013279844371261802
0	2	fasher	0.01104915034305585
0	3	el	0.010850707771655243
0	4	army	0.009544288954546579
0	5	artillery	0.009093094410605171
0	6	forces	0.008870111541417973
0	7	city	0.008820608397159627
0	8	tribune	0.008785159146274068
0	9	camp	0.00859618972334453
0	10	killed	0.008453295466971648
0	11	darfur	0.008422118330649778
0	12	north	0.007615728363924951
1	1	students	0.02815235090231362
1	2	education	0.02714181099729995
1	3	exams	0.021637157686937008
1	4	school	0.020283048886765735
1	5	certificate	0.01902833103956731
1	6	schools	0.014601510055876532
1	7	university	0.012660913526259051
1	8	teachers	0.012135268791686506
1	9	secondary	0.011450753201835643
1	10	educational	0.011113350345018602
1	11	student	0.010256289259695163
1	12	universities	0.009340582783202933
2	1	humanitarian	0.021326998689098955
2	2	aid	0.019708185014408703
2	3	food	0.015745066198946348
2	4	famine	0.01444757491889793
2	5	million	0.013133808732841748
2	6	nations	0.012277682705782975
2	7	united	0.011929484520238252
2	8	hunger	0.011287797205660728
2	9	children	0.011132215435621559
2	10	malnutrition	0.009155574418610977
2	11	relief	0.0079587514305026
2	12	unicef	0.00792802155929003
3	1	almerreikh	0.02622269685673108
3	2	alhilal	0.024572770828838096
3	3	sports	0.02444987133232632
3	4	stadium	0.02288236385449985
3	5	league	0.02173937383935237
3	6	hilal	0.02145162691512662
3	7	cup	0.018903742916633035
3	8	football	0.017728620584200484
3	9	team	0.01715642758331604
3	10	match	0.016684227265900735
3	11	defeats	0.012908737497290837
3	12	mars	0.01148308743217848
4	1	iran	0.017432645883642045
4	2	saudi	0.01683758802009582
4	3	qatari	0.016699857064560304
4	4	arabia	0.016050656453825318
4	5	qatar	0.014401831792583914
4	6	iranian	0.014300688789988442
4	7	yemen	0.01394752719290249
4	8	syria	0.013305012092510962
4	9	bin	0.012877068443615542
4	10	yemeni	0.012712015820460353
4	11	highness	0.012084086215351784
4	12	prince	0.010180956787186198
5	1	newspaper	0.020504404903302156
5	2	headlines	0.011663227281997281
5	3	newspapers	0.011315481763494856
5	4	alintibaha	0.008373253732481946
5	5	political	0.008016543305502877
5	6	alsudani	0.007519952874179239
5	7	akhbar	0.006754456999526762
5	8	alwatan	0.006631511158870788
5	9	alsayha	0.006520738498571437
5	10	alyoum	0.006195338192051665
5	11	prominent	0.006042947375062974
5	12	ad	0.006036588166241953
6	1	ethiopian	0.05247409941941554
6	2	ethiopia	0.03370716038112931
6	3	border	0.021587796943954643
6	4	tigray	0.01934150064849308
6	5	addis	0.0180513854176546
6	6	ababa	0.015698375014259205
6	7	eritrea	0.0156280259137959
6	8	eritrean	0.012053962467116411
6	9	alqalabat	0.011727014980640797
6	10	abiy	0.011662670092622647
6	11	crossing	0.009461349580469553
6	12	region	0.008473102609307497
7	1	cholera	0.054266306667682104
7	2	cases	0.04367840830687521
7	3	fever	0.02283488474047822
7	4	dengue	0.022248221952131775
7	5	epidemic	0.02216307368269643
7	6	deaths	0.019657879157641885
7	7	recorded	0.018318068214482165
7	8	disease	0.01730042146213751
7	9	health	0.017250591151435443
7	10	malaria	0.016893871213633022
7	11	measles	0.01665162498513221
7	12	spread	0.01636428565171684
8	1	israel	0.0601866966004567
8	2	israeli	0.04442131311725139
8	3	palestinian	0.03930760331266502
8	4	gaza	0.033840795161648875
8	5	normalization	0.017463062198997983
8	6	palestine	0.015742515513822053
8	7	jews	0.011654122697447408
8	8	strip	0.009516015987634373
8	9	trump	0.007661921061912808
8	10	arab	0.007406615663728748
8	11	entity	0.007304987048193226
8	12	lebanon	0.007169273493412891
9	1	village	0.025690486101121447
9	2	villages	0.02161622011300434
9	3	militia	0.014759963130778087
9	4	aljazeera	0.013775510070094203
9	5	rapid	0.013688840690099659
9	6	citizens	0.013383017429093426
9	7	killed	0.013252694394790617
9	8	abu	0.013062822246353764
9	9	fasher	0.012984015384058077
9	10	displacement	0.012078091178150481
9	11	camp	0.01131800381744313
9	12	civilians	0.011276895635121234
10	1	women	0.0530670982226777
10	2	sexual	0.038893271303030226
10	3	violence	0.03460207076918088
10	4	rape	0.0322346732765139
10	5	girls	0.027619453336549898
10	6	womens	0.019805384579428254
10	7	cases	0.015341891457246019
10	8	documented	0.01352897509266505
10	9	raped	0.009388240094602587
10	10	tribune	0.009237759594962982
10	11	gender	0.008538961735893542
10	12	exploitation	0.0077967745021214445
11	1	agricultural	0.04059915491706633
11	2	pounds	0.02677725290636751
11	3	farmers	0.026659660700758203
11	4	season	0.025461429595237384
11	5	agriculture	0.02394336653127161
11	6	wheat	0.023722909000790257
11	7	livestock	0.022587549576099486
11	8	production	0.020886143177745488
11	9	acres	0.019667277318939094
11	10	bag	0.01703454757853256
11	11	seeds	0.016100277962427967
11	12	harvest	0.01572156837735596
12	1	civilians	0.014598016935634056
12	2	homes	0.014558983826575712
12	3	displacement	0.013890385446098134
12	4	looting	0.012722827054114587
12	5	women	0.011514010630833512
12	6	property	0.010567249189895234
12	7	neighborhoods	0.010458809263700642
12	8	killing	0.010394976366205498
12	9	led	0.009770503462910153
12	10	villages	0.00973324599539767
12	11	addition	0.009406966124653079
12	12	bombing	0.009358798522414646
13	1	god	0.12259091650610822
13	2	oh	0.05377148151160175
13	3	lord	0.04265609012722575
13	4	ask	0.033711838526774694
13	5	willing	0.03179161958602694
13	6	mercy	0.03150247100540415
13	7	gods	0.025426311817250965
13	8	blessings	0.02394415228949722
13	9	good	0.021016483364226655
13	10	reward	0.020851497811020102
13	11	praise	0.01910905713747921
13	12	bless	0.01851010858334481
14	1	corona	0.05359792738400771
14	2	coronavirus	0.021494384172411642
14	3	virus	0.019646833231182093
14	4	cases	0.01884226268833125
14	5	pandemic	0.015503003504519788
14	6	suspected	0.014587922958955975
14	7	health	0.013681631419317332
14	8	infected	0.012159694822432714
14	9	infection	0.011816590317428566
14	10	infections	0.010767947279237475
14	11	confront	0.009353410949505968
14	12	deaths	0.009120344122370474
15	1	required	0.06062182819779764
15	2	degree	0.04782213987826804
15	3	officer	0.041781453247439586
15	4	vacant	0.04066128929082568
15	5	assistant	0.03985094466892118
15	6	related	0.02977372456232762
15	7	port	0.027268391231399486
15	8	monthly	0.026004475892439947
15	9	management	0.025776468566671932
15	10	field	0.0255112103543233
15	11	vacancies	0.02492996700707086
15	12	salary	0.024726096230373435
16	1	legislative	0.02472239775240529
16	2	constitutional	0.019347934541089455
16	3	elections	0.01832484729592172
16	4	ministers	0.017639121338358432
16	5	freedom	0.017572631375764185
16	6	party	0.0165684094710144
16	7	political	0.015092302260154095
16	8	change	0.014874798849385574
16	9	democracy	0.014678589893911792
16	10	transitional	0.013967702520584215
16	11	government	0.013917496697343589
16	12	congress	0.012623492146961804
17	1	baskets	0.03253465030572106
17	2	food	0.024068802374818538
17	3	charity	0.02094556712978943
17	4	crescent	0.020264603808020636
17	5	families	0.01958492695961739
17	6	displaced	0.015852759174561974
17	7	meals	0.01550905539324809
17	8	red	0.014666690700931214
17	9	distributes	0.014060904553570024
17	10	initiative	0.01355639184119436
17	11	qatar	0.013531346557986747
17	12	charitable	0.013514310809874846
18	1	crimes	0.029552432855052692
18	2	genocide	0.025071710044723323
18	3	law	0.0236156606197421
18	4	international	0.02164746896955551
18	5	civilians	0.02092967634497864
18	6	humanitarian	0.018148293700948736
18	7	conventions	0.017146150061053453
18	8	ethnic	0.016902529165357477
18	9	violation	0.015937702417229256
18	10	violations	0.014159236149738854
18	11	committed	0.013723496950545264
18	12	humanity	0.013276083820674677
19	1	foreign	0.02105503197602544
19	2	ambassador	0.01894109922880051
19	3	affairs	0.01648593716059624
19	4	relations	0.01546788612282173
19	5	egyptian	0.014606345367859926
19	6	countries	0.011663740232594543
19	7	minister	0.011154083456894177
19	8	president	0.010387964259478556
19	9	egypt	0.010327020802047431
19	10	bilateral	0.010145167887382015
19	11	visit	0.010134733525555733
19	12	brotherly	0.01013054884334766
20	1	meets	0.009408269599125899
20	2	governor	0.007264001334359564
20	3	minister	0.0068648615485869795
20	4	confirms	0.006560862254022401
20	5	health	0.0058174138376725715
20	6	reviews	0.005595557340720333
20	7	suna	0.00555672848957098
20	8	receives	0.005436018305585125
20	9	nile	0.005403619922794123
20	10	agency	0.005377728770747327
20	11	council	0.0049231674997134095
20	12	delegation	0.004892580173882675
21	1	doctors	0.0311465518804515
21	2	medical	0.017113257317948688
21	3	health	0.01607160508065222
21	4	borders	0.015059193002588291
21	5	room	0.010935528127630618
21	6	patients	0.00992878859454163
21	7	emergency	0.009280498126387976
21	8	medicines	0.008677844509367387
21	9	humanitarian	0.00856326674416275
21	10	hospitals	0.00846350154931849
21	11	malnutrition	0.008461392923179057
21	12	hospital	0.008378372501350189
22	1	struggle	0.014409419747193803
22	2	victory	0.013396031686668223
22	3	battle	0.012492426181317027
22	4	army	0.01188396005736321
22	5	armed	0.011704698220092652
22	6	forces	0.011124692265791122
22	7	popular	0.010302937287136117
22	8	battleofdemocracy	0.010188504546766779
22	9	liberation	0.010091660630505565
22	10	martyrs	0.010058891966948657
22	11	selfdefense	0.009869365303165767
22	12	guardians	0.009668576427746146
23	1	hamdok	0.036017929099756166
23	2	party	0.019356234355633065
23	3	communist	0.01306147017161008
23	4	hamdoks	0.012215161491958473
23	5	freedom	0.011830517894670765
23	6	political	0.011768373817792539
23	7	leader	0.011108599085381646
23	8	prime	0.010973425030880175
23	9	change	0.010399404609789666
23	10	government	0.010093778030282174
23	11	congress	0.00980605622181654
23	12	revolutionary	0.009620051629344435
24	1	village	0.030917637953153384
24	2	displaced	0.027931361019111266
24	3	families	0.016282671968519433
24	4	fasher	0.015227296561199718
24	5	tawila	0.014722186632881109
24	6	camp	0.014523472432392841
24	7	el	0.014221967157415687
24	8	camps	0.01178600127573948
24	9	residents	0.011423190128290885
24	10	city	0.0113355779154481
24	11	villages	0.010949342605662127
24	12	food	0.010945564720030174
25	1	refugees	0.05426468653378144
25	2	chad	0.02494507378507555
25	3	commissioner	0.022517590912968316
25	4	high	0.01772172631557993
25	5	unhcr	0.016803772318635
25	6	nations	0.01447299482604706
25	7	south	0.014310933683529632
25	8	refugee	0.013942936225910857
25	9	chadian	0.013240295721316835
25	10	united	0.013051331987986593
25	11	camps	0.01097461676637872
25	12	million	0.010633058485154437
26	1	blue	0.029606845026367838
26	2	nile	0.02445791100405249
26	3	governor	0.01952636501520499
26	4	northern	0.017130478991333405
26	5	north	0.01486805242138576
26	6	kordofan	0.014157022370721922
26	7	locality	0.012246207372773753
26	8	white	0.010740506015204947
26	9	river	0.010695148764012195
26	10	badi	0.010609539826912418
26	11	reviews	0.010548528325952973
26	12	launches	0.010290238438099758
27	1	fasher	0.015290235546403168
27	2	city	0.01435861317757135
27	3	area	0.014158173493134791
27	4	el	0.013790178333279971
27	5	forces	0.013773951278654113
27	6	axis	0.011590088800190785
27	7	vehicles	0.011375509910096091
27	8	army	0.01090704596806103
27	9	militia	0.010625646464112262
27	10	division	0.010606193345486452
27	11	artillery	0.01053778691073794
27	12	siege	0.01026311849789662
28	1	ethiopian	0.059317365221882426
28	2	refugees	0.04621328352059482
28	3	ethiopia	0.0369895540739262
28	4	tigray	0.020237306215746296
28	5	forests	0.016583748478958042
28	6	refugee	0.015741576885360934
28	7	ethiopians	0.013548699801978589
28	8	ababa	0.012951966536253972
28	9	addis	0.012507162070711775
28	10	region	0.012423044207475826
28	11	camp	0.011628703559444767
28	12	camps	0.011559284167912978
29	1	police	0.03901677171017925
29	2	security	0.028864438842188447
29	3	khartoum	0.016346367619952545
29	4	crime	0.01329950689606755
29	5	committee	0.012493590921678831
29	6	phenomena	0.011395027983387103
29	7	presence	0.011219010207111047
29	8	interior	0.01070999163782911
29	9	foreigners	0.010652688200017014
29	10	director	0.010318093726469522
29	11	hamza	0.010150864482095543
29	12	cell	0.009719953139266393
30	1	bank	0.04527040790600381
30	2	banks	0.033315323645068944
30	3	exchange	0.03306649110905791
30	4	dollar	0.02979944779706701
30	5	pound	0.028299139745112396
30	6	rate	0.022486487497537448
30	7	banking	0.020141848408772884
30	8	currency	0.019325630180905138
30	9	central	0.01894035511026244
30	10	currencies	0.018366479712082325
30	11	pounds	0.017242285690287254
30	12	transfers	0.016678425589301396
31	1	airport	0.057096490613808254
31	2	flights	0.04977791573877662
31	3	airlines	0.04458404657349593
31	4	flight	0.039588582294651876
31	5	aviation	0.03424499446784652
31	6	plane	0.029987915335762477
31	7	airspace	0.018575399135514398
31	8	stranded	0.017089777277134472
31	9	badr	0.016529754112630548
31	10	passenger	0.015060933661678112
31	11	passengers	0.014293089653691226
31	12	aircraft	0.01323538434473841
32	1	passports	0.054929076727120586
32	2	passport	0.04994903034507069
32	3	immigration	0.029082510427243042
32	4	foreigners	0.028870228127885388
32	5	police	0.01808082054016792
32	6	administration	0.017802523732307465
32	7	visa	0.017412390407884816
32	8	registry	0.01722363932595234
32	9	procedures	0.014665063387241597
32	10	documents	0.01310314617159221
32	11	factory	0.013099423330079355
32	12	general	0.0129853015016115
33	1	police	0.03297528216176943
33	2	security	0.02962146995270075
33	3	crime	0.023290107490477878
33	4	intelligence	0.022767459585705054
33	5	services	0.01280119325297443
33	6	rates	0.011026228136558371
33	7	criminal	0.010451050058354562
33	8	service	0.010286501337784974
33	9	force	0.010266248161293713
33	10	phenomena	0.010038329581793615
33	11	defendants	0.009695905030001202
33	12	negative	0.009197664113426247
34	1	floods	0.06538031685254268
34	2	rains	0.05550605659545977
34	3	torrential	0.02797552262512035
34	4	torrents	0.02764708581508182
34	5	rain	0.025186283357626335
34	6	affected	0.01980660605378325
34	7	flood	0.01954051818389868
34	8	heavy	0.018544532471890897
34	9	collapse	0.01755112932543892
34	10	homes	0.016632512346115378
34	11	damaged	0.013249452598634972
34	12	houses	0.01280377916347405
35	1	truce	0.03299083324815931
35	2	ceasefire	0.025776538049133116
35	3	parties	0.024364607562664065
35	4	peace	0.019207402034739928
35	5	conflict	0.016737220201277693
35	6	war	0.01566616398249502
35	7	agreement	0.015612051692014984
35	8	stop	0.015555382691609233
35	9	negotiation	0.01419503706205513
35	10	movements	0.011519190179693575
35	11	hostilities	0.011097632784935862
35	12	warring	0.010089993419142533
36	1	revolution	0.08048911198993529
36	2	revolutionary	0.025546826213216682
36	3	glorious	0.019930891460372375
36	4	freedom	0.019437222496598173
36	5	december	0.018666625988980313
36	6	change	0.018062281422611168
36	7	revolutionaries	0.017800468568213434
36	8	rebellion	0.01346987026830784
36	9	colonialism	0.013178373467302605
36	10	goals	0.012421328209478498
36	11	processions	0.012083851907097452
36	12	terrified	0.01133654538471936
37	1	rebel	0.011757412292513779
37	2	al	0.010943111207461826
37	3	withdrawal	0.01063660799998982
37	4	militia	0.010248806238643524
37	5	islamists	0.008956781178404781
37	6	major	0.0077320313283741424
37	7	alburhan	0.007579521922730814
37	8	war	0.007334792306542387
37	9	leaders	0.007275979687875107
37	10	military	0.006946902357328547
37	11	silent	0.006942895880760512
37	12	saeed	0.006807114790512139
38	1	court	0.03557314193980861
38	2	corruption	0.0341346232677409
38	3	prosecution	0.028398831046681696
38	4	case	0.026200661232504693
38	5	article	0.02599777558606928
38	6	justice	0.02098259806136101
38	7	judge	0.02084263468381605
38	8	prosecutor	0.020664302981413668
38	9	law	0.02044860602094404
38	10	code	0.02030690430945813
38	11	public	0.01963671489348367
38	12	criminal	0.018869951494251296
39	1	egypt	0.029832738842446527
39	2	voluntary	0.02060384899168263
39	3	embassy	0.019540271510825356
39	4	egyptian	0.01902389221862372
39	5	stranded	0.016889020222256412
39	6	return	0.015870500028904784
39	7	deportation	0.01527543091703483
39	8	sudanese	0.014866878420635752
39	9	violators	0.01306176471002578
39	10	aswan	0.012860171126524864
39	11	syrians	0.012813925456266037
39	12	deported	0.012735237645042218
40	1	mining	0.07761117159905057
40	2	gold	0.07668919858849281
40	3	mineral	0.05486201910137719
40	4	company	0.034408821451342275
40	5	resources	0.031631342837835516
40	6	production	0.029114606656548688
40	7	companies	0.022471621554026544
40	8	minerals	0.02107819570764944
40	9	companys	0.019220168967648985
40	10	ardoul	0.019073831741551462
40	11	traditional	0.018093257463110905
40	12	tons	0.016264754118484617
41	1	httpstmesaqwl	0.8693576936218482
41	2	spokesperson	0.19060491083626271
41	3	office	0.09649496086095569
41	4	watch	0.0893659991773963
41	5	khartoumjanjaweedcemetery	0.08279761346084519
41	6	official	0.08265256579007957
41	7	account	0.0709710626923038
41	8	sudannews	0.068490739303175
41	9	application	0.04540945129895641
41	10	following	0.04277760658656653
41	11	news	0.04016180009452953
41	12	rapid	0.03324012190923124
42	1	rights	0.06759870735109007
42	2	human	0.05301526141823596
42	3	factfinding	0.0215270997790617
42	4	mission	0.015112957178258005
42	5	commission	0.01459316414611491
42	6	independent	0.01333388465114817
42	7	violations	0.012668886483971428
42	8	expert	0.012567482722173673
42	9	crimes	0.012424147979438178
42	10	geneva	0.011812104696864893
42	11	international	0.011593043945300975
42	12	african	0.01105525784477218
43	1	dollar	0.04760662707294524
43	2	exchange	0.037688688790969226
43	3	rate	0.03604184992044813
43	4	inflation	0.03592148394649347
43	5	currency	0.03386660837347328
43	6	banks	0.03189673567050472
43	7	banking	0.02754885072683775
43	8	parallel	0.023383318697097245
43	9	market	0.022103130852224945
43	10	billion	0.021485473902124515
43	11	bank	0.021172648858872264
43	12	monetary	0.018587972234814995
44	1	corona	0.1095086818959123
44	2	cases	0.05253120232356267
44	3	infections	0.040891492625323114
44	4	suspected	0.04071713613315175
44	5	virus	0.04048737640641351
44	6	pandemic	0.02918172006726964
44	7	deaths	0.027931199251323632
44	8	health	0.027073984627382253
44	9	recorded	0.02635135288681788
44	10	infection	0.024051431321508977
44	11	coronavirus	0.022772547163481177
44	12	preventive	0.021019523516466954
45	1	drugs	0.06765093690298903
45	2	drug	0.06522144539902977
45	3	pills	0.035123211186797745
45	4	seized	0.020823130164487186
45	5	smuggling	0.017955508768583397
45	6	combating	0.017894713798850246
45	7	addiction	0.01550234141188836
45	8	quantities	0.01402752877824123
45	9	possession	0.011679986059545011
45	10	police	0.011425014255116226
45	11	shipment	0.010873015363415785
45	12	administration	0.010733337026108323
46	1	trafficking	0.1009136166954966
46	2	human	0.05721575905018039
46	3	smuggling	0.037623603013153616
46	4	victims	0.02348813920714555
46	5	gang	0.020539952014624618
46	6	investigations	0.018535606491588686
46	7	hostages	0.017779633235778736
46	8	network	0.015290423200113843
46	9	criminal	0.014437334015782044
46	10	arrested	0.014310809601548968
46	11	department	0.013657588913259126
46	12	gangs	0.013553724317185828
47	1	waiting	0.052364239873952396
47	2	answer	0.052260362704429596
47	3	zero	0.03987447307918943
47	4	think	0.03980053226554831
47	5	happened	0.03955408941822044
47	6	2013	0.03737533808193275
47	7	hour	0.03625721308896476
47	8	ask	0.03483487665080967
47	9	mean	0.03390791134646306
47	10	clarify	0.03390501602556701
47	11	know	0.03196626591839757
47	12	understand	0.029614364355282388
48	1	african	0.0649432296743154
48	2	union	0.0425653119896382
48	3	continent	0.018761925952929533
48	4	membership	0.017190834881480682
48	5	president	0.01683161003293092
48	6	summit	0.016509457849344666
48	7	sudans	0.014249911219158279
48	8	igad	0.013697849274521912
48	9	sovereignty	0.012675270170175189
48	10	representative	0.01193748353836697
48	11	africa	0.011801171470204286
48	12	commission	0.011156734337327414
49	1	god	0.07861567015809945
49	2	bless	0.04849044988227264
49	3	messenger	0.045469617126624666
49	4	grant	0.038877625767863785
49	5	prophet	0.03666904606985861
49	6	almighty	0.029707482991022525
49	7	lord	0.026991557857962936
49	8	blessings	0.026666071529749386
49	9	peace	0.024926068094066344
49	10	allah	0.023624010345585377
49	11	oh	0.018867595284061504
49	12	prayer	0.018743380114263034
50	1	follow	0.13516224104873037
50	2	httpstmesudaaan	0.13191962497258164
50	3	channel	0.1191296467060317
50	4	whatsapp	0.08069922236768225
50	5	telegram	0.07985141414079999
50	6	httpswhatsappcomchannel0029vapgy3o7dmecjcizwq2x	0.04443374736807297
50	7	reliable	0.039058399453104506
50	8	coverage	0.03763228857119182
50	9	httpswhatsappcomchaannel0029vb2jdpaixnnnnnnnnnnnnnpxuj5a1x	0.03660815707301806
50	10	challengesofthetransitionalperiod	0.031031485794926417
50	11	sudan	0.030330060319397358
50	12	news	0.029651410846802537
51	1	electricity	0.11703756391704354
51	2	station	0.031425374573495306
51	3	energy	0.02967846834926741
51	4	electrical	0.029206263116073217
51	5	power	0.02055349306041637
51	6	maintenance	0.020133187812203038
51	7	outages	0.018022904161307984
51	8	generation	0.017664179733281184
51	9	stations	0.01615391909413511
51	10	company	0.01603642235146455
51	11	water	0.014947800957418907
51	12	supply	0.01451544133191202
52	1	displaced	0.03215997725805808
52	2	shelter	0.023633358340473882
52	3	food	0.017804810639087513
52	4	conditions	0.017175120113099643
52	5	harsh	0.015710888042283752
52	6	families	0.014811539370674373
52	7	lack	0.014263961139120877
52	8	elderly	0.014225289325821195
52	9	cold	0.014037976141163913
52	10	suffering	0.013314348628069449
52	11	return	0.013176077022990937
52	12	children	0.01233346036602843
53	1	refinery	0.10770706772880254
53	2	fuel	0.07306052251092293
53	3	oil	0.0673715938280392
53	4	energy	0.05921352363367406
53	5	gasoline	0.04541088432415774
53	6	gas	0.043382966227198075
53	7	petroleum	0.025031068981315588
53	8	prices	0.021369838109817265
53	9	stations	0.020800144281923044
53	10	employees	0.01958597424743182
53	11	pumping	0.017013798619736162
53	12	company	0.01619517872291056
54	1	headlines	0.013007335322042879
54	2	army	0.010155630116525895
54	3	news	0.009764113846304349
54	4	alburhan	0.00866871974126613
54	5	newspaper	0.008150235410886273
54	6	issued	0.006937201778167412
54	7	ad	0.0067555752774312
54	8	truce	0.006670037300685098
54	9	electronic	0.006270424448642144
54	10	alsudani	0.005958883351553692
54	11	political	0.005417572530180589
54	12	prominent	0.005374423281364666
55	1	damazin	0.05418974391034016
55	2	abdul	0.05170725144320799
55	3	al	0.047131619154314894
55	4	hassan	0.04331600626074377
55	5	muhammad	0.04128395949596938
55	6	writes	0.038613409375659664
55	7	albilal	0.03392262424873002
55	8	hamid	0.03246725031937149
55	9	ali	0.03220072291327777
55	10	ahmed	0.03161756045155842
55	11	altayeb	0.031154370797901083
55	12	ibrahim	0.029115434985419613
56	1	networks	0.06775313157456457
56	2	starlink	0.06596781905588266
56	3	communication	0.05107033603689008
56	4	devices	0.04901346132937211
56	5	internet	0.036567958906947626
56	6	telecommunications	0.033145065720910534
56	7	communications	0.031116416377227205
56	8	interruption	0.027169711885960787
56	9	operational	0.021840471856144513
56	10	accounts	0.020236016428520354
56	11	followers	0.01979911844025715
56	12	phone	0.019785582042001437
57	1	ad	0.08532599008509152
57	2	todays	0.06773832650427057
57	3	news	0.06021645059924885
57	4	headlines	0.05604323057311859
57	5	2024	0.05270075510207227
57	6	2025	0.05012404394387092
57	7	bulletin	0.04719334062314465
57	8	2017	0.04691737538970751
57	9	saturday	0.04350846753188744
57	10	issued	0.036808408314409596
57	11	wednesday	0.033332005331304274
57	12	important	0.031734138845362594
58	1	ministries	0.02336831481099331
58	2	khartoum	0.018922726684549047
58	3	appointment	0.013558267739138263
58	4	kamel	0.012848291585852668
58	5	governor	0.012820328239884778
58	6	idris	0.012647309584570682
58	7	controversy	0.01236560975036654
58	8	ministers	0.01207355180317074
58	9	tijani	0.01071632537617484
58	10	headquarters	0.010636782595572164
58	11	service	0.010434266099945695
58	12	explaining	0.00971735288010256
59	1	customs	0.14432797951439155
59	2	goods	0.0213641543631087
59	3	smuggling	0.020828215803906643
59	4	luggage	0.01921221074827364
59	5	crossings	0.017691994287032584
59	6	dogs	0.015643720067149817
59	7	exempt	0.015544135651039966
59	8	smuggle	0.015342719244481136
59	9	personal	0.014121236246243804
59	10	duties	0.013984913648697691
59	11	electrical	0.013584209487199093
59	12	fees	0.01333301525486672
60	1	budget	0.05757468373153908
60	2	finance	0.05500883028312004
60	3	spending	0.02682625050631498
60	4	taxes	0.02430951680599613
60	5	economic	0.018440284400202837
60	6	revenues	0.017347142304542887
60	7	economy	0.016576728121776983
60	8	citizen	0.01597224626035751
60	9	treasury	0.015269833860078243
60	10	ministry	0.014948579960763765
60	11	money	0.013484336081926594
60	12	ministers	0.0133401611012827
61	1	join	0.3321250359835219
61	2	scene	0.3137212469902121
61	3	httpstmesdnewsnetwork	0.2737239906447133
61	4	link	0.22687688513249663
61	5	telegram	0.17437432304843373
61	6	sudanese	0.04953520350067351
61	7		1e-05
61	8		1e-05
61	9		1e-05
61	10		1e-05
61	11		1e-05
61	12		1e-05
62	1	headlines	0.1110402454392718
62	2	newspapers	0.08214265582646589
62	3	newspaper	0.07146038116922201
62	4	2022	0.0566143940536569
62	5	ad	0.05305466577288179
62	6	morning	0.045169767172261406
62	7	prominent	0.04014504948912926
62	8	2017	0.03983952713465072
62	9	issued	0.0383064969138188
62	10	published	0.03744526976801154
62	11	hammam	0.0355411588763927
62	12	shafiq	0.03517151308191566
63	1	god	0.10783823832200994
63	2	oh	0.06791023581784868
63	3	protect	0.04856466851500283
63	4	mighty	0.03887752625048127
63	5	victory	0.036892317522426006
63	6	blessings	0.03463171800180531
63	7	grant	0.03173725550167115
63	8	mercy	0.02798914335458091
63	9	hired	0.025885380111153038
63	10	traitors	0.023287899903404824
63	11	homeland	0.02219714461031423
63	12	ask	0.022073234656995264
64	1	father	0.024403011580922465
64	2	love	0.021170649594290124
64	3	sudanese	0.019133073692567837
64	4	battle	0.018044639762929988
64	5	history	0.01598253865369346
64	6	humiliate	0.01494020368682945
64	7	drink	0.014874069358353122
64	8	like	0.014872843604977802
64	9	gave	0.014009578768658364
64	10	pride	0.013992067133104465
64	11	truth	0.013741443990419589
64	12	chad	0.012480578502397567
65	1	health	0.0403332422963396
65	2	hospital	0.03044110967960395
65	3	doctors	0.024590372860417417
65	4	medical	0.022798429217516507
65	5	surgery	0.01831834156480205
65	6	center	0.01823971792983395
65	7	personnel	0.01765545192939105
65	8	hospitals	0.01703588535508541
65	9	machines	0.01435699373068115
65	10	strike	0.01391890925118812
65	11	heart	0.013763034751276482
65	12	preparing	0.012895795504068731
66	1	sanctions	0.02371028453006326
66	2	security	0.017889394263709738
66	3	council	0.01656970640719292
66	4	united	0.014341745887572583
66	5	nations	0.013384121602530745
66	6	mission	0.012183034437704248
66	7	envoy	0.010529235139706074
66	8	representative	0.009968092272141963
66	9	session	0.009602631519389447
66	10	resolution	0.009469275688354149
66	11	imposed	0.008614733393966633
66	12	sudan	0.00844690188250947
67	1	weather	0.11460313906540572
67	2	moderate	0.08365292578162599
67	3	temperatures	0.06430576882523092
67	4	meteorology	0.04932061479820458
67	5	hot	0.044567091084607394
67	6	willing	0.03591975819991001
67	7	facebook	0.03433902784027209
67	8	expected	0.03384375773205449
67	9	rain	0.029925306059508067
67	10	cold	0.025070529275083846
67	11	temperature	0.022894178368653532
67	12	night	0.02209118853047351
68	1	injustice	0.01802932373098753
68	2	revolution	0.015342659554683941
68	3	freedom	0.01479385952826614
68	4	regime	0.01462856687308237
68	5	democracy	0.014258601627991571
68	6	democratic	0.014201140160208707
68	7	political	0.013361447146817576
68	8	marginalization	0.012644616860350712
68	9	revolutions	0.012406126056888232
68	10	justice	0.01170140058196608
68	11	power	0.011522546431470644
68	12	achieve	0.011349807129728896
69	1	suna	0.5707341701747906
69	2	agency	0.4592496113149706
69	3	news	0.21723505823992348
69	4	sudan	0.05112780375553674
69	5	sama	0.006441918108989733
69	6	sona	0.005417575297227045
69	7	condition	0.004826989428012753
69	8	summary	0.004740801525395597
69	9	addresses	0.004096556167561295
69	10	delivery	0.0039690879490312395
69	11	2020	0.0039254837319116845
69	12	todays	0.0038215206324311935
70	1	passports	0.10554168453600749
70	2	immigration	0.05868589411370808
70	3	passport	0.049397274776160155
70	4	administration	0.04420331667592863
70	5	registry	0.030964135124905715
70	6	general	0.027169060598746696
70	7	police	0.024658196552599362
70	8	electronic	0.019216191653611363
70	9	procedures	0.017676135231745035
70	10	hijri	0.017562727594949794
70	11	interior	0.01715831259040092
70	12	services	0.017134166780802464
71	1	journalists	0.09487503431547602
71	2	media	0.05266384208130151
71	3	female	0.01834307911028498
71	4	press	0.01699287527263693
71	5	syndicate	0.01657730576499857
71	6	journalist	0.012297924909282621
71	7	professional	0.012168781313909001
71	8	professionals	0.010471366281133144
71	9	journalism	0.010374560492125776
71	10	facts	0.010338420245259987
71	11	war	0.010056963809856306
71	12	union	0.009557616599546825
72	1	court	0.06864767277055445
72	2	criminal	0.03969921841954472
72	3	genocide	0.030741946089730438
72	4	crimes	0.028442918977351635
72	5	justice	0.025301454376111115
72	6	international	0.02056213429097271
72	7	request	0.0198439061964308
72	8	prosecutor	0.01958620278429564
72	9	complaint	0.01799178417096353
72	10	uae	0.016609840433516054
72	11	humanity	0.015781934795019013
72	12	lawsuit	0.014247589143660094
73	1	egyptian	0.01653874484278557
73	2	egypt	0.013423584262636255
73	3	egypts	0.013379105881759583
73	4	foreign	0.011996326709698569
73	5	brotherly	0.011460744460900384
73	6	president	0.010117148314547214
73	7	cairo	0.010050305399428161
73	8	regional	0.009282458018785739
73	9	relations	0.009104398753565356
73	10	sovereignty	0.008927355854505699
73	11	external	0.008828370350052558
73	12	stability	0.008825029192372958
74	1	dont	0.058414514371521044
74	2	come	0.05431062454406909
74	3	didnt	0.05038794533547866
74	4	personally	0.04861019594140567
74	5	play	0.04330414538689444
74	6	did	0.0402629166542052
74	7	silent	0.0360184750768388
74	8	tonight	0.03571812824163352
74	9	left	0.035493503180848075
74	10	fact	0.03457243901525512
74	11	satisfied	0.03256623007092102
74	12	waiting	0.032074204457480146
75	1	speedy	0.21088476718815663
75	2	recovery	0.18972040387947228
75	3	martyrs	0.1723829644355878
75	4	mercy	0.14918370650370022
75	5	wounded	0.14281618690470224
75	6	righteous	0.1102141939354316
75	7	missing	0.09467963103327369
75	8	forgiveness	0.0729383379892729
75	9	eternity	0.06447481491292409
75	10	injured	0.05869062210733941
75	11	ask	0.05692818425378105
75	12	prayers	0.05604914512407015
76	1	vehicles	0.07099192208837582
76	2	armored	0.04650087997682659
76	3	equipment	0.03897894303148825
76	4	combat	0.03723706251723973
76	5	losses	0.03706889565049172
76	6	enemy	0.02848350601471826
76	7	heavy	0.028293539669297024
76	8	ammunition	0.024952210178788497
76	9	tanks	0.023761749403813055
76	10	inflicting	0.021217787550167667
76	11	clearance	0.018761107647849426
76	12	destroying	0.018599988357776567
77	1	artist	0.11986413172505307
77	2	artists	0.05387143972309179
77	3	singing	0.029577309810238848
77	4	art	0.029228833801657306
77	5	ask	0.02479949516192481
77	6	artistic	0.024357784549608463
77	7	song	0.02346452731072026
77	8	forgiveness	0.02304485152062873
77	9	illness	0.015553450088717873
77	10	famous	0.0138710180962899
77	11	band	0.013760529741380803
77	12	mohamed	0.01374272024316055
78	1	terrorist	0.056582287558191155
78	2	terrorism	0.027872657221172988
78	3	crimes	0.022481459010959125
78	4	extremist	0.01977989661663631
78	5	classify	0.0189048289684695
78	6	heinous	0.01672439978036127
78	7	militia	0.016387044593695842
78	8	brigades	0.014703306311703277
78	9	regime	0.013506702420577915
78	10	crime	0.013190809003167
78	11	atrocities	0.012761611604031636
78	12	acts	0.012698682469591046
79	1	water	0.08495788750457178
79	2	station	0.041248125384377166
79	3	wells	0.027711570281510143
79	4	meters	0.02550921286175774
79	5	stations	0.02526716100393264
79	6	dam	0.024827997488271185
79	7	drinking	0.02166232826496516
79	8	dams	0.021098811998293738
79	9	renaissance	0.019980167942908186
79	10	irrigation	0.01937284932329124
79	11	authority	0.015326259113685127
79	12	sea	0.01102915254116119
80	1	god	0.034578896845362604
80	2	battle	0.022084242416551336
80	3	victory	0.021859980677840517
80	4	conquest	0.01630516267280597
80	5	know	0.012703841712873783
80	6	dear	0.012577113542610985
80	7	near	0.011010682956180936
80	8	martyrs	0.011008484016738167
80	9	channel	0.010940580414878725
80	10	victoryfromgodandconquestisnear	0.010924785761634203
80	11	gods	0.009844740414472471
80	12	let	0.009502097149374982
81	1	foreigners	0.03964014386117442
81	2	immigration	0.0341899201537474
81	3	immigrants	0.030796816975067927
81	4	citizenship	0.026584841886512264
81	5	deportation	0.025925617119171428
81	6	illegal	0.025429575039709152
81	7	legal	0.023265174531389758
81	8	residency	0.020880868749705902
81	9	violators	0.020173389836068603
81	10	status	0.016755767418310814
81	11	deported	0.016687569084421962
81	12	presence	0.016235141734897648
82	1	rent	0.04024886643565685
82	2	house	0.024795893164004646
82	3	housing	0.02253371052113496
82	4	rents	0.02091123179708428
82	5	planning	0.020530876752717937
82	6	residential	0.02048750676886089
82	7	neighborhoods	0.0189546177093129
82	8	urban	0.017817754525211074
82	9	estate	0.016352662117225445
82	10	eviction	0.016275936576716363
82	11	localities	0.01419439341448853
82	12	shambat	0.012304479633946156
83	1	health	0.03518840994780331
83	2	hospital	0.027534499821264796
83	3	medical	0.023932184640129
83	4	center	0.018428766829682513
83	5	hospitals	0.013831438589637484
83	6	nursing	0.012979558434239206
83	7	sector	0.01235372979190233
83	8	federal	0.012174809593112693
83	9	ministry	0.01186896208017136
83	10	doctors	0.011436699751332545
83	11	treatment	0.010220486524755795
83	12	specialists	0.009851128328554995
84	1	court	0.03135190505063777
84	2	accused	0.029266673836353285
84	3	prosecution	0.02487661785234909
84	4	case	0.023295345974868084
84	5	ruling	0.022713660516082243
84	6	doha	0.02122533726408621
84	7	martyr	0.018942750507971454
84	8	trial	0.017092260356438124
84	9	prosecutor	0.016983351477845913
84	10	arrest	0.01639409002118246
84	11	prison	0.015399251964552491
84	12	fine	0.015121156915290012
85	1	newspapers	0.12348998273372473
85	2	headlines	0.1112053622377508
85	3	political	0.060316419977042464
85	4	morning	0.0565602169838717
85	5	ad	0.05248294304228175
85	6	issued	0.051474486837651406
85	7	prominent	0.05054310820228946
85	8	akhbar	0.05040134203677779
85	9	alyoum	0.049619375614206276
85	10	newspaper	0.04825895311494315
85	11	published	0.04478684989435536
85	12	2020	0.03930720203778933
86	1	religious	0.03174974452011279
86	2	church	0.028487134583452436
86	3	mosque	0.02666593437696912
86	4	mosques	0.025101544028379014
86	5	values	0.015927734793706454
86	6	sheikh	0.015433592768384631
86	7	religion	0.014323174361298761
86	8	solidarity	0.014180393641124665
86	9	prayers	0.013633197662984832
86	10	quran	0.01358133238520648
86	11	preachers	0.012485784646782036
86	12	compassion	0.012462711724582038
87	1	workers	0.06316357070322462
87	2	labor	0.04089465071275996
87	3	employees	0.0238281026373092
87	4	salaries	0.021785297169806952
87	5	unemployment	0.02038555774076599
87	6	job	0.019252567562569888
87	7	expatriate	0.017713626706668352
87	8	jobs	0.01720764811691059
87	9	work	0.01674287359009018
87	10	wage	0.016346996249814123
87	11	saudi	0.014785547987010593
87	12	restoring	0.014318365823470089
88	1	debts	0.03593711211909322
88	2	bank	0.030631621811096483
88	3	debt	0.02656581413020707
88	4	economic	0.021612764385048933
88	5	finance	0.020829605866646006
88	6	billion	0.020740666352915497
88	7	world	0.02029338349550874
88	8	dollars	0.015878557482673403
88	9	sudans	0.015240093849371025
88	10	heavily	0.014792332126217365
88	11	monetary	0.013830289542068542
88	12	fund	0.012522931216407001
89	1	chinese	0.031767228878886285
89	2	foreign	0.02873383395615753
89	3	countries	0.027283662938868417
89	4	affairs	0.023912567453407984
89	5	bilateral	0.0195035687258203
89	6	china	0.0195035687258203
89	7	diplomats	0.019327346806405767
89	8	relations	0.01886712113571589
89	9	american	0.01756958047308389
89	10	london	0.015153161751260002
89	11	decision	0.014585200098539856
89	12	diplomatic	0.014291351478237064
90	1	pardon	0.02981748382269478
90	2	reporting	0.027164488049021815
90	3	armed	0.026537564068587392
90	4	renew	0.022187266462639448
90	5	rebellion	0.022004463580807234
90	6	army	0.021473745304256674
90	7	unit	0.020067490895522202
90	8	arming	0.01920743247450238
90	9	benefit	0.0192020559119838
90	10	commanderinchief	0.018247509753326268
90	11	command	0.016616157612049317
90	12	military	0.016597910926733527
91	1	peace	0.026789578128505652
91	2	juba	0.02013083522176347
91	3	kiir	0.01640644246086802
91	4	agreement	0.015702501393058052
91	5	south	0.01524668615929533
91	6	salva	0.014722111690864365
91	7	parties	0.011543386976719548
91	8	president	0.011020565739704342
91	9	union	0.0108446758108995
91	10	african	0.010754940005289303
91	11	mediation	0.01056554359788584
91	12	igad	0.00985596244058581
92	1	enemy	0.031757944657102896
92	2	mercenaries	0.025353254405879305
92	3	shield	0.024529512948793807
92	4	remnants	0.024210503288369004
92	5	infiltrating	0.02288205492126796
92	6	heroes	0.020244128969550856
92	7	battle	0.01746998756144477
92	8	valiant	0.015570937427993165
92	9	confronted	0.015370300890426323
92	10	chasing	0.015342764578785726
92	11	chose	0.014827349575521332
92	12	defeat	0.013795661822087664
93	1	pharmaceutical	0.08522095157619276
93	2	medicines	0.062291077146871536
93	3	strip	0.04786877716445041
93	4	medicine	0.041580605288712304
93	5	pharmacies	0.03877482067660191
93	6	pounds	0.03423356634346676
93	7	pharmacists	0.02886737453993402
93	8	price	0.028593886268943314
93	9	prices	0.027712989397906396
93	10	pharmacy	0.027486041500112007
93	11	increases	0.02689122366185356
93	12	drug	0.02287850129333854
94	1	oil	0.05709501602428552
94	2	gasoline	0.05095330750373814
94	3	fuel	0.03896466130041381
94	4	prices	0.03740804563619046
94	5	gas	0.035378388438279895
94	6	price	0.030072841020467093
94	7	pounds	0.024604817334265113
94	8	petroleum	0.018102384990810617
94	9	increase	0.017917414837556354
94	10	agents	0.014941188556773908
94	11	barrels	0.014638639744486192
94	12	production	0.014429279613233197
95	1	kordofan	0.06417093474272997
95	2	west	0.040225508699337255
95	3	governor	0.02562455391132926
95	4	north	0.014827644516382528
95	5	south	0.014715111639458801
95	6	rashad	0.014525959829134238
95	7	delegation	0.012728868474413933
95	8	alfula	0.010571649833279644
95	9	conflicts	0.010219100692948091
95	10	meets	0.010194607052888351
95	11	hamid	0.01019078817853582
95	12	region	0.010058940455150413
96	1	command	0.047016996757085344
96	2	sat	0.03778430351994829
96	3	chief	0.03214148918012105
96	4	summary	0.032042501524916785
96	5	armed	0.031046073922194974
96	6	commanderinchief	0.027981788788091343
96	7	stable	0.02673097804207437
96	8	2023	0.02605174508977931
96	9	todays	0.02421486905409672
96	10	staff	0.02235653264651859
96	11	forces	0.02102325478276919
96	12	officers	0.020511664126312112
97	1	media	0.07257023212563378
97	2	press	0.03453112461872024
97	3	journalists	0.0323867461830473
97	4	professionals	0.03157499875552502
97	5	workshop	0.028960901784276787
97	6	publications	0.028285899146207483
97	7	misinformation	0.021353711314574395
97	8	publishing	0.017812358016596114
97	9	law	0.01682579674894827
97	10	amend	0.014714518439546584
97	11	professional	0.014677330332154286
97	12	empower	0.014030094792122793
98	1	ethiopian	0.02061936276272914
98	2	newspaper	0.01832193798098372
98	3	renaissance	0.012846930165370318
98	4	ethiopia	0.012806589936479644
98	5	dam	0.012436838498136902
98	6	hamdok	0.011579428170341768
98	7	electronic	0.009499528659064364
98	8	corona	0.008919876778428723
98	9	sodamedia	0.00773094326674996
98	10	alsudani	0.006770664048073003
98	11	sitin	0.0064944424840818315
98	12	alwatan	0.0063044652557949004
99	1	httpstmesaqwl	2.084537232220343
99	2		1e-05
99	3		1e-05
99	4		1e-05
99	5		1e-05
99	6		1e-05
99	7		1e-05
99	8		1e-05
99	9		1e-05
99	10		1e-05
99	11		1e-05
99	12		1e-05
100	1	soldiers	0.04895629319844243
100	2	army	0.04289249724837043
100	3	morale	0.02856871484171447
100	4	victory	0.027337361645278852
100	5	salute	0.022369411868798605
100	6	leadership	0.022342806047254683
100	7	commanders	0.021238531374028917
100	8	officers	0.021191645267287375
100	9	stable	0.020712851508301912
100	10	fronts	0.019639475465757793
100	11	leaders	0.018099497106574096
100	12	soldier	0.01748288066116911
101	1	corporation	0.05276465034266673
101	2	television	0.0485116635059637
101	3	radio	0.04571587306783687
101	4	kordofan	0.04364746520988594
101	5	west	0.03569609638249156
101	6	north	0.016683685020294364
101	7	alfula	0.016332870393136047
101	8	governor	0.016031965502998916
101	9	locality	0.015502561421446792
101	10	foundation	0.013439032002782118
101	11	guidance	0.011514449376520764
101	12	education	0.011443863866571539
102	1	trump	0.12449066952665555
102	2	biden	0.04895587336014127
102	3	trumps	0.045222698854337454
102	4	congress	0.03211045642277871
102	5	republican	0.0306864903212476
102	6	investigative	0.022473446797673886
102	7	donald	0.02207494322399527
102	8	material	0.020426131020521574
102	9	deliberations	0.02036084355328808
102	10	house	0.01976163379879718
102	11	representatives	0.01899570039053085
102	12	journalism	0.01877862816350688
103	1	diaspora	0.030657838683031652
103	2	alfasher	0.02860250361622662
103	3	write	0.02553733417621574
103	4	arabs	0.023943289307856233
103	5	janjaweed	0.023326182611772328
103	6	tribe	0.021550542144638942
103	7	al	0.021207026893227704
103	8	rizeigat	0.01945120381725443
103	9	tribes	0.018147086884975645
103	10	obaid	0.01800486085335857
103	11	pulse	0.017016017570604985
103	12	despite	0.016672432173363377
104	1	muslims	0.043110827588638545
104	2	badr	0.035082500214994344
104	3	victory	0.03236781122541091
104	4	bin	0.029326036038974136
104	5	speedy	0.02647203433691118
104	6	valiant	0.026385963324128466
104	7	resolve	0.025960972158138335
104	8	battle	0.024960258006605337
104	9	dedicate	0.021668192752821332
104	10	god	0.021301207169584797
104	11	almighty	0.021245647029925104
104	12	cleanse	0.020450464057076876
105	1	demonstrations	0.025455736535917227
105	2	demonstrators	0.023540779069464394
105	3	protesters	0.01745803629560652
105	4	ministries	0.016815935961816374
105	5	protests	0.016329515010680556
105	6	tear	0.015728453990113734
105	7	gas	0.01526715355433477
105	8	demonstration	0.011316055808672997
105	9	party	0.010606750076934663
105	10	police	0.010454373616214983
105	11	revolutionary	0.010182262438851578
105	12	khartoum	0.009896974901378808
106	1	almahdi	0.021167755224201248
106	2	pilgrims	0.017791034753905078
106	3	imam	0.016155238307675474
106	4	prayers	0.015471124204127992
106	5	eid	0.014384619893806147
106	6	mosques	0.014242773961710992
106	7	holy	0.014099075619241168
106	8	alsadiq	0.014088466208456756
106	9	hajj	0.013315296512542815
106	10	mourns	0.010943041124139479
106	11	ramadan	0.010915998292455669
106	12	religious	0.010645230071034455
107	1	sovereignty	0.03496116975881584
107	2	commanderinchief	0.027469312459712302
107	3	lieutenant	0.02364854959379347
107	4	council	0.022941010404304782
107	5	overall	0.022730606165148153
107	6	chairman	0.022232578353132575
107	7	fattah	0.017988868618900505
107	8	oath	0.017495250989591628
107	9	yahya	0.016380644347758766
107	10	transitional	0.015760814310721533
107	11	general	0.015589970781523108
107	12	president	0.014279441309500655
108	1	humanitarian	0.05786606165324596
108	2	aid	0.034225404018877886
108	3	agencies	0.02952294549645423
108	4	organizations	0.026147296883516025
108	5	relief	0.024354473322935617
108	6	emergencies	0.023671325265207693
108	7	principles	0.020966380730850633
108	8	response	0.018797849041280453
108	9	international	0.01792068937549037
108	10	ensuring	0.015134236008538329
108	11	working	0.012280472433206019
108	12	urgent	0.01192437063252547
109	1	refugee	0.03941050286764708
109	2	refugees	0.03139541514784912
109	3	deport	0.028150817033047563
109	4	delegation	0.02465491670729151
109	5	administrative	0.02098327994706127
109	6	commissioner	0.017082812334015023
109	7	foreigners	0.01555412848042291
109	8	interior	0.015467821909730896
109	9	appointments	0.013916627702811062
109	10	registered	0.01344616142532175
109	11	commission	0.013226505282118623
109	12	employees	0.012296033155739263
110	1	drones	0.10361845547720494
110	2	missiles	0.06175786550288462
110	3	drone	0.035471036353803095
110	4	losses	0.03430395905962066
110	5	air	0.031010317721810298
110	6	shot	0.030668641146724736
110	7	combat	0.02995506191739084
110	8	missile	0.02939366463072584
110	9	causing	0.024509446537861697
110	10	tank	0.022580167227175214
110	11	deals	0.02239506255821302
110	12	aviation	0.02238233857511103
111	1	dialysis	0.09600891780002871
111	2	kidney	0.09212250858041193
111	3	patients	0.07330919519490951
111	4	liver	0.03577325162033026
111	5	center	0.03549884047187493
111	6	hospital	0.03070002294703944
111	7	machines	0.02449472726039225
111	8	medical	0.021452181917362853
111	9	surgery	0.017501822581341843
111	10	othman	0.017335574766078502
111	11	operations	0.016814663819183593
111	12	treatment	0.016443494951378323
112	1	libya	0.06390646206051696
112	2	immigrants	0.05888190112974525
112	3	libyan	0.052402609192104134
112	4	illegal	0.050733929372612084
112	5	migrants	0.0498811496729586
112	6	immigration	0.03177938815999271
112	7	kufra	0.0276691896245443
112	8	asylum	0.02043052854421029
112	9	irregular	0.018426111328580824
112	10	deported	0.016439577059403056
112	11	center	0.014965922403966317
112	12	accident	0.014678265127966245
113	1	honey	0.38995700781581843
113	2	strains	0.22797428319363616
113	3	wild	0.196610508567337
113	4	best	0.14425209798924868
113	5	africa	0.12906399868755206
113	6	bet	0.12646333714368696
113	7	diplomatic	0.12385438970935599
113	8	quality	0.11273080938772582
113	9	laboratory	0.10907267891922941
113	10	accurate	0.10403315987913093
113	11	allow	0.0908539199457339
113	12	249918984706	0.076705242948329
114	1	migration	0.08034905457918655
114	2	organization	0.041183362970508446
114	3	migrants	0.034674610713112626
114	4	international	0.02543613108508963
114	5	million	0.02464142424877599
114	6	libya	0.021739517085803874
114	7	returned	0.01704975653367811
114	8	immigration	0.01515523502043098
114	9	reintegration	0.015122549927329818
114	10	european	0.013970127500758637
114	11	illegal	0.01374831467175202
114	12	europe	0.013737385895681489
115	1	titles	0.023842259413660475
115	2	incidents	0.012429516462616136
115	3	economic	0.012073121127888446
115	4	black	0.009962917778613727
115	5	dollar	0.009871711787048761
115	6	pound	0.009465216652915043
115	7	economy	0.009035276018566738
115	8	market	0.00900856687722156
115	9	poverty	0.00833115200862871
115	10	rates	0.007998774395212497
115	11	currency	0.007743148658239751
115	12	price	0.007097552839423814
116	1	haftar	0.07758288266492594
116	2	libyan	0.05368956850366471
116	3	libya	0.04106234727421609
116	4	khalifa	0.021279433774566467
116	5	tripoli	0.018390881452437703
116	6	kufra	0.013477259933511293
116	7	nyala	0.011349930078156916
116	8	chad	0.01122296918901822
116	9	hesitation	0.010535985920424826
116	10	southern	0.009978127929234944
116	11	triangle	0.00990874624541432
116	12	border	0.009777233458515049
117	1	estate	0.0643142056066357
117	2	real	0.04440720094482299
117	3	housing	0.044311980555450256
117	4	apartment	0.04040229526383857
117	5	apartments	0.029519185606209846
117	6	rent	0.022613826708375345
117	7	license	0.020627291891006722
117	8	market	0.020288294263777835
117	9	owners	0.020046691994030117
117	10	advised	0.015417533206450883
117	11	fund	0.014955605342358435
117	12	prices	0.014900930259977059
118	1	love	0.07839555698249252
118	2	mother	0.054710250277892294
118	3	son	0.044155312118459106
118	4	know	0.03750116566537936
118	5	husband	0.03696200104345686
118	6	children	0.03534286843513756
118	7	family	0.03290162779340468
118	8	daughter	0.03286256651558099
118	9	did	0.03204765487223606
118	10	dont	0.02841397365725838
118	11	told	0.028124025590918728
118	12	crying	0.027642405454900366
119	1	httpswhatsappcomchaannel0029vb2jdpaixnnnnnnnnnnnnpxuj5a1x	0.13414981820500432
119	2	join	0.10890611645041068
119	3	guardians	0.10746431272565252
119	4	battleofdemocracy	0.10617930683936809
119	5	scene	0.10287138564097655
119	6	righteous	0.10265298760730315
119	7	glorious	0.09835663181141903
119	8	httpstmesdnewsnetwork	0.08975600623466182
119	9	forgiveness	0.08971657892740333
119	10	telegram	0.08759268320572486
119	11	mercy	0.07755293601479539
119	12	link	0.07439451349693495
120	1	albashir	0.010314005096150184
120	2	meets	0.010175776434575257
120	3	unamid	0.008382060770497362
120	4	minister	0.00782619057435442
120	5	jaber	0.007569102047734884
120	6	salma	0.0073794528638161105
120	7	sovereignty	0.006898880570728674
120	8	council	0.006576338323712551
120	9	praises	0.0064769904046059765
120	10	president	0.006289455283261616
120	11	ambassador	0.006134690314653631
120	12	writers	0.0057278326385831295
121	1	temperatures	0.3126449866225198
121	2	meteorology	0.24469318953517058
121	3	slight	0.2445969581846522
121	4	maximum	0.14209903378011815
121	5	decrease	0.1279858689970442
121	6	rise	0.1247590199054914
121	7	small	0.11462487274281684
121	8	parts	0.11268582376028756
121	9	degrees	0.07774897535453026
121	10	rest	0.05545015249888371
121	11	gradual	0.05209111757765044
121	12	temperature	0.03782312567876102
122	1	medical	0.036586467715690164
122	2	patients	0.02859437842049749
122	3	medicines	0.023125759229680007
122	4	room	0.020627475070168134
122	5	treatment	0.019675458431090698
122	6	hospitals	0.017542429677067605
122	7	injured	0.016696722781111045
122	8	emergency	0.016325146074068694
122	9	care	0.016035051405358592
122	10	clinics	0.015713792677458278
122	11	teams	0.015063934814088109
122	12	provide	0.014335964395600413
123	1	doctors	0.040762419876727976
123	2	network	0.03408931934334594
123	3	injured	0.019939573913555126
123	4	killed	0.0199095250755552
123	5	result	0.01716032683719298
123	6	rapid	0.016272324022181723
123	7	wounded	0.015203066428866291
123	8	syndicate	0.014475579932091224
123	9	fasher	0.014201718490253246
123	10	medical	0.013891917557602195
123	11	bombing	0.013850914178918101
123	12	hospital	0.013602513874850054
124	1	chadian	0.11386425051142499
124	2	chad	0.03656647415767391
124	3	border	0.017444954728405036
124	4	regimes	0.013468902828383339
124	5	territory	0.012116811960892454
124	6	ndjamena	0.012018322024644406
124	7	crossing	0.010194753204114953
124	8	authorities	0.009950534385166692
124	9	crossings	0.0097904152890668
124	10	emirati	0.00968924758807345
124	11	uae	0.009614832632764862
124	12	altineh	0.009563856468510589
125	1	httpstmesudannm	0.30622104837141806
125	2	httpswhatsappcomchannel0029vae7l5t11ulpotfega1s	0.30164368435660777
125	3	correspondent	0.24571829784960408
125	4	follow	0.20116755523959415
125	5	whatsapp	0.17855626515738443
125	6	channel	0.14319923761236666
125	7	telegram	0.10217661248819718
125	8	journalist	0.08075924881530831
125	9	majid	0.05215397381422871
125	10	abdul	0.04772005952113763
125	11	httpstmesudaaan	0.0466038494917115
125	12	hamid	0.0432808594287939
126	1	hajj	0.133058371206796
126	2	umrah	0.09222628689198797
126	3	pilgrims	0.08368659250631046
126	4	ah	0.05444383442484048
126	5	endowments	0.023972971788161584
126	6	season	0.020009423699568454
126	7	establishments	0.018411133164559796
126	8	riyals	0.01833536932254928
126	9	saudi	0.017054437186152616
126	10	cost	0.01604253804851939
126	11	holy	0.015956721091874078
126	12	religious	0.015461354616196207
127	1	terrorist	0.04019430653204369
127	2	gangs	0.0333399141739083
127	3	city	0.025805943273121957
127	4	militia	0.0245787340964
127	5	artillery	0.024305028216327
127	6	fasher	0.020199783831996387
127	7	targeted	0.020050277811282997
127	8	operational	0.017269038458240762
127	9	morning	0.016810549351267065
127	10	witnessed	0.015620615379037786
127	11	infiltrate	0.015279406756758426
127	12	targeting	0.014003353165220044
128	1	httpstmesudaaan	0.2685456865227087
128	2	httpswhatsappcomchaannel0029vb2jdpaixnnnnnnnnnnnnnpxuj5a1x	0.26699841505949695
128	3	channel	0.2342226860256919
128	4	follow	0.19883050989581355
128	5	whatsapp	0.14394442781738687
128	6	telegram	0.11778097987942111
128	7	sudan	0.0397533286119261
128	8	event	0.028665633137609465
128	9	httpswhatsappcomchannel0029vapgy3o7dmecjcizwq2x	0.014467574928975855
128	10	httpswhatsappcomchaannel0029vb2jdpaixnnnnnnnnnnnnpxuj5a1x	0.011053302386232691
128	11	youtube	0.00639579915161527
128	12	washing	0.006199128796380881
129	1	war	0.05784914723639781
129	2	citizen	0.02629234199548287
129	3	betrayed	0.021360657368531426
129	4	partys	0.019842916024573713
129	5	army	0.0197449030309099
129	6	withdraw	0.01900431502702324
129	7	militia	0.018204215378832916
129	8	definitely	0.01780198918177143
129	9	like	0.017229456148020062
129	10	winning	0.01696796966735336
129	11	yes	0.016808166259150593
129	12	supporters	0.016752211352907647
130	1	httpstmesdnewsnetlork	0.5924629229864923
130	2	join	0.3285537990374625
130	3	scene	0.3103479002483819
130	4	link	0.2244373487332225
130	5	telegram	0.17437432304843373
130	6	sudan	0.035014798935610006
130	7	migrant	0.00746040020020422
130	8	httpstmesudaaan	0.004321032262813847
130	9	channel	0.002232449179638983
130	10	follow	0.0018951153546903673
130	11		1e-05
130	12		1e-05
131	1	sudandefense	0.5620727956894898
131	2	httpstmedefenssuda	0.5154664437718787
131	3	spokesperson	0.310753310679707
131	4	httpstmedefenssudan	0.22404479912695038
131	5	office	0.13311765102878187
131	6	follow	0.12817871126269392
131	7	telegram	0.12681768948976999
131	8	official	0.11402165782865396
131	9	rapid	0.045855730796587287
131	10	forces	0.0306441957373032
131	11	base	0.008740339238046027
131	12	understanding	0.00854664043191703
132	1	darfur	0.027418168884190762
132	2	arko	0.020836471200671062
132	3	minni	0.019263071296978233
132	4	minawi	0.01906209567903923
132	5	governor	0.01547199942755547
132	6	west	0.01505171546021558
132	7	region	0.014741894673954087
132	8	el	0.013749769444700962
132	9	fasher	0.011603125477833926
132	10	north	0.010356747605888858
132	11	geneina	0.009918012433281477
132	12	rapid	0.0095358014027625
133	1	testing	0.5072730476914604
133	2	careful	0.47082806336109334
133	3	bet	0.4572401971471792
133	4	quality	0.40758893979240496
133	5	laboratory	0.401161977467627
133	6	httpstmedefenssudan	0.34595503190251536
133	7	allow	0.33415460725142687
133	8	sudandefense	0.29879051759631664
133	9	sidr	0.03734673834885992
133	10	original	0.028579731885507532
133	11	defense	0.004632137138051503
133	12	sudans	0.004145755808525305
134	1	sitin	0.10175099029594716
134	2	demonstrators	0.042576157650145545
134	3	dispersal	0.042312177358419474
134	4	dispersing	0.03791404247718225
134	5	protesters	0.029145997252370374
134	6	protests	0.023367380168488987
134	7	demonstrations	0.023180764785294333
134	8	peaceful	0.02210945954052886
134	9	protest	0.020597302904544916
134	10	abolition	0.020001119046407227
134	11	processions	0.019736372506777317
134	12	square	0.019241031648495298
135	1	climate	0.0868806942476076
135	2	message249	0.05227832065873339
135	3	jobs	0.05227466258505995
135	4	httpstmealrisala249	0.04192281313542716
135	5	battleofdignity	0.04124915663728052
135	6	interested	0.037300915033572135
135	7	organizations	0.028104126843830773
135	8	change	0.02601785925398075
135	9	courses	0.024685188467754735
135	10	language	0.024201524413938188
135	11	registration	0.023922950551771432
135	12	english	0.022905939345441006
136	1	win	0.7404114609306452
136	2	strength	0.5883768786240419
136	3	god	0.2557961989791871
136	4	prevail	0.0741467378206702
136	5	gods	0.07153080190236986
136	6	victory	0.04159891401971601
136	7	strengthen	0.035972475486863234
136	8	help	0.03200921449672575
136	9	grant	0.02683964002871131
136	10	raise	0.02539954374300158
136	11	feet	0.02433214750916456
136	12	hostile	0.022546315739205475
137	1	weather	0.3249552566330611
137	2	hot	0.2418796660874485
137	3	temperatures	0.18166298155804625
137	4	todays	0.12717684706873214
137	5	slight	0.11861035706024982
137	6	parts	0.11073991471576142
137	7	moderate	0.10350055187587966
137	8	rise	0.09130131688197056
137	9	relatively	0.08691024693778729
137	10	prevails	0.08146296642948969
137	11	night	0.0720586174263737
137	12	cold	0.06405430813012844
138	1	party	0.03428942559593604
138	2	elections	0.020637526851322495
138	3	umma	0.016640414265351976
138	4	political	0.016472048598986745
138	5	congress	0.015878887262962858
138	6	national	0.01490312420218908
138	7	legislative	0.014875837946986435
138	8	parties	0.01288184783600236
138	9	democratic	0.012289554986559531
138	10	bloc	0.012004060245566285
138	11	partys	0.010024636831243315
138	12	interests	0.009661692206687552
139	1	insurance	0.21513766121699648
139	2	health	0.07395847224897424
139	3	cost	0.031618820640355386
139	4	financing	0.029888412720623828
139	5	services	0.02843218344731381
139	6	organizes	0.0249960636180141
139	7	jazeera	0.024162582105402123
139	8	umbrella	0.024142645077916143
139	9	fund	0.02404062804467346
139	10	installing	0.02372554453983269
139	11	island	0.022361331021435282
139	12	orphans	0.020771976569231656
140	1	looted	0.05243257801085853
140	2	looting	0.05197539551830378
140	3	property	0.04355832508879458
140	4	shops	0.03307273056151415
140	5	homes	0.03147261706538525
140	6	guided	0.028380759638987955
140	7	cars	0.028205817190440335
140	8	burned	0.02278682164829686
140	9	vandalized	0.02223441950578488
140	10	solar	0.020605051450201434
140	11	owners	0.02040731862705175
140	12	citizens	0.01892456456482088
141	1	appointed	0.03165992100243266
141	2	empowerment	0.014206523736952612
141	3	kizan	0.014119338012124564
141	4	taqaddam	0.01368507421140068
141	5	advisors	0.013344063387132215
141	6	congress	0.013310289651047517
141	7	alfaki	0.01295391645349921
141	8	sitin	0.012645761143193572
141	9	manna	0.012165224524431474
141	10	demands	0.012107513442984996
141	11	gosh	0.011875480873891082
141	12	fired	0.01142669763508066
142	1	watan	0.4127963115967143
142	2	2025	0.1494991132242641
142	3	news	0.120816954084992
142	4	al	0.09698031935382687
142	5	august	0.06695298942606813
142	6	february	0.06347693863396521
142	7	tuesday	0.06106944850781616
142	8	ad	0.05264737027462535
142	9	2024	0.047954552858385215
142	10	december	0.04786969910000349
142	11	friday	0.044837703479905025
142	12	saturday	0.043549129651076116
143	1	albashir	0.08751116915191344
143	2	albashirs	0.031932422101696924
143	3	court	0.02601150527758517
143	4	deposed	0.025255409107548213
143	5	difference	0.02166795498378806
143	6	trial	0.01913283939696075
143	7	criminal	0.01857414109897138
143	8	prosecution	0.01837871726505303
143	9	1989	0.017202634767082725
143	10	big	0.017070309272895632
143	11	charges	0.016941625292605664
143	12	president	0.016218874260586894
144	1	film	0.0580775492121054
144	2	series	0.04657077959085369
144	3	shown	0.02723299103179505
144	4	theater	0.025812244094269066
144	5	experience	0.02402612138929935
144	6	dramatic	0.0223052106983978
144	7	festival	0.02210346486585821
144	8	actors	0.021762038221734708
144	9	produced	0.01988830142415685
144	10	acting	0.018919486359186388
144	11	fingers	0.01634380427894491
144	12	tragedies	0.016132652558918166
145	1	list	0.06506977621564043
145	2	terrorism	0.06156991446224261
145	3	terrorist	0.029035322419167866
145	4	sponsoring	0.028094946646193587
145	5	instability	0.023526237069171427
145	6	extremism	0.022154427247970107
145	7	remove	0.020614493637498267
145	8	removing	0.01830108414493848
145	9	countries	0.017387031720094138
145	10	combating	0.015302638562982904
145	11	sudans	0.015175402857936704
145	12	indicating	0.01355920667434625
146	1	httpswhatsappcomchannel0029vapgy3o7dmecjcizwq2x	0.2484526691819272
146	2	channel	0.24363063550183567
146	3	httpstmesudaaan	0.23297356020950002
146	4	follow	0.2068168728871872
146	5	whatsapp	0.18878459198290803
146	6	httpswhatsappcomchandnel0029vapgy3o7dmecjcizwq2x	0.13652447154834696
146	7	telegram	0.10231042935554203
146	8	sudan	0.04084380504479771
146	9	httpswhatsappcomchaannel0029vb2jdpaixnnnnnnnnnnnnpxuj5a1x	0.01074447903667555
146	10	httpswhatsappcomchaannel0029vb2jdpaixnnnnnnnnnnnnnpxuj5a1x	0.00926923651150341
146	11	nubia	0.006991831936213253
146	12	legend	0.006217103948310535
147	1	voluntary	0.031679773915360136
147	2	returnees	0.03058491866545417
147	3	return	0.02807302641877219
147	4	deported	0.027036225223164206
147	5	deterioration	0.023967533060141072
147	6	migration	0.019426578786866357
147	7	deposited	0.01742708824845585
147	8	450	0.015847305405768012
147	9	immigration	0.015588887237877574
147	10	deportation	0.015578099260322631
147	11	expatriates	0.014540937221289458
147	12	buses	0.014304495492481006
148	1	httpstmesaqwl	0.9809586975154555
148	2	coverage	0.7816102716037263
148	3	fees	0.5873656666823103
148	4	determined	0.06082765987151488
148	5	noted	0.05470214162003589
148	6	fee	0.040484977188444786
148	7	permission	0.03579733909776325
148	8	share	0.024462354965550805
148	9	imposed	0.022720971508457016
148	10	comes	0.02093504460190629
148	11	addition	0.012383994227631524
148	12		1e-05
149	1	bird	0.10291454809577212
149	2	birds	0.07340823138247185
149	3	norway	0.056414041525597265
149	4	sheep	0.05493099094595399
149	5	cows	0.04416576426337845
149	6	research	0.03965844021570053
149	7	animal	0.039448507067361055
149	8	suicide	0.028878935331067432
149	9	crocodile	0.02613991443548438
149	10	sent	0.025610731009074503
149	11	mourning	0.025599162217513984
149	12	die	0.02511693697685536
150	1	investment	0.06321476702477899
150	2	economy	0.039297556507771406
150	3	companies	0.03685160054919776
150	4	economic	0.02769300660807847
150	5	sector	0.02527009509847316
150	6	industry	0.02459786537024408
150	7	productive	0.023050262151364045
150	8	sectors	0.02044644508841342
150	9	private	0.019335092926203296
150	10	trade	0.018596801274488935
150	11	policies	0.01833721861368021
150	12	medium	0.018215155961414296
151	1	pounds	0.07022632425246901
151	2	price	0.061721789735981344
151	3	kilo	0.05988635071093126
151	4	prices	0.048439139017985904
151	5	vegetables	0.037621455358369096
151	6	meat	0.033574026004977095
151	7	pound	0.025993100436342186
151	8	bakeries	0.025612714650214786
151	9	increase	0.024178218298983662
151	10	flour	0.023533744717782187
151	11	markets	0.021560048096608612
151	12	purchasing	0.019664241187918863
152	1	migrants	0.1094259747620978
152	2	coast	0.10830585800664376
152	3	boat	0.09905483873427826
152	4	mediterranean	0.06468773194201771
152	5	tunisian	0.05052083803521299
152	6	libyan	0.048708916150672854
152	7	guard	0.0470147216347517
152	8	drowned	0.04468447367821957
152	9	rescued	0.04378925731346943
152	10	libya	0.03759203650618645
152	11	boats	0.034254737826793225
152	12	italy	0.028643266978499057
153	1	transportation	0.10799528385894878
153	2	railway	0.041819681624067434
153	3	tariffs	0.03974441341909071
153	4	buses	0.03524916116787245
153	5	proposal	0.02820947097775849
153	6	lines	0.02750744667428362
153	7	reduce	0.02645970590880089
153	8	operating	0.022979237230515318
153	9	bus	0.022049695255194197
153	10	company	0.021273077095233198
153	11	line	0.020690072814364368
153	12	train	0.020644530298976966
154	1	karari	0.19683027514943005
154	2	headlines	0.1327192923025097
154	3	channel	0.09916072774038229
154	4	ad	0.09497771856895514
154	5	2026	0.08658780540843994
154	6	issued	0.08535216737250949
154	7	newspaper	0.0735867764146693
154	8	newspapers	0.0479595671194193
154	9	local	0.04453096179422588
154	10	2025	0.040466494093084386
154	11	akhbar	0.03947478243850618
154	12	alyoum	0.038862339333663794
155	1	road	0.12016227911536824
155	2	roads	0.08068448332373274
155	3	asphalt	0.05273150493545509
155	4	maintenance	0.04538411825723394
155	5	rehabilitation	0.03987449207436543
155	6	length	0.03837676627172284
155	7	bridge	0.03820891467229886
155	8	bridges	0.03511105601356522
155	9	linking	0.03477958123726899
155	10	internal	0.030160650082309677
155	11	kilometers	0.023818427591049133
155	12	project	0.022572424484676206
156	1	watan	0.17914741645304022
156	2	nasr	0.09540223229868221
156	3	2025	0.08687372375878703
156	4	ad	0.05898710596214569
156	5	news	0.0465414284446239
156	6	festival	0.04499385937091976
156	7	al	0.04005966840702706
156	8	july	0.033609174632297054
156	9	marwa	0.033394538554446414
156	10	collaborator	0.033394538554446414
156	11	student	0.03319556922552703
156	12	hebrew	0.03187666268872694
157	1	sennar	0.02751236851871542
157	2	battle	0.023389309303783683
157	3	regiment	0.019690131087371186
157	4	placed	0.01556203835947643
157	5	sinja	0.013119831276550574
157	6	liberation	0.013011532319404733
157	7	discovered	0.012253625848313394
157	8	army	0.01214581033904473
157	9	anniversary	0.011823969753727388
157	10	fall	0.011504182976835215
157	11	regions	0.01137460627325694
157	12	largest	0.01135926486456307
158	1	homeless	0.0418155396720258
158	2	services	0.03625103389532511
158	3	social	0.03116092648375609
158	4	welfare	0.02954648718688588
158	5	shelter	0.024680867333146058
158	6	reassured	0.024244276079326513
158	7	children	0.02398155736256602
158	8	excellency	0.02344053265586268
158	9	level	0.02031743286366672
158	10	terms	0.01961596024533875
158	11	treatment	0.019394207019951086
158	12	organizing	0.01865007756038507
159	1	unamid	0.07743578531776421
159	2	mission	0.03205726213647809
159	3	security	0.018186759574168338
159	4	unitams	0.018131581888706238
159	5	resolution	0.017393262697412027
159	6	darfur	0.016701265402300207
159	7	nations	0.016064208148003054
159	8	united	0.014227559660126296
159	9	council	0.011834634452013961
159	10	departure	0.011824948392130207
159	11	withdrawal	0.011306424653544398
159	12	exit	0.010937644983495885
160	1	peace	0.03487614820173754
160	2	negotiations	0.02355297623098944
160	3	agreement	0.02295824513664246
160	4	juba	0.017542212381219276
160	5	parties	0.015421499547138218
160	6	war	0.014983947815402998
160	7	root	0.012941126159759677
160	8	process	0.012520676211254389
160	9	conflict	0.012251297932003156
160	10	achieve	0.010887906823736762
160	11	ending	0.010807178642873418
160	12	democratic	0.010292252638450095
161	1	empowerment	0.09676291636369913
161	2	committee	0.06627088902858082
161	3	professionals	0.06243188556018653
161	4	removal	0.04948502146366565
161	5	association	0.04566440044611329
161	6	decision	0.042489523898176874
161	7	relevant	0.03008079483188219
161	8	tool	0.02832951047079393
161	9	performing	0.026951639761483098
161	10	decisions	0.024996854870248286
161	11	committees	0.024634627329683856
161	12	indicates	0.02427642830126509
162	1	calm	0.0681795969012148
162	2	neighborhood	0.052168559906127045
162	3	normal	0.042497629866649615
162	4	witnessed	0.039779367499077546
162	5	houses	0.03684871921976164
162	6	life	0.03538208104031003
162	7	cautious	0.030926475571951696
162	8	city	0.03063243731308191
162	9	street	0.030180779053864806
162	10	collapsed	0.0295301434125466
162	11	fasher	0.027887239381645088
162	12	operational	0.027593557360621558
163	1	health	0.021580677647232406
163	2	insurance	0.018062354601934616
163	3	governor	0.014835358505664935
163	4	locality	0.013935735716548483
163	5	kordofan	0.013868649905124618
163	6	hospital	0.012925157249074557
163	7	nile	0.010892555760386047
163	8	north	0.010557715789782306
163	9	opening	0.010011574161084254
163	10	blue	0.009614206366536936
163	11	center	0.009444514138425345
163	12	medical	0.009014736354322503
164	1	inquiries	0.36356161457889946
164	2	249918984706	0.33480233603189835
164	3	orders	0.2820470959098759
164	4	delivery	0.25823126747182035
164	5	best	0.2181886918681265
164	6	whatsapp	0.18307506391877848
164	7	service	0.1370010779880017
164	8	states	0.0926656682530613
164	9	number	0.07901761476975938
164	10	khartoum	0.04324428199963574
164	11	arabic	0.033787900867802985
164	12	english	0.025604158284973796
165	1	summary	0.186481528356542
165	2	best	0.13191621443725837
165	3	news	0.12410758795034203
165	4	start	0.11437603646384122
165	5	alwatan	0.11225339798015825
165	6	2021	0.11004350415286206
165	7	ad	0.09903777460240705
165	8	akhbar	0.07811676355974431
165	9	alyoum	0.07690479809066801
165	10	day	0.07581922334962439
165	11	newspaper	0.07186495310769009
165	12	2022	0.0424898898139368
166	1	coup	0.07558387394773108
166	2	freedom	0.03647586529191545
166	3	change	0.03576308475497574
166	4	revolutionary	0.023467690573353163
166	5	plotters	0.019504982269055834
166	6	1989	0.01680442562895581
166	7	military	0.016687409466044346
166	8	justifications	0.016501995680293983
166	9	october	0.016458957700588812
166	10	agreed	0.015813589788949346
166	11	revolution	0.015762079701240557
166	12	tyranny	0.014535723405302807
167	1	health	0.03696665028168595
167	2	haitham	0.03465604246745779
167	3	dr	0.02825484472827528
167	4	competence	0.02422239671280571
167	5	ministry	0.021199707825080315
167	6	akram	0.019905988307343584
167	7	medicines	0.019671672188186266
167	8	surprised	0.018811963254192945
167	9	treatment	0.016539809352052
167	10	exploited	0.01591306564194173
167	11	medical	0.015768416916442825
167	12	minister	0.013303228598617775
168	1	newspaper	0.09302479282609138
168	2	alwatan	0.07569287977008873
168	3	alyoum	0.07369179439685304
168	4	alintibaha	0.07114105954220039
168	5	akhbar	0.07069461823499772
168	6	alsayha	0.027310682728337792
168	7	alatta	0.025247141954052043
168	8	alahed	0.0251910013754658
168	9	yasser	0.02344969978046383
168	10	arbitrary	0.020926634337752045
168	11	cooperative	0.020784685503136502
168	12	publishes	0.01890079944687311
169	1	interests	0.03343165087427682
169	2	america	0.03213848962906233
169	3	americans	0.03044806097775917
169	4	negotiation	0.029524112897662876
169	5	quartet	0.029365341313016845
169	6	facilitates	0.023147726235913428
169	7	speech	0.0231277175410006
169	8	dictates	0.022174978760027903
169	9	selfdetermination	0.021047033201993786
169	10	controversial	0.020885978432804927
169	11	reach	0.01952395860202914
169	12	allies	0.01948415378738133
170	1	god	0.10999666816289881
170	2	victory	0.10723424626624038
170	3	conquest	0.05069881247873583
170	4	valiant	0.042518881599241595
170	5	grant	0.0423597484040476
170	6	oh	0.04049203519504918
170	7	protect	0.033412017684298426
170	8	willing	0.032788829052926315
170	9	enemies	0.02871134444326135
170	10	army	0.027596761939401374
170	11	near	0.025062942243257287
170	12	heroes	0.02192916197873973
171	1	jobs	0.07597494667082723
171	2	scholarship	0.056426765633905425
171	3	opportunity	0.05382829296276295
171	4	professors	0.04803002914256113
171	5	contains	0.03733901258550725
171	6	apply	0.03596378667656744
171	7	interested	0.03505112208137241
171	8	masters	0.034896990261453195
171	9	courses	0.032230661056076526
171	10	study	0.03161375224535958
171	11	english	0.030387352689859013
171	12	host	0.030227396305711245
172	1	islamic	0.03842261072599343
172	2	movement	0.03244482401539834
172	3	almahdi	0.02929997333221416
172	4	religious	0.022147015466045476
172	5	sheikh	0.0210355984547031
172	6	brotherhood	0.016621128874099358
172	7	republican	0.016437285250337847
172	8	alsadiq	0.015702076872332178
172	9	christian	0.014212732469370846
172	10	mosque	0.013701487089035841
172	11	muslim	0.013278159234998296
172	12	sitin	0.01270990630841267
173	1	scholarship	0.15668449166284595
173	2	admission	0.12126678268688845
173	3	apply	0.10895808251587169
173	4	university	0.08697677725601846
173	5	luck	0.06640725319967315
173	6	grant	0.0659530789362629
173	7	wait	0.06540966765517253
173	8	meaning	0.0633964680597882
173	9	choice	0.056861029415971216
173	10	better	0.053434655969250094
173	11	artistic	0.044984096237966606
173	12	correspondent	0.04350822430616017
174	1	summary	0.23507974483733782
174	2	news	0.17650856952937533
174	3	best	0.16629437941181663
174	4	start	0.14418312475441802
174	5	ad	0.11268297910318313
174	6	2021	0.09641907030536485
174	7	day	0.09557817246498106
174	8	saturday	0.0734026399069615
174	9	2022	0.07283981110960595
174	10	2020	0.04491945941326788
174	11	november	0.043037811154461376
174	12	headlines	0.04220977492532349
175	1	payment	0.06258233007967716
175	2	transactions	0.06221235622083378
175	3	account	0.04984051975478939
175	4	bank	0.04789883554949727
175	5	request	0.047707255066904625
175	6	easier	0.04606715048119611
175	7	safely	0.04516855806932947
175	8	easily	0.0426112700893501
175	9	financial	0.03887852768322479
175	10	banks	0.03771424016519455
175	11	reliable	0.037489858257061914
175	12	fast	0.034888854060172295
176	1	join	0.3253469740246745
176	2	scene	0.3030504562762593
176	3	httpstmesdnewsnetwork	0.26441365082686596
176	4	link	0.22224674461958852
176	5	telegram	0.17081566339438406
176	6	sudanese	0.0485242809802516
176	7	httpswhatsappcomchannel0029va9dzn3l7uvv5orzew3o	0.013114412433963817
176	8	device	0.010203096236427053
176	9	httpstmesudaray	0.008287568037758278
176	10	removal	0.006528636103225317
176	11	opinion	0.0064205702648445296
176	12	solution	0.0060385695647079945
177	1	republican	0.02840165314540847
177	2	palace	0.027267833273793823
177	3	civilization	0.023236279432269438
177	4	history	0.022416244217753286
177	5	ii	0.018594600885920257
177	6	abundant	0.018386673259016283
177	7	era	0.0174740873036594
177	8	enlightened	0.017283046894751374
177	9	invaders	0.01700628392281301
177	10	proof	0.016777388234327284
177	11	fall	0.01500921368346698
177	12	rule	0.014599771615273274
178	1	commanderinchief	0.023069386085961985
178	2	armed	0.01962842927261654
178	3	flag	0.017732188098557745
178	4	excellency	0.016211645771380418
178	5	incubator	0.01560026550964405
178	6	forces	0.01529594350529117
178	7	alatta	0.014846612352496607
178	8	reassured	0.014090353502717706
178	9	independence	0.01347074999288222
178	10	sovereignty	0.013080179905949436
178	11	homelands	0.011955753318553123
178	12	chairman	0.01135153694232527
179	1	hammam	0.3505386699221399
179	2	shafiq	0.3468928927658874
179	3	magdy	0.3302593865470417
179	4	science	0.2751231539218986
179	5	technology	0.2690714679630137
179	6	riyadh	0.21454062419051026
179	7	ahmed	0.14273553226313163
179	8	university	0.12241226724535051
179	9	arabia	0.12204181600904171
179	10	saudi	0.1013715543677803
179	11	press	0.03149766330906296
179	12	sudan	0.019660715979887975
180	1	traffic	0.09278071350200143
180	2	buses	0.06379303077523986
180	3	transportation	0.05001764595613271
180	4	bus	0.03591447731678736
180	5	vehicles	0.03223460281892493
180	6	travel	0.027878873165551484
180	7	staying	0.02497526043580624
180	8	transport	0.024309246249843864
180	9	tariffs	0.02397614112775723
180	10	stops	0.02391006294966767
180	11	trucks	0.023398079625184694
180	12	roads	0.022109614320745197
181	1	vehicles	0.030110985917383166
181	2	enemy	0.029613137030051237
181	3	destroyed	0.026183149226201543
181	4	forces	0.025057731735635535
181	5	rebel	0.024639049416796087
181	6	infantry	0.022837965898135127
181	7	attack	0.022284511036747456
181	8	retreated	0.022274566737517484
181	9	clashes	0.021463108783087746
181	10	rebels	0.020790001142686674
181	11	northeastern	0.02073567633580147
181	12	bahri	0.019127903879827678
182	1	british	0.030447628599352294
182	2	britain	0.028215285542443586
182	3	london	0.02507044793684581
182	4	european	0.02494856933849055
182	5	constructive	0.020719002638751254
182	6	engagement	0.01824908620133787
182	7	sudans	0.017937388245168537
182	8	envoy	0.016375221520953925
182	9	foreign	0.015899241221415568
182	10	dialogue	0.014884581620853808
182	11	united	0.01442395235482129
182	12	union	0.014383333447048074
183	1	expatriates	0.08117802873320162
183	2	expatriate	0.04864613961205103
183	3	home	0.03294420521208998
183	4	tell	0.031025799416823516
183	5	taught	0.02886659846435506
183	6	rent	0.026884959424891334
183	7	income	0.025099387313230654
183	8	mother	0.024955120354258786
183	9	children	0.02445022743133601
183	10	buy	0.021457819748990154
183	11	worked	0.02143109342624407
183	12	striking	0.021363973886822638
184	1	nile	0.04925316098232065
184	2	white	0.03968301737640842
184	3	located	0.038030371353980255
184	4	cairo	0.030337032964940558
184	5	sennar	0.029198774811251497
184	6	river	0.02782306640267524
184	7	ancient	0.02584108043305878
184	8	villages	0.022199078698448043
184	9	jabal	0.021650141021777904
184	10	muya	0.021421546201333776
184	11	desert	0.02068725441068758
184	12	gandhi	0.020176726647196674
185	1	hillat	0.025035070626470226
185	2	shouk	0.02117441515046057
185	3	bombing	0.0211565566597616
185	4	civilians	0.019515234951101645
185	5	rebel	0.018197467869921293
185	6	militia	0.017471395656957735
185	7	muya	0.016495736112257027
185	8	attempts	0.015721323081251348
185	9	residents	0.015604981193278867
185	10	omdurman	0.015069188194034858
185	11	camp	0.014768278125267712
185	12	massacre	0.013562085257335717
186	1	rukn	0.0488622300116117
186	2	lieutenant	0.038451107909996375
186	3	commander	0.038065703754220956
186	4	general	0.037895779250753055
186	5	major	0.034863346020393066
186	6	abyad	0.030723874263033184
186	7	brigadier	0.025981853498918295
186	8	captain	0.02357018397943563
186	9	al	0.02223237876660409
186	10	azraq	0.02210968734438106
186	11	din	0.020655462068849783
186	12	jaber	0.020276395155663013
187	1	egyptian	0.05965011797757327
187	2	alsisi	0.04169904876233996
187	3	fattah	0.03276602267608732
187	4	cairo	0.03184607920161856
187	5	president	0.027690864187094193
187	6	visit	0.024963643687111414
187	7	elsisi	0.02494805612063244
187	8	relations	0.023757847862362652
187	9	abdel	0.023537761105234027
187	10	egypt	0.019652479015287584
187	11	bilateral	0.019647420090350365
187	12	sisi	0.019616357261772993
188	1	information	0.0420224795904263
188	2	law	0.030383541965081945
188	3	communications	0.02878443003308351
188	4	draft	0.026558680699991944
188	5	security	0.02033751407819309
188	6	penalty	0.01984156938030916
188	7	technology	0.019727072583811248
188	8	spending	0.01815915634003801
188	9	technologies	0.016476147185381713
188	10	negative	0.01587504204825928
188	11	necessary	0.015734485123046572
188	12	measures	0.015703038175722658
189	1	uganda	0.09762038781836568
189	2	ugandan	0.05594889566037164
189	3	kampala	0.04370731468731513
189	4	refugees	0.0368810876619034
189	5	camp	0.02800038913048317
189	6	refugee	0.02676787509147941
189	7	sudanese	0.017187580936771432
189	8	embassy	0.016397660689610693
189	9	attack	0.013686407899024195
189	10	voluntary	0.013440144414043556
189	11	community	0.012602930122595193
189	12	reception	0.012336716797830383
190	1	whatsapp	0.15847829646105122
190	2	facebook	0.15376507259656594
190	3	httpswwwfacebookcomprofilephpid61556457563338	0.14854806281385763
190	4	httpstmealrisala249	0.13865135808013124
190	5	httpstmekraray224466	0.13002426711746973
190	6	follow	0.12162644487226867
190	7	channel	0.09949733564205691
190	8	use	0.09028380566190848
190	9	join	0.08913259751634453
190	10	group	0.08042862523145665
190	11	telegram	0.08022333073154779
190	12	interaction	0.07558203933427818
191	1	agreement	0.06868741159893355
191	2	affirming	0.059756733355541505
191	3	communitys	0.05496455433326435
191	4	observer	0.053559848369186855
191	5	parties	0.052546818151175095
191	6	negotiations	0.05136243277077352
191	7	visions	0.04703064340785412
191	8	participants	0.0464388600658081
191	9	attend	0.0462487811194331
191	10	selfdetermination	0.045803795277720286
191	11	exceed	0.045346846755515924
191	12	framework	0.04508025492215196
192	1	journey	0.033075779395214895
192	2	woman	0.02240006676904487
192	3	tells	0.019386087518423828
192	4	story	0.019289828591893377
192	5	years	0.0175600259822247
192	6	mother	0.01721651232521086
192	7	family	0.01458140322662253
192	8	tribune	0.014213275120915234
192	9	children	0.013554793291885142
192	10	stories	0.013528157776938554
192	11	old	0.012863697791352798
192	12	pain	0.01201636128606286
193	1	imprisonment	0.04186293098695022
193	2	prison	0.04137415600838785
193	3	sentence	0.022071934469605325
193	4	accused	0.021310586682912858
193	5	death	0.020846709252852882
193	6	police	0.020797286692679568
193	7	measure	0.018333282694452037
193	8	hanging	0.018127881770481365
193	9	penalty	0.017980779713036642
193	10	investigations	0.017869333071716165
193	11	criminal	0.017768138862163683
193	12	life	0.0174937095414112
194	1	join	0.33043052049381005
194	2	scene	0.3121206283831192
194	3	httpstmesdnewsnetwork	0.2723274396720362
194	4	link	0.2257193500042696
194	5	telegram	0.1734846581349213
194	6	sudanese	0.049282472870568035
194	7	twitter	0.011710731688265804
194	8	facebook	0.006820927965238823
194	9		1e-05
194	10		1e-05
194	11		1e-05
194	12		1e-05
195	1	source	0.08758481089113482
195	2	omdurman	0.07869242292283894
195	3	informing	0.07341637200289369
195	4	ad	0.062147959551921816
195	5	2025	0.05384052689264277
195	6	khartoum	0.045674266203652364
195	7	august	0.035864680193187934
195	8	wild	0.03482174158133227
195	9	blogging	0.0316101876289273
195	10	returnees	0.028718551731525006
195	11	receiving	0.027508211745065493
195	12	media	0.026271009354672487
196	1	investigation	0.06421371185532113
196	2	police	0.054865935469105016
196	3	theft	0.053024240134177274
196	4	criminal	0.039473390508173715
196	5	department	0.03900109563047714
196	6	paid	0.03613013086765806
196	7	car	0.029706472470029825
196	8	east	0.02787481879087169
196	9	reports	0.027500581652255805
196	10	crime	0.026729576996825214
196	11	accused	0.026108399681351133
196	12	stolen	0.025252996783411124
197	1	uae	0.05075471522323316
197	2	emirates	0.034832455926015804
197	3	uaes	0.0291755717796614
197	4	involvement	0.0228164391006729
197	5	chad	0.01528129333086064
197	6	evidence	0.01416096642414337
197	7	divide	0.013767523109089361
197	8	lord	0.013758292800653063
197	9	weapons	0.013313129208876045
197	10	alatta	0.013209747764624668
197	11	america	0.012031030711934176
197	12	aggression	0.011087705569570498
198	1	study	0.39479229509094577
198	2	httpstmekraray224466	0.30996521973804386
198	3	karari	0.309466785012628
198	4	german	0.26829911819883223
198	5	actual	0.2543082529862651
198	6	english	0.21706085936771527
198	7	language	0.19405528136621064
198	8	channel	0.1364174420895245
198	9	start	0.11930825957150384
198	10	telegram	0.11155936517796049
198	11	actually	0.05013044525522401
198	12	starting	0.031680294102975105
199	1	homeland	0.24244806967925095
199	2	2026	0.18014968927287262
199	3	ad	0.15852963606226342
199	4	november	0.1130664162039108
199	5	news	0.11036602969208484
199	6	2024	0.09709575404077705
199	7	saturday	0.08139313314698941
199	8	march	0.08097932373795706
199	9	monday	0.06287355287988042
199	10	january	0.052920937480281975
199	11	thursday	0.03440101935854374
199	12	28	0.033156575659670305
200	1	liberation	0.021470960095260547
200	2	movement	0.019457709403557823
200	3	arko	0.010620000836145395
200	4	minni	0.010267257750309743
200	5	movements	0.009181908107601345
200	6	forces	0.009175060254570324
200	7	rapid	0.009152991465501586
200	8	army	0.009019075633881476
200	9	minawi	0.008933913851052914
200	10	head	0.008040555617559045
200	11	force	0.007865197227852042
200	12	fighting	0.007674744730218673
201	1	dam	0.1046463013231364
201	2	renaissance	0.08784991257413104
201	3	filling	0.02825773985801338
201	4	reservations	0.019676431856820397
201	5	ethiopia	0.019152697431716208
201	6	withdraws	0.018270988223904376
201	7	negotiations	0.01809102964904693
201	8	egypt	0.015836068093866843
201	9	formula	0.015307414764193077
201	10	dams	0.015158240018354896
201	11	merowe	0.01405581542715224
201	12	participating	0.01333973365375418
202	1	service	0.053503379569278774
202	2	civil	0.04441797544515261
202	3	commission	0.030277479349954384
202	4	selection	0.02775728309113137
202	5	employees	0.02764485363589407
202	6	shall	0.025115296029992584
202	7	transitional	0.024941669984159583
202	8	administrative	0.024507099290101145
202	9	periodic	0.02313106924260948
202	10	reform	0.02155715145563707
202	11	labor	0.021246457438026795
202	12	auspices	0.01972606602012757
203	1	cemetery	0.35521242654229795
203	2	gengueid	0.3184398158498883
203	3	khartoumal	0.2815729996086208
203	4	read	0.18856658893139094
203	5	details	0.10307950914439934
203	6	khartoumjanjaweedcemetery	0.08555753390954002
203	7	whatsapp	0.07192234653952012
203	8	news	0.0691675446072453
203	9	link	0.056719221283124156
203	10	click	0.05052958367938984
203	11	channel	0.04696116310026289
203	12	follow	0.04196326856814384
204	1	httpstmesudaaan	0.47767788731747796
204	2	channel	0.24679093855669437
204	3	follow	0.2094996389269974
204	4	telegram	0.20727513871794956
204	5	sudan	0.041621364772517565
204	6	copied	0.01713274878383278
204	7	share	0.009154151700945114
204	8	statement	0.0034612418571646967
204	9		1e-05
204	10		1e-05
204	11		1e-05
204	12		1e-05
205	1	homeland	0.15988360852878908
205	2	2025	0.1358530394842349
205	3	november	0.13104875259452695
205	4	ad	0.10454317209422395
205	5	news	0.09890810768462185
205	6	original	0.08221007815745564
205	7	statistics	0.060937521358432174
205	8	perished	0.05589377588496484
205	9	sidr	0.05371425965235741
205	10	tuesday	0.048605031597227295
205	11	saturday	0.04390349087735897
205	12	september	0.04309124271859221
206	1	quran	0.07977129562689803
206	2	holy	0.0641533531566518
206	3	mosques	0.046558861653534844
206	4	imams	0.04445872190581216
206	5	preachers	0.036024941426683145
206	6	jurisprudence	0.029442783262484586
206	7	sermon	0.02593477974608988
206	8	academy	0.025335995206975142
206	9	islamic	0.024767938528527152
206	10	duration	0.024560890903998548
206	11	aladha	0.02142858543185455
206	12	sheikh	0.021093244588983553
207	1	notification	0.08838814551002275
207	2	donate	0.057712609185700474
207	3	karama	0.05598527523287026
207	4	contribute	0.048131373662816467
207	5	want	0.03855095537425607
207	6	burden	0.03790972605660888
207	7	awad	0.03730223925184871
207	8	clothes	0.03651328587971852
207	9	clothing	0.03454412487603804
207	10	bank	0.03300513490685916
207	11	abboud	0.03300401899368164
207	12	organization	0.03247602337102952
208	1	sanctions	0.10116421213892422
208	2	european	0.06755077224226673
208	3	union	0.04085677328062117
208	4	imposed	0.018045354457217253
208	5	companies	0.015874602004624854
208	6	entities	0.013989941584763497
208	7	brussels	0.013850916423603341
208	8	accusations	0.013441395734597229
208	9	unanimously	0.013051370894831087
208	10	affiliated	0.012952259136376177
208	11	ban	0.012514400533847305
208	12	rahim	0.01226885106415334
209	1	intelligence	0.07995573659064452
209	2	service	0.04540637231598389
209	3	sleeper	0.029602308627690182
209	4	cells	0.02652512743625114
209	5	general	0.02465149905402446
209	6	security	0.018545522483190673
209	7	rest	0.018509228314218813
209	8	services	0.01572516173144447
209	9	egyptian	0.0151797739422522
209	10	saw	0.01420390090929147
209	11	salah	0.013454259599399696
209	12	misleading	0.012904667879403635
210	1	digital	0.052032363600621
210	2	communications	0.041906743724636285
210	3	transformation	0.04124440616168453
210	4	telecommunications	0.0405974940197945
210	5	internet	0.03711498719730876
210	6	starlink	0.024061826064830396
210	7	outage	0.01664819238964425
210	8	networks	0.01613911545457221
210	9	regulatory	0.015995982769784756
210	10	sudani	0.015753947821284617
210	11	experts	0.014160224337744116
210	12	communication	0.013943732147696957
211	1	operational	0.21144351368537795
211	2	gandhi	0.16084645355304764
211	3	followup	0.10348232862148317
211	4	gender	0.0806785030193356
211	5	monitoring	0.08058873519780296
211	6	plot	0.07796918241833803
211	7	dispersed	0.07642910590317545
211	8	destroyed	0.07626398239758295
211	9	counted	0.07471742284215727
211	10	worlds	0.07100640719645324
211	11	terror	0.07042125628711951
211	12	yes	0.0681631698470826
212	1	correspondent	0.17248371709141344
212	2	asia	0.16735289695332484
212	3	alkhalifa	0.11815090600032704
212	4	daily	0.10735032700636167
212	5	axis	0.10169936944217388
212	6	2025	0.07847652965026697
212	7	khalifa	0.07495795341553464
212	8	caliph	0.06579020784409671
212	9	report	0.06480050446988106
212	10	yesterday	0.0614008801785085
212	11	6th	0.05628768506969467
212	12	fasher	0.04243572015208854
213	1	elderly	0.06000324531826136
213	2	sick	0.0518741845696443
213	3	hospital	0.038034001211318245
213	4	treatment	0.034559147711563924
213	5	care	0.03314794415248644
213	6	urgently	0.031206927435647194
213	7	patients	0.026962825101866057
213	8	hospitals	0.02619068355992103
213	9	suffering	0.020690833955868543
213	10	childrens	0.02056229080159567
213	11	wounds	0.019711643008629036
213	12	wounded	0.019006565434794016
214	1	httpstmekraray224466	1.0080625640172958
214	2	channel	0.5525311719606483
214	3	karry	0.36737553163403835
214	4	net	0.07155558838070054
214	5	repeat	0.06830185900801394
214	6	major	0.026961382194039117
214	7	22	0.023966776360099636
214	8	october	0.01858269417808414
214	9	wednesday	0.016934809160259433
214	10	2025	0.013118976310822518
214	11	issued	0.011774732767243931
214	12	ad	0.010095463475600202
215	1	sudanesearmedforces	0.14274906134596907
215	2	69	0.0850341141556822
215	3	sudantoday	0.08378742835374013
215	4	facebook	0.07842161872883519
215	5	onearmyonepeople	0.06840999108967019
215	6	sudannews	0.06227300458989793
215	7	army	0.04878544534953285
215	8	spokesperson	0.047264016107569966
215	9	twitter	0.04488023429134269
215	10	bahri	0.04316868698242115
215	11	armed	0.03426141720335053
215	12	diplomats	0.033971321167404554
216	1	floods	0.07326446568373285
216	2	rain	0.03580349117834001
216	3	torrential	0.034550670199060066
216	4	torrents	0.03396437858715108
216	5	damage	0.032092460172300434
216	6	disaster	0.032007672324472616
216	7	rains	0.031622024685156555
216	8	autumn	0.022114987480700198
216	9	homes	0.02160236002908985
216	10	affected	0.020299756460214004
216	11	injuries	0.018938402247430645
216	12	deaths	0.018481165598597683
217	1	antiquities	0.14628735777059618
217	2	archaeological	0.09280257244784113
217	3	heritage	0.07907073428753271
217	4	discovery	0.04472926354636099
217	5	cultural	0.03840445340875676
217	6	museum	0.03801540661563603
217	7	culture	0.03681864429793243
217	8	tourism	0.03324425446560325
217	9	sincerity	0.03197738170920746
217	10	mourning	0.031816461202495254
217	11	documentation	0.031605607549661754
217	12	library	0.031507329153974924
218	1	zakat	0.2595231850075229
218	2	bureau	0.0637143273507142
218	3	expatriates	0.03388280721514132
218	4	trustees	0.03320526363951841
218	5	collection	0.03260712784013716
218	6	segment	0.03163532988535458
218	7	secretary	0.028304480377479124
218	8	pounds	0.027666750158084775
218	9	alfitr	0.027355005743749165
218	10	balance	0.025414080630252564
218	11	poor	0.025328989454826575
218	12	permissible	0.02499342694835045
219	1	popularresistance	0.33229452120022207
219	2	sudanesearmedforces	0.2826424695466316
219	3	evident	0.2819430978022103
219	4	distress	0.2769345522816702
219	5	strength	0.18981036342012672
219	6	leadership	0.13435799736548898
219	7	facebook	0.10571876490439348
219	8	platform	0.07961499075395119
219	9	armed	0.06819828226680114
219	10	forces	0.034819278088991795
219	11	command	0.02005162347747302
219	12	sudan	0.019382162178525477
220	1	headlines	0.1543783434768776
220	2	2020	0.1388986819483498
220	3	todays	0.11341037998063482
220	4	political	0.09783398561822432
220	5	2019	0.07759683503626595
220	6	newspaper	0.06187415819133657
220	7	newspapers	0.0613085824343643
220	8	issued	0.05899260053083828
220	9	ad	0.05690170322611023
220	10	march	0.047747167115844355
220	11	attention	0.04120438376761199
220	12	news	0.04108132952430327
221	1	budget	0.041204679743102775
221	2	heba	0.036946812688266814
221	3	revenues	0.028892838054104402
221	4	economic	0.027612653842790776
221	5	finance	0.025841799373071937
221	6	economy	0.024404968345088394
221	7	pandemic	0.02258505292549011
221	8	crises	0.02123861338382996
221	9	albadawi	0.019969791856683648
221	10	amer	0.01856194687541496
221	11	alrashid	0.017119612355674742
221	12	problems	0.015878156437668635
222	1	tourism	0.11136168244900695
222	2	travel	0.059479270363083696
222	3	tourist	0.050566599663868075
222	4	istanbul	0.029323775718430995
222	5	travelers	0.027970937233432747
222	6	chamber	0.027635493506671813
222	7	flights	0.02713563764715064
222	8	oman	0.02399444866711887
222	9	ticket	0.02387775319204602
222	10	develop	0.02186027153348187
222	11	trkiye	0.021668878486075495
222	12	buses	0.02095966673198345
223	1	allowance	0.2086170926951417
223	2	guardians	0.18110779726447412
223	3	acceptable	0.18014313783580074
223	4	battleofdemocracy	0.17963043770002984
223	5	righteous	0.17299935203268804
223	6	glorious	0.15983881964818664
223	7	euros	0.15977160284001798
223	8	forgiveness	0.15701314179399034
223	9	airlines	0.1353636112833852
223	10	tickets	0.13231176520804472
223	11	mercy	0.1306986575989105
223	12	germany	0.1299332057032774
224	1	radio	0.09062714042795994
224	2	television	0.04686702663052245
224	3	broadcasting	0.03909530762123402
224	4	channel	0.034128949102426094
224	5	channels	0.028483274014770583
224	6	broadcast	0.02341856717329836
224	7	24	0.02321799974305278
224	8	activity	0.021904203051149193
224	9	network	0.021751954380410436
224	10	media	0.020217768436370916
224	11	incentives	0.020195868794066776
224	12	sky	0.019087102434232412
225	1	motorcycles	0.08653732611191875
225	2	vehicles	0.07385756051741366
225	3	traffic	0.0582126262505953
225	4	highlighting	0.05544175693563067
225	5	documents	0.04949190612096851
225	6	cars	0.04576548661498792
225	7	vehicle	0.03694670464724615
225	8	car	0.03461604516567547
225	9	attached	0.03436082950449248
225	10	quantity	0.033283586966122596
225	11	attend	0.03207874538723154
225	12	prohibiting	0.03169697049773102
226	1	interact	0.47974061527183876
226	2	compulsory	0.47228764096514925
226	3	karry	0.4156438496589485
226	4	httpstmekraray224466	0.3182815089241504
226	5	language	0.27926834204576595
226	6	certificate	0.17147197032669634
226	7	channel	0.1363912382013014
226	8	telegram	0.11073405916214404
226	9	follow	0.10806307409373102
226	10	share	0.021248322926281357
226	11	tidings	0.019883993114083297
226	12	copied	0.019883993114083297
227	1	dam	0.11362202448424352
227	2	renaissance	0.09020570107938691
227	3	water	0.04812940684743386
227	4	dams	0.04595689645183902
227	5	ethiopia	0.03871155365341293
227	6	existential	0.03356987528455191
227	7	issue	0.033244620972086796
227	8	ethiopian	0.028745451232705038
227	9	countries	0.02339613707436159
227	10	collapse	0.02252963252380914
227	11	visions	0.020753204551402296
227	12	unilateral	0.019974648926868663
228	1	unhcr	0.09430598703277034
228	2	resettlement	0.0748689034949009
228	3	refugees	0.033431506353738226
228	4	mouth	0.025275716937971784
228	5	refugee	0.024392590159274977
228	6	registration	0.02288615452803621
228	7	services	0.021863961945944945
228	8	active	0.02171115442148777
228	9	information	0.021002763248649272
228	10	protection	0.02098955387928347
228	11	encourage	0.020228607211855137
228	12	provide	0.018599997758110595
229	1	mercenary	0.028912016567222393
229	2	darfur	0.024209509716930783
229	3	deceive	0.022067240744921505
229	4	arko	0.021597707014463695
229	5	blood	0.01922098998850935
229	6	masses	0.018573544031147474
229	7	crying	0.016224890158311085
229	8	regime	0.01621648699259497
229	9	legend	0.016124674793474486
229	10	movements	0.01575541410447219
229	11	forever	0.014163589500003628
229	12	brutal	0.014111163394350033
230	1	demonstration	0.05835029648946735
230	2	london	0.041044399384365264
230	3	british	0.026298968665125336
230	4	gathering	0.023422969233376577
230	5	honorable	0.02310671986256547
230	6	protest	0.022972891754471845
230	7	european	0.022056226723655373
230	8	denouncing	0.02151123923755443
230	9	saturday	0.020007995611443556
230	10	abroad	0.01990271876743548
230	11	crimes	0.018743131195577467
230	12	union	0.017660891539501587
231	1	khartoumjanjaweedcemetery	0.30719066847043597
231	2	battleofdignity	0.2770640597761103
231	3	httpstmealrisala249	0.2057400409009808
231	4	httpswwwfacebookcomprofilephpid61556457563338	0.19198343459854886
231	5	message249	0.17379914422662635
231	6	facebook	0.1594713973582675
231	7	whatsapp	0.08723698243027281
231	8	onearmyonepeople	0.0730341256762483
231	9	follow	0.06727471127902822
231	10	channel	0.06686695693924635
231	11	249	0.0663103408976091
231	12	telegram	0.06448036597814846
232	1	barrier	0.04842579007268516
232	2	lions	0.045804049061806816
232	3	invaders	0.03933113540449804
232	4	stood	0.03754833281996722
232	5	heroes	0.03611114897271234
232	6	militia	0.0347541866960758
232	7	onearmyonepeople	0.03151966127426246
232	8	face	0.03059670808621123
232	9	aggressors	0.029272626143274857
232	10	fighters	0.028812761161215037
232	11	supported	0.02874920205413407
232	12	dignity	0.02874020454534857
233	1	war	0.019053868980611465
233	2	jeddah	0.018061415048322534
233	3	stop	0.016150478505565214
233	4	end	0.01571263619072896
233	5	conflict	0.013328683020306958
233	6	ceasefire	0.010828313236854027
233	7	alburhans	0.010462919130945212
233	8	hemedti	0.009815751974698344
233	9	solution	0.009384135709602988
233	10	conference	0.008943980627157603
233	11	truce	0.008904525912457285
233	12	map	0.008801901016400914
234	1	fires	0.05305405205249922
234	2	broke	0.04666631976115205
234	3	massive	0.03383133916637644
234	4	houses	0.03334833167006773
234	5	camp	0.02515019596376874
234	6	camps	0.024491683494612233
234	7	kalma	0.024037790635983446
234	8	displaced	0.023852980188023083
234	9	burned	0.02367586811682443
234	10	tawila	0.02302711686660815
234	11	crops	0.022243089598847784
234	12	darfur	0.022124683748337447
235	1	meteorology	0.27562381763205895
235	2	varying	0.1561381416068044
235	3	rains	0.15366562233043313
235	4	rain	0.13816475441897874
235	5	rainfall	0.1336461778461881
235	6	wind	0.10456814074963296
235	7	warns	0.10159022871119645
235	8	heavy	0.09890417318341811
235	9	thunderstorms	0.09633381618053331
235	10	states	0.09078984500907221
235	11	rates	0.0722516373620634
235	12	tropical	0.06462104270111378
236	1	hanging	0.08386351896216698
236	2	execution	0.08386351896216698
236	3	accused	0.07828999670740439
236	4	sentence	0.06700940105266695
236	5	imprisonment	0.061158003968161935
236	6	wood	0.04461314710601932
236	7	fugitive	0.044457919141651196
236	8	defendants	0.03986314376481598
236	9	ransom	0.03969691379077933
236	10	death	0.03806897585618551
236	11	anti	0.03692412587589894
236	12	crimes	0.0355006337251708
237	1	uae	0.029121699098267395
237	2	image	0.024356653594130733
237	3	terrorist	0.02151458375645224
237	4	crimes	0.016887813613674547
237	5	uaes	0.016421578902563662
237	6	media	0.014849247634510579
237	7	militia	0.014287832308386718
237	8	atrocities	0.01319117022415144
237	9	narratives	0.013102259897529023
237	10	sky	0.012638172133323957
237	11	sponsors	0.012227887957863256
237	12	strongly	0.01197248183691371
238	1	village	0.05083782127356437
238	2	almanaqil	0.03753026361307613
238	3	joy	0.03604699883040806
238	4	sons	0.03401361328138337
238	5	learned	0.031997155022856744
238	6	domination	0.03090314903692808
238	7	fought	0.029595475588238072
238	8	gathered	0.029463174676630195
238	9	battle	0.028610401284906422
238	10	unwavering	0.02509842030616763
238	11	belief	0.0249252677005746
238	12	wad	0.024044345134973794
239	1	jazeera	0.1074793152357035
239	2	project	0.06333781102245131
239	3	al	0.05812869183871845
239	4	aljazeera	0.05053539068697967
239	5	sky	0.03427696132100778
239	6	media	0.030754530323873968
239	7	factor	0.030315933606595992
239	8	restrictions	0.027386013392936545
239	9	misleading	0.02283316696743189
239	10	300	0.020130248630044662
239	11	satellite	0.01996075486978123
239	12	agent	0.01986630563088168
240	1	alleviate	0.02230004444285248
240	2	dabba	0.019734147976106575
240	3	displaced	0.016643418197945088
240	4	shelters	0.016365605166019627
240	5	improve	0.01625312175773729
240	6	gedaref	0.015815733469323114
240	7	provide	0.0157320518465913
240	8	conditions	0.015303611274891308
240	9	directed	0.015246548077381955
240	10	relevant	0.0143700107535543
240	11	governor	0.012444465995374967
240	12	social	0.01235405466694446
241	1	driver	0.15354388088776116
241	2	license	0.11102796127697179
241	3	driving	0.10142644941557366
241	4	drivers	0.072654572120678
241	5	required	0.06405963989911294
241	6	unhcr	0.06168089788859487
241	7	khashm	0.05511377169963601
241	8	high	0.050988028540911334
241	9	completed	0.04963408216776402
241	10	job	0.04425834682989804
241	11	school	0.04280459362897326
241	12	secondary	0.04205950836715317
242	1	illegal	0.07354383160615044
242	2	immigration	0.03550006840643655
242	3	combat	0.028528546326582107
242	4	immigrants	0.027313638347428663
242	5	transient	0.025905737439543306
242	6	trafficking	0.022616227946775078
242	7	foreigners	0.022600779510674393
242	8	smuggling	0.021349115564586654
242	9	borders	0.021290001707176993
242	10	drugs	0.02108543318730242
242	11	vehicle	0.020728218396719282
242	12	security	0.02065382479858305
243	1	detainees	0.07558905093715525
243	2	prison	0.06354899917538558
243	3	detention	0.048407221113857125
243	4	prisons	0.043946338854732085
243	5	release	0.0372217688878536
243	6	prisoners	0.025599251057285586
243	7	house	0.023830987730447204
243	8	floor	0.022358508577174346
243	9	deprivation	0.021884924090352618
243	10	poor	0.020454096464193734
243	11	supervising	0.02033168758822121
243	12	escaping	0.019160024829622556
244	1	crimes	0.028979570366134716
244	2	genocide	0.022316753647557756
244	3	committed	0.01994279881787791
244	4	civilians	0.019299151536505077
244	5	massacres	0.01530513747586764
244	6	violations	0.015027422366336956
244	7	heinous	0.012575775739653574
244	8	murder	0.012216734242324181
244	9	rape	0.011455687060730545
244	10	looting	0.011322890301847579
244	11	fifteenth	0.011044289470169789
244	12	darfur	0.010370360136553394
245	1	kilograms	0.06237056025132853
245	2	meat	0.05537442364249455
245	3	lentils	0.04773588867841198
245	4	food	0.04006822205871107
245	5	dates	0.03695680850979
245	6	meals	0.03494232527737185
245	7	cultural	0.034260815014654056
245	8	sugar	0.031872172173684536
245	9	culture	0.030030725815336168
245	10	types	0.027973420246870204
245	11	cooking	0.02726449128016258
245	12	dinner	0.02709466300694971
246	1	car	0.0794926140321012
246	2	cars	0.0767875301266545
246	3	import	0.05938289305848918
246	4	controls	0.05137500391575693
246	5	expatriates	0.0477686635507583
246	6	model	0.0412482198939523
246	7	importing	0.039610436955668515
246	8	customs	0.03813283910217075
246	9	vehicle	0.032995185433636935
246	10	exception	0.024877641627053512
246	11	permanently	0.02189076279446738
246	12	granted	0.020679669484063946
247	1	island	0.08882331209627144
247	2	beloved	0.04589921741807357
247	3	islands	0.03727114476212281
247	4	villages	0.03601252488716244
247	5	traitors	0.030729339406613806
247	6	tell	0.029472351879958916
247	7	remnants	0.028520578978092553
247	8	liberation	0.028285153011445897
247	9	land	0.02741901190231925
247	10	birth	0.026435910563471405
247	11	approaching	0.026290511874671105
247	12	grave	0.025906341558527463
248	1	infantry	0.1478520396426144
248	2	division	0.13057258758864113
248	3	22nd	0.07261287429938977
248	4	brigade	0.06557855304462826
248	5	sixth	0.052191524666346696
248	6	18th	0.05105189061165272
248	7	officers	0.04632441968489344
248	8	6th	0.04268768799111753
248	9	noncommissioned	0.04156123343576413
248	10	soldiers	0.03210517886275904
248	11	describing	0.03105753853911543
248	12	spirit	0.027996311368292198
249	1	gold	0.10742146272613409
249	2	kilos	0.06558834147362673
249	3	arrested	0.053563765750509224
249	4	girl	0.048188744895668954
249	5	arqin	0.04590964826545051
249	6	mining	0.04301392671002454
249	7	currency	0.03764910206406284
249	8	seized	0.035181370553719865
249	9	thwarted	0.03445860506703443
249	10	intelligence	0.03394723759537588
249	11	smuggle	0.03258903700908508
249	12	refers	0.0321047176341031
250	1	zakat	0.11567078748309367
250	2	bureau	0.05886088588315574
250	3	meat	0.04476174034310237
250	4	office	0.03132687670888027
250	5	bags	0.028816435344517177
250	6	program	0.025467802486062764
250	7	distribution	0.024378751529250578
250	8	allocated	0.02276722889080203
250	9	thousand	0.01994697506968378
250	10	return	0.017670132467173333
250	11	sacrifice	0.01662581386370492
250	12	families	0.016251883555829096
251	1	displacement	0.03683879776512161
251	2	occupied	0.03660579570370887
251	3	longer	0.03314747365779579
251	4	slightest	0.03093551559188182
251	5	regulation	0.030598204869227243
251	6	prolonged	0.028681332458817068
251	7	breath	0.028131180406049085
251	8	homes	0.027942889423102902
251	9	hope	0.027641163754264012
251	10	peoples	0.02750566634075723
251	11	lacks	0.02674918603479586
251	12	treachery	0.026668312666381352
252	1	salva	0.2199337586784955
252	2	kiir	0.17869803537262482
252	3	kiirs	0.05949748604350569
252	4	juba	0.036008149256427674
252	5	machar	0.028363431702584967
252	6	deng	0.02506423441486788
252	7	wahid	0.024385103485441692
252	8	invitation	0.02244302161129136
252	9	nour	0.02151086710224057
252	10	arrives	0.02105597688526476
252	11	ugandan	0.02061505983906969
252	12	wife	0.020220774499152452
253	1	discover	0.10734657872560302
253	2	discovered	0.04812165125857747
253	3	ibn	0.045331589337147565
253	4	friend	0.04020548933549619
253	5	did	0.03623478565956339
253	6	saw	0.03422497731660935
253	7	ones	0.03172508289780972
253	8	almahdi	0.03078571889634197
253	9	alsadiq	0.030246881747373538
253	10	let	0.030111400243748015
253	11	abu	0.029486139527957915
253	12	emigrate	0.029267109286102842
254	1	homeland	0.07426954096446733
254	2	traitor	0.05113469270262054
254	3	homelands	0.041403421590851454
254	4	hands	0.032345274916061276
254	5	traitors	0.03174482045022317
254	6	patriotism	0.029916297281173034
254	7	faces	0.028135299912010827
254	8	steadfastness	0.026788428571601408
254	9	courtesy	0.025478102670276427
254	10	nation	0.02537610557846386
254	11	imagined	0.025287031108735234
254	12	wasting	0.024004667954022053
255	1	elected	0.0406204410922525
255	2	almirghani	0.03790538092172546
255	3	hamdok	0.036582869993502264
255	4	congratulates	0.030525012144635422
255	5	prime	0.027164529564561505
255	6	glorious	0.025783388546378898
255	7	unite	0.024335883637634673
255	8	fulfill	0.02338838975291867
255	9	mansour	0.022950287411692128
255	10	moneim	0.022166833745956564
255	11	nazir	0.021735627460380498
255	12	occasion	0.021735447310779227
256	1	umma	0.22651245346243654
256	2	party	0.13451418847568092
256	3	rebuilding	0.0323559815294283
256	4	national	0.03137499832039807
256	5	kasla	0.03087384662625808
256	6	affirms	0.029232728531626954
256	7	sound	0.028673620947376494
256	8	presidency	0.025610152646265396
256	9	foundations	0.024696290168631632
256	10	construction	0.023606707491460294
256	11	achieve	0.02303743066041524
256	12	democratic	0.021447145821419683
257	1	admission	0.12066372625406717
257	2	receiving	0.07862144302812639
257	3	final	0.07436499241962917
257	4	completion	0.07307555701368608
257	5	secure	0.07298890868388928
257	6	luck	0.0660770117243018
257	7	apply	0.06081038929602029
257	8	applicants	0.05572853121167833
257	9	procedures	0.054926427520703716
257	10	application	0.053264059091208335
257	11	register	0.0476362521801615
257	12	link	0.04414901548524259
258	1	milk	0.17976375253095342
258	2	sudannewsnetwork	0.09262641137635491
258	3	2017	0.09071551867933006
258	4	kilograms	0.08204127540751677
258	5	preparation	0.07307485787356577
258	6	monitoring	0.07160698316043071
258	7	newspapers	0.06355960213848316
258	8	15000	0.053108321385385876
258	9	headlines	0.04946892852511814
258	10	omani	0.04924615164036088
258	11	half	0.049207456575216815
258	12	httpstmesdnewsnetwork	0.04692411268195086
259	1	pregnant	0.10269221800402924
259	2	honey	0.08043684328100324
259	3	mothers	0.059515642282167394
259	4	nutritional	0.05483696079470291
259	5	guide	0.04873435357118135
259	6	birth	0.047917864777653627
259	7	reproductive	0.04314250848847273
259	8	breastfeeding	0.0353051454774646
259	9	baby	0.03470677714963472
259	10	child	0.03356734258028856
259	11	women	0.030075111801827033
259	12	children	0.030071138059308215
260	1	qatina	0.028469670834864142
260	2	militia	0.022947952464712894
260	3	stormed	0.022947110070068097
260	4	villages	0.02108700248066728
260	5	neighborhoods	0.0208856221701892
260	6	looting	0.019849008985595832
260	7	beating	0.016965378507087698
260	8	gandhi	0.016666053368238936
260	9	purposes	0.0158321259180562
260	10	cutting	0.015775113443401
260	11	assaulted	0.015761451575872196
260	12	using	0.01573543985195533
261	1	honorable	0.02965990770237619
261	2	officers	0.028990456135013002
261	3	noncommissioned	0.02753956478167805
261	4	division	0.025772160851366438
261	5	forces	0.022971797100852474
261	6	joining	0.022426415147280568
261	7	welcome	0.02235069578423317
261	8	soldiers	0.02206165078006577
261	9	rsf	0.020658113649282158
261	10	armed	0.02064913696767591
261	11	regardless	0.018953457949095764
261	12	diversity	0.01788408893942367
262	1	morgue	0.1404838077056548
262	2	forensic	0.1199450763392256
262	3	bodies	0.10762227813714845
262	4	unidentified	0.08730013602811881
262	5	deceased	0.05563523441962007
262	6	body	0.04623152196933583
262	7	graves	0.043348397078452734
262	8	terrifying	0.03949198853944812
262	9	secrets	0.03683157154021891
262	10	investigate	0.0359022355146931
262	11	doctors	0.03161018870262205
262	12	investigations	0.03144188064128747
263	1	uae	0.05379933280451912
263	2	emirates	0.040243644295132844
263	3	gulf	0.036242986470418945
263	4	dubai	0.033662898698311704
263	5	emirati	0.028702438995190656
263	6	middle	0.027200798580106763
263	7	hands	0.026944717344797905
263	8	buy	0.026311832834039994
263	9	created	0.024606733326656208
263	10	countries	0.024056742870650898
263	11	britain	0.02402006355302526
263	12	financial	0.023528901689146
264	1	injured	0.05852307010240061
264	2	drowned	0.04545578219970783
264	3	bodies	0.04375410563133511
264	4	victims	0.03872383963114764
264	5	children	0.03623762459805243
264	6	wished	0.02836328986881544
264	7	toll	0.02807465320611987
264	8	recovery	0.027916492392081483
264	9	girl	0.02772377791782473
264	10	speedy	0.026215618374154086
264	11	extent	0.025970130564091035
264	12	women	0.025369689246503208
265	1	arabs	0.08467169820212155
265	2	diaspora	0.04564911662935991
265	3	rizeigat	0.024825073216735043
265	4	desert	0.02460598542240373
265	5	certain	0.023852024662051857
265	6	janjaweed	0.021936238505297603
265	7	neighbors	0.01895742011497012
265	8	racism	0.018441652115222567
265	9	forget	0.017482273314286992
265	10	bbc	0.017359529572699355
265	11	niger	0.01729264169915534
265	12	harm	0.016700319848726383
266	1	division	0.0634902910691959
266	2	brigade	0.056768977035202076
266	3	infantry	0.056190798914057725
266	4	graduation	0.047302778963780885
266	5	entertainment	0.04248887458374309
266	6	recruits	0.03987829105255284
266	7	guidance	0.039085196703406655
266	8	batch	0.03711127028209215
266	9	commander	0.03468219139401954
266	10	1st	0.03336027225997576
266	11	armed	0.028527444866566512
266	12	corps	0.028187162872899976
267	1	militia	0.015820039526444275
267	2	alharith	0.015164286122773457
267	3	civilians	0.014132122778113819
267	4	rapid	0.013139982198325035
267	5	weapons	0.011645622361444743
267	6	crimes	0.01129421412525541
267	7	adre	0.010098171458722889
267	8	crossing	0.01002165194327654
267	9	commit	0.00997443671001002
267	10	idris	0.009610211495897447
267	11	international	0.008686787600929764
267	12	silence	0.008602193338876052
268	1	english	0.09142693129711113
268	2	academy	0.08733624007969275
268	3	courses	0.07934148303254185
268	4	networking	0.0730123727256743
268	5	training	0.06530635547634357
268	6	airline	0.06363482467419825
268	7	riyals	0.05617170177940594
268	8	language	0.05519893649813516
268	9	auspices	0.054108830327527564
268	10	affiliated	0.053810563515294126
268	11	tickets	0.0531513899009774
268	12	arabia	0.05202926017922941
269	1	endeavors	0.14038682464743196
269	2	succeed	0.10787393037295304
269	3	collaborators	0.08541877983377662
269	4	brought	0.07408675532495677
269	5	ireland	0.055978775907149725
269	6	slow	0.05526269620972992
269	7	honesty	0.05459212089072311
269	8	suspicion	0.05280366730792201
269	9	work	0.051364312292773155
269	10	good	0.051038298399861376
269	11	efficiency	0.048392046355804574
269	12	following	0.0462485298256189
270	1	chadian	0.07195006638474695
270	2	chad	0.04251524798663373
270	3	ndjamena	0.021871578684555075
270	4	mohamed	0.021584074536899013
270	5	president	0.01969286587011158
270	6	peaceful	0.01697255189124238
270	7	neighboring	0.015014815772333335
270	8	diplomats	0.014904084531777977
270	9	crisis	0.013457877674848713
270	10	foreign	0.013168064157975216
270	11	origins	0.01312679986783112
270	12	solution	0.012587753467608207
271	1	crossing	0.09182279034873742
271	2	adre	0.07163140324761276
271	3	border	0.05553344645850704
271	4	visas	0.034666866240305454
271	5	open	0.027543862161187604
271	6	obstruction	0.026632724639101664
271	7	permits	0.026587420409173355
271	8	humanitarian	0.025677491700331016
271	9	crucial	0.025390613113781695
271	10	crossings	0.02389419896222325
271	11	entry	0.023676860756959787
271	12	agreed	0.022555040903414283
272	1	latest	0.3001454211010626
272	2	application	0.2684437795394121
272	3	httpstmesdnewsnetwork	0.2182516868927947
272	4	link	0.18542097588901718
272	5	follow	0.14755456296519417
272	6	telegram	0.14598780534287475
272	7	news	0.11871080911662099
272	8	version	0.031082112805513613
272	9	wonderful	0.01705634056521015
272	10	mona	0.016159019008526978
272	11	governorcenter	0.015498034027476872
272	12	41	0.014985027040020542
273	1	traitors	0.11598107629057915
273	2	traitor	0.093411407141795
273	3	deception	0.07495057765840814
273	4	mouth	0.06577657045669034
273	5	punish	0.06015805553010822
273	6	blind	0.051927460443579015
273	7	turn	0.04996445895134973
273	8	bite	0.04585948620420839
273	9	hate	0.04547561201754367
273	10	humiliated	0.0438510469711269
273	11	throne	0.042463702156086185
273	12	eye	0.04129874798170135
274	1	preparation	0.22177712702017768
274	2	monitoring	0.2173222290405208
274	3	newspapers	0.20812785288632676
274	4	2018	0.1858433745007623
274	5	headlines	0.15803659806163772
274	6	arab	0.1487117821898144
274	7	issued	0.1314752151641076
274	8	2017	0.11056713228688178
274	9	sunday	0.05740872858440312
274	10	july	0.052656007284832884
274	11	november	0.044622506351909653
274	12	october	0.0436825417645959
275	1	uae	0.04954388610078541
275	2	jeddah	0.046913590455581855
275	3	stop	0.04322124480736134
275	4	parties	0.04081792613123825
275	5	achieved	0.03614791429514549
275	6	clarified	0.033767698560331044
275	7	translation	0.03276601947305826
275	8	weapon	0.03274239929663294
275	9	unilateral	0.031025712090550436
275	10	direct	0.029423269459219407
275	11	stopping	0.027882219105674632
275	12	focus	0.027811501917340643
276	1	english	0.09939249585531011
276	2	language	0.08708498324680689
276	3	luck	0.0784261324649663
276	4	benefit	0.07062178722440904
276	5	hoping	0.06959837508676289
276	6	exam	0.05881371748239252
276	7	test	0.052254016465028724
276	8	prepare	0.05200766049047303
276	9	canada	0.04860038019597722
276	10	good	0.044576904735132955
276	11	tests	0.04339353630901745
276	12	sent	0.04334321539142449
277	1	forest	0.0955684812763084
277	2	forests	0.07467120972878434
277	3	forestry	0.05544354290953846
277	4	trees	0.03645179897329215
277	5	museum	0.02975404985327703
277	6	authority	0.02878902050716687
277	7	tree	0.02867810791682465
277	8	activation	0.02663638525975266
277	9	rare	0.026034592433167
277	10	blue	0.02518526678593361
277	11	produce	0.024787806759325664
277	12	green	0.023519475072623055
278	1	albashir	0.019685348284705476
278	2	bank	0.01949930233925137
278	3	gold	0.0194022120585204
278	4	liquidity	0.01923929449512417
278	5	banks	0.014908784918181386
278	6	reserves	0.0136964101931057
278	7	seizure	0.012815362638499677
278	8	case	0.01251374864836045
278	9	dismissing	0.011944029315759167
278	10	almirghani	0.010822411529281348
278	11	elections	0.01071919305113467
278	12	abbas	0.010704162733656701
279	1	reading	0.0327036195911041
279	2	war	0.026820756931482403
279	3	internal	0.024328720629164663
279	4	planning	0.01710628651515013
279	5	colonialism	0.01513230979308232
279	6	context	0.014933377846029914
279	7	marginalization	0.014879776406372303
279	8	interests	0.012735866999724501
279	9	political	0.012728401190126123
279	10	circle	0.012716748417503431
279	11	tragedy	0.012532132254606488
279	12	represented	0.012452103484596999
280	1	uae	0.0688233039715838
280	2	emirates	0.03036390978729983
280	3	dhabi	0.028658617759040515
280	4	relations	0.025226318140024913
280	5	jordanian	0.024074014148284237
280	6	diplomats	0.022611455735860774
280	7	evidence	0.022444182930840776
280	8	disregard	0.020622599780788987
280	9	diplomatic	0.019108277115921748
280	10	ignorance	0.01863688437143346
280	11	minds	0.018337075400281757
280	12	statement	0.017540636025153364
281	1	locality	0.06269508468734944
281	2	shall	0.02659729522131852
281	3	hands	0.026123947016627385
281	4	executive	0.023461283444464867
281	5	kurmuk	0.02169839553226474
281	6	citizens	0.018779153885956534
281	7	director	0.017708554475130943
281	8	watan	0.017517614571510104
281	9	slogan	0.017415494034202804
281	10	thanks	0.017362594349884762
281	11	commissioner	0.01669865408477877
281	12	issues	0.016527121915186408
282	1	dead	0.035322105867309245
282	2	doctors	0.03118097687519028
282	3	hospital	0.030473528326760077
282	4	wounded	0.02436544530578626
282	5	khater	0.023160657728770514
282	6	directorgeneral	0.019527551388172255
282	7	network	0.018601511573450035
282	8	result	0.01853857459967609
282	9	injured	0.018463748155310097
282	10	fasher	0.017816914272065627
282	11	alhasahisa	0.01763690758476118
282	12	medical	0.016183375256349213
283	1	english	0.16278261357689303
283	2	language	0.12739983470641394
283	3	courses	0.11626738639722368
283	4	interested	0.09736017538245935
283	5	jobs	0.09356131076618429
283	6	organizations	0.08188507301012088
283	7	registration	0.07556003234813037
283	8	opened	0.07118159096536887
283	9	auspices	0.05827913282450177
283	10	airline	0.053407261802051534
283	11	teaching	0.05133595473212899
283	12	created	0.04991761354871621
284	1	karry	0.6172705409569208
284	2	httpstmekraray224466	0.4608612743039934
284	3	share	0.44966979330984047
284	4	channel	0.41017169927366975
284	5	telegram	0.16586825850948575
284	6	karari	0.022974962430334173
284	7	thats	0.021130604224766685
284	8	thank	0.012986399185413723
284	9	source	0.010757367888196874
284	10	agencies	0.00999699739778308
284	11	join	0.008100610633744438
284	12	efforts	0.00520820872205121
285	1	channel	0.2969416996033759
285	2	telegram	0.24331300890479127
285	3	follow	0.23977616481844052
285	4	sudan	0.04763641250542292
285	5	httpstmesudaaan	0.04205469772064174
285	6	copied	0.03167566344917921
285	7	proud	0.022101650808297603
285	8	karry	0.022071010621424785
285	9	later	0.020373978657356438
285	10	believe	0.020089443098858965
285	11	share	0.0169245362843055
285	12	httpstmekraray224466	0.016900994853724264
286	1	jobs	0.43017224480879096
286	2	interested	0.30924280458424197
286	3	organizations	0.26370196138812935
286	4	contains	0.14199482669251495
286	5	channel	0.11528390519431335
286	6	telegram	0.09682481691121256
286	7	chain	0.04106906672508437
286	8	supply	0.02382920523022883
286	9	japan	0.02336261279679629
286	10	officer	0.02241601534728609
286	11	sudan	0.02214303480246803
286	12	currently	0.021393155943900004
287	1	maximum	0.29656604000606984
287	2	age	0.2933596562534542
287	3	30	0.18826928207297822
287	4	reliable	0.1778301829167213
287	5	coverage	0.17133719901208
287	6	khartoumjanjaweedcemetery	0.16548628269345242
287	7	years	0.1429640273223886
287	8	immediate	0.1324114855502199
287	9	follow	0.0973989549397444
287	10	sources	0.08816793459524484
287	11	whatsapp	0.0878608166867822
287	12	news	0.08027075571525046
