topic_id	display_label	raw_name	keywords	representative_excerpt_1	representative_excerpt_2	representative_excerpt_3
0	Conflict in El Fasher and North Darfur	0_rapid_fasher_el_army	['rapid', 'fasher', 'el', 'army', 'artillery', 'forces', 'city', 'tribune', 'camp', 'killed', 'darfur', 'north']	The Popular Defense Forces in North Darfur also announced the capture of eight, including a lieutenant colonel, affiliated with the Minawi movement, in the “Qisa Jamat” area in Kalimando locality.	The Commander of the Rapid Support Forces, Lieutenant General Mohamed Hamdan Dagalo, known as Hemedti, while addressing his forces in the Wadi Howar region of North Darfur on Tuesday, denied liquidating prisoners who were captured in the battles of East and North Darfur in the past two days, saying, “The rumor launched by the Minawi movement What he said about eliminating the Zaghawa people is all a lie.” *	"For his part, the spokesman for the Rapid Support Forces, Lieutenant Colonel Adam Saleh, announced that their forces ""defeated the rebels in the Ain Siro area of ​​Kutum locality in North Darfur state."" He explained that it was one of the groups that fled the battle of the northern axis in Wadi Howar and entered the Sudanese-Chadian border. Saleh said in statements reported by the Sudan News Agency on Sunday that the Rapid Support Forces continued to chase and pursue the rebels fleeing the battles in the states of North and East Darfur. He stressed that the Rapid Support Forces inflicted losses on the rebels in lives and property and were able to seize a large number of military vehicles and also destroyed a number of military vehicles, indicating that the clashes and chases are still continuing."
1	Education, schools and examinations	1_students_education_exams_school	['students', 'education', 'exams', 'school', 'certificate', 'schools', 'university', 'teachers', 'secondary', 'educational', 'student', 'universities']	It also maintained 10 schools that were affected last fall with $200,000 provided by the Saudi Red Crescent, in addition.	To build a school in the Taiba Al-Ahamda area.	"The ""deported"" Minister of Justice was a candidate for the position of Prime Minister (Ze) A lecturer sparks a crisis at the University of Khartoum Sudanese: Bakri obliges the ministers to write a release (Al-Sudani) obtains information confirming that the Minister of Justice does not obtain a doctorate from America National Authority: Freezing the funds of people suspected of being linked to terrorist activities Ghandour:"
2	Humanitarian aid, food insecurity and famine	2_humanitarian_aid_food_famine	['humanitarian', 'aid', 'food', 'famine', 'million', 'nations', 'united', 'hunger', 'children', 'malnutrition', 'relief', 'unicef']	📡 *Sudan News Network SNN* _*(Eye on the truth)*_ *The United Nations thanks Sudan for hosting southern refugees* The Secretary-General of the United Nations, António Guterres, expressed the international organization's thanks and appreciation for Sudan's ongoing efforts to alleviate the impact of the crisis emerging in the southern country. The official spokesman for the Ministry of Foreign Affairs, Ambassador Qaribullah Khadr, said in press statements yesterday that Foreign Minister Ibrahim Ghandour received a message from the Secretary-General of the United Nations in which he affirmed the United Nations’ appreciation for the government’s efforts in a number of areas, such as providing humanitarian aid to those affected by the humanitarian crisis in the south. And mobilize the support of relevant national authorities.	Guterres thanked the Minister of Foreign Affairs for facilitating the United Nations response to the humanitarian crisis, by opening a corridor to deliver humanitarian aid from the city of Kosti, Nile State, and then opening two additional corridors for the same purpose from the city of El Obeid, North Kordofan State, to the cities of “Bentiu” and “Aweil” in South Sudan. He also expressed his appreciation for the government's continued warm welcome in welcoming refugees from the south, stressing the continuation of his efforts with member states to attract additional funding to support the response to the needs of refugees in Sudan and other countries neighboring South Sudan. Khader said that the Secretary-General of the United Nations confirmed that they are relying heavily on the government of Sudan to support regional and international efforts to put pressure on the parties to the crisis in South Sudan to stop the fighting. *	Actions against a company that tampered with dairy products Al-Bashir directs the inclusion of autistic children in schools Sudanese:
3	Football and Sudanese sports	3_almerreikh_alhilal_sports_stadium	['almerreikh', 'alhilal', 'sports', 'stadium', 'league', 'hilal', 'cup', 'football', 'team', 'match', 'defeats', 'mars']	1,000 cases of watery diarrhea, including 20 deaths (39,880) Tramadol pills were seized and a Nigerian football player was arrested The Chadian president contacts armed movements to join the dialogue document Current:	the conclusion of the Qatar Festival “Arc de Triomphe” races in Paris His Highness the Amir makes a call with the Turkish President Qatar Airways celebrates its 20th anniversary with an air show with the Red Arrows in the sky of Doha Paris Saint-Germain beats Bordeaux with a score and strengthens its lead in the French League Egyptian pyramids:	No talks with Pyongyang, except for the issue of the Americans The QSL Cup tournament starts tomorrow The Minister of Culture and Sports meets the German government envoy for cultural cooperation Opening of the conference for building engineering capabilities and competencies and qualifying them for the labor market Egyptian pyramids:
4	Gulf, Iran and regional affairs	4_iran_saudi_qatari_arabia	['iran', 'saudi', 'qatari', 'arabia', 'qatar', 'iranian', 'yemen', 'syria', 'bin', 'yemeni', 'highness', 'prince']	The president will go to Riyadh on Friday Last minute:	Our relationship with Qatar is advanced and we will work to strengthen it In an exciting development in the Sudakal case:	6 Gulf and Arab countries boycott Qatar and Sudan calls for calm Al-Hassan Al-Mirghani:
5	Newspaper headlines and media round-ups	5_newspaper_headlines_newspapers_alintibaha	['newspaper', 'headlines', 'newspapers', 'alintibaha', 'political', 'alsudani', 'akhbar', 'alwatan', 'alsayha', 'alyoum', 'prominent', 'ad']	It is possible that Al-Bashir will come to Saudi Arabia The Minister of Oil meets with a number of foreign companies operating in Sudan Parliament appoints two committees on information and communications and a trade committee Last minute: New reports in the case of fake pharmaceutical companies The Jurisprudence Academy is investigating the sighting of the Ramadan crescent next Friday Expectations that the results of the secondary school certificate will be announced in mid-June Guidance to quickly resolve water cuts in the hose 🌐 *Sudan News Network* 🔸 *For more news, follow us on Facebook* 👇🏼👇🏼👇🏼 https://www.facebook.com/SudanNewsNetwork/ *And on the Telegram website.* https://t.me/Sd_News_Network	📡 *Sudan News Network SNN* _*(Eye on the truth)*_ *Headlines of newspapers issued on Thursday, May 25, 2017* Monitoring and preparation: Magdy Shafiq Ahmed Hammam Sudan University of Science and Technology Today's news: Sudan demands an external investigation into its accusations against Egypt, South Sudan, and Haftar Egyptian President:	Headlines of Sudanese newspapers issued on Wednesday, September 13, 2017 Monitoring and preparation: Magdy Shafiq Ahmed Hammam Sudan University of Science and Technology New details about the cancellation of the African-Israeli summit.
6	Ethiopia, Tigray and the border	6_ethiopian_ethiopia_border_tigray	['ethiopian', 'ethiopia', 'border', 'tigray', 'addis', 'ababa', 'eritrea', 'eritrean', 'alqalabat', 'abiy', 'crossing', 'region']	Lifting economic sanctions on Sudan today (Friday) Ghandour and the Ethiopian Foreign Minister meet Machar in South Africa to restore peace in the southern country The government regrets that Sudan is included among the countries that fail to combat human trafficking Execution by hanging for those convicted of raping a disabled girl in Dongola	The people of the South do not regret separating from Sudan 150 Ethiopian dissidents took refuge in Sudan from Eritrea Abdel-Hay Youssef refutes Libyan allegations linking him to ISIS Current: Lieutenant General Taha reveals to the movement the secrets of his dismissal Abdel-Hay Youssef responds violently to the Libyan accusations Amendments in the Khartoum government by 40% Roads and bridges:	18 security features for the new ID card The government pays 400 million diyat to Ethiopians Objections within the National Council to the legitimacy of parliament Security Director:
7	Cholera, dengue and disease outbreaks	7_cholera_cases_fever_dengue	['cholera', 'cases', 'fever', 'dengue', 'epidemic', 'deaths', 'recorded', 'disease', 'health', 'malaria', 'measles', 'spread']	The presidency directs rapid intervention to contain watery diarrhea in the White Nile Governor of North Darfur:	The First Deputy directs urgent intervention to contain diarrhea in the White Nile Hassabo:	📡 *Sudan News Network SNN* _*(Eye on the truth)*_ *Casha: An increase in cases of watery diarrhea infections and deaths* The governor of White Nile State in southern Sudan, Abdel Hamid Kasha, announced an increase in cases of infection and death due to what he described as an epidemic of watery diarrhea, confirming that 2,755 people have been infected with the disease, and 49 others have died since the epidemic spread in the state. On May 4, the Sudanese Ministry of Health confirmed the death of 16 people suffering from watery diarrhea, out of a total of 973 cases in White Nile State, bordering South Sudan. Kasha said in a statement before the Council of States in Khartoum on Tuesday evening that he cannot declare a state of emergency because that is not within his jurisdiction and must be done by the World Health Organization.
8	Israel, Gaza and Palestine	8_israel_israeli_palestinian_gaza	['israel', 'israeli', 'palestinian', 'gaza', 'normalization', 'palestine', 'jews', 'strip', 'trump', 'arab', 'entity', 'lebanon']	Israel gives thousands of #Sudanese immigrants a choice between imprisonment or departure #Sudan_News_Network https://t.me/Sd_News_Network The Israeli authorities announced on Thursday their intention to arrest thousands of unauthorized Sudanese immigrants and place them in a detention center if they do not leave the country voluntarily. The numbers indicate that the number of illegal immigrants living in Israel reached about 60,000 immigrants from Africa, including 15,000 immigrants from Sudan.	Israeli Interior Minister Eli Yishai said that the arrests will begin in mid-October. Yishai added, in statements reported by Israeli Army Radio, “Once the immigrants are unable to work, they will fall ill and want to leave the country voluntarily.” The minister's statement comes despite the Supreme Court's approval last August for Israel to continue procedures to deport African refugees who illegally infiltrated it to an unnamed third country. Before this decision, Israel was detaining African refugees in an open prison for up to 12 months. # Israel cannot expel them to their homelands because it has signed an international refugee treaty that prohibits it from forcibly returning migrants to countries considered vulnerable to their persecution.	Mubarak's statements about Israel do not express our official position colors:
9	Violence, displacement and civilian harm	9_village_villages_militia_aljazeera	['village', 'villages', 'militia', 'aljazeera', 'rapid', 'citizens', 'killed', 'abu', 'fasher', 'displacement', 'camp', 'civilians']	26 people died and 170 were injured as a result of the Sabratha clashes	We will not remain silent about what happened in Khor Al-Warl camp Manufacturers' Chamber:	4 children were killed in regime bombing on Eastern Ghouta 12 killed as a result of air strikes on the Libyan city of Derna Venezuelan opposition:
10	Women’s rights and sexual violence	10_women_sexual_violence_rape	['women', 'sexual', 'violence', 'rape', 'girls', 'womens', 'cases', 'documented', 'raped', 'tribune', 'gender', 'exploitation']	Men bear 95% of the responsibility for female circumcision Identify the laws that need to be amended in the country Communications:	Students were mainly raped by their teenage classmates and teachers National Council:	The same is true of the Sudanese Eve due to the emotional drought that the Sudanese Adam has been experiencing for years. Regarding the reasons leading to this emotional dryness, he said that it is mainly due to wrong upbringing, loss of intimacy within the family, scarcity of verbal expression, shyness and brokenness when expressing feelings, along with fear, criticism or leniency from others, in addition to the negative view of masculinity and the loss of the culture of communication with females, which It is reinforced by the absence of mental health curricula and the poor psychological preparation of many, including overwhelming economic and living pressures, staying for long hours outside the home, and the phenomena of migration, alienation, and displacement, which led to spatial and emotional distance and caused this emotional famine and emotional attraction that affected three-quarters of Sudanese.!
11	Agriculture, farmers and harvests	11_agricultural_pounds_farmers_season	['agricultural', 'pounds', 'farmers', 'season', 'agriculture', 'wheat', 'livestock', 'production', 'acres', 'bag', 'seeds', 'harvest']	Ministry of Agriculture and Forestry In cooperation with the African Development Bank Youth Empowerment Program for Agricultural Entrepreneurship #Sudan_News_Network https://t.me/Sd_News_Network #Conditions • Sudanese by nationality • Resident in Sudan •	We carry our bags in the morning to schools, and in the afternoon we carry our agricultural tools to the fields and farms.	Production will double after the ban is lifted Next day:
12	Displacement, looting and attacks on civilians	12_civilians_homes_displacement_looting	['civilians', 'homes', 'displacement', 'looting', 'women', 'property', 'neighborhoods', 'killing', 'led', 'villages', 'addition', 'bombing']	The war in the region left 300,000 dead and displaced about 2.5 million people, according to United Nations statistics, but the government rejects these numbers and says that the death toll does not exceed 10,000 in the region, which is inhabited by about 7 million people.	5 Takfiris killed and terrorist hotspots containing explosive devices and explosive materials discovered and destroyed Due to bad weather conditions and rainfall... 5 people were killed and 28 injured in collision accidents in four governorates.	"This group should have known, because of which innocent people were killed."""
13	Religious prayers and blessings	13_god_oh_lord_ask	['god', 'oh', 'lord', 'ask', 'willing', 'mercy', 'gods', 'blessings', 'good', 'reward', 'praise', 'bless']	May God have mercy on him	Likewise, most families have members spread across the earth, seeking God’s blessings and leaving the care of their families to their student children.	It will be governed by a renewed vision for work mechanisms at the level of government and state agencies, so that we can intervene in them by evaluating, amending, and changing to maintain the rhythm of performance towards the desired goals whenever that is necessary and desired, with His Almighty permission. We ask for help and support in this regard from God Almighty, the Most High, the One with great bounty.
14	COVID-19 pandemic	14_corona_coronavirus_virus_cases	['corona', 'coronavirus', 'virus', 'cases', 'pandemic', 'suspected', 'health', 'infected', 'infection', 'infections', 'confront', 'deaths']	“13” infected people in one million on Thursday Khartoum is in the process of deporting a leader of a terrorist organization to Cairo Current:	- Unknown fevers hit villages in the Red Sea - An exemption campaign targeting electricity company managers - Kassala Prosecutor’s Office pursues “Jamaa” and calls on citizens to help arrest him - Health insurance dismissals reject their dismissal decisions Follow the latest Sudan news on Telegram via the link​. https://t.me/Sd_News_Network	Health and shelter equipment for Sudanese students coming from China. Follow the latest news on the Telegram application via the link https://t.me/Sd_News_Network The health authorities in Sudan have completed all their preparations to receive Sudanese students coming from China, while Khartoum Airport receives 200 students, confirming that there have been no cases of infection or suspicion of infection with the Corona virus in Sudan. Dr. Sarah Abdel-Azim, Undersecretary of the Federal Ministry of Health, said in a press conference in Khartoum that there is complete coordination on arrangements for receiving students coming from China through a joint committee that includes all relevant authorities. The Federal Ministry of Health, in coordination with some parties, prepared a center to shelter the returnees and isolate it, along with providing it with means of living, comfort, and monitoring of the arrivals.
15	Jobs, vacancies and recruitment	15_required_degree_officer_vacant	['required', 'degree', 'officer', 'vacant', 'assistant', 'related', 'port', 'monthly', 'management', 'field', 'vacancies', 'salary']	Requirements: Nursing Diploma/Official Diploma/Accredited First Aid Certificate. _ 6 months of experience in the health care field or equivalent health care courses. _ Age from 21 to 35. _ Application is available for females only. _ Salary 2500 riyals. _	Not only that, we also offer travel and immigration opportunities for those looking for new horizons elsewhere. 🌏✈️ _ Our channel is a platform for disseminating job opportunities for Sudanese, as we provide opportunities and jobs that contribute to building a sustainable future. 💼🌟 _ Join us today via the following link: https://t.me/sudan_news1 And be part of our diverse and inspiring community! 🤝🔗	Or even if I am still closed in Sudan, but are you looking for job opportunities for me in dollars in organizations operating in Sudan?
16	Constitution, elections and political transition	16_legislative_constitutional_elections_ministers	['legislative', 'constitutional', 'elections', 'ministers', 'freedom', 'party', 'political', 'change', 'democracy', 'transitional', 'government', 'congress']	a plan to activate asset declarations The Speaker of Parliament complains about the negligence of MPs Political microscope:	There is no intention to withdraw from the government Today's news:	There is no intention to amend the constitution to increase the term of the president Attention:
17	Food baskets and charitable assistance	17_baskets_food_charity_crescent	['baskets', 'food', 'charity', 'crescent', 'families', 'displaced', 'meals', 'red', 'distributes', 'initiative', 'qatar', 'charitable']	The Secretary-General of the Association also reviewed the most important activities carried out by the Red Crescent in the past period, adding that the Crescent will open in the coming days five model villages in Kassala State before the fall, and these villages were built with the support of the Emirates Red Crescent, adding the possibility of generalizing the experience in the states of Darfur by offering the experiment.	The Secretary-General of the Society added that the Red Crescent launched an electronic sponsorship project for orphans to sponsor 7,800 orphans with Emirati support of about $10,000, noting that 70% of orphan families were provided with an electronic sponsorship card.	He added that the Red Crescent launched the “Kifayat Harb” initiative in cooperation with the “Sudan Hawa” group, which is an artistic initiative to spread the culture of peace and social peace, explaining that the initiative received a wide response.
18	War crimes, genocide and international law	18_crimes_genocide_law_international	['crimes', 'genocide', 'law', 'international', 'civilians', 'humanitarian', 'conventions', 'ethnic', 'violation', 'violations', 'committed', 'humanity']	800,000 Tutsis and moderate Hutus were victims of massacres committed in Rwanda in 1994 within 100 days while the world stood by and watched. The Rwandan Ministry of Foreign Affairs also said in a statement, “Rwanda, like other countries in the world, was horrified by the scenes of the tragedy now taking place in Libya, where African men, women and children who were on their way to exile were turned into slaves.”	The International Committee expressed its hope that in the future it would be able to provide direct assistance to all civilians suffering from the effects of conflict and violence, including areas under the control of the armed opposition. Maurer said that his committee seeks to meet the humanitarian needs of those affected by the conflict, with a firm desire to support the ability of those affected to find decent livelihoods.	We want to strongly warn you,” he added, adding that monitoring such violations should be left to international observers. #
19	Foreign relations and diplomatic visits	19_foreign_ambassador_affairs_relations	['foreign', 'ambassador', 'affairs', 'relations', 'egyptian', 'countries', 'minister', 'president', 'egypt', 'bilateral', 'visit', 'brotherly']	📡 *Sudan News Network SNN* _*(Eye on the truth)*_ *Ibrahim Ghandour meets with Swiss Foreign Minister Didier Descartes* Today, Mr. Minister of Foreign Affairs, Professor Ibrahim Ghandour, met with Mr. Didier Descartes, Minister of Foreign Affairs of Switzerland. The meeting took place at the headquarters of the Swiss Ministry of Foreign Affairs in Bern, in a one-on-one meeting between the two ministers, followed by a joint official talks session in which Mr. Ambassador Dr. Mustafa Othman Ismail, Permanent Representative, and a delegation participated. Sudan participating in the meetings. The meeting, which was characterized by frankness and transparency, discussed ways to enhance bilateral economic, scientific, cultural and antiquities cooperation relations, in addition to supporting regional security and stability and international cooperation in a number of fields.	In a related context, His Excellency the Minister of Foreign Affairs provided an enlightenment to the group of Arab ambassadors in the Swiss capital, Bern, where Mr. Badr Saleh Al-Taneeb, Ambassador of Kuwait and Head of the Arab Group, welcomed His Excellency the Minister of Foreign Affairs and his accompanying delegation. In the company of Arab ambassadors, His Excellency the Minister touched on his meeting with the Swiss Foreign Minister, in addition to discussing strengthening joint Arab action to maintain peace and stability in the region. His Excellency called on the Arab countries to join efforts to support Sudan at the bilateral and multilateral levels. During his meeting with Mr. Guy Rieder, Director-General of the International Labor Organization, His Excellency the Minister praised the close relations that bind Sudan with the organization and called for more cooperation in the field of raising government capabilities in providing technical support in the field of promoting youth employment.	Recently, relations between Egypt and Sudan have witnessed tension and quarrels. Due to controversial issues, most notably the border dispute over the “Halayeb and Shalatin” triangle, Khartoum’s position in support of the Ethiopian Renaissance Dam, and Sudan’s imposition, on April 6 of this year, of imposing an entry visa to Sudanese territory on Egyptian males coming to it from the age of 18 to 50 years. * Anatolia News* 🌐 *Sudan News Network* 🔸 *For more news, follow us on Facebook* 👇🏼👇🏼👇🏼 https://www.facebook.com/SudanNewsNetwork/ *And on the Telegram website.* https://t.me/Sd_News_Network
20		20_meets_governor_minister_confirms	['meets', 'governor', 'minister', 'confirms', 'health', 'reviews', 'suna', 'receives', 'nile', 'agency', 'council', 'delegation']	There is no intention to amend the constitution to increase the president’s term Nyala Legislative Council cancels a government decision to liquidate the Business and Finance Project An American initiative pushes Minawi and Jibril to dialogue with the government (28) killed and injured in a traffic accident on the Khartoum Civil Road Independent: Referring the report of the National Auditor in South Darfur to the Attorney General Egypt arrests 16 minerals from within Sudanese territory Parliamentarian adopts negotiations with Hilal and Al-Helu Al-Bashir launches development projects in West Darfur on Tuesday Sudan Vision: A plan to absorb Sudanese talents returning from Saudi Arabia The Central Bank carries out an unprecedented sale deal on the Khartoum Stock Exchange A police battalion to prevent corruption and smuggling in mining areas Al-Ahram today:	Sudan News: ○Maamoun Hamida: Measures to prevent the appearance of diarrhea in schools ○ Afaf Tower: Crown Prince of Aqar, Arman and Al-Helu ○More than (2) thousand agricultural and animal production associations have been registered in North Kordofan State ○The “Popular” warns the “National” and acknowledges that its participation in the government is worthless ○Independent parliamentarian Ahmed Sabah Al-Khair: Forming a committee to follow up on the implementation of the outcomes of the national dialogue for greater reassurance ○A media plan in Al-Jazeera State to achieve the goals of the agricultural season in the Al-Jazeera project ○The Eid prayer of Sheikh “Azraq Taiba” sparks controversy on Facebook: strange costumes, and the sheikh’s followers carry microphones and an umbrella for him during prayer ○Report: Haftar uses Sudanese “Justice and Equality” mercenaries ○To provide the opportunity for a larger number of Sudanese and political forces to participate, the Sudan National Liberation Movement Party demands postponement of the discussion of the constitution.	News summary for Friday, September 1, 2017 Happy New Year Politics and Economics:​ 👈🏻 The President of the Republic congratulates the Sudanese nation on the occasion of Eid Al-Adha 👈🏻Ibn Zayed congratulates the President of the Republic on Eid Al-Adha 👈🏻The Governor of North Darfur congratulates the citizens of the state on Eid al-Adha and receives Eid congratulations at the presidential house 👈🏻The National Union of Youth of South Darfur State holds a training workshop in the field of health awareness and education 👈🏻Snar celebrates the 54th Tree Day following the Eid holiday 👈🏻Britain supports southern refugees in the country with $3.8 million 👈🏻The Director General of the Ministry of Industry and Investment calls for the preservation of sacrificial skins 👈🏻The Governor of the Blue Nile reviews the arrangements for the state to host the Nile Boat Competition and Makkuk Honoring Festivals.
21	Health care, hospitals and medicines	21_doctors_medical_health_borders	['doctors', 'medical', 'health', 'borders', 'room', 'patients', 'emergency', 'medicines', 'humanitarian', 'hospitals', 'malnutrition', 'hospital']	The morgue receives 5-7 deaths of girls due to circumcision during the summer vacation The Council of Ministers approves a report that includes stopping flour imports and any new licenses for mills The Khartoum government approves a law banning light plastic bags	He pledged to provide treatment services to those coming from the various states of Sudan, and expressed his full responsibility towards them, and warned The benefits received by medical personnel do not represent anything in exchange for providing treatment services to patients and saving their lives.	For his part, the director of the Salamat Organization in Britain, Dr. Muhammad Al-Amas, said that the organization is a voluntary medical charity in Britain that aims to upgrade medical services in Sudan in the peripheries, indicating that previous circumstances prevented them from reaching Kadugli.
22	Armed struggle and military mobilisation	22_struggle_victory_battle_army	['struggle', 'victory', 'battle', 'army', 'armed', 'forces', 'popular', 'battleofdemocracy', 'liberation', 'martyrs', 'selfdefense', 'guardians']	_ Statement of the Sudan Liberation Army Movement, wing of Abdul Wahid Muhammad Ahmed Al-Nour ●	Do not hope that the army will return you Amin Hassan Omar:	We will work seriously and decisively to protect and defend citizens with all our might We warn the militias and any other party that attacks defenseless civilians and displaced people ــــــــــــــــــــــــــــــــــــــــــــــــــــــــــــــــــــــــــــ _Join the Sudanese scene on Telegram via the link​ https://t.me/Sd_News_Network
23	Hamdok, political parties and transition	23_hamdok_party_communist_hamdoks	['hamdok', 'party', 'communist', 'hamdoks', 'freedom', 'political', 'leader', 'prime', 'change', 'government', 'congress', 'revolutionary']	We acknowledge the Kingdom’s sovereignty over Tiran and Sanafir French legislative elections:	The president buried the legend of Kalma camp...civil leaders demand an extension for Bashir for a third presidential term.	It is no longer possible to tolerate the subversive role practiced by Qatar Demands in Parliament to remove holders of foreign passports from constitutional positions Health:
24	Displacement camps in El Fasher and Tawila	24_village_displaced_families_fasher	['village', 'displaced', 'families', 'fasher', 'tawila', 'camp', 'el', 'camps', 'residents', 'city', 'villages', 'food']	The residents said that all the settlements refused to allow these refugees to live within their borders, and they pointed out that the refugees, especially those who follow the Darfur movements in a number of Israeli cities, are not welcomed by anyone and are no longer welcome.	The displacement of 120 thousand people from Kirkuk Spain:	30% of the residents of the city of Nahud lost their homes Abu Bakr Abdel Razek:
25	South Sudanese and Chadian refugees	25_refugees_chad_commissioner_high	['refugees', 'chad', 'commissioner', 'high', 'unhcr', 'nations', 'south', 'refugee', 'chadian', 'united', 'camps', 'million']	New influxes of southern refugees in White Nile State. # Sudan_News_Network https://t.me/Sd_News_Network White Nile State revealed that the number of South Sudanese refugees at waiting points in White Nile State exceeded 143,800 refugees.	South Sudan: We plan to return southern refugees from Sudan #Sudan_News_Network https://t.me/Sd_News_Network The Ambassador of South Sudan, Mian Dut, revealed the formation of a committee from the Ministry of Humanitarian Affairs and Disasters in his country to study the conditions of the displaced in preparation for their return to the homeland.	Dagna explained that, in coordination with the High Commission, the diplomatic bodies accredited in Khartoum were invited before the High Commissioner’s visit to Sudan to submit an appeal to the international community to support refugee programs from the State of South Sudan, as well as to visit the Khor Al-War refugee camp from the State of South Sudan in the White Nile State, accompanied by representatives of diplomatic missions and some international and national organizations working. In the field of refugees, which concluded with recommendations that work to take into account joining regional initiatives to solve the problems of refugees from South Sudan and support the areas affected by the presence of refugees.
26		26_blue_nile_governor_northern	['blue', 'nile', 'governor', 'northern', 'north', 'kordofan', 'locality', 'white', 'river', 'badi', 'reviews', 'launches']	North Omdurman demonstrated against the establishment of a waste station A former minister reveals the facts about the foundation results scandal on the island Finance:	I thank God that I am still wearing khaki Governor of Kassala:	"50) of 2017, regarding declaring a state of emergency in Kassala State.” ""."
27	Military operations around El Fasher	27_fasher_city_area_el	['fasher', 'city', 'area', 'el', 'forces', 'axis', 'vehicles', 'army', 'militia', 'division', 'artillery', 'siege']	"The spokesman said that the ""Ain Siro"" area is considered one of the areas that are difficult to enter, but the Rapid Support Forces were able to do so, and that they are now ""monitoring the border to pursue the fleeing rebels."""	He said that the events occurred during the movement of a force from the Rapid Support Forces carrying some evacuees to El Fasher in two vehicles, noting that they occurred in an ambush near Mstaariha and that it resulted in the destruction of one of the two vehicles, leading to the death of nine soldiers. He explained that the second vehicle returned to the Kabkabiya area and another Rapid Support vehicle moved to the scene of the accident to transport the bodies of the martyrs, saying that it was subjected to an ambush that led to the martyrdom of Brigadier General Abdul Rahim Jumah Dagalo, commander of the mobile phone, Hamdan Al Samih.	Salem confirmed that the Sixth Regiment in the Mustariha area is working to collect weapons with the “Rapid Support” forces in the region and not with Musa Hilal, and pointed out that the latter responded to the campaigns by telling the regular forces, “Ride it.”
28	Ethiopian refugees and Tigray displacement	28_ethiopian_refugees_ethiopia_tigray	['ethiopian', 'refugees', 'ethiopia', 'tigray', 'forests', 'refugee', 'ethiopians', 'ababa', 'addis', 'region', 'camp', 'camps']	And its financial resources in implementing its non-profit social plans.. 3-Any Ethiopian who obtains a university degree or above from America or Europe and returns to settle in his country...is granted a plot of land in the range of 50 thousand dollars for free from the state! 4- Ethiopia...does not have an expatriate body...nor a large army of employees, but rather an administration headed by an ambassador in the Ministry of Foreign Affairs... -5 Expatriates do not pay any taxes to the state. 6- When Saudi Arabia deported residency violators in March 2014... Ethiopian Airlines operated 22 daily flights to deport 134,000 Ethiopians for free... They were received at the airport by the Minister of Foreign Affairs... or a representative of the Ministry... The government set up tents around the airport in cooperation with the International Organization for Migration, the Red Cross, and UNICEF to receive the returnees and deport them to their villages.	August 18, 2017 The accompanying photos are not from America, but from Ethiopia during two years of reconstruction 👇👇👇👇👇👇👇👇👇👇👇👇	A Sudanese was killed and 370 Ethiopians took refuge after renewed confrontations in the Amhara region. Follow the latest news on the Telegram application via the link https://t.me/Sd_News_Network A Sudanese citizen was killed within the borders of Sudan, following renewed tribal confrontations between components of the Ethiopian Amhara region. A number of Sudanese cities witnessed persecution and pursuit operations between the warring nationalities of the region, and the confrontations led to 370 Ethiopians seeking refuge in the country. In a statement to Al-Shorouk, the deputy commissioner of Basinda locality, Mohamed Othman Al-Khalifa, expected an increasing wave of refugees due to the escalation of confrontations within the cities and villages of the Amhara region. The confrontations led to a new wave of refugees from the Tigray and Kanama nationalities to escape the conflict, which took a violent and armed form.
29	Khartoum policing and public security	29_police_security_khartoum_crime	['police', 'security', 'khartoum', 'crime', 'committee', 'phenomena', 'presence', 'interior', 'foreigners', 'director', 'hamza', 'cell']	A heated session of the national leadership in Khartoum regarding the formation of the state government Khartoum Police Director:	The commissioner of El Fasher confirmed that the security services are ready to resolve all kinds of chaos and negative phenomena again, while at the same time stabilizing the security situation in his locality, declaring that the locality is preparing to implement the second phase of weapons collection after having completed the first phase of educating and informing citizens of the importance of collecting weapons.	North Darfur State Police Director, Police Major General Abdullah Muhammad Omar, pointed out the decrease in the crime rate and attributed this to the wide police deployment in the state’s nine localities.
30	Banks, currency and exchange rates	30_bank_banks_exchange_dollar	['bank', 'banks', 'exchange', 'dollar', 'pound', 'rate', 'banking', 'currency', 'central', 'currencies', 'pounds', 'transfers']	📡 *Sudan News Network SNN* _*(Eye on the truth)*_ *The Central Bank is racing against time to address “remittance gaps”* The Central Bank of Sudan has directed commercial banks in the country to prepare for the period after the lifting of the US blockade on June 12, using advanced banking techniques used by international banks. The Bank of Sudan’s directive comes after a “trial” process that began last April, as part of the banking system’s preparations to carry out operations and receive transfers in foreign currencies, following years of stopping international banking transactions since the imposition of the American embargo about 20 years ago.	Sudanese, in the post-ban period, especially the weak use of global banking technology and the weakness of banking relations between global regional financial institutions and Sudanese banks.	For his part, banking expert Dr. Al-Fateh Shaa Al-Din expected that the Sudanese economy would achieve many benefits if the ban was completely lifted, anticipating an increase in the activity of the US aid agency and European institutions, noting that this would contribute significantly to increasing bank transfers and their flow from financial institutions.
31	Aviation, airports and flights	31_airport_flights_airlines_flight	['airport', 'flights', 'airlines', 'flight', 'aviation', 'plane', 'airspace', 'stranded', 'badr', 'passenger', 'passengers', 'aircraft']	We are ready to open the airspace to Sudanese aviation Last minute:	We do not want vehicles with S.H. plates anymore Khartoum Airport is closed from eight in the morning until one in the afternoon.	The coalition destroyed the airport’s navigation system, and we will not be able to receive United Nations aircraft Chinese people:
32	Passports, visas and immigration procedures	32_passports_passport_immigration_foreigners	['passports', 'passport', 'immigration', 'foreigners', 'police', 'administration', 'visa', 'registry', 'procedures', 'documents', 'factory', 'general']	He referred to the efforts of his country to combat the non -legitimate immigration to Uroba, which passes through the supporters, and the trading in the good Patriotism for this purpose by the head of the Minister of Justice.	Signing a contract to establish the electronic certification center (National Leader) supports the government’s position regarding the Gulf crisis Follow the Sudan Network on Telegram. https://t.me/Sd_News_Network	Learn about the travel regulations for the Republic of Egypt announced by the Passports. Follow the latest news on the Telegram application via the link https://t.me/Sd_News_Network The Passports and Civil Registry Authority, headed by the police forces, revealed a number of regulatory procedures and controls for travelers to the Arab Republic of Egypt, in coordination with the Egyptian side.
33		33_police_security_crime_intelligence	['police', 'security', 'crime', 'intelligence', 'services', 'rates', 'criminal', 'service', 'force', 'phenomena', 'defendants', 'negative']	Director of the Security Service:	American and French intelligence participate in the CISA conference Al-Bashir:	The government wins for future projects The Director of the Internal Security Service reveals:
34	Floods, rainfall and storm damage	34_floods_rains_torrential_torrents	['floods', 'rains', 'torrential', 'torrents', 'rain', 'affected', 'flood', 'heavy', 'collapse', 'homes', 'damaged', 'houses']	46 houses collapsed due to storms and rain on the Nile River Washington:	Reuters quoted authorities in Nigeria as saying that knowing the exact number of victims is almost impossible due to the vast area of ​​the desert.	The Kurdistan referendum has security and economic consequences A 3.4 magnitude earthquake was detected in North Korea Thousands flee their homes due to a volcano in Indonesia Emirati statement:
35	Ceasefires, peace talks and conflict negotiations	35_truce_ceasefire_parties_peace	['truce', 'ceasefire', 'parties', 'peace', 'conflict', 'war', 'agreement', 'stop', 'negotiation', 'movements', 'hostilities', 'warring']	The support of the southern state for the northern sector is the biggest obstacle to reaching an agreement on the two regions.	Disagreements in the northern sector increase the suffering of the people of the two regions Last minute:	The United States encourages all stakeholders to agree to stop hostilities as a beginning to work for peace and stability.
36	December Revolution and democratic change	36_revolution_revolutionary_glorious_freedom	['revolution', 'revolutionary', 'glorious', 'freedom', 'december', 'change', 'revolutionaries', 'rebellion', 'colonialism', 'goals', 'processions', 'terrified']	He said that this matter is no longer a limited factional demand, but rather has become a guarantor of bringing the revolution to its completion, and stressed that the revolution is to achieve its goals in lives.	In another direction, he called for protecting and guarding the revolution, and said that the agreement is a gift to the youth because the revolution is their revolution.	Antagonizing (revolutionary) serves the counter-revolution * Hemedti:
37		37_rebel_al_withdrawal_militia	['rebel', 'al', 'withdrawal', 'militia', 'islamists', 'major', 'alburhan', 'war', 'leaders', 'military', 'silent', 'saeed']	"He said, ""We knew that he had contacts with Hilal and we thought he was a good mediator, but unfortunately we were surprised by him carrying his rifle and fighting with Musa Hilal."""	He explained that before the events that led to his arrest, Hilal met with the notables of the civil administrations and agreed with them to respond to the decisions to collect weapons and request attendance to receive the (Rapid Support) forces and provide assistance to them in the event of weapons collection. Late last month, the Rapid Support Forces arrested the head of the Revolutionary Awakening Council, leader of the Mahamid tribe, the well-known Musa Hilal, and a number of his family members and those close to him.	Orders were issued against military personnel and civilians, including Al-Senussi, Ali Al-Hajj, and a popular leader, describing them as political.
38	Courts, corruption and criminal justice	38_court_corruption_prosecution_case	['court', 'corruption', 'prosecution', 'case', 'article', 'justice', 'judge', 'prosecutor', 'law', 'code', 'public', 'criminal']	(97%) of cases of assault on public funds before the judiciary Kasha:	the complainant waived his complaint and the judge released the accused Bakri and sector heads:	Last week, the State Security Prosecution referred the case file to the court after it completed investigations into the report, and filed charges against the defendants under Articles (66, 65, 64, 53, 51, 50, and 21) of the Criminal Code.
39	Sudanese in Egypt and deportations	39_egypt_voluntary_embassy_egyptian	['egypt', 'voluntary', 'embassy', 'egyptian', 'stranded', 'return', 'deportation', 'sudanese', 'violators', 'aswan', 'syrians', 'deported']	Egyptian transgressions in Halayeb are normal Raising the doctor's incentive to 20 thousand pounds to limit immigration Speaker of Parliament:	The Secretary-General of the Expatriates Authority, Karar El-Tohamy, said that the operations room receives returnees daily at Khartoum Airport and Suakin Port and records their data for use in providing the necessary assistance to them, indicating an increase in the number of returnees after the end of the grace period.	An agreement between Sudan and Libya to enhance cooperation and secure the borders Al-Bashir: The eruption of the situation in Libya contributed to an increase in illegal immigration and human trafficking activity An upcoming visit by the Director of the United States Agency for International Development to Sudan Al-Ahram today: A Sudanese-Libyan agreement to secure the borders and limit mercenary movements Hizb ut-Tahrir criticizes the failure to hold Mubarak Al-Fadil accountable for his statements regarding normalization The First Deputy affirms the state’s keenness to facilitate marriage Government:
40	Gold mining and mineral resources	40_mining_gold_mineral_company	['mining', 'gold', 'mineral', 'company', 'resources', 'production', 'companies', 'minerals', 'companys', 'ardoul', 'traditional', 'tons']	The killing of the cotton manager... a conviction and bloody events in court The deadline for the Russian company (Sybrin) and metals company to study the file has expired A dispute over land at the railway station was estimated at (billions) Parliament intends to review the activity of foreign mining companies Public opinion:	The Bank of Sudan’s policy is behind gold smuggling Khartoum:	High volume of gold production extracted by companies Public opinion:
41		41_httpstmesaqwl_spokesperson_office_watch	['httpstmesaqwl', 'spokesperson', 'office', 'watch', 'khartoumjanjaweedcemetery', 'official', 'account', 'sudannews', 'application', 'following', 'news', 'rapid']	⭕️Follow the Khartoum News account to watch the news on the Tik Tok application from the following link 👇 https://www.tiktok.com/@khartoum_news?_r=1&_t=ZM-92jlRjnGiQC #Khartoum_News #Khartoum_Janjaweed_Cemetery #Sudan #Sudan_News	⭕️Follow the Khartoum News account to watch the news on the Tik Tok application from the following link 👇 https://www.tiktok.com/@khartoum_news?_r=1&_t=ZM-92jlRjnGiQC #Khartoum_News #Khartoum_Janjaweed_cemetery #Sudan	⭕️Follow the Khartoum News account to watch the news on the Tik Tok application from the following link 👇 https://www.tiktok.com/@khartoum_news?_r=1&_t=ZM-92jlRjnGiQC #Khartoum_News #Khartoum_Janjaweed_Cemetery #Sudan #Sudan_News
42	Human rights investigations and accountability	42_rights_human_factfinding_mission	['rights', 'human', 'factfinding', 'mission', 'commission', 'independent', 'violations', 'expert', 'crimes', 'geneva', 'international', 'african']	He pointed out the importance of promoting and protecting human rights in the countries of the IGAD region in accordance with what is stipulated in the Universal Declaration of Human Rights and the African Charter on Human and Peoples’ Rights, which guarantees the individual’s right to movement, ensuring the enjoyment of the right of residence, movement of capital, exchange of knowledge and science, providing job opportunities and improving standard of living.	A European delegation inspects the situation of human rights and religious freedom in Sudan. # Sudan_News_Network on Telegram https://t.me/Sd_News_Network On Tuesday, a delegation from the European Parliament engaged in meetings with Sudanese officials in Khartoum to assess the human rights situation in the country and religious freedoms. According to a press statement by Foreign Ministry spokesman Qaribullah Khidr, Foreign Minister Ibrahim Ghandour met on Tuesday with Christine Beda, Chairman of the European Parliament Subcommittee on Human Rights, and his accompanying delegation of visiting members of the European Parliament Union. The European delegation will hold a series of meetings with state officials for the purpose of examining the human rights situation in the country, religious freedoms, and tracking ways to protect migrants and refugees whose flow across common borders is increasing.	The Minister of Justice meets the independent expert on human rights in Sudan. Maulana Dr. Idris Ibrahim Jamil, Minister of Justice, met in his office today with Aristide Nono Nsi, the independent expert on the human rights situation in Sudan, in the presence of Maulana Ahmed Abbas Al-Razm, Undersecretary of the Ministry of Justice, Maulana Salah al-Din Abdullah, Attorney General, and rapporteur of the Advisory Council for Human Rights, Dr. Tariq Majzoub. The Minister of Justice said in a press statement after the meeting that he briefed the independent expert on the latest developments in the situation regarding improving human rights conditions, especially in the field of law, implementing the recommendations of the National Dialogue, and separating the Public Prosecution from the Ministry of Justice in pursuit of justice.
43	Inflation and the parallel currency market	43_dollar_exchange_rate_inflation	['dollar', 'exchange', 'rate', 'inflation', 'currency', 'banks', 'banking', 'parallel', 'market', 'billion', 'bank', 'monetary']	During the trial period, complications emerged facing the actual application of global financial transfers, which prompted the Central Bank to organize a major workshop the day before yesterday, attended by general managers of banks, members of the boards of directors of banks, and representatives of financial and regional institutions, to discuss the treatments required in financial and monetary policies, and the challenges and opportunities facing banks.	The Central Bank carries out the largest deal to sell “shahama certificates” for one billion pounds A significant increase in the prices of medicines for diabetes, respiratory diseases, and malaria British companies begin investing in the electricity sector Excellent:	The next budget will meet the aspirations of citizens The Central Bank announces the readiness of the banking system for the post-lift phase
44	COVID-19 cases and public-health response	44_corona_cases_infections_suspected	['corona', 'cases', 'infections', 'suspected', 'virus', 'pandemic', 'deaths', 'health', 'recorded', 'infection', 'coronavirus', 'preventive']	He reported that the authorities isolated the patients in a school and specified specific foods for them to eat, which were rice and custard.	Here the monitoring and sorting of cases has ended.	The text of the law includes exceptions in cases of risk of infection, for example.
45	Drug seizures and narcotics control	45_drugs_drug_pills_seized	['drugs', 'drug', 'pills', 'seized', 'smuggling', 'combating', 'addiction', 'quantities', 'possession', 'police', 'shipment', 'administration']	Activating drug control and inspection campaigns	(Drugs are exported to our country so that our youth are off the grid) Al-Bashir meets the Sudanese student with the first Irish degree Current:	Ban on the sale of alcohol in the south for fear of destruction Follow the Sudan Network on Telegram. https://t.me/Sd_News_Network
46	Human trafficking and migrant smuggling	46_trafficking_human_smuggling_victims	['trafficking', 'human', 'smuggling', 'victims', 'gang', 'investigations', 'hostages', 'network', 'criminal', 'arrested', 'department', 'gangs']	A human trafficking network that used the Sudanese border as a crossing point Political microscope:	The Rapid Support Forces arrest seven of the largest leaders of armed gangs working in human trafficking and smuggling. # Sudan_News_Network https://t.me/Sd_News_Network The Rapid Support Forces clashed on the Sudanese-Egyptian-Libyan border with the largest armed gangs working in human trafficking and illegal immigration. Lieutenant Colonel Hassan Muhammad Abdullah, the field commander at the border, said in a statement to SUNA that the Rapid Support Forces, within the framework of combating trafficking and human smuggling, today managed to arrest 41 illegal immigrants of different nationalities on the Sudanese-Egyptian-Libyan border on their way to the state of Libya, and seven were arrested. One of the largest gang leaders involved in human trafficking and smuggling, and seventeen gang members were killed. The Rapid Support Forces also seized six fully armed vehicles, ten Thuraya devices, and a ZY vehicle.	Ten people were arrested from the Comoros, eight from Somalia, three from Bangladesh, 11 from Syria, and 16 from Ethiopia.
47		47_waiting_answer_zero_think	['waiting', 'answer', 'zero', 'think', 'happened', '2013', 'hour', 'ask', 'mean', 'clarify', 'know', 'understand']	So how can they reconcile the two?!	Will you go with us?” “ Is everything good?”	We do not want to open doors that are difficult to close.
48	African Union, IGAD and continental diplomacy	48_african_union_continent_membership	['african', 'union', 'continent', 'membership', 'president', 'summit', 'sudans', 'igad', 'sovereignty', 'representative', 'africa', 'commission']	A ministerial delegation from IGAD to Juba and (the press) obtains the details of the initiative The President will visit Russia in mid-August Ghandour meets his Zambian counterpart Sudan’s nomination to the Board of Directors of the International Atomic Energy Organization for Africa Today's news:	Professor Ibrahim Ahmed Omar stresses in his speech before the meeting of African parliamentarians the importance of peoples’ participation in setting development policies.	The President of the Republic opens the Soba Bridge amid a large crowd Prime Minister of Central Africa:
49		49_god_bless_messenger_grant	['god', 'bless', 'messenger', 'grant', 'prophet', 'almighty', 'lord', 'blessings', 'peace', 'allah', 'oh', 'prayer']	How can a Muslim who reads the Book of God kill a soul without sin?	He said to the Sons of Tawbah: “Anyone in the movement who wants to come back should contact me.”	May God have mercy on “Mustafa” and place him in the highest heaven and grant his family patience and solace.
50		50_follow_httpstmesudaaan_channel_whatsapp	['follow', 'httpstmesudaaan', 'channel', 'whatsapp', 'telegram', 'httpswhatsappcomchannel0029vapgy3o7dmecjcizwq2x', 'reliable', 'coverage', 'httpswhatsappcomchaannel0029vb2jdpaixnnnnnnnnnnnnnpxuj5a1x', 'challengesofthetransitionalperiod', 'sudan', 'news']	Sudan Tribune Follow the Sudan Network on Telegram. https://t.me/Sd_News_Network	Sudan Tribune Follow the Sudan Network on Telegram. https://t.me/Sd_News_Network	Sudan_News_Network on Telegram https://t.me/Sd_News_Network
51	Electricity, power supply and outages	51_electricity_station_energy_electrical	['electricity', 'station', 'energy', 'electrical', 'power', 'maintenance', 'outages', 'generation', 'stations', 'company', 'water', 'supply']	The consumer will not bear the 1.5 pounds for the meter reading service In new legislation commissioned by the Minister of Justice: New categories subject to the “Illegal Gain” Law British time:	Work will begin soon, God willing, announcing the start of work on two power stations and the Mellit network, indicating a number of proactive works that precede the implementation of these projects.	The flood is behind the decline in electrical generation Dolphin:
52	Displacement shelters and living conditions	52_displaced_shelter_food_conditions	['displaced', 'shelter', 'food', 'conditions', 'harsh', 'families', 'lack', 'elderly', 'cold', 'suffering', 'return', 'children']	"He continued, ""We have pledged with them to secure their places of return, and basic services will be delivered to their places."""	The head of the Displaced Persons and Refugees Authority explained that the state government presented three options for the displaced to end the displacement camps, which are either voluntary return to their original areas after providing security and necessary services, integrating the displaced into cities, or planning the camps into residential plans for the displaced to stay in them.	"The affected families are now living in the open air, without shelter or cover, in a cold climate."""
53	Oil, fuel and refineries	53_refinery_fuel_oil_energy	['refinery', 'fuel', 'oil', 'energy', 'gasoline', 'gas', 'petroleum', 'prices', 'stations', 'employees', 'pumping', 'company']	Pumping new investments into the arteries of the economy: two billion pounds in the petroleum sector and $150 million in agriculture Prime Minister: Moving government institutions to the Administrative Capital next year.. “Zohr” field produces 500 million feet of gas and reduces imports by 4 shipments Undersecretary for Legal Affairs at the Ministry of Interior told Al-Ahram:	Tomorrow, the oil and gas conference will begin in the capital.” Juba, and will discuss, with the participation of many companies and investors, how to strengthen new partnerships in the field of oil in the country.”	Minister of Oil and Gas:
54		54_headlines_army_news_alburhan	['headlines', 'army', 'news', 'alburhan', 'newspaper', 'issued', 'ad', 'truce', 'electronic', 'alsudani', 'political', 'prominent']	The Sudanese Congress accuses members of the security services of being involved in a plot to overthrow the revolution Nile International newspaper: - Israel: The signing ceremony for normalization with Sudan in Washington within three months - Ethiopia to the Sudanese army: We do not want any conflicts - Wajdi: What the remnants of the former regime are doing will not deter the committee from its work - The pound continues to decline, and the dollar records 330 pounds - Sudan is discussing with Saudi Arabia its border crisis with Ethiopia Armed Forces newspaper: - Coexistence: Sudan will remain keen on a peaceful solution to the border issue with Ethiopia The Minister of Defense and Matouk discuss the ceasefire mechanism in Darfur and the two regions - The Chief of Staff inaugurates a number of strategic projects on the eastern border The Armed Forces confirm their support and assistance to the media and facilitate their tasks Sodamedia News electronic newspaper: - The armed forces deny restricting the movement of journalists to Darfur. -	Sodamedia News electronic newspaper: The Security and Defense Council reviews the security situation and Sudan’s foreign relations.	A day on Eid (2-2)... with the governor of Khartoum by Al-Jazli and Salem Al-Watan newspaper: - The number of victims of the conflict in the Blue Nile has increased, and the Security and Defense Council takes urgent decisions - Sending military reinforcements from the center and directing the formation of an investigation committee – Warning of the deteriorating health situation in Khartoum - Wajdi Saleh: The de facto authority bears responsibility for the violence _ Advertised: A contract (delivery driver) is available in Saudi Arabia.
55		55_damazin_abdul_al_hassan	['damazin', 'abdul', 'al', 'hassan', 'muhammad', 'writes', 'albilal', 'hamid', 'ali', 'ahmed', 'altayeb', 'ibrahim']	Because Ghandour did not present it to him personally.”	Dear Matrouk...Nahed Qarnas..Good morning.	Dr. Omar Al-Jazli writes (from the other): In memory of my late resident friend... Professor Ibrahim Awad.
56	Telecommunications, internet and Starlink	56_networks_starlink_communication_devices	['networks', 'starlink', 'communication', 'devices', 'internet', 'telecommunications', 'communications', 'interruption', 'operational', 'accounts', 'followers', 'phone']	2 million unregistered SIM cards Shout:	Our patience has limits Introducing deterrent penalties to confront social media Attention:	Localities impose impossible conditions to prevent the establishment of communications towers Political microscope:
57		57_ad_todays_news_headlines	['ad', 'todays', 'news', 'headlines', '2024', '2025', 'bulletin', '2017', 'saturday', 'issued', 'wednesday', 'important']	Newspaper headlines issued on Friday, June 9, 2017 Monitoring and preparation:	Newspaper headlines issued on Saturday, June 24, 2017 Monitoring and preparation:	Newspaper headlines published on Wednesday, June 28, 2017.
58	Government appointments and ministries	58_ministries_khartoum_appointment_kamel	['ministries', 'khartoum', 'appointment', 'kamel', 'governor', 'idris', 'controversy', 'ministers', 'tijani', 'headquarters', 'service', 'explaining']	The President of the Republic praised the state government and all the former governors who built bridges and tunnels, unlike other states in which the federal government is building bridges, stressing the necessity of the center’s support for Khartoum State so that it can complete its development projects.	Al-Bashir touched on the suffering of the citizens of Khartoum before the establishment of the bridge and road network, and that there are areas close to the center that were cut off during the fall season.	Residents of the neighborhoods in Omdurman hold the governor of Khartoum responsible for their lives Deported Minister of Justice:
59	Customs, borders and goods smuggling	59_customs_goods_smuggling_luggage	['customs', 'goods', 'smuggling', 'luggage', 'crossings', 'dogs', 'exempt', 'smuggle', 'personal', 'duties', 'electrical', 'fees']	controls to regulate the movement of border trade Political microscope:	Costi - Rabak - Renk”, which allowed the entry of 54 goods into the southern state.	Head of Customs: We provide preferential benefits for expatriates and are preparing to provide more #Sudan_News_Network on Telegram https://t.me/Sd_News_Network ​ The head of the Customs Authority announced preferential benefits that Customs continued to grant to expatriates according to special treatment, granting them a complete exemption for home furnishings if the expatriate spent two years in residence, in addition to excluding them from bringing in cars older than 5 years for the “model.” This is an advantage not available to non-expatriates, stressing that Customs has no objection to sitting with The Expatriates Authority to prepare a memorandum to be submitted to the country’s leadership in which it takes into account expatriates and provides them with better benefits.
60	Budget, taxation and public finance	60_budget_finance_spending_taxes	['budget', 'finance', 'spending', 'taxes', 'economic', 'revenues', 'economy', 'citizen', 'treasury', 'ministry', 'money', 'ministers']	After the expulsion of the Minister of Finance:	One thousand young people own the means of production Parliamentary Committee:	4 parliamentary ministers were summoned due to the bread crisis Parliament:
61		61_join_scene_httpstmesdnewsnetwork_link	['join', 'scene', 'httpstmesdnewsnetwork', 'link', 'telegram', 'sudanese', '', '', '', '', '', '']	ــــــــــــــــــــــــــــــــــــــــــــــــــــــــــــــــــــــــــــــــ _Join the Sudanese scene on Telegram via the link​ https://t.me/Sd_News_Network	ــــــــــــــــــــــــــــــــــــــــــــــــــــــــــــــــــــــــــــــــ _Join the Sudanese scene on Telegram via the link​ https://t.me/Sd_News_Network	ــــــــــــــــــــــــــــــــــــــــــــــــــــــــــــــــــــــــــــــــ _Join the Sudanese scene on Telegram via the link​ https://t.me/Sd_News_Network
62		62_headlines_newspapers_newspaper_2022	['headlines', 'newspapers', 'newspaper', '2022', 'ad', 'morning', 'prominent', '2017', 'issued', 'published', 'hammam', 'shafiq']	📡 *Sudan News Network SNN* _*(Eye on the truth)*_ Newspaper headlines issued on Thursday, May 18, 2017 Khartoum newspapers:	Akhir Lahza newspaper* 🌐 *Sudan News Network* 🔸 *For more news, follow us on Facebook* 👇🏼👇🏼👇🏼 https://www.facebook.com/SudanNewsNetwork/ *And on the Telegram website.* https://t.me/Sd_News_Network	📡 *Sudan News Network SNN* _*(Eye on the truth)*_ Newspaper headlines published on Friday, May 19, 2017 Monitoring and preparation: Magdy Shafiq Ahmed Hammam Sudan University of Science and Technology Today's news:
63		63_god_oh_protect_mighty	['god', 'oh', 'protect', 'mighty', 'victory', 'blessings', 'grant', 'mercy', 'hired', 'traitors', 'homeland', 'ask']	Greetings and respect to the heroic Sudanese people Praise be to God who honored me to serve the people of Sudan, a people whose blood and sacrifices cost me the blood and sacrifices of its martyrs, male and female missing persons, rapists, detainees, displaced persons, injured, rebels, and revolutionaries, in order to fulfill and preserve their absolute right to health, peace, and decent living.	D. Gabriel Ibrahim: We did not come to count the graves, we came to serve the living.	May God protect you and protect the homeland from the filth of agents, mercenaries, hired hands, and traitors to the homeland.... Oh God, we ask you in your great name, by which if you ask, you answer, and if you pray, you give... to grant victory to the Sudanese Armed Forces over the rebel Rapid Support Militia, a mighty and sustained victory. O God, repel their attacks, annihilate their enemies, make their feet firm, bind their hearts, and hasten their victory. Oh God, protect our people from the east to the west of the earth Oh God, protect our people on #Al-Jazeera and all regions under the rapid fire of looting, and be their help and supporter. Oh God, protect them in their homes...and protect their elders, women, and children from the evils of these killers.
64		64_father_love_sudanese_battle	['father', 'love', 'sudanese', 'battle', 'history', 'humiliate', 'drink', 'like', 'gave', 'pride', 'truth', 'chad']	My brother and I are “innocent” of the blood of any Sudanese Minawi:	The lie did not convince the youngest Sudanese child who knew by nature who the “remnants” were, and you were one of them, by birth, breastfeeding, and lowliness.	It is the trustworthiness of the wolf who demands that we entrust him with the resting places of the sheep, and the people of Darfur are too smart to be deceived by the youngest of the demented Dagalo boys.
65	Hospitals, doctors and medical services	65_health_hospital_doctors_medical	['health', 'hospital', 'doctors', 'medical', 'surgery', 'center', 'personnel', 'hospitals', 'machines', 'strike', 'heart', 'preparing']	25% of hospital funds were wasted due to lack of training Last minute:	Especially after a voluntary return commission was established, adding that Mellit Hospital will be rehabilitated and maintained in the next stage through the Ministry of Health.	The Ministry will continue to implement the policy of free treatment for a number of poor diseases, including the treatment of cancer patients.
66	UN Security Council, sanctions and missions	66_sanctions_security_council_united	['sanctions', 'security', 'council', 'united', 'nations', 'mission', 'envoy', 'representative', 'session', 'resolution', 'imposed', 'sudan']	We were not asked to establish an American military base in Sudan I cannot determine who will be my successor at the National Conference UN Security Council:	The second stage of weapons collection is compulsory and no one will be excluded Sudan and Qatar hold their ministerial meetings UN officials are pushing to lift sanctions on Sudan Sudan appeals to the international community to support the arms collection campaign Homeland: Sudan decides to send aid to the Rohingya Muslims via Bangladesh Opponents led by Amin Mekki deliver a memorandum to Congress demanding that the sanctions not be lifted Minister of Endowments:	Next week, the Security Council will discuss reducing the UNAMID mission to 44%.
67	Weather forecasts and temperatures	67_weather_moderate_temperatures_meteorology	['weather', 'moderate', 'temperatures', 'meteorology', 'hot', 'willing', 'facebook', 'expected', 'rain', 'cold', 'temperature', 'night']	I recovered in Russia without surgery Meteorology expects a drop in temperatures, dust and rain during the next two days Public opinion:	Do not tolerate saboteurs and weak-minded people Meteorology rules out that Sudan will be affected by the tropical storm The trend:	Rainy weather and heavy clouds over parts of the Kingdom Al Jazeera Saudi Arabia:
68	Justice, democracy and political marginalisation	68_injustice_revolution_freedom_regime	['injustice', 'revolution', 'freedom', 'regime', 'democracy', 'democratic', 'political', 'marginalization', 'revolutions', 'justice', 'power', 'achieve']	The Loyal Sons of Sudan Initiative.. Sudanese who hold regional and international positions.. What is their role, and what is the benefit that the nation reaps from their positions, and is there a supervising or follow-up body with them to benefit from their experiences and positions.. And the homelands have in the blood of every free person a free hand and a due debt. #	Let me launch the initiative of the loyal sons of Sudan in regional and international positions...a vision for the sake of serving the homeland...and for the homelands in the blood of every free person, a hand given and a debt owed.	We hope that we will not have to enter into confrontations with the military junta We formed a joint security committee to control the sit-in square, but we did not see its activation by the Council We do not know the details of the foreign visits of members of the Military Council, except for what is mentioned in the media Our revolution is supported by the Sudanese people only and not by regional countries or the international community Al-Bashir's regime is the one that brought us into the policy of axes, and we reject external interference in our affairs Our priority is to stop the war, enter into the process of democratic transformation, and address the economic burdens We are preparing for a massive Eid prayer in the sit-in square in Khartoum and in most states We are making preparations for a massive Eid prayer in the sit-in square in Khartoum and in most states There is no mediation between us and the military council, and our dialogue with it was conducted directly We welcome every regional and international decision that is in the interest of democratic transformation and handing over power to civilians Follow the latest Sudan news on Telegram via the link​. https://t.me/Sd_News_Network
69		69_suna_agency_news_sudan	['suna', 'agency', 'news', 'sudan', 'sama', 'sona', 'condition', 'summary', 'addresses', 'delivery', '2020', 'todays']	Country News - Sunday, March 8, 2020 AD - News headlines The best news summary to start your day sama news 🔵 Sudan News Agency “SUNA” - Al-Burhan:	📌 The condition of delivery is in Port Sudan e 📰 Today's news:	🇸🇩 #state_news_headlines 📌 Sudan News Agency “SUNA”:
70	Passports and civil-registration services	70_passports_immigration_passport_administration	['passports', 'immigration', 'passport', 'administration', 'registry', 'general', 'police', 'electronic', 'procedures', 'hijri', 'interior', 'services']	The Ministry of Interior makes an amendment to the Passports and Immigration Regulations of 1994.	The Director General of Police directs a review of the nationalities granted to foreigners.	40% increase in travel tickets Civil Registry: We delivered 9,000 passports to the public within three days Sandal:
71	Journalists, media and press freedom	71_journalists_media_female_press	['journalists', 'media', 'female', 'press', 'syndicate', 'journalist', 'professional', 'professionals', 'journalism', 'facts', 'war', 'union']	The General Union of Sudanese Journalists condemns the Egyptian authorities’ arrest of Rehab Taha #Sudan_News_Network https://t.me/Sd_News_Network Khartoum, October 7, 2017 The Egyptian authorities arrested at Cairo Airport this morning our colleague Rehab Taha Mohamed Ahmed, editor-in-chief of Al-Wefaq newspaper and a member of the forty-year council of the Sudanese Journalists Union, and took him to an unknown destination. The Union of Journalists denounces the action taken by the Egyptian authorities and denounces in the strongest terms the harsh measures, deportations, and interrogations to which a number of Sudanese journalists continued to be subjected at Cairo Airport, which are not commensurate with the nature of the fraternal relations and common history that binds the two countries.	The General Union of Sudanese Journalists rejects what happened and confirms that the Egyptian authorities arrested Rehab while he was accompanying his sick son on a visit that was necessitated by special reasons and unrelated to any professional activity or work that Rehab intends to do in Cairo. The Federation notes that it has communicated with the competent authorities inside Sudan and its embassy in Cairo to take urgent action to put an end to Rehab’s arrest first and to the harsh treatment that Sudanese journalists continued to face at Cairo Airport. The Federation also informed the International Federation of Journalists and the Federation of Arab Journalists of what the Egyptian authorities had done and appealed to all parties. We take urgent action to release Rehab.	The Kingdom...a continuous commitment to promoting and protecting human rights Yemeni media professionals:
72	International criminal courts and genocide cases	72_court_criminal_genocide_crimes	['court', 'criminal', 'genocide', 'crimes', 'justice', 'international', 'request', 'prosecutor', 'complaint', 'uae', 'humanity', 'lawsuit']	The American court’s decision targets Sudan and is inconsistent with justice The African Union confirms its position in support of the complete lifting of sanctions on Sudan A new Sudanese-Turkish agreement in the agricultural field Next day:	Sudanese officials accused some foreign media of conveying an unrealistic picture about the military conflict between government forces and rebels in the western states of Darfur. The International Criminal Court in The Hague had issued two arrest warrants against Sudanese President Omar al-Bashir in 2009, accusing him of committing crimes against humanity in the forms of genocide, forced displacement, and rape crimes. Sudanese officials strongly denied these accusations and accused the court of politicizing the cases. They also repeatedly stressed that Sudan Location of the Rome Convention, under which the International Criminal Court was established. #	Scenario of the UAE’s trial before international justice The UAE committed crimes of discrimination against Qataris The UAE led the destructive measures Qatar appreciates the positions of the High Commissioner regarding the repercussions of the blockade Egyptian pyramids:
73	Sudan–Egypt relations	73_egyptian_egypt_egypts_foreign	['egyptian', 'egypt', 'egypts', 'foreign', 'brotherly', 'president', 'cairo', 'regional', 'relations', 'sovereignty', 'external', 'stability']	"Egyptian President: I refuse to undermine our strategic relations with Sudan Al-Bashir leaves today for Riyadh to participate in the Islamic-American Summit The American military attaché discusses in the Blue Nile the commitment to stop hostilities ""Ghandour"" is holding discussions with the High Commissioner for Refugees Next day: Assistant to the President: Armed movements threaten regional security America renews its call to arms bearers to join the dialogue Hassabou: Relations with Chad are developing steadily Mubarak Al-Fadil: Sudan supports the “good intentions” of the World Bank Sudanese: Al-Bashir denies the presence of an American base in Sudan The Egyptian President: Our relationship with Sudan goes beyond strategy to the stage of one destiny Al-Bashir: The Government of National Accord is the largest in the world Ella: We will fight the black market and high prices Public opinion:"	"It was not possible to obtain an immediate response from the Egyptian authorities regarding these statements by Al-Bashir, but Cairo always emphasizes the historical ties and close relations between Egypt and Sudan. Al-Bashir explained, in his speech at a celebration for veterans at the headquarters of the Sudanese Ministry of Defense in Khartoum, that “the armed forces received unfortunately Egyptian vehicles and armored vehicles.” He added: ""The Egyptians we fought with since 1967, and we continued to fight (against the rebels) for 20 years, and they did not support us with a shot, and the ammunition we bought from them was spoilt."""	There are no gains from destabilizing Sudan Sudan declares its solidarity with Egypt Independent:
74		74_dont_come_didnt_personally	['dont', 'come', 'didnt', 'personally', 'play', 'did', 'silent', 'tonight', 'left', 'fact', 'satisfied', 'waiting']	Because they don't care about anything.	and continued, “There is no one there.”	saying, “We advised him, but he did not understand the advice.”
75		75_speedy_recovery_martyrs_mercy	['speedy', 'recovery', 'martyrs', 'mercy', 'wounded', 'righteous', 'missing', 'forgiveness', 'eternity', 'injured', 'ask', 'prayers']	I have seen it since the year 55 fighting, defending, and offering martyr after martyr.	May God save him with his body so that he might be a sign for those who succeeded him, after his soldiers fled, leaving his body in the open.	Our prayers for heaven and eternity to our glorious martyrs and speedy recovery to those injured.
76	Military equipment, armoured vehicles and ammunition	76_vehicles_armored_equipment_combat	['vehicles', 'armored', 'equipment', 'combat', 'losses', 'enemy', 'heavy', 'ammunition', 'tanks', 'inflicting', 'clearance', 'destroying']	For a whole year, he completed huge operations of modernization, training, and bringing in ground, sea, and air equipment. While doing this, he remained patient in his positions and provided some of them with food and drink via airdrops. Airdrops themselves require experience and knowledge. They rely on a history of patience, siege, overthrow, breaking the siege, and victory.	He was imprisoned there and came out with the war. He was imprisoned and went to war Most of the 15 vehicles turned out to be support intelligence because they only have relationships with officers He used to be patient with the people who were numb to the last time before the street closed almost in the morning.	Artillery shelling and air strikes in different areas 🚨
77	Music, artists and cultural events	77_artist_artists_singing_art	['artist', 'artists', 'singing', 'art', 'ask', 'artistic', 'song', 'forgiveness', 'illness', 'famous', 'band', 'mohamed']	Musician Muhammad Al-Amin sings for the homeland at the Officers Club Theater. # Sudan_News_Network https://t.me/Sd_News_Network Musician Professor Muhammad Al-Amin presents a new lyrical text that expresses the feeling of homeland in his public concert, which he will perform tomorrow, Friday, from the stage of the Officers Club.	"Atni” Square witnesses cultural days and festivals called for by intellectuals, especially the artists’ initiatives that turned the place into a studio during the World Painting Day celebration. It is not surprising to find a group of artists drawing their paintings on the walls of shops. “ Atni” also witnessed a book selling market called “ Furnished"" at nominal prices in an attempt to spread culture. Tourists, foreigners and diplomats also flock to the market, in addition to its intellectual patrons."	The plastic artist, Abdel Majeed Afifi, explained that his connection to the place is due to the fact that he includes a number of plastic artists and friends, and he said that his private studio is in one of the shops in the market. #
78	Terrorism and extremist violence	78_terrorist_terrorism_crimes_extremist	['terrorist', 'terrorism', 'crimes', 'extremist', 'classify', 'heinous', 'militia', 'brigades', 'regime', 'crime', 'atrocities', 'acts']	Homelands cannot be bought or sold, and rights must be returned to their owners. A real stand must be taken against the countries that finance and support terrorism.	The minister said that terrorism has revealed gangs and criminal leaders in the region, demanding that it be resolved, that its areas of presence be precisely identified and besieged, and that its crossings be closed to paralyze its movement.	"He added, ""We believe that terrorism is a controlled creation of objective circumstances that are neither abnormal nor complicated for solutions."
79		79_water_station_wells_meters	['water', 'station', 'wells', 'meters', 'stations', 'dam', 'drinking', 'dams', 'renaissance', 'irrigation', 'authority', 'sea']	"The governor said that his government was unable to provide clean water to two million citizens, and added, ""Two days ago, 54 people were injured due to water pollution."" He pointed out that water sources from which citizens were drinking were closed, due to pollution reaching very high levels, and that water was provided by 27 trucks."	Pointing out that the state is in dire need of basic services so as not to cause friction in other water sources due to their scarcity.	Ismail, after his presidency of the Supreme Water Committee.. A tripartite meeting of the irrigation ministers of Egypt, Ethiopia, and Sudan the day after tomorrow.
80		80_god_battle_victory_conquest	['god', 'battle', 'victory', 'conquest', 'know', 'dear', 'near', 'martyrs', 'channel', 'victoryfromgodandconquestisnear', 'gods', 'let']	(If you find me carrying a weapon, arrest me) The Presidency considers the Sheikh of the Celestial Carpet Sudan Vision:	In the name of God, the most gracious, the most merciful -The liquidator is... Their intelligence... their agents... their control rooms... the hotbed of foreigners... their quantities of secrets... their strike vectors... a quantity of their leaders. The liquidator is their end. The Sudanese people may not know that the Al-Jili liquidator... is the end of the actual war and even the end of the Maheriya’s existence.	In the midst of this, the shameful militia shocked the people of Sudan with a new massacre in The village of Wad Al Noura, where the number of martyrs reached more than a hundred, defenseless and poor people who have no power or strength except in God alone.
81		81_foreigners_immigration_immigrants_citizenship	['foreigners', 'immigration', 'immigrants', 'citizenship', 'deportation', 'illegal', 'legal', 'residency', 'violators', 'status', 'deported', 'presence']	Franken confirmed that the police will continue in this manner and that officials from the Aliens Office will inform the detainees of the possibility of seeking asylum in Belgium before returning to their home country.	A trend to restrict the migration of cadres over a period of time not exceeding one year Attention:	A plan to restrict refugees “Build the wall” is Trump’s most repeated phrase during his election campaign, in reference to building a wall on the US-Mexican border, to prevent the influx of illegal immigrants. The United States’ withdrawal from the Immigration Charter is a continuation of Trump’s approach to restricting immigrants and limiting their entry into the United States. Since Trump took office, the United States has become an “unfavorable” destination for many immigrants, which is contrary to the history of the United States, which relied on immigrants to build the country’s infrastructure. Meanwhile, our northern neighbor, Canada, is moving in a completely opposite direction, after Prime Minister Justin Trudeau announced reducing the period required for immigrants to obtain a Canadian passport from 4 years to 3, in addition to accelerating immigration procedures.
82		82_rent_house_housing_rents	['rent', 'house', 'housing', 'rents', 'planning', 'residential', 'neighborhoods', 'urban', 'estate', 'eviction', 'localities', 'shambat']	Representatives in Kassala demand clarifications about the sale of lands.	The Deputy Commissioner and Executive Director of the locality, Mr. Muawiya Suleiman, called on the Bureau’s administration to implement productive plans and projects that move the weak segments from the cycle of poverty to the cycle of production and sufficiency, and to employ capabilities and resources to meet the challenges of poverty and displacement to the locality due to various reasons, praising the Bureau’s efforts in supporting the poor and needy. The Deputy Commissioner stressed the need for the Social Development Department to play its full role in inspecting the poor and needy, reaching orphans and widows, and addressing their issues, praising the efforts of the Zakat Office and the local Social Development Department in supporting the vulnerable segments of society.	A package of development decisions to facilitate citizens Higher directives to government agencies to conduct a price survey before expropriation (Housing) and (Real Estate) close the file of 280 thousand residential products in 2017 The Attorney General:
83		83_health_hospital_medical_center	['health', 'hospital', 'medical', 'center', 'hospitals', 'nursing', 'sector', 'federal', 'ministry', 'doctors', 'treatment', 'specialists']	Maamoun Hamida: Disagreements between the state and federal ministries of health.​ #Sudan_News_Network https://t.me/Sd_News_Network The Minister of Health of Khartoum State, Dr. Mamoun Hamida, revealed disagreements between his ministry and the Federal Ministry due to preventing doctors from immigrating and setting strict controls to limit it, at a time when Hamida acknowledged that the migration of medical personnel is causing (confusion) in the health sector. In his speech in a book issued by the Ministry, Hamida explained that Federal Health has made immigration difficult and restricted it through bilateral agreements with countries most in demand for medical personnel, pointing out that he is against the idea of ​​preventing doctors from immigrating, pointing out that it is an opportunity that doctors should not be deprived of, given that it helps them improve their financial conditions to confront the complex conditions of life. . # Al-Sudani_Newspaper​	The minister said that the migration of health personnel and doctors will remain a permanent challenge, but his ministry has developed a plan to deal with it and reduce its effects, by graduating cadres for ourselves and other countries in need of Sudanese medical personnel, and by concluding agreements and arrangements with these countries for training and scholarships that benefit health personnel and doctors at home and are kept at the same time.	Abu Garda: The migration of health personnel and doctors will remain a permanent challenge #Sudan_News_Network https://t.me/Sd_News_Network The Federal Ministry of Health acknowledged that the migration of health personnel and doctors will remain a permanent challenge.
84		84_court_accused_prosecution_case	['court', 'accused', 'prosecution', 'case', 'ruling', 'doha', 'martyr', 'trial', 'prosecutor', 'arrest', 'prison', 'fine']	The accused of killing the martyr Sarah tried to attack her brothers with a cleaver National Youth:	More than 30 lawyers, including Abdulaziz Ashar, Nabil Adeeb, and Satea Al-Haj, appeared as a defense team for the accused. The accused was represented by the head of the State Security Prosecution, Babiker Abdel Latif, and (6) members of the Public Prosecution in the presence of the investigator. The court allowed lawyer Sati’ Al-Hajj to visit the accused in prison, in addition to accepting his request to be transferred in a police vehicle to the hospital due to his health conditions. The court judge agreed with the two bodies to hold a regular session every Thursday, and ordered that the members of the accusation and defense be included in a list and submitted to the court.	She indicated that the authorities of Al-Ha’ir prison in Riyadh summoned Al-Qasim and Al-Walid on June 5, and they were interrogated inside two separate cells while blindfolded and handcuffed, regarding who would sponsor them and their families’ residence in the Kingdom of Saudi Arabia, whether they were indebted to anyone, or had outstanding debts, and whether they had property. They were also asked to issue a general power of attorney for a member of their family inside Saudi Arabia to manage their property.
85		85_newspapers_headlines_political_morning	['newspapers', 'headlines', 'political', 'morning', 'ad', 'issued', 'prominent', 'akhbar', 'alyoum', 'newspaper', 'published', '2020']	The most prominent Sudanese newspaper headlines issued today, Thursday, July 26, 2018 Al Watan newspaper * The court acquits the director of antiquities in the “Sandalwood Tree” case. *	The most prominent headlines in Sudanese political newspapers issued this morning, Friday, October 5, 2018... Prepared by: Bag News Sudanese:	The most prominent headlines in Sudanese political newspapers published this morning, Thursday, September 6, 2018 Issues: Bag_News.
86		86_religious_church_mosque_mosques	['religious', 'church', 'mosque', 'mosques', 'values', 'sheikh', 'religion', 'solidarity', 'prayers', 'quran', 'preachers', 'compassion']	Sheikh Al-Karouri: Sudan is a model of religious coexistence. # Sudan_News_Network on Telegram https://t.me/Sd_News_Network The preacher Dr. confirmed. Abdul Jalil Al-Nadhir Al-Karouri, a member of the Sudanese Scholars Association, said that Sudan is considered a model of religious coexistence, noting that the percentage of Christians in the country after secession is 2%, and they have representatives in the national parliament. Al-Karouri told (SMC) that religious coexistence in Sudan is more social than political, explaining that the entry of Islam into Sudan was not through conquest, but rather came to coexist with the Christian kingdoms until they fell automatically with the majority’s choice of Islam, adding that the secession of South Sudan itself was not for religious reasons, but rather For political ambitions, he added, “If it were not for the intimacy between religions, Khartoum would not have sheltered this number of southern refugees.”	Kamal Omar is the last person to talk about praising saints Sudanese:	Al-Bashir pointed out that Sudan has become a destination for everyone searching for security and stability, pointing to the reception of many refugees from the state of South Sudan and the reception of Syrians and others based on the tolerant values ​​dictated to us by the Islamic religion. Al-Bashir emphasized the growing role of Sufi orders in consolidating religious values ​​and following wisdom in dealing in accordance with the teachings of the Islamic religion, noting their role in solving social problems and creating an atmosphere of tolerance and brotherhood among members of society, in addition to providing examples of religious tolerance. Al-Bashir said that everything that raises strife or any controversial issue will be resolved by law. He added, “We want to unite the people of the Qiblah, and the state will work to achieve that.” He stressed the importance of developing the Holy Quran and reviewing the curriculum over which there is disagreement.
87		87_workers_labor_employees_salaries	['workers', 'labor', 'employees', 'salaries', 'unemployment', 'job', 'expatriate', 'jobs', 'work', 'wage', 'saudi', 'restoring']	(In every unemployed house) Determine the deadline for the Russian company (Syprin).	Time improves the rights of migrant workers abroad and improves their conditions.	Time improves the rights of migrant workers abroad and improves their conditions.
88		88_debts_bank_debt_economic	['debts', 'bank', 'debt', 'economic', 'finance', 'billion', 'world', 'dollars', 'sudans', 'heavily', 'monetary', 'fund']	Finance: Actions with the international community to forgive debts. # Sudan_News_Network https://t.me/Sd_News_Network The Minister of Finance and Economic Planning, Lieutenant General Mohamed Othman Al-Rikabi, announced moves and understandings with the international community to forgive Sudan’s foreign debts and provide technical and financial assistance to meet the cost of sheltering refugees, especially from South Sudan. Al-Rikabi said in a statement to the Sudanese Center for Press Services that the international community, led by the United States and the European Union, promised to contribute to the relief of Sudan’s foreign debts based on the HIPEC initiative. He said that the government will work to benefit from the credit fund for treating the debts of the least developed countries, pointing out that the international community has given positive signals regarding the forgiveness of Sudan’s debts. He added: “Sudan deserves to benefit from international initiatives to exempt foreign debts after meeting the conditions for exemption.” #	The Director of Economic Statistics at the Central Bureau of Statistics affiliated with the Ministry of the Presidency of the Sudanese Council of Ministers, Abdul Ghani Muhammad, had confirmed to Asharq Al-Awsat that “lifting economic sanctions will not have an effect overnight, but all indicators confirm that the decline will occur in the near future, no less.”	Arab movements to discuss Sudan’s debt file. # Sudan_News_Network on Telegram https://t.me/Sd_News_Network Sudan agreed with the African Group at the World Bank to develop a matrix to restore Sudan’s benefit from the bank’s institutions in the issue of external debt, the annual interest of which increased significantly in the first half of this year, and totaled $45.5 billion. The World Bank will present a matrix of Sudan’s debts in the “round table meetings” with the International Monetary Fund that will be held on the sidelines of the spring meetings of the Bank and the Fund in Washington next year, with the presence and participation of all creditors and the “Paris Club.”
89		89_chinese_foreign_countries_affairs	['chinese', 'foreign', 'countries', 'affairs', 'bilateral', 'china', 'diplomats', 'relations', 'american', 'london', 'decision', 'diplomatic']	Statement to the four countries:	Discussions between the two sides dealt with ways to develop bilateral relations in the political, economic, commercial, cultural and scientific fields, and to enhance coordination and mutual support in international forums. The Bulgarian Foreign Minister pointed to the opportunities for economic cooperation between the two countries in the fields of agriculture, agricultural industries, food security projects, animal production, information technology and renewable energy, stressing that Bulgaria has advanced technologies in these fields and the two countries can benefit from the capabilities available to them to design and implement joint projects. The meeting, which included a closed session between the two ministers and a bilateral discussion session in the presence of the delegations of the two countries, touched on the importance of continuing political consultation and effective coordination between the two countries, as well as the exchange of diplomatic training programmes.	Participation in “Bright Star” is an indicator of the return of relations with Washington The Presidential Palace receives the first Chinese tourist group Homeland:
90		90_pardon_reporting_armed_renew	['pardon', 'reporting', 'armed', 'renew', 'rebellion', 'army', 'unit', 'arming', 'benefit', 'commanderinchief', 'command', 'military']	The Border Guard Forces are a legitimate offspring of the Armed Forces Political microscope:	He saluted the sacrifices of members of the regular forces and said that they made Everything is expensive and cheap in order to preserve the security, safety and security of the homeland.	= For whose benefit did he drive the wedge of discord between the transitional military and civilians? -
91		91_peace_juba_kiir_agreement	['peace', 'juba', 'kiir', 'agreement', 'south', 'salva', 'parties', 'president', 'union', 'african', 'mediation', 'igad']	He stressed the necessity of implementing the terms of the peace agreement in the state of the South and involving all active political forces to achieve security and stability, pointing to the support that Sudan provides to the state of the South and its reception of refugees from it, and treating them as Sudanese citizens. Al-Barir said that the President of the Republic referred to the southern state’s harboring of Sudanese opposition movements. Which threatens security and stability, especially in the states of Darfur, according to recent events. Al-Barir pointed to the President of the Republic’s meeting on the sidelines of the summit with Ethiopian Prime Minister Hailemariam Desalegn, during which he discussed bilateral relations, ways to develop them, and regional issues of common interest. In addition to his meeting with the Prime Minister of Somalia, during which he discussed bilateral relations and developments in the situation in Somalia.	Al-Barir added that a statement was issued at the conclusion of the summit; He stressed the necessity of implementing the peace agreement in the South and called on the parties to take urgent steps to achieve peace in the South, and welcomed the National Dialogue Initiative launched by President Salva Kiir.	Parties call on the government to commit to implementing the outcomes of the national dialogue Dabajo movement welcomes the reduction of UNAMID forces Follow the Sudan Network on Telegram. https://t.me/Sd_News_Network
92		92_enemy_mercenaries_shield_remnants	['enemy', 'mercenaries', 'shield', 'remnants', 'infiltrating', 'heroes', 'battle', 'valiant', 'confronted', 'chasing', 'chose', 'defeat']	We were able to besiege the Rahad River	He continued, “Those who were killed were killed during the battle, for example, Taradah, and they did not recognize him until after he was killed.”	The apparatus, gentlemen, is waging a battle (under the air) no less than what we see above the surface of the battlefield, but silence has judgments and assessments.
93		93_pharmaceutical_medicines_strip_medicine	['pharmaceutical', 'medicines', 'strip', 'medicine', 'pharmacies', 'pounds', 'pharmacists', 'price', 'prices', 'pharmacy', 'increases', 'drug']	Rapid Support thwarts the smuggling of 21 foreigners to Europe Health replaces an Indian drug for kidney transplants with a Swiss one Ali Al-Hajj:	A presidential directive banning the import of any locally produced medicine The director of national television in the south was arrested Greater freedom for the private sector to buy and export gold and no change in the exchange rate Health:	Imminent presidential decisions on medicines Release of hundreds of containers of oranges held since May Shout:
94		94_oil_gasoline_fuel_prices	['oil', 'gasoline', 'fuel', 'prices', 'gas', 'price', 'pounds', 'petroleum', 'increase', 'agents', 'barrels', 'production']	○Imported 1.2 million metric tons of petroleum products during the year 2016 ○Sources: Lieutenant General Taha Othman Al-Hussein returns to Sudan via the regular arrival hall on Thursday ○YouTube honors the Sudanese woman residing in the Emirates, Maha Jaafar, and hosts her with a workshop in London and gives her an award.	The ambassador denied that his country had failed economically despite its 98% dependence on oil and the reduction in the quantity produced to 130 thousand barrels per day due to the war.	South Sudan plans to increase oil production to 150,000 barrels per day by the end of this year. # Sudan_News_Network https://t.me/Sd_News_Network The Minister of Oil of South Sudan, Ezekiel Lul Gatkuoth, said that his country plans to raise the country’s oil production to 150,000 barrels per day by the end of this year, after the situation began to witness a great degree of stability in the fields of the Melut region located in the northeast of the country, he said, He explained that the capital, Juba, will witness a conference tomorrow to discuss the future of investment in the oil sector in South Sudan. Lul said, in statements to reporters in the capital, Juba, today, Tuesday: “We will work to increase oil production in the country, and by the end of this year, daily production will reach 150,000 barrels, and we expect production to reach 200,000 barrels by the year 2018.
95		95_kordofan_west_governor_north	['kordofan', 'west', 'governor', 'north', 'south', 'rashad', 'delegation', 'alfula', 'conflicts', 'meets', 'hamid', 'region']	The delegation died according to the statement that “the negative forces in Leipa and southern Swaddin have become a threat to those in the area and the organization’s request to take into account in the eyes of this.”	The dispute was renewed between the governor and the legislature of South Darfur.	The Minister of Welfare and Social Development of West Kordofan, Dr. Named by Jaber, the convoy will be in the capital of Fula State tomorrow, Tuesday.
96		96_command_sat_chief_summary	['command', 'sat', 'chief', 'summary', 'armed', 'commanderinchief', 'stable', '2023', 'todays', 'staff', 'forces', 'officers']	Armed Forces (Country text column) Current:	He determines the formation today The Pentagon:	Deputy Prime Minister and Minister of State for Defense Affairs:
97		97_media_press_journalists_professionals	['media', 'press', 'journalists', 'professionals', 'workshop', 'publications', 'misinformation', 'publishing', 'law', 'amend', 'professional', 'empower']	Decisions to suspend lawyers’ licenses and investigate a complaint against 90 lawyers News agencies stop dealing with radio and television due to debts 100 victims of a criminal organization impersonating the Rapid Support Forces Announcement of admission results for higher education vacancies Attention:	Rejection of increasing newspaper printing prices)	He pointed out that with regard to general commercial work and its direct impact, he said that he needs a period of time to revitalize relations with reporters.
98		98_ethiopian_newspaper_renaissance_ethiopia	['ethiopian', 'newspaper', 'renaissance', 'ethiopia', 'dam', 'hamdok', 'electronic', 'corona', 'sodamedia', 'alsudani', 'sitin', 'alwatan']	The government pays 400 thousand pounds as blood money to Ethiopians Health:	Top local news headlines for this morning, Friday, April 20, 2018 Al-Sahafa newspaper: Ghandour was relieved from the Ministry of Foreign Affairs It received unanimous approval from 29 government ministers and a woman to head the Ethiopian Parliament The Council of Ministers approves the draft law on various amendments Egypt: We have not received a response from Sudan and Ethiopia regarding the Renaissance negotiations ​# Advertisement: Diplomatic mountain honey and “forest” Sidr honey are among the best honey strains in Africa.	"Sudanese Press Services Center ""SMC"" Al-Bashir participates in the Tana Forum in Bahir Dar, Ethiopia Cabinet: Restricting the period of lifting immunity to a period not exceeding 30 days Popular: The party has a comprehensive vision for the permanent constitution The Ethiopian Parliament gives confidence to the Abiy Ahmed government Red Sea Radio and Television Corporation Bakri Hassan witnesses the graduation of students of the Ministry of Investment and State Industry’s continuous development courses in Al-Khabeer Hall The Minister of Information refers to the Ministry’s efforts in formulating policies that support the media The First Vice President of the Republic confirms the state’s interest in the media and addressing its issues The Minister of Social Affairs is keen to implement the 2018 plan through the Child Welfare Council and partners."
99		99_httpstmesaqwl___	['httpstmesaqwl', '', '', '', '', '', '', '', '', '', '', '']	ــــــــــــــــــــــــــــــــــــــــــــــــــــــــــــــــــــــــــــــــــــ https://t.me/Saqwl	ــــــــــــــــــــــــــــــــــــــــــــــــــــــــــــــــــــــــــــــــــــ https://t.me/Saqwl	ــــــــــــــــــــــــــــــــــــــــــــــــــــــــــــــــــــــــــــــــــــ https://t.me/Saqwl
100		100_soldiers_army_morale_victory	['soldiers', 'army', 'morale', 'victory', 'salute', 'leadership', 'commanders', 'officers', 'stable', 'fronts', 'leaders', 'soldier']	The army has the initiative on all fronts	We are ready for enemies in peace and war Communications:	In 11 thousand, 395 military, two thousand, and 888 parties. #
101		101_corporation_television_radio_kordofan	['corporation', 'television', 'radio', 'kordofan', 'west', 'north', 'alfula', 'governor', 'locality', 'foundation', 'guidance', 'education']	North Kordofan State The Federation of North Kordofan Trade Unions stresses the importance of opening schools Director of Community Police in North Kordofan The Supreme Council for Culture and Information in the North initiates field trips to localities in Marawi.	Media Foundation Network - North Kordofan State *▪	North Darfur Radio and Television Corporation •The governor and the state launch a project to reduce the burden of living, which targets (2000) beneficiaries, at a total cost of (3) million pounds.
102		102_trump_biden_trumps_congress	['trump', 'biden', 'trumps', 'congress', 'republican', 'investigative', 'donald', 'material', 'deliberations', 'house', 'representatives', 'journalism']	We have recovered and recovered The President:	“There is no president who has ready men like rapid support.”	After continuous attempts to amend the health system launched by Obama, “ObamaCare,” Trump withdrew from agreements signed by Obama, namely the climate and immigration agreements.
103		103_diaspora_alfasher_write_arabs	['diaspora', 'alfasher', 'write', 'arabs', 'janjaweed', 'tribe', 'al', 'rizeigat', 'tribes', 'obaid', 'pulse', 'despite']	“Al-Burhan” from the eastern border:	Al-Burhan and Al-Helu agreed on the state’s neutrality towards religions and the formation of a single army by the end of the transition.	Arrangements to demarcate the borders of the eastern states Al-Monitor:
104		104_muslims_badr_victory_bin	['muslims', 'badr', 'victory', 'bin', 'speedy', 'valiant', 'resolve', 'battle', 'dedicate', 'god', 'almighty', 'cleanse']	For the year and the year that follows before the implementation of the overall degree of the Umayyad mission.	Battle of Badr, 17 Ramadan. Follow the latest news on the Telegram application via the link https://t.me/Sd_News_Network The Battle of Badr was a battle that took place between Muslims and the infidels of Quraysh, on the seventeenth of the blessed month of Ramadan in the second year of the Hijra. This battle was the decisive battle in the history of the Islamic State, in which the Muslims were victorious despite the difference in military power between the Muslims and the infidels of Quraysh, as the number of Muslims was about three hundred fighters, while the number of fighters, the infidels of Quraysh, was about a thousand fighters. The Messenger of Islam, Muhammad, Hamza bin Abdul Muttalib, and Ali bin Abi Talib assumed leadership of the battle among the Muslims, and Abu Jahl, Utbah bin Rabi’ah, and Umayyah bin Khalaf assumed leadership of the ranks of the polytheists.	The location of the Battle of Badr The Battle of Badr took place in the Badr region, which is famous for the presence of wells, as it is located southwest of Medina, and its distance from Mecca is estimated at 343 kilometers, while it is about 153 kilometers away from Medina. This battle was called the Battle of Badr, in reference to the place it took place. It has several names, such as the Great Battle of Badr, the Battle of Badr, and the Battle of the Day of Criterion. Events of the Battle of Badr In the second year of the Hijra, Muslims migrated from Mecca to Medina, and left their money in Mecca, so the infidels of Quraysh seized it.
105		105_demonstrations_demonstrators_protesters_ministries	['demonstrations', 'demonstrators', 'protesters', 'ministries', 'protests', 'tear', 'gas', 'demonstration', 'party', 'police', 'revolutionary', 'khartoum']	Ali Al-Hajj: The National and Popular Movement do not represent the Islamic Movement A parliamentary move to hold 4 ministers accountable regarding the bread crisis Norway urges America to lift sanctions The government collects weapons in Abyei Current: Finally...an imminent decision to lift US sanctions Al Jazeera.. New details about the fact-finding committee regarding the results of the foundation certificate (Al-Tayyar) reveals the theft of medical device parts worth (one billion dollars) from Al-Nahud Hospital Khartoum Finance:	Freedoms require raising laws A campaign to review Khartoum’s internal affairs (Press) opens a window on the memories of Dr. Al-Jazouli Dafallah Today's news: Dr. Ali Al-Hajj reveals what is hidden in the Islamic movement Today, the ruling was pronounced in the case of student Asim Omar Syrians were arrested when they infiltrated from Sudan to Egypt Al-Bashir: The armed forces foiled the plans of Sudan’s enemies Homeland: Al-Bashir: Rapid support (my strategic reserve) is not available to any president Hemedti to (Al-Watan): We were exposed to gunfire in the Kalma camp and we did not respond (41) African security services meet in Khartoum to discuss combating terrorism Celebrations spread across Saudi Arabia on its National Day... and the King congratulates the nation Independent: Al-Bashir:	Dropping 300 recommendations regarding freedoms in the National Document Al-Helu carries out a massive arrest campaign A new coalition for the southern opposition Al-Sisi calls for moving the headquarters of the Darfur commissions from Khartoum Political microscope:
106		106_almahdi_pilgrims_imam_prayers	['almahdi', 'pilgrims', 'imam', 'prayers', 'eid', 'mosques', 'holy', 'alsadiq', 'hajj', 'mourns', 'ramadan', 'religious']	📡 *Sudan News Network SNN* _*(Eye on the truth)*_ _*Ambassador of the Custodian of the Two Holy Mosques: Saudi Arabia is leading intensive efforts to completely lift sanctions on Sudan*_ Ali bin Hassan Jaafar, Ambassador of the Custodian of the Two Holy Mosques in Khartoum, said that his country played a major role in lifting the US economic sanctions on Sudan, revealing efforts led by the Kingdom of Saudi Arabia to completely lift the sanctions on Sudan next July. The Ambassador of the Kingdom of Saudi Arabia in Khartoum appreciated Sudan's position, which is consistent with the Saudi position in support of the issues of the Arab and Islamic nations, and said that the Saudi government and people appreciate His Excellency President Al-Bashir's strong statements in which he considered the security of Saudi Arabia and the Two Holy Mosques a red line.	Haj Adam to (Al-Mijer): I am surprised that there are homes for the infirm and the elderly in Sudanese society Ministry of Foreign Affairs:	Thousands of returning Sudanese and Umrah pilgrims piled into the port of Jeddah Health announces that the critical stage of “watery diarrhea” in the states has passed Al-Bashir witnesses Parliament receiving new leaders on Tuesday Ghandour participates in a conference on illegal immigration in Italy Last minute:
107		107_sovereignty_commanderinchief_lieutenant_council	['sovereignty', 'commanderinchief', 'lieutenant', 'council', 'overall', 'chairman', 'fattah', 'oath', 'yahya', 'transitional', 'general', 'president']	Rapid support is a strategic reserve that has not failed the presidency Al-Shaabi... We do not want to interfere in the events of Kalma Camp now Public opinion: Al-Bashir: Rapid support is a strategic reserve to resolve the rebellion Foreign Ministry: Abdul Wahid movement cells behind the events of Kalima camp Ali Al-Hajj: The camps for the displaced are the greatest burdens of war Al-Bashir: Darfur will be safe despite the rebels and the oppressors Sudanese: The President: The era of death has ended because of (prey) European banks express their desire to deal with Sudanese banks Expected changes to the deputy ministers Al-Bashir: (Al-Dair occupies the Darfur region, licking his fists) Attention: The President of the Movements: “If you lick your elbow, you will not take over Darfur.” Rapid support for the President: (fully armed and ready for any orders) Minister in Juba:	Agar and his forces fled from the Blue Nile to the Upper Nile Sudan presents to the African Union summit today its experience in the national dialogue Metals:	Prince Adam Khater died in Al Amal Hospital. A statement that was widely circulated on social media mourned Adam Khater Yusuf, the Emir of Awlad Eid, a member of the Rizeigat tribe in Zalingei, the capital of Central Darfur, explaining that he died on Monday at Al Amal Hospital in Khartoum. The statement stated that Khater was injured in a rest house while he was there to offer condolences to Sheikh Musa Hilal on the death of his mother, and he was evacuated to Khartoum with the rest of the prisoners. Prince Adam Khater's nephew told Sudan Tribune, preferring not to reveal his name, that his uncle was arrested with Musa Hilal and his sons while he was healthy at the time of his arrest and was deported with them to Khartoum.
108		108_humanitarian_aid_agencies_organizations	['humanitarian', 'aid', 'agencies', 'organizations', 'relief', 'emergencies', 'principles', 'response', 'international', 'ensuring', 'working', 'urgent']	To support this project, which he described as national and humanitarian.	Aspects of joint cooperation to implement a number of service and development projects within the plan of the International Committee of the Red Cross for the year 2018 AD, identifying some of the activities and programs that were implemented last year, represented in water projects, and making arrangements to implement the projects according to the priorities and the state plan for the current year.	The organization said that the humanitarian response plan for humanitarian needs, which seeks to reach 14.7 million people, suffers from a severe lack of funding, as only 5% of the total required funding amount, which is 2.7 billion US dollars, has been secured.
109		109_refugee_refugees_deport_delegation	['refugee', 'refugees', 'deport', 'delegation', 'administrative', 'commissioner', 'foreigners', 'interior', 'appointments', 'registered', 'commission', 'employees']	Al-Jazouli pointed to the growing interest that the state is giving to the issue of the voluntary return of Sudanese refugees to neighboring countries, and therefore it has formed a number of mechanisms and support committees at the national level and in the states of Darfur in particular.	Hamdok confirms Sudan’s commitment to international conventions on migration management. Follow the latest Sudan news on Telegram via the link​. https://t.me/Sd_News_Network Prime Minister Dr. Abdullah Hamdok affirmed Sudan’s commitment to global efforts aimed at managing migration in an orderly, dignified and safe manner.	“Accredited Refugees” enters the “ILA” lists Follow the latest news on the Telegram application via the link https://t.me/Sd_News_Network On Tuesday, Sudanese Prime Minister Mohamed Taher Aila issued a decision relieving Refugee Commissioner Hamad Al-Jazouli from his position.
110		110_drones_missiles_drone_losses	['drones', 'missiles', 'drone', 'losses', 'air', 'shot', 'combat', 'missile', 'causing', 'tank', 'deals', 'aviation']	Intercepting and destroying a ballistic missile launched towards Saudi territory Gargash:	♢Armata robot tank gets a new name ♢The Russian Air Force receives 4 Yak-130 fighters ♢ Terrifying warning: “Man-made” viruses can wipe out billions of people!	_ #Advertised: Teqa & Palm & Golden Tiger & Asia tanks.
111		111_dialysis_kidney_patients_liver	['dialysis', 'kidney', 'patients', 'liver', 'center', 'hospital', 'machines', 'medical', 'surgery', 'othman', 'operations', 'treatment']	The truth about rumors of human organ trafficking in Khartoum. Written by: Muhammad Abu Al-Dahab. # Sudan_News_Network https://t.me/Sd_News_Network There is a crazy increase these days in organ trading through social media. This intense activity in this difficult and delicate trade is not in one of the first world countries, but rather here in Sudan. The country that is unable to combat watery diarrhea. Glory be to God, a country that does not have the least basic elements of health, not to mention its advanced equipment, which requires a specialist in human organ transplantation, and vessels and solutions to protect organs from damage. I am surprised that a country with these specifications can spread such rumors.!! Of course, the reason is the naivety of social media users who made this trade as if it were a trade in hunter taxis.	My message is... Organ trade is not as easy as it is rumored to be.	Transferring organs from recently deceased people to confront the trafficking mafia Ismail:
112		112_libya_immigrants_libyan_illegal	['libya', 'immigrants', 'libyan', 'illegal', 'migrants', 'immigration', 'kufra', 'asylum', 'irregular', 'deported', 'center', 'accident']	Libya deports 161 Sudanese from its territory. # Sudan_News_Network https://t.me/Sd_News_Network The Libyan News Agency in Al-Bayda said the day before yesterday (Thursday), that the Illegal Immigration Agency, Kufra Branch, deported (161) illegal immigrants of Sudanese nationality, from the city of Kufra, in the south-east of the country, to their country. The agency indicated that despite the limited capabilities of the Illegal Immigration Service, Kufra Branch, it was fully committed to deporting this group. The news agency explained that the process of deporting Sudanese immigrants from the city of Kufra took place in prior coordination with some trucks heading to Sudan under the supervision of the Illegal Immigration Agency, Kufra branch.	It is noteworthy that the illegal immigration agency in (Ganfouda) had deported last January (19) illegal immigrants of different African nationalities to the city of Sabha, after which they would be handed over to the authorities of their country, according to what was reported by the Libyan News Agency in Al-Bayda.	Belgian Minister of Immigration: Sudan agreed to deport its nationals to their homeland. # Sudan_News_Network https://t.me/Sd_News_Network The Belgian Minister of State for Immigration and Asylum, Theo Francken, said after a meeting with the Sudanese ambassador in Brussels that Khartoum is ready to issue the required documents to facilitate the deportation of its nationals to their home country. Theo Franken said: “We do not want to be a transit station to Britain, and among the illegal immigrants present in Maximilian Park in Brussels, there are many of them who come from Sudan.” Theo Franken added: “Most of them do not want to apply for asylum in Belgium, but their goal is to go to Great Britain.” He pointed out that the Sudanese government agreed to send a team to Maximilian Park to identify the Sudanese among the illegal immigrants and issue the necessary documents to facilitate the return.
113		113_honey_strains_wild_best	['honey', 'strains', 'wild', 'best', 'africa', 'bet', 'diplomatic', 'quality', 'laboratory', 'accurate', 'allow', '249918984706']	​#Advertisement: Diplomatic mountain honey and “forest” Sidr honey are among the best strains of African honey.	Diplomatic mountain honey and “forest” Sidr honey are among the best strains of African honey.	Diplomatic Mountain Honey and Sidr “Forest” honey are among the best honey strains in Africa.. We bet on quality and allow accurate laboratory testing.
114		114_migration_organization_migrants_international	['migration', 'organization', 'migrants', 'international', 'million', 'libya', 'returned', 'immigration', 'reintegration', 'european', 'illegal', 'europe']	The road from Niger to Libya is one of the main routes that migrants take to reach North Africa and from there to Europe via the Mediterranean Sea. Crossing the Sahara desert represents one of the most dangerous stages of the perilous journey, as migrants crowd in large numbers in ill-equipped trucks, and often there is not enough space for water bottles during the journey.	Al-Tahami stated that these institutions and mechanisms were created in light of the great challenges facing Sudan in managing the migration file, which were necessitated by Sudan’s location as a crossing point for African migrations heading to Europe and other parts of the world. Al-Tahami expressed his hope that the visit will represent a strong impetus for joint cooperation and coordination between the International Organization for Migration and the Diaspora Service and that it will achieve its goals by upgrading the Sudan Center for Migration and Development Studies in the Expatriates Service to a regional center and providing the necessary support for it from the organization and creating outlets for it to reach global and regional platforms, stressing the need We need more work on reintegration and capacity building aspects.	A comprehensive survey to assess the conditions of refugees and immigrants in the eastern states. Khartoum: Rehab Abdullah The Minister of International Cooperation, Idris Suleiman, revealed that a team from the United Nations Development Program conducted a comprehensive survey during the last period to assess the conditions of refugees and migrants in the three eastern states, while the program announced that they are waiting for the government’s approval of the study to attract funding for migrants and host communities. Suleiman said during his meeting today with the Country Director of the United Nations Development Program in Sudan, Salva Chander, that the meeting witnessed a discussion about the outcomes of the study that was conducted, which were the causes of migration and the age groups of migrants, indicating to discuss the prospects for joint cooperation between the ministry and the United Nations Development Program in many areas.
115		115_titles_incidents_economic_black	['titles', 'incidents', 'economic', 'black', 'dollar', 'pound', 'economy', 'market', 'poverty', 'rates', 'currency', 'price']	Protecting local medicine depends on the provision of foreign exchange $560 million in Sudanese exports to the COMESA market Sudanese: A Chinese grant of (500) million yuan and part of the debt forgiveness Allocating 14 centers for selling sacrificial animals by weight in Khartoum State Starting an aircraft spraying campaign to combat mosquitoes and flies in Khartoum (Assignment) of the Minister of Finance to discuss the details of the economic relationship with China Next day: Authorities are pursuing “hackers” threatening e-government institutions Arrangements to enact a law requiring the state to compensate victims of floods and rain China forgives 150 million yuan of Sudan's debts Riyadh: We are honored to host the families of the martyrs of the Sudanese army Shout: Electronic warfare to control government websites Official committee: Human smuggling is beyond the capabilities of border authorities United Nations:	Unemployment is a major cause of poverty in Sudan The Security Council accuses the armed movements of continuing to recruit children Khartoum intends to organize and plan the popular market	American study: Sudan’s resources are sufficient for 400 million people. Follow the latest news on the Telegram application via the link https://t.me/Sd_News_Network The economic expert, Prof. Dr., revealed On Wednesday, Mirghani Bin Auf reported on an American study that indicated that the natural resources in Sudan are sufficient for 400 million people, calling for the necessity of establishing a strategic information bank in Sudan for further studies.
116		116_haftar_libyan_libya_khalifa	['haftar', 'libyan', 'libya', 'khalifa', 'tripoli', 'kufra', 'nyala', 'chad', 'hesitation', 'southern', 'triangle', 'border']	In support of him alongside Egypt and Haftar’s Libyan forces.”	Libyan groups are still using rebel movements as mercenaries Ali Mahmoud:	The assassination of the mayor of Misrata is a “terrorist act” whose perpetrators will not escape punishment 5 terrorist elements were killed in clashes with the Egyptian police The Libyan Army celebrates the graduation of 2,500 soldiers for the first time in 7 years
117		117_estate_real_housing_apartment	['estate', 'real', 'housing', 'apartment', 'apartments', 'rent', 'license', 'market', 'owners', 'advised', 'fund', 'prices']	📡 *Sudan News Network SNN* _*(Eye on the truth)*_ *Housing expatriates and new housing projects in Old Halfa* Engineer Mustafa Al-Zubair, Director of the Housing and Development Fund in the Northern State, revealed ongoing arrangements to implement projects for housing expatriates and reconstructing Old Halfa through the implementation of new housing projects sponsored by the state government and under the supervision of the Ministry of Urban Planning in the state. He said in an interview with SUNA about the progress of work in the national shelter project in the state that the state has completed preparing studies for the housing project in Halfa, which aims to redevelop and reconstruct the old city of Halfa by building 300 housing units as a first phase.	Engineer Mustafa Al-Zubair stated that the National Shelter Project Program in the state is being implemented well in coordination and cooperation with the National Housing and Development Fund, in addition to implementing projects for popular and economic housing, a percentage of which will be allocated to expatriates, as a real estate development project for expatriates will be implemented by taking advantage of the 600 plots granted to them. . He said that the fund will seek to facilitate the construction of housing units for the benefit of plot owners, announcing agreements concluded by the state government with the associations of Merowe, Al-Dabbah and Dongola in Saudi Arabia and Qatar to house their employees according to the plans and programs of the housing fund in the state.	Regarding the economic and social impact of the first phase housing project in Dongola, he said that the project achieved good results as it provided shelter for 400 of the targeted people, in addition to stimulating the market for construction inputs in Dongola and providing broad job opportunities for contractors, workers and activists in this field.
118		118_love_mother_son_know	['love', 'mother', 'son', 'know', 'husband', 'children', 'family', 'daughter', 'did', 'dont', 'told', 'crying']	Regarding this topic, (Cocktail) met an employee at one of the private companies (N.M.), who said that she personally no longer believes in (love), and she continued: (I don’t know, perhaps because of the many failed experiences that I went through, and the bottom line of my experience is that love is not everything and I have come to believe That romance and love come (in the end) after respect, appreciation and understanding).!	Baldo added that the idea stemmed from the desire of a very large number of young women and men to communicate with him to solve the problem of romance in their emotional lives and their desire to bring about change in partners and husbands in a scientific and systematic way.	She refused and even banned him from communicating with her, but he contacted her father and found approval from her family two weeks later.
119		119_httpswhatsappcomchaannel0029vb2jdpaixnnnnnnnnnnnnpxuj5a1x_join_guardians_battleofdemocracy	['httpswhatsappcomchaannel0029vb2jdpaixnnnnnnnnnnnnpxuj5a1x', 'join', 'guardians', 'battleofdemocracy', 'scene', 'righteous', 'glorious', 'httpstmesdnewsnetwork', 'forgiveness', 'telegram', 'mercy', 'link']	At the beginning, it expressed its mercy on the souls of the martyrs of the glorious revolution and wished a speedy recovery for the wounded and the return of the missing.	ــــــــــــــــــــــــــــــــــــــــــــــــــــــــــــــــــــــــــــ _Join the Sudanese scene on Telegram via the link https://t.me/Sd_News_Network	ــــــــــــــــــــــــــــــــــــــــــــــــــــــــــــــــــــــــــــ _Join the Sudanese scene on Telegram via the link https://t.me/Sd_News_Network
120		120_albashir_meets_unamid_minister	['albashir', 'meets', 'unamid', 'minister', 'jaber', 'salma', 'sovereignty', 'council', 'praises', 'president', 'ambassador', 'writers']	The situation in the Gulf explodes, and Sudan declares its readiness to reconcile the dispute Abu Garda: More than 5,000 cases of diarrhea / 19 deaths out of 106 infected people in Khartoum The prosecution refers the case of Mudawi Ibrahim, accused of espionage, to court The migration of 10 thousand Sudanese within 6 months Sudan Vision: Al-Bashir confirms the government's efforts to reduce the cost of living The President of the Republic calls on the rebels to stop the war and return to dialogue The Ministry of Foreign Affairs confirms Sudan’s readiness to cooperate with the countries of the African continent in combating terrorism and violent extremism The government holds Minawi responsible for renewed clashes in Darfur The prosecution refers the case of Mudawi, accused of espionage, to court Last minute: The Arabian Gulf...the situation explodes A decline in the number of phone, car and Internet users Souad Al-Fateh:	Crisis in the Gulf and Sudan is ready to contain the differences State Security refers Mudawi Ibrahim to court on charges punishable by death Abu Garda reveals new statistics for watery diarrhea cases in the White Nile Al-Bashir calls on the movements to stop the war and resolve differences through dialogue Sudanese: Sudan calls for calm, and Al-Bashir leads communications to contain the Gulf crisis Work: 9,807 Sudanese emigrated abroad within 6 months Police reveal exciting details in the case of the murdered Port Sudan employee Al-Bashir:	(Curse Satan) until Darfur returns to its former self Adam Al-Faki mediates with parties to keep him as governor of South Darfur Sudakal is elected president of Mars by acclamation Representatives demand a law to limit foreign workers Sudan Vision: Al-Bashir stresses the need to continue the campaign to collect weapons from the hands of citizens Governor of Blue Nile: The difference in positions on the issues of South Kordofan and Blue Nile requires separating the negotiation path United Nations: The 2017 humanitarian response plan for Sudan did not exceed $304 million America ends “temporary protection” for Sudanese in 2018 Next day:
121		121_temperatures_meteorology_slight_maximum	['temperatures', 'meteorology', 'slight', 'maximum', 'decrease', 'rise', 'small', 'parts', 'degrees', 'rest', 'gradual', 'temperature']	climate The city generally has a hot, dry climate, with highest temperatures ranging from 42°C in April to 33°C in August. In the period between October and May, northeasterly winds blow toward the area, which turn into southwesterly winds in the rest of the months of the year. During this period, rain falls, and the city is also affected by the relative humidity of the seasons. #	Meteorology issued an urgent statement.. Today, instability returns to the west.. and the peak is Thursday until Saturday.. heavy rain and active winds during the day.. and tends to be cold at night. British time:	Meteorology: Temperatures continue to drop.
122		122_medical_patients_medicines_room	['medical', 'patients', 'medicines', 'room', 'treatment', 'hospitals', 'injured', 'emergency', 'care', 'clinics', 'teams', 'provide']	He continued: “We have assigned medical teams to conduct examinations and analyzes for the displaced to diagnose their condition and provide them with health care. We will provide treatment and medical supplies to all patients, especially those with serious or contagious diseases.”	This is due to the horrific deterioration in services, especially health services, the great scarcity of food and medicine, in addition to the lack of security.	Distributing ice to Kosti Teaching Hospital and some shelters for displaced people in the city
123		123_doctors_network_injured_killed	['doctors', 'network', 'injured', 'killed', 'result', 'rapid', 'wounded', 'syndicate', 'fasher', 'medical', 'bombing', 'hospital']	● Death incidents in Sudan decreased by 24% ●	_ Sudan Central Doctors Committee: 45 dead, dozens injured, and thousands displaced as a result of the civil conflict in South Darfur state during the past October and November. # Sudan #Darfur_Region ــــــــــــــــــــــــــــــــــــــــــــــــــــــــــــــــــــــــــــــــ Follow the Sudanese scene on Telegram via the link https://t.me/Sd_News_Network	_ Old Omdurman Emergency Room: Rapid Support militias invaded the Wad Nubawi neighborhood in Omdurman, displaced the people of the area, and caused damage to citizens’ property and service facilities, such as electricity and water, and the situation became extremely catastrophic.
124		124_chadian_chad_border_regimes	['chadian', 'chad', 'border', 'regimes', 'territory', 'ndjamena', 'crossing', 'authorities', 'crossings', 'emirati', 'uae', 'altineh']	The Sudanese-Chadian border conference recommends the importance of strengthening the joint forces.	Chad responds to allegations about the participation of Chadian forces in the El Geneina events Follow Sudan news on the Telegram application via the link​ https://t.me/Sd_News_Network The Chadian government commented on press statements by the governor of West Darfur, Muhammad Abdullah Al-Duma, in which he said that armed men coming from Chad participated in the fighting that took place in the city of El Geneina, the state capital. Security chaos of a tribal nature broke out last Saturday and Sunday between nomadic Arabs and displaced people in El Geneina following a quarrel between people. According to the latest statistics, the events in El Geneina resulted in 160 dead and about 200 wounded, in addition to the displacement of 45,000-50,000 people. A statement by the Chadian Ministry of Information described what was proposed about the participation of Chadian forces in the events of El Geneina as mere baseless allegations.	The Chadian Ministry of Information statement stated that the joint Sudanese-Chadian force, charged with monitoring the border between the two countries and which was mobilized on January 16, did not record any individuals or groups crossing from Chad into Sudan.
125		125_httpstmesudannm_httpswhatsappcomchannel0029vae7l5t11ulpotfega1s_correspondent_follow	['httpstmesudannm', 'httpswhatsappcomchannel0029vae7l5t11ulpotfega1s', 'correspondent', 'follow', 'whatsapp', 'channel', 'telegram', 'journalist', 'majid', 'abdul', 'httpstmesudaaan', 'hamid']	Nasr al-Din Abdul Qadir Hassan Homeless journalist Follow Sudan channel on Telegram https://t.me/sudaaan	Journalist Abdul Raouf Taha Ali Follow Sudan channel on Telegram https://t.me/sudaaan/14263	Journalist Abdel Majid Abdel Hamid Follow Sudan channel on Telegram https://t.me/sudaaan/15028
126		126_hajj_umrah_pilgrims_ah	['hajj', 'umrah', 'pilgrims', 'ah', 'endowments', 'season', 'establishments', 'riyals', 'saudi', 'cost', 'holy', 'religious']	The arrival of pilgrims was completed on Sunday... and Al-Arshad announced the death of 20 pilgrims The Foreign Minister meets with the US Deputy Secretary of State Government:	13 travel agencies were excluded, and today the cost of Hajj for this year was announced The Presidency of the Republic believes in the importance of implementing state reform decisions and supporting the peace process Under the guidance of the First Vice President of the Republic, a joint meeting between the Ministry of Interior and the Expatriates Authority to enhance cooperation and coordination on immigration issues Homeland:	Deputy Director of Prince Othman Digna Port in Suwakin, Engineer Omar Al-Sir Al-Najumi, told Al-Sayha that the ports remained keen to facilitate the entry procedures for returnees and expedite the clearance of their luggage in implementation of the directives of the Council of Ministers, pointing out that the port witnessed the arrival of fifteen thousand returnee citizens during the last period, He confirmed that the Ports Administration, in order to upgrade work at Suakin Port, worked to construct a number of new passenger reception halls, confirming that they are fully prepared to transport pilgrims in the first half of this month, revealing the continuation of livestock export operations with an average of three thousand heads per day. On a different note, work at the Southern Container Port witnessed a breakthrough for the third day in a row after unloading, handling and transport movement smoothed out.
127		127_terrorist_gangs_city_militia	['terrorist', 'gangs', 'city', 'militia', 'artillery', 'fasher', 'targeted', 'operational', 'morning', 'witnessed', 'infiltrate', 'targeting']	Today, Friday, May 10, 2024, it attempted an intensive attack in more than one axis on the city of El Fasher, using random attacks on the city.	🔥🔥 Today's operational situation 🔥🔥 El Fasher Today is Tuesday, July 2 ⭕ ️ The city of El Fasher witnessed relative calm and caution on Tuesday morning, then the terrorist militia began today to disturb the peace of citizens and target them with deliberate artillery fire as an extension of its criminal approach in targeting citizens and their property, and bombing service and health institutions with the aim of deliberately putting them out of service to displace citizens from the city after they tried All means to invade the city or penetrate the defenses of the heroic sons/daughters of El Fasher. ⭕️ The Rapid Support Militia continued its series of criminal and systematic projects in targeting civilians and service and health facilities in the city.	The situation in El Fasher Today is Saturday August 10th The terrorist Rapid Support militia tried to invade the city of El Fasher from all axes, north, east, west and south, after it mobilized thousands of mercenaries from neighboring countries in the past months and received a shipment of modern weapons from the regional sponsor. 🚩The attack on the sixth city began this morning with artillery strikes and with the entry of infantry on the ground.
128		128_httpstmesudaaan_httpswhatsappcomchaannel0029vb2jdpaixnnnnnnnnnnnnnpxuj5a1x_channel_follow	['httpstmesudaaan', 'httpswhatsappcomchaannel0029vb2jdpaixnnnnnnnnnnnnnpxuj5a1x', 'channel', 'follow', 'whatsapp', 'telegram', 'sudan', 'event', 'httpswhatsappcomchannel0029vapgy3o7dmecjcizwq2x', 'httpswhatsappcomchaannel0029vb2jdpaixnnnnnnnnnnnnpxuj5a1x', 'youtube', 'washing']	This is for your information Please raise the information to the relevant authorities Follow Sudan channel on Telegram https://t.me/sudaaan	Follow Sudan channel on Telegram https://t.me/sudaaan	The island Follow Sudan channel on Telegram https://t.me/sudaaan
129		129_war_citizen_betrayed_partys	['war', 'citizen', 'betrayed', 'partys', 'army', 'withdraw', 'militia', 'definitely', 'like', 'winning', 'yes', 'supporters']	_ #Announced: The war took a lot from us, and we lost a lot, and our situation is at a standstill.. Shall we continue like this, complaining and crying morning and evening, and not walk forward?	Our neutral stance on both sides of the war does not mean that our forces will stand idly by in the event of attacks on citizens and their property.	If everyone had supported his plan as we see it today, we would not have entered this war and our country would not have been displaced and destroyed.
130		130_httpstmesdnewsnetlork_join_scene_link	['httpstmesdnewsnetlork', 'join', 'scene', 'link', 'telegram', 'sudan', 'migrant', 'httpstmesudaaan', 'channel', 'follow', '', '']	Migrant hovercraft grill prop Follow Sudan channel on Telegram https://t.me/sudaaan	Join the scene of Sudan on Telegram via the link https://t.me/sd_news_netlork	Join the scene of Sudan on Telegram via the link https://t.me/sd_news_netlork
131		131_sudandefense_httpstmedefenssuda_spokesperson_httpstmedefenssudan	['sudandefense', 'httpstmedefenssuda', 'spokesperson', 'httpstmedefenssudan', 'office', 'follow', 'telegram', 'official', 'rapid', 'forces', 'base', 'understanding']	SudanDefense https://t.me/defenssuda	Defense_Sudan https://t.me/defenssuda	SudanDefense https://t.me/defenssuda
132		132_darfur_arko_minni_minawi	['darfur', 'arko', 'minni', 'minawi', 'governor', 'west', 'region', 'el', 'fasher', 'north', 'geneina', 'rapid']	Thwarting an attempt to smuggle (5) children to Libya Serious developments in the northern sector and Aqar threatens to take escalatory steps against Al-Hilu The South Darfur government is given 72 hours to clean Nyala of weapons, drugs and illegal vehicles.	We will arrest the war lords and 6,000 victims of tribal conflicts Al-Bashir and Al-Sarraj agree to secure the borders and combat illegal immigration Civil Defense:	The acting governor of South Darfur, Sabeel Ahmed Sabeel, said in press statements that the state government surveyed the “Otash, Derej, Al-Serif and Al-Salam” camps, and confirmed their readiness for planning.
133		133_testing_careful_bet_quality	['testing', 'careful', 'bet', 'quality', 'laboratory', 'httpstmedefenssudan', 'allow', 'sudandefense', 'sidr', 'original', 'defense', 'sudans']	"The original is mountainous and Sidr ""Gabi""... We bet on quality and allow laboratory testing."	"The original is mountainous and Sidr ""Gabi""... We bet on quality and allow laboratory testing."	"The original is mountainous and Sidr ""Gabi""... We bet on quality and allow laboratory testing."
134		134_sitin_demonstrators_dispersal_dispersing	['sitin', 'demonstrators', 'dispersal', 'dispersing', 'protesters', 'protests', 'demonstrations', 'peaceful', 'protest', 'abolition', 'processions', 'square']	Democratic Representative from Georgia, John Lewis, a veteran of the black civil rights movement in the 1960s, said that after achieving “significant progress” in the United States on the level of civil rights, “I believe that this man, the president, is taking us back to another place.”	This controversy comes after the US President signed a declaration in honor of the late Reverend Martin Luther King, the symbol of the struggle for civil rights for blacks, before Monday, which was a holiday named after him.	This angered the camp, and the displaced people went out in demonstrations, burning large numbers of tires, and throwing stones at cars.
135		135_climate_message249_jobs_httpstmealrisala249	['climate', 'message249', 'jobs', 'httpstmealrisala249', 'battleofdignity', 'interested', 'organizations', 'change', 'courses', 'language', 'registration', 'english']	World Bank: Towards a climate-aware world: 12 ways to a future capable of confronting climate change. #	--Scene functions - Share with others-- -University of the Expatriates - The University of the Expatriates announces its need for a position: College Registrar – For details click here https://shogol.zooll.net/3619/ -A graduate of basic medical sciences is required (anatomy, biochemistry, physiology) or biology - for details click here https://shogol.zooll.net/3638/ -A leading Sudanese company operating in Khartoum announces the position of heavy machinery sales representative https://shogol.zooll.net/3655/ -Required sales employee - for details click here https://shogol.zooll.net/3673/ -Training_opportunity.. A shipping and delivery company based in Khartoum 2 that wants to train #graduates of the years 2020/2021/2021 for all specializations https://shogol.zooll.net/3601/ -Required for appointment as Vehicle Management Coordinator - for details click here https://shogol.zooll.net/3691/ --Very important-- -Learn how to write a CV professionally - click here for details https://shogol.zooll.net/3256/	This came during his address this morning in the hall of the Coral Hotel in Port Sudan, opening the training workshop on rules and guidelines for human rights in the context of combating terrorism, which was organized by the Technical Committee for the Implementation of UN Security Council Resolutions (1267/1373) and subsequent resolutions of the National Counter-Terrorism Authority, in the presence of the Ministers of Justice and Defense. , Interior, Social Welfare, the Director of the General Intelligence Service, representatives of diplomatic missions, international and regional foreign organizations, and those interested in human rights issues in Sudan. Lieutenant General Malik Agar asserted that the Sudan war is a war between the Rapid Support Militia and the Sudanese people, in which the militia used all terrorist practices.
136		136_win_strength_god_prevail	['win', 'strength', 'god', 'prevail', 'gods', 'victory', 'strengthen', 'help', 'grant', 'raise', 'feet', 'hostile']	Oh God, we ask you to remain steadfast in the matter until God decides something that was already in effect. Stay healthy Victory from God and conquest is near	O God, grant us victory sooner than later.	Oh God, direct their arrows, make their feet firm, and strengthen their hearts.
137		137_weather_hot_temperatures_todays	['weather', 'hot', 'temperatures', 'todays', 'slight', 'parts', 'moderate', 'rise', 'relatively', 'prevails', 'night', 'cold']	Quiet in most areas this morning.	🔸 Meteorology .. It is expected that temperatures will rise at noon in the north of the country and maintain their values ​​in the rest of the country, while its slight decrease will come tomorrow morning all over the country.	🔸 Meteorology .. a continuous rise in maximum and small temperatures in most parts of the country, except for the middle and south of the country, where a slight decrease is expected.
138		138_party_elections_umma_political	['party', 'elections', 'umma', 'political', 'congress', 'national', 'legislative', 'parties', 'democratic', 'bloc', 'partys', 'interests']	He said that the Sudanese people are counting on you a lot at this stage in their political history, by supporting the National Dialogue Document and publishing it in the form of a cultural program.	Although some Sudanese opposition parties are still criticizing the outcomes of the national dialogue that took place between the Sudanese regime and a number of armed and unarmed opposition forces, the Sudanese presidential assistant seemed confident of the possibility of preparing for the future in a positive manner by all Sudanese political parties, regardless of their positions.	Voting for the 2020 elections will be electronic Minawi demands the lifting of all forms of sanctions imposed on Sudan Last minute:
139		139_insurance_health_cost_financing	['insurance', 'health', 'cost', 'financing', 'services', 'organizes', 'jazeera', 'umbrella', 'fund', 'installing', 'island', 'orphans']	Beginning to develop the executive regulations for the Health Insurance Law.. Minister of Health:	If you want any information about health insurance, call the subscriber services center on (3636) from the Zain and MTN networks, free of charge, throughout the day.	Expanding the health insurance umbrella to include (10) thousand families from “Nirti” - Hamdok emphasizes the role of the police in promoting civil transformation - Police:
140		140_looted_looting_property_shops	['looted', 'looting', 'property', 'shops', 'homes', 'guided', 'cars', 'burned', 'vandalized', 'solar', 'owners', 'citizens']	He pointed out that after they were dispersed, they went to the market and the property of street vendors and store owners was looted.	two children died and more than 15 houses were burned during the revolution.	Civilian committees reported that the militia looted property and proceeded to beat the residents and search homes.
141		141_appointed_empowerment_kizan_taqaddam	['appointed', 'empowerment', 'kizan', 'taqaddam', 'advisors', 'congress', 'alfaki', 'sitin', 'manna', 'demands', 'gosh', 'fired']	The arrival of pilgrims has been completed and (20) pilgrims have been counted Al-Bashir addresses the legislative body early next October Public opinion:	I apologize for Cairo’s statements and will not resign Saud Al-Barir:	leaders of the nation vote on Abdul Rahman Al-Sadiq’s succession to his father Ahmed Bilal apologizes for the ambiguity in his statements, and Al-Shaabi threatens to escalate the matter to the Council of Ministers ❣️Humanitarian appeal❣️:
142		142_watan_2025_news_al	['watan', '2025', 'news', 'al', 'august', 'february', 'tuesday', 'ad', '2024', 'december', 'friday', 'saturday']	*Balad News - Wednesday, August 29, 2018 AD - News Headlines* Issued by Sahar Al-Bayan Center for Press and Media Services *Foreign Affairs:	📰 Today's news: 👈 Al-Taayshi:	📌 Al-Rahifa is burning e 📰 Today's news:
143		143_albashir_albashirs_court_deposed	['albashir', 'albashirs', 'court', 'deposed', 'difference', 'trial', 'criminal', 'prosecution', '1989', 'big', 'charges', 'president']	Details of the first trial sessions of the rapist and killer of a child (Nyala) Anticipated amendments to the structures and secretariats of the National Congress Party The presidency directs rapid intervention to contain watery diarrhea in the White Nile The Egyptian President:	Abdel Wahed is behind the events at Camp Kalma Al-Bashir:	Al-Bashir has become a symbol of supporting the weak in the world Mohamed Atta:
144		144_film_series_shown_theater	['film', 'series', 'shown', 'theater', 'experience', 'dramatic', 'festival', 'actors', 'produced', 'acting', 'fingers', 'tragedies']	"""Dragged"" at ""60"" minutes, starting from the first of November Ishraqa:"	Taraji’s resignation via WhatsApp is unofficial Last minute:	Writer of the script of the Asham series: The series conveyed a realistic picture of the condition of the Sudanese expatriate, far from the rosy picture. Follow the latest news on the Telegram application via the link https://t.me/Sd_News_Network Alaa Al-Sheikh: Youth are able to move the stagnation in Sudanese drama “Asham” is a dramatic experience that caught attention when it was shown on one of the Sudanese satellite channels last Ramadan.
145		145_list_terrorism_terrorist_sponsoring	['list', 'terrorism', 'terrorist', 'sponsoring', 'instability', 'extremism', 'remove', 'removing', 'countries', 'combating', 'sudans', 'indicating']	In conclusion: I hope to confirm through you to our proud, patient, steadfast and peaceful people, and then to the whole world, our full commitment to the international partnership to consolidate the foundations of regional and international security and peace, and the cooperation and serious work that all of this requires to combat terrorism, money laundering crimes, and human trafficking, implement standards of transparency in public performance, fight corruption, and implement the goals of Sustainable international development with a greater focus on preserving the rights of women and children and commitment to protecting the environment. I also assure you and through you of our strict commitment to taking executive measures for the Sudan Initiative project to achieve Arab and African food security. I also affirm our continued openness to the peoples of the world to maximize partnerships and mutual benefits.	In the field of combating terrorism, America must take all of this into consideration and lift the sanctions imposed on Sudan.	We expected all options before the American decision came out An American research center calls on the Trump administration to remove Sudan from the terrorism list Public opinion:
146		146_httpswhatsappcomchannel0029vapgy3o7dmecjcizwq2x_channel_httpstmesudaaan_follow	['httpswhatsappcomchannel0029vapgy3o7dmecjcizwq2x', 'channel', 'httpstmesudaaan', 'follow', 'whatsapp', 'httpswhatsappcomchandnel0029vapgy3o7dmecjcizwq2x', 'telegram', 'sudan', 'httpswhatsappcomchaannel0029vb2jdpaixnnnnnnnnnnnnpxuj5a1x', 'httpswhatsappcomchaannel0029vb2jdpaixnnnnnnnnnnnnnpxuj5a1x', 'nubia', 'legend']	Follow Sudan channel on WhatsApp https://whatsapp.com/channel/0029Vapgy3O7dmecjCIZwQ2X Follow Sudan channel on Telegram https://t.me/sudaaan	Follow Sudan channel on WhatsApp https://whatsapp.com/channel/0029Vapgy3O7dmecjCIZwQ2X	Follow Sudan channel on WhatsApp https://whatsapp.com/channel/0029Vapgy3O7dmecjCIZwQ2X Follow Sudan channel on Telegram https://t.me/sudaaan
147		147_voluntary_returnees_return_deported	['voluntary', 'returnees', 'return', 'deported', 'deterioration', 'migration', 'deposited', '450', 'immigration', 'deportation', 'expatriates', 'buses']	The government insists that most of them came to find a better life, not asylum.	It is noteworthy that the centrist government, with strong support from the far right, proposed this new law, amid the arrival of about 90,000 asylum seekers to Austria since 2015.	Migration is transformed from a “means” for achieving our highest goals, into an “end” in which we live as we please, without a future outlook or planning for it.
148		148_httpstmesaqwl_coverage_fees_determined	['httpstmesaqwl', 'coverage', 'fees', 'determined', 'noted', 'fee', 'permission', 'share', 'imposed', 'comes', 'addition', '']	Full coverage of fees 2.	In addition to the fees that were imposed on them.	And there is no permission, and it also comes with a fee.
149		149_bird_birds_norway_sheep	['bird', 'birds', 'norway', 'sheep', 'cows', 'research', 'animal', 'suicide', 'crocodile', 'sent', 'mourning', 'die']	He asked her for a “deer” gazelle and a female animal.	A “bulldozer” was unable to uproot it, and it was uprooted by a strong wind.	I say wolves because they are the only animal that eats its prey alive without mercy or concern for its cries or groans. .
150		150_investment_economy_companies_economic	['investment', 'economy', 'companies', 'economic', 'sector', 'industry', 'productive', 'sectors', 'private', 'trade', 'policies', 'medium']	He said in press statements yesterday that the state will work hard with some United Nations organizations and financing institutions to help provide means and opportunities for small businesses and industries in the medium term.	Removing Sudatel’s name from the list of banned companies is a big step Public opinion:	We launched an initiative to develop small and medium enterprises at a cost of 200 billion pounds.
151		151_pounds_price_kilo_prices	['pounds', 'price', 'kilo', 'prices', 'vegetables', 'meat', 'pound', 'bakeries', 'increase', 'flour', 'markets', 'purchasing']	Khartoum imports garlic and vegetables at $150 million annually Interior Ministry:	He pointed out the importance of providing security for development and service projects to achieve their goals, pointing to the quality of Blue Nile State products and the high demand for them from abroad, especially bananas.	Sudanese coffee is declining compared to its foreign counterparts.
152		152_migrants_coast_boat_mediterranean	['migrants', 'coast', 'boat', 'mediterranean', 'tunisian', 'libyan', 'guard', 'drowned', 'rescued', 'libya', 'boats', 'italy']	more than 600 migrants rescued American magazine:	Explosives seized in Old Halfa Hundreds of migrants and dozens of children, including Sudanese, were rescued in the Mediterranean Sea A reading of the Arquette apartment incident and the Manhattan bar incident Parliamentarian:	The Libyan Coast Guard recovers the bodies of two migrants and others missing. # Sudan_News_Network on Telegram https://t.me/Sd_News_Network The Libyan Coast Guard on Sunday recovered the bodies of two migrants who died while trying to cross the Mediterranean and rescued at least 250 from two boats east of Tripoli, officials said. Coast Guard officials said one of the boats sank while the other was severely overcrowded. Some survivors stated that the fate of many migrants is still unknown and it is feared that they will drown. The two boats were at sea near the municipality of Qarabulli, from which boats have been launching frequently since local armed groups began preventing boats from leaving the coast to west of Tripoli last summer.
153		153_transportation_railway_tariffs_buses	['transportation', 'railway', 'tariffs', 'buses', 'proposal', 'lines', 'reduce', 'operating', 'bus', 'company', 'line', 'train']	It also has a railway station linking western Sudan to its center and east.	Transportation is an issue that turns children gray Ibrahim Ahmed Omar:	Katz proposes to connect the railways in Saudi Arabia, Bahrain, the Emirates, and others, to the city of Haifa, through the city of Bisan, on the border with Jordan, and then to the Sheikh Hussein border crossing with Jordan, and to complete the railways from the Jordanian region of Irbid and Mafraq to the Saudi border, and to meet with the Saudi railways. Katz explained that this project will link the Arabian Gulf to the port of Haifa on the Mediterranean.
154		154_karari_headlines_channel_ad	['karari', 'headlines', 'channel', 'ad', '2026', 'issued', 'newspaper', 'newspapers', 'local', '2025', 'akhbar', 'alyoum']	The most prominent headlines in local newspapers published this morning, Friday, May 11, 2018.	#NewsHarvest For today, Wednesday, November 7, 2018 AD, we monitor for you the most important local and international news issued by the Governor’s Center for Press Services. #	Local newspaper headlines for today, Saturday, July 18, 2020.
155		155_road_roads_asphalt_maintenance	['road', 'roads', 'asphalt', 'maintenance', 'rehabilitation', 'length', 'bridge', 'bridges', 'linking', 'internal', 'kilometers', 'project']	Al-Mansheya Bridge is working well Attention:	The governor announced projects that are being planned and will be announced. At that time, a big shift will occur Dr. Engineer Khaled Mohamed Khair, Minister of Infrastructure and Transportation, said that the length of the concrete body of the bridge is (600) meters, and the bridge is considered one of the (widest) bridges in the state, as it consists of two lanes and each lane includes (3) lanes. The bridge is connected by an asphalt road with a civil street with a length of (3,500) meters. From the western side and a road from the eastern side with Al-Ailfoun Street, with a length of (2,300) meters. The bridge was built by purely Sudanese hands, which confirms the great progress achieved by the Sudanese company (A&A) in building bridges, as it previously constructed the Tuti Bridge, the Nile Street Bridge, and the Central Market Bridge.	The Commissioner of the East Nile, Abdullah Al-Jili, said that the bridge will bring developmental, economic and social dimensions to his locality and contribute directly to the completion of development projects in the fields of agriculture, animal production, dams that protect against floods and water harvesting. The Commissioner announced the imminent opening of many service projects in the fields of education and health.
156		156_watan_nasr_2025_ad	['watan', 'nasr', '2025', 'ad', 'news', 'festival', 'al', 'july', 'marwa', 'collaborator', 'student', 'hebrew']	Nasr from God and open near	Nasr from God and open near	Nasr from God and open near
157		157_sennar_battle_regiment_placed	['sennar', 'battle', 'regiment', 'placed', 'sinja', 'liberation', 'discovered', 'army', 'anniversary', 'fall', 'regions', 'largest']	According to the Sudanese Ministry of Defense website, Khartoum sent an infantry battalion to support Egypt during the June 5, 1967 war against Israel, and it was stationed in the east of the Suez Canal (northeast of Egypt), and that force remained in the region, which was later supported and transformed into a brigade called the “Liwaa”. Victory”, before returning to Sudan in August 1972.	Post on Facebook *In 1967, the Egyptian army was defeated by the Israeli army in what was known as (the setback). The Sudanese army rose. By retraining the Egyptian army, especially officers. The entire Egyptian army was transferred to the Wadi Saydna area under the protection of the Sudanese army*. * Among the general Egyptian people, about 6.5 million Egyptians immigrated from Egypt to Sudan and were received.	︎ ☆ Related to the restoration of northern Bahri and opening the doors of the camps [Al-Ailfoun and Hattab].. ■ Darfur city axes ▪
158		158_homeless_services_social_welfare	['homeless', 'services', 'social', 'welfare', 'shelter', 'reassured', 'children', 'excellency', 'level', 'terms', 'treatment', 'organizing']	He said that there is a committee to evaluate the performance of national organizations, and any organization that does not provide services to citizens will be stopped, noting that there are 13,000 organizations at the state level and 5,300 organizations at the federal level.	Adam stated that he did not prevent relief from entering the state, but he stressed the need to organize the support that reaches the state so that the citizen does not beg for any source.	Motivations include addressing treatment and housing issues and providing easy means of movement.
159		159_unamid_mission_security_unitams	['unamid', 'mission', 'security', 'unitams', 'resolution', 'darfur', 'nations', 'united', 'council', 'departure', 'withdrawal', 'exit']	Popular differences hinder negotiations over the two regions The Security Council is considering reducing UNAMID forces to 44% 5 merchants died in a traffic accident on Al-Tahadi Road, Shindi, Khartoum Expectations of an improvement in the trade balance... Trade: A plan to increase exports and open new markets abroad Today's news: The Security Council is considering reducing the UNAMID mission in Darfur Egyptian expert: Relations with Sudan are on the right track He expressed objection to the attribution of Hamas and Al-Qaradawi to terrorism.	UNAMID head Jeremiah Mamabolo said: “I call on all parties involved in this situation to restore calm as soon as possible, as peaceful resolution of differences is the only way forward for the people of Darfur.”	The statement explained that a medical team from UNAMID is currently in Kalma camp to assist local authorities in treating the injured.
160		160_peace_negotiations_agreement_juba	['peace', 'negotiations', 'agreement', 'juba', 'parties', 'war', 'root', 'process', 'conflict', 'achieve', 'ending', 'democratic']	We do not want escalation, and all differences can be resolved through dialogue Follow the Sudan Network on Telegram.	He stressed his government's commitment to implementing the forum's decisions and its readiness to provide all services to villages and areas displaced by civil wars. The head of the Ajaweed Committee, Prince Ismail Muhammad Yusuf, confirmed that the file had been closed permanently, praising the response of the two parties and their desire for reconciliation. He said that announcing the outcomes of the forum will be the responsibility of the Ajaweed Committee, and that the decisions and recommendations issued by his committee are sufficient to implement reconciliation and establish sustainable peace between the two parties.	Regarding peace in South Sudan, Al-Bashir said that stopping the fighting there would achieve peace in the Blue Nile and South Kordofan regions.
161		161_empowerment_committee_professionals_removal	['empowerment', 'committee', 'professionals', 'removal', 'association', 'decision', 'relevant', 'tool', 'performing', 'decisions', 'committees', 'indicates']	We have 48,300 associations, including 30,000 activists.	According to the source, in addition to its immediate implementation on the ground, the decision included a review of all relevant issues.	We made a mistake in the Professionals Association by not participating, and we are still paying the price Al-White:
162		162_calm_neighborhood_normal_witnessed	['calm', 'neighborhood', 'normal', 'witnessed', 'houses', 'life', 'cautious', 'city', 'street', 'collapsed', 'fasher', 'operational']	Jalal al-Din Sheikh al-Tayeb, commissioner of Jabal Awliya, said that his locality was affected by a number of difficulties and problems, as it is witnessing a dense population, which requires development and the establishment of projects in cooperation with international and regional organizations for stability and development of the locality, noting that the Italian Development Agency is contributing an amount of 330,000 euros to his locality.	The commissioner of Al-Wahda locality, Muhammad Ahmed Jaber, indicated that the locality witnessed the return of the Kila area and is now witnessing the Tarba area, in addition to the fact that there are (13) villages scheduled for voluntary return.	︎ Last week, Muhammad Khairallah Mansour Khairallah, famous for the Nammat, moved in our district, Umm Badda, the sixth neighborhood, from the city of Al-Thawra, accompanied by a friend, to the city of Atbara, driving a Corolla car.
163		163_health_insurance_governor_locality	['health', 'insurance', 'governor', 'locality', 'kordofan', 'hospital', 'nile', 'north', 'opening', 'blue', 'center', 'medical']	The Governor of Khartoum said during the opening of the Wada' Allah Ibrahim Health Center in the Kalakla area in Khartoum yesterday, that Mamoun's good philosophy in establishing reference hospitals is clear, and this will be reflected in all states of Sudan.	⬅️Minister of Religious Affairs: We succeeded in the success of Hajj 1444 AH despite the complications ⬅️ The start of the third round of disease vector control in the neighborhoods of Gedaref municipality ⬅️The Minister of Education of the Nile River receives a book of results of the primary certificate exams ⬅️Meteorology: A slight rise in temperatures and light rain in some states ⬅️ Launching the first batch of the Saudi wheat share for the Darfur region ⬅️Wali of Kassala: We strive to reach the level of comprehensive quality in Hajj work ⬅️The northern governor witnesses the celebration of the Gold locality with the graduation of 1,300 mustermen ⬅️The National Committee to Combat Human Trafficking holds an ambassadorial meeting ⬅️ Health in the Nile River examined how to restore health insurance services in the state ⬅️Health insurance: Providing health services to 3.1 million citizens ⬅️The governor of Gedaref witnesses the signing of the rehabilitation contract for the modern Gedaref slaughterhouse ⬅️The governor of Gedaref meets with the state’s Medical and Health Work Coordination Council ⬅️ Specifications and standards in the White Nile eliminate 45 tons of food drinks ⬅️Sinnar Health and the International Medical and Pharmaceutical Authority are examining the authority’s interventions in the state ⬅️A media mechanism to enhance the efforts of the Ministry of Health on the island to combat epidemics ⬅️ Preparations for the opening of the Gold Building in Dongola, the second half of this October ⬅️The Darfur Regional Government receives medicines and relief materials ⬅️Drug control arrested three of the most dangerous drug dealers ⬅️Shendi detectives succeeded in ensnaring a group of people who committed looting crimes ⬅️ A delegation from the Youth House Initiative to finance youth projects visits Gedaref State	₩Various news: ♢Health Insurance inaugurates the Bausif Health Center in Halayeb locality ♢Specifications Kitchen in Gedaref continues its social responsibility program ♢Pharmaceutical Council: An agreement with customs to clear medicines and pharmaceutical preparations in Kassala ♢The designated Attorney General meets with his Egyptian counterpart on the sidelines of the plaintiffs’ summit ♢The Northern Governor witnesses the conclusion of the shooting program for the Strategic Battalion in Al-Dabbah ♢The governor of Kassala inspects citizens affected by the flood of the Gash River in the city of Aroma ♢Gedaref begins deporting displaced people from Sennar from reception centers to the Al-Huri area ♢The governor of Kassala inspects alternative sites for shelter Continuation of the feeding initiative and family and therapeutic support from the Karari channel on your bank account 2598915 Al-Hattana Branch, one pound for one pound, to feed hospices. Karari channel on Telegram https://t.me/kraray224466.
164		164_inquiries_249918984706_orders_delivery	['inquiries', '249918984706', 'orders', 'delivery', 'best', 'whatsapp', 'service', 'states', 'number', 'khartoum', 'arabic', 'english']	For orders and inquiries, call or WhatsApp via the number +249918984706 with the best delivery service within Khartoum State and to the states. *	For orders and inquiries, call or WhatsApp via the number +249918984706 with the best delivery service within Khartoum State and to the states. *	For orders and inquiries, call or WhatsApp via the number +249918984706 with the best delivery service within Khartoum State and to the states. -
165		165_summary_best_news_start	['summary', 'best', 'news', 'start', 'alwatan', '2021', 'ad', 'akhbar', 'alyoum', 'day', 'newspaper', '2022']	🇸🇩(((🔵 Country News - Monday, February 19, 2024 AD 🔵 ))) 🇸🇩 🔵 Al-Watan newspaper:	🇸🇩((( 🔵 Country News - Tuesday, February 20, 2024 AD 🔵 ))) 🇸🇩 🔵 Al-Watan newspaper:	Country News - Friday, January 12, 2024 AD 🔵 Al-Watan newspaper:
166		166_coup_freedom_change_revolutionary	['coup', 'freedom', 'change', 'revolutionary', 'plotters', '1989', 'military', 'justifications', 'october', 'agreed', 'revolution', 'tyranny']	What is going on about a coup and arrests, Rumors Net With pictures and details:	The coup led by a handful of leaders involved in grievances and dedicated to tyranny and tyranny makes the country vulnerable to a repetition of the farce that we have witnessed for thirty years, a farce based on the legalization of murder, tragedies, injustice, violence, marginalization, racism, corruption, nepotism, and circumventing the laws and the constitution.	Today's news: Freedom and Change reveals arrest warrants for those accused of planning and planning the 1989 coup.
167		167_health_haitham_dr_competence	['health', 'haitham', 'dr', 'competence', 'ministry', 'akram', 'medicines', 'surprised', 'treatment', 'exploited', 'medical', 'minister']	The statement added: Although the Ministry, through the Department of Information and Public Relations, did not skimp on any information to the various local and international media outlets, considering that obtaining information for media outlets is a right guaranteed by the Constitution, a rumor, not devoid of purpose, emerged through social media through the Minister’s mouth to the effect that “Federal Minister of Health, Bahar Abu Garda: The state spends too many pennies to treat cancer patients, and in the end they die.” This false statement is not commensurate with the reality of the responsibility that His Excellency the Minister is facing, and what confirms this is that it was not mentioned in any newspaper, satellite or radio channel, local or international, and despite that, some pseudonyms began to circulate this false statement with some sarcasm in newspapers. .	Professor Bahr Idris Abu Garda, the Federal Minister of Health, confirmed the provision of all devices and equipment and the completion of the health map at all levels in the administrative units, localities and at the state level, explaining that the wonderful achievements in the Gold locality were the result of combined official and popular efforts in many fields, especially the health field.	Menoufli pointed out that this program was intended to communicate with the community and deliver the message of awareness of Arab Traffic Week, extending his thanks to the Ministry of Health and Traffic Medicine for supporting and sponsoring the treatment day. For his part, the Acting Director General of the Ministry of Health, Siddiq Abdullah Abdul Rahman, indicated that the treatment day will provide specialized medical services in addition to providing free examination and medicine, including x-ray service. He promised to hold treatment days in the coming days in the Kas locality in coordination with the police, and praised the free therapeutic services provided by the police forces to citizens, and stressed that their services were not limited to the security aspects only, but rather extended to therapeutic and medicinal aspects, in addition to ambulance and transporting patients and maternity cases via rescue vehicles day and night.
168		168_newspaper_alwatan_alyoum_alintibaha	['newspaper', 'alwatan', 'alyoum', 'alintibaha', 'akhbar', 'alsayha', 'alatta', 'alahed', 'yasser', 'arbitrary', 'cooperative', 'publishes']	Death takes away the head of the sports section of “Al-Watan” newspaper.	Akhbar Al-Youm newspaper: A Republican decision to relieve Professor Ghandour from the Ministry of Foreign Affairs.	We refused to participate in power to devote ourselves to the supervisory role Al-Intibaha newspaper:
169		169_interests_america_americans_negotiation	['interests', 'america', 'americans', 'negotiation', 'quartet', 'facilitates', 'speech', 'dictates', 'selfdetermination', 'controversial', 'reach', 'allies']	"He continued, ""Despite that, we seek to solve our problems with stability, and we abide by Kissinger's saying, 'America's friendship is a problem and its hostility is a disaster.'"""	He said that the United States of America moves according to interests and not according to principles, and in many cases interests outweigh principles and always seeks pressure to achieve its interests, even if achieving those interests clashes with American principles and values.	We are optimistic about the transitional government and the roots of the crisis must be resolved in order for peace to be achieved. -
170		170_god_victory_conquest_valiant	['god', 'victory', 'conquest', 'valiant', 'grant', 'oh', 'protect', 'willing', 'enemies', 'army', 'near', 'heroes']	The whole matter belongs to God, and in the hands of God, there are many prayers, and your trust in God is great, and in your army after God, and we reassure you that, God willing, we will be victorious, and God willing, our island is free and free of rebellion, but do not wait for this story to end. Between day and night, we see battles, battles, and tours with... Rebellion: People are fortified with certainty, and, God willing, things are in order Victory from God and conquest is near	Now, thanks to God, the army begins the harvesting operations and has thwarted the plans of the outside and the workers of the inside, with God’s help.	*May God grant victory to our armed forces and hasten relief and we may enjoy security, safety and stability.
171		171_jobs_scholarship_opportunity_professors	['jobs', 'scholarship', 'opportunity', 'professors', 'contains', 'apply', 'interested', 'masters', 'courses', 'study', 'english', 'host']	https://sudancareer.com/mti An important opportunity ❤️❤️ A grant for #Sudanese university professors 🇸🇩 who were affected by the war provides financial support, professional development support, and resources to assist professors in terms of entry visas and travel matters to the host country https://sudancareer.com/fellowship/fellowships-iie-scholars For more jobs: https://sudancareer.com For those interested in the jobs of organizations, this Telegram channel contains all the jobs of organizations in Sudan https://t.me/joinchat/AAAAAE8O3UlRewjpjqii1A https://t.me/orgsd	https://study.sudancareer.com/?p=881 Maastricht University NL-High Scholarship to study a master’s degree in the Netherlands 🇳🇱 You will receive an amount of 12,675 euros annually for living expenses (975 euros per month) https://study.sudancareer.com/?p=885 For more jobs: https://sudancareer.com For those interested in the jobs of organizations, this Telegram channel contains all the jobs of organizations in Sudan https://t.me/joinchat/AAAAAE8O3UlRewjpjqii1A https://t.me/orgsd	https://study.sudancareer.com/?p=881 2- Maastricht University NL-High Scholarship to study a master’s degree in the Netherlands 🇳🇱 You will receive an amount of 12,675 euros annually for living expenses (975 euros per month) https://study.sudancareer.com/?p=885 For more jobs: https://sudancareer.com For those interested in the jobs of organizations, this Telegram channel contains all the jobs of organizations in Sudan https://t.me/joinchat/AAAAAE8O3UlRewjpjqii1A https://t.me/orgsd
172		172_islamic_movement_almahdi_religious	['islamic', 'movement', 'almahdi', 'religious', 'sheikh', 'brotherhood', 'republican', 'alsadiq', 'christian', 'mosque', 'muslim', 'sitin']	A presidential directive to arrange an official Shiism:	An attack on Al-Azhar for its refusal to declare the perpetrators of the Rawda operation as infidels...and Shoman:	The federalist in origin participates in writing the constitution A recommendation to monitor Christian issues and submit them for guidance A new group split from Abdul Wahid and joined Al-Salam. #
173		173_scholarship_admission_apply_university	['scholarship', 'admission', 'apply', 'university', 'luck', 'grant', 'wait', 'meaning', 'choice', 'better', 'artistic', 'correspondent']	🇸🇩 With fully funded scholarships for students. -	Required academic average: 2.0 (GPA) or its equivalent in the scholarship applicant’s country (approximately 75%) - varies depending on the country. The scholarship is flexible for university admission, meaning: 1- You can obtain university admission at any university and then apply for the scholarship 2- You can wait to get the scholarship, then apply to the university and write to SBW again 3- The first choice supports the position better Scholarship link: https://study.sudancareer.com/?p=468 Good luck everyone ❤️	It is a full scholarship that covers all study expenses - two tickets (round trip) with a monthly stipend.
174		174_summary_news_best_start	['summary', 'news', 'best', 'start', 'ad', '2021', 'day', 'saturday', '2022', '2020', 'november', 'headlines']	Country News - Saturday, November 3, 2018 - News headlines 🔵	Country News - Saturday, November 10, 2018 - News headlines 🔵	Country News - Saturday, August 25, 2018 - News headlines Happy New Year.
175		175_payment_transactions_account_bank	['payment', 'transactions', 'account', 'bank', 'request', 'easier', 'safely', 'easily', 'financial', 'banks', 'reliable', 'fast']	Agreement to facilitate banking transactions Minister of Information:	He expected that other global payment methods (West Union) would be active in the matter of transfers for trade purposes, and he said that they are quasi-banking transfer methods that were previously prohibited.	New features in your bank application Our valued customers,, Download the #YourBank application update to the latest version and enjoy the new additional features: 1.
176		176_join_scene_httpstmesdnewsnetwork_link	['join', 'scene', 'httpstmesdnewsnetwork', 'link', 'telegram', 'sudanese', 'httpswhatsappcomchannel0029va9dzn3l7uvv5orzew3o', 'device', 'httpstmesudaray', 'removal', 'opinion', 'solution']	The device... between solution and removal ــــــــــــــــــــــــــــــــــــــــــــــــــــــــــــــــــــــــــــــــ _Join the Sudanese scene on Telegram via the link​ https://t.me/Sd_News_Network	ــــــــــــــــــــــــــــــــــــــــــــــــــــــــــــــــــــــــــــ _Join the Sudanese scene on Telegram via the link https://t.me/Sd_News_Network	ــــــــــــــــــــــــــــــــــــــــــــــــــــــــــــــــــــــــــــ _Join the Sudanese scene on Telegram via the link https://t.me/Sd_News_Network
177		177_republican_palace_civilization_history	['republican', 'palace', 'civilization', 'history', 'ii', 'abundant', 'era', 'enlightened', 'invaders', 'proof', 'fall', 'rule']	In his speech in front of the warrants of the two warriors at the headquarters of the Ministry And Egyptians were angry at the time of the last Arabs in Darfur (West).	Two crescents in the African Confederation today, white and Nigeria.	We did not enter Khartoum as “invaders” and the era of coups has ended irreversibly.
178		178_commanderinchief_armed_flag_excellency	['commanderinchief', 'armed', 'flag', 'excellency', 'incubator', 'forces', 'alatta', 'reassured', 'independence', 'sovereignty', 'homelands', 'chairman']	Minister of State for Defense: The Armed Forces dealt with Musa Hilal with a policy of restraint #Sudan_News_Network on Telegram https://t.me/Sd_News_Network Lieutenant General Ali Muhammad Salem, Minister of State at the Ministry of Defense, said that the Armed Forces dealt with Musa Hilal with a policy of restraint and patience, despite his negative statements, adding that Musa Hilal is against the campaign to collect weapons.	Al-Bashir, who witnessed the closing exercise of the 55th General Military Shooting Festival at the training camp northeast of Atbara on Tuesday, pledged to continue his efforts to build armed forces that would be a deterrent force for anyone thinking of attacking Sudan. Al-Bashir affirmed his happiness and complete satisfaction with the level that the armed forces have reached in terms of training, qualification, and the equipment they possess, and pointed to the cohesion and valor of the armed forces and their defense of the homeland since independence. Al-Bashir said, “There is no army that was patient, steadfast, victorious, and thwarted all the enemies’ plans except the Sudanese army.	Al-Bashir praised the industrial defense system and said, “We now have the most modern factories for producing military equipment in the entire region, as Sudan has begun exporting equipment, clothing, and weapons to many countries.” Al-Bashir saluted the armed forces in Yemen and in the Land of the Two Holy Mosques who raised Sudan’s head high with their courage. He also saluted the first generation of Sudan’s defense leaders and political leaders who achieved Sudan’s independence. He praised the international company “Zadna” and the “Sor” company.
179		179_hammam_shafiq_magdy_science	['hammam', 'shafiq', 'magdy', 'science', 'technology', 'riyadh', 'ahmed', 'university', 'arabia', 'saudi', 'press', 'sudan']	Magdy Shafiq Ahmed Hammam Sudan University of Science and Technology Press:	Magdy Shafiq Ahmed Hammam Sudan University of Science and Technology Press:	Magdy Shafiq Ahmed Hammam Sudan University of Science and Technology Riyadh Saudi Arabia:
180		180_traffic_buses_transportation_bus	['traffic', 'buses', 'transportation', 'bus', 'vehicles', 'travel', 'staying', 'transport', 'tariffs', 'stops', 'trucks', 'roads']	Conditional permission for “HATS” to transport passengers across the states Independent:	A public vehicle driver dedicates the evening period to transporting women only.	Increasing the tariffs of transportation lines without any controls.
181		181_vehicles_enemy_destroyed_forces	['vehicles', 'enemy', 'destroyed', 'forces', 'rebel', 'infantry', 'attack', 'retreated', 'clashes', 'rebels', 'northeastern', 'bahri']	The Rapid Support Forces were also used to crush the rebels in Bashir's violent counterinsurgency campaign. - “	▪️The Rapid Support Forces said that the displacement operations from cities and areas under their control, due to fears of air attacks by army aircraft.	We compensated for part of the lack of forces by opening two camps in Soba and the Chinese Farm, but only fighters were in Kalash, and most of them went to looting. *
182		182_british_britain_london_european	['british', 'britain', 'london', 'european', 'constructive', 'engagement', 'sudans', 'envoy', 'foreign', 'dialogue', 'united', 'union']	Britain demands reforms from Sudan in conjunction with bilateral discussions in London. # Sudan_News_Network on Telegram https://t.me/Sd_News_Network Britain expressed its concerns about the human rights situation and the reforms that Sudan desperately needs, following discussions between the foreign ministers of the two countries in London on Tuesday. Sudanese Foreign Minister Ibrahim Ghandour held bilateral discussions with his British counterpart, and also opened an economic forum between the two countries. The British Embassy in Khartoum said in a tweet on Twitter: “The constructive meeting between Sudanese Foreign Minister Ibrahim Ghandour and British Foreign Minister Boris Johnson raised the United Kingdom’s concerns about human rights and the political and economic reforms that Sudan desperately needs.” British representatives sharply criticized their country's Foreign Minister for hosting in London an investment forum with Sudan in which more than 100 companies participated. The criticism was supported by Sudanese opponents of the Khartoum government in Britain.	"According to Sudanese Foreign Ministry spokesman Qaribullah Khidr, Ghandour held bilateral discussions on Tuesday morning with his British counterpart, Boris Johnson, in London. “ They discussed the developing bilateral relations between the two countries and ongoing cooperation in all fields under the umbrella of the strategic dialogue between Sudan and Britain, which has been organized since 2016 and its last rounds were held in London last October. A Greens statement added that the meeting also touched on the economic situation in Sudan, especially after the lifting of US economic sanctions on Sudan. He said, ""The Foreign Minister provided an enlightenment on the developments of the situation in Sudan after the national dialogue, which lasted for two years at the initiative of His Excellency President Omar Al-Bashir."" He continued, ""He also provided an explanation of Sudan's role in supporting regional stability, especially with neighboring countries in Somalia, South Sudan, and Central Africa, as well as water issues."	The UK Minister for African Affairs visits Sudan. Follow the latest news on the Telegram application via the link https://t.me/Sd_News_Network The United Kingdom's Minister for African Affairs, Harriet Baldwin, will arrive in Khartoum tomorrow, Tuesday, to discuss the United Kingdom's commitment to achieving stability and economic reform in Sudan. As the first British minister to visit Sudan in more than three years, Baldwin will meet with a number of senior political officials, including government ministers, and will discuss how the UK can support the Sudanese government’s priorities in making progress on alleviating the external debt burden and reforming the economic system to lay the foundations for sustainable economic growth in the future. .
183		183_expatriates_expatriate_home_tell	['expatriates', 'expatriate', 'home', 'tell', 'taught', 'rent', 'income', 'mother', 'children', 'buy', 'worked', 'striking']	Expatriates... perhaps it is good.	We will not discuss criticizing them, as much as what concerns us here is addressing their bad effects on the expatriates of our dear country.	I work to support my five children, in addition to my mother and father, and I also have to save an amount of 800 pounds to rent the house.
184		184_nile_white_located_cairo	['nile', 'white', 'located', 'cairo', 'sennar', 'river', 'ancient', 'villages', 'jabal', 'muya', 'desert', 'gandhi']	"#Kosti_City.. Bride of the Nile in Sudan #Sudan_Country_of_Civilization The city of Kosti includes the largest river port (the island) A Sudanese city called the ""Bride of the Nile"", with its economic status and ancient history. It gained its fame by including the largest river port in the country and a railway station. # the site The city of Kosti is located on the western bank of the White Nile in Sudan, 270 kilometers south of the capital, Khartoum."	“All the problems with Cairo are behind us.”	Zuwara is located near the Libyan border with Tunisia, which is a favorite location for Al-Ma Run by boat.
185		185_hillat_shouk_bombing_civilians	['hillat', 'shouk', 'bombing', 'civilians', 'rebel', 'militia', 'muya', 'attempts', 'residents', 'omdurman', 'camp', 'massacre']	One person was killed and wounded in Derej camp in the city of Nyala by members of the Revolutionary Front.	There is a split between the army and the Rapid Support, and we fear an explosion Examining human skulls seized in Omdurman to determine their true ages The tripartite mechanism:	The rebel militia continues its violations against civilians, as it carried out indiscriminate bombing on the areas of Wadalbakhit and Hillat Khalid in northern Omdurman, which led to the martyrdom of (3) citizens, in addition to attempts to force the evacuation of citizens of the Al-Fitaihab, Saliha, Al-Nakhil and Al-Bustan neighborhoods.
186		186_rukn_lieutenant_commander_general	['rukn', 'lieutenant', 'commander', 'general', 'major', 'abyad', 'brigadier', 'captain', 'al', 'azraq', 'din', 'jaber']	The Deputy Chairman of the Military Council continued, saying: (We thank all the brave men from the Armed Forces and the Rapid Support and all those stationed on bridges and roads in high temperatures during Ramadan in order to preserve the country’s security and deter the shivering ones.)	During his address on Sunday, Al-Burhan renewed the enlightenment meeting of officers, non-commissioned officers and soldiers from the Al-Shajara and Jabal Awliya military regions of the Armored Corps, in the presence of the Chief of Staff and his deputies, commanders of the main forces and a number of formation and unit commanders, the determination to build the armed forces and provide all their needs and those of their members in service and pension so that they can carry out their duties in Confronting the challenges of protecting and defending the homeland.	Lieutenant General Shams al-Din Kabbashi said today when he addressed the breakfast ceremony organized by the 2nd Infantry Division in honor of his visit to the state today that the armed forces are fighting supported by their people in order to defeat the brutal Rapid Support militia rebellion.
187		187_egyptian_alsisi_fattah_cairo	['egyptian', 'alsisi', 'fattah', 'cairo', 'president', 'visit', 'elsisi', 'relations', 'abdel', 'egypt', 'bilateral', 'sisi']	The Egyptian proposal faltered and concluded without an agreement Hassabo:	The Egyptian President receives Lieutenant General Ibn Auf and agrees on a joint military committee (Abu Saleh): Khartoum wasted 8 trillion pounds in sewage 30,000 heads of sacrificial sheep were offered to workers in Khartoum State The President of the Republic approves 4 new ambassadors Current:	The Egyptian president’s constant statements confirm the depth of the historical ties and special relations that bring the two countries together.
188		188_information_law_communications_draft	['information', 'law', 'communications', 'draft', 'security', 'penalty', 'technology', 'spending', 'technologies', 'negative', 'necessary', 'measures']	Oversight campaigns on Internet cafes Public opinion:	$86.4 billion spending on information security in 2017. # Sudan_News_Network https://t.me/Sd_News_Network Total global spending on information security products and services is expected to reach $86.4 billion in 2017, an increase of 7% compared to 2016, according to the latest forecasts issued by global studies and research firm Gartner. The Foundation also expects this spending rate to grow to reach $93 billion by 2018. Gartner forecasts that the market for information security testing solutions, within the information protection infrastructure sector, will witness rapid growth (although this market is small in size today). This comes as a result of the increase in data breach incidents, in addition to the increased demand for information security testing solutions at the application level.	According to Gartner, application-level information security testing tools, especially interactive information security testing tools (IAST), will contribute to the growth of this sector until 2021. The information security services sector will continue to be at the top of the list as the fastest growing sector, especially the IT outsourcing market, consulting, and project implementation services. However, the hardware technical support market will see a slowdown in growth due to the increasing level of migration to virtual machines, cloud computing, and information security versions of SaaS solutions, which generally reduce the need for hardware. In this context, Deshpande, a senior analyst at Gartner, says: “Spending on information security products and services is witnessing steady growth due to the increasing awareness among CEOs and members of corporate boards of directors of the significant impact that information security breaches can have on companies’ business, in addition to the development of the regulatory environment.” ».
189		189_uganda_ugandan_kampala_refugees	['uganda', 'ugandan', 'kampala', 'refugees', 'camp', 'refugee', 'sudanese', 'embassy', 'attack', 'voluntary', 'community', 'reception']	"Rwandan Foreign Minister Louise Mushikiwabo said that Rwanda is a small country, but it will be able to find a place to house migrants. The minister told the pro-government Rwandan New Times newspaper that Rwanda is now engaged in negotiations with the African Union Commission to reach a formula on intervention and shelter for African migrants stranded in Libya. She told the newspaper, ""I expect and know that Rwandans will welcome these people. As Rwandans, we are sensitive to those who are helpless and unable to defend themselves."	"Eyewitnesses #Al -Hadath reported the ""Kerandando"" camp for Sudanese refugees in the state of Uganda, a white weapons attack, which resulted in the injury of 17 people, including 4 in a serious condition. The leadership office of the Sudanese refugee community in the camp said that the attack was systematically done by a fascinating group of refugees in South Sudan."	Sudanese refugees seeking help from attacks by a group of southern Sudanese refugees in Krendongo camp, in the eastern Uganda city
190		190_whatsapp_facebook_httpswwwfacebookcomprofilephpid61556457563338_httpstmealrisala249	['whatsapp', 'facebook', 'httpswwwfacebookcomprofilephpid61556457563338', 'httpstmealrisala249', 'httpstmekraray224466', 'follow', 'channel', 'use', 'join', 'group', 'telegram', 'interaction']	Join the channel and offer what you can The group will be opened on August 26.	Go here 👇🏻 https://chat.whatsapp.com/IaHrQ2s227cHsYzFurzdGc •	Go here 👇🏻 https://chat.whatsapp.com/HVTbUVX0wEIJaV5vgBN2Mz •
191		191_agreement_affirming_communitys_observer	['agreement', 'affirming', 'communitys', 'observer', 'parties', 'negotiations', 'visions', 'participants', 'attend', 'selfdetermination', 'exceed', 'framework']	Negotiate within the unified country and let us know if you need a mediator.	There is no room for bidding regarding the negotiations for the two regions Next day:	Loss of property and no loss of life.
192		192_journey_woman_tells_story	['journey', 'woman', 'tells', 'story', 'years', 'mother', 'family', 'tribune', 'children', 'stories', 'old', 'pain']	This patient family once again had to drink from the cup of the forced departure of one of its members, and this time one of its sons went to Egypt in search of an opportunity to immigrate to Europe, but for six years the family does not know specifically whether he is alive or swallowed by the waves of the Mediterranean Sea.	_ In scenes that embody the true meaning of insulting humanity, Sudanese refugees shiver in the cold on the Chadian border, facing the cold naked and the harshness of life in all its meanings.	Fourth: To our patient people in the land of Sudan and in the displaced and immigrants, the circle has narrowed and tightened, and the period has lengthened.
193		193_imprisonment_prison_sentence_accused	['imprisonment', 'prison', 'sentence', 'accused', 'death', 'police', 'measure', 'hanging', 'penalty', 'investigations', 'criminal', 'life']	The prisoners are fine and will be tried in Khartoum Illegal wealth:	Lifting immunity from the policeman accused of killing the young man, “Samer,” on Nile Street, Omdurman The President awards the Star of Achievement to the Ministry of Justice and the Medal of the Nilein to “Mustafa Othman” Confrontations continue between the government and Machar’s forces in Fakak and Mayod.	After the verdict was pronounced in the Ahmed Al-Khair case, a woman was martyred in the Central Courts Complex due to tear gas. Follow the latest news on the Telegram application via the link https://t.me/Sd_News_Network A reliable source revealed to the Bag News website that a woman working at the Middle Courts Complex in Omdurman died as a result of tear gas inhalation, following the pronouncement of the verdict in the case of the murder of the martyr, Mr. Ahmed Al-Khair, today, “Monday.” Police forces fired tear gas at the crowds in Hosh Al-Khalifa Square near the Central Courts Complex in Omdurman, who gathered today since the early morning, demanding retribution against the killers of the martyr. The source said that the police fired gas because they were about to deport the convicts to Cooper Prison after the end of the session and were delayed for more than two hours.
194		194_join_scene_httpstmesdnewsnetwork_link	['join', 'scene', 'httpstmesdnewsnetwork', 'link', 'telegram', 'sudanese', 'twitter', 'facebook', '', '', '', '']	ــــــــــــــــــــــــــــــــــــــــــــــــــــــــــــــــــــــــــــ _Join the Sudanese scene on Telegram via the link​ https://t.me/Sd_News_Network	ــــــــــــــــــــــــــــــــــــــــــــــــــــــــــــــــــــــــــــ _Join the Sudanese scene on Telegram via the link​ https://t.me/Sd_News_Network	ــــــــــــــــــــــــــــــــــــــــــــــــــــــــــــــــــــــــــــ _Join the Sudanese scene on Telegram via the link​ https://t.me/Sd_News_Network
195		195_source_omdurman_informing_ad	['source', 'omdurman', 'informing', 'ad', '2025', 'khartoum', 'august', 'wild', 'blogging', 'returnees', 'receiving', 'media']	I will return to Khartoum on October 2	Two months ago in Khartoum.	You could not lose it, which Khartoum raised a year ago.
196		196_investigation_police_theft_criminal	['investigation', 'police', 'theft', 'criminal', 'department', 'paid', 'car', 'east', 'reports', 'crime', 'accused', 'stolen']	Ali Salem confirmed that the Matariha area, before the recent operations, was a hotbed for thieves, looters, and fugitives, outside the control of the state.	He explained that the accused owns 8 pharmacies registered in her name in Khartoum State.	He explained that the accused owns 8 pharmacies registered in her name in Khartoum State.
197		197_uae_emirates_uaes_involvement	['uae', 'emirates', 'uaes', 'involvement', 'chad', 'evidence', 'divide', 'lord', 'weapons', 'alatta', 'america', 'aggression']	Abu Dhabi is trying to save what remains of the Arab diaspora in Darfur after the successive defeats inflicted on them by the armed forces and the joint forces of the armed struggle movements. Sudanese intelligence, radars and air defense drones are working efficiently on the borders with Chad, Libya and Central Africa. Any aircraft that violates Sudanese airspace will be struck, and our condition is that it obtains permission from the competent authorities in the Sudanese government.	Al-Atta describes the UAE as an evil state, as Sudan accuses it of supporting the Rapid Support Forces with weapons, military equipment, and funding fighters.	Lieutenant General Yasser Al-Atta: Zayed’s children want to replace the Sudanese people with people from the Arab diaspora of Africa #SudanDefense https://t.me/defenssudan
198		198_study_httpstmekraray224466_karari_german	['study', 'httpstmekraray224466', 'karari', 'german', 'actual', 'english', 'language', 'channel', 'start', 'telegram', 'actually', 'starting']	The 12-month “Integration Programme” includes courses in “values” and the German language.	Karari channel on Telegram https://t.me/kraray224466	Karari channel on Telegram https://t.me/kraray224466.
199		199_homeland_2026_ad_november	['homeland', '2026', 'ad', 'november', 'news', '2024', 'saturday', 'march', 'monday', 'january', 'thursday', '28']	- Declaration of emergency on the island and a ministerial delegation reviews the situation in El Obeid. -	Homeland News Today, Thursday, October 24, 2024 AD 🔸	Homeland news today, Monday, October 28, 2024 AD 🔸
200		200_liberation_movement_arko_minni	['liberation', 'movement', 'arko', 'minni', 'movements', 'forces', 'rapid', 'army', 'minawi', 'head', 'force', 'fighting']	The Sudan Liberation Movement, Minawi Leadership, and the Transitional Council reported, in a joint statement, that government forces supported by the Rapid Support Forces attacked on Sunday morning the sites under the control of the movement’s forces and their allies from the revolutionary forces in the areas of “Ain Siro and the mountain range northwest of Kutum,” in the northern state.	He explained that weapons have become destructive to society and encourage civil wars, because of which the country lost many of its people. He called for exposing the merchants of war and strife, and calling for goodness and reconstruction. The Sudanese Vice President affirmed that the state is capable of protecting borders and citizens, calling on the Popular Defense Forces to play new roles after collecting weapons, noting that the state is ready to absorb them into the regular forces. He warned that legal measures would be taken against anyone who incites or stands against the decision, directing the government of West Kordofan to work to address all procedures related to the reconciliation conferences that took place recently in the state.	While addressing today in the Friendship Hall of the Seventh Conference of the National Union of Sudanese Youth, he indicated that weapons in Darfur will only be in the hands of the regular forces, calling on everyone who has a weapon to hand it over, and that the door is still open.
201		201_dam_renaissance_filling_reservations	['dam', 'renaissance', 'filling', 'reservations', 'ethiopia', 'withdraws', 'negotiations', 'egypt', 'formula', 'dams', 'merowe', 'participating']	The body of the Grand Ethiopian Renaissance Dam is intact Desalegn: (We have not forgotten the differences over the dam, and the matter is technical) An African summit in Khartoum next October Current: The Saudi Minister of Health apologizes to a Sudanese doctor A memorandum to the center demanding the dismissal of the governor of the Red Sea Heavy rains sweep the Nile River and torrents block the challenging path Sudan and Ethiopia have identical positions on the Gulf crisis	In addition, Sudanese sources denied that the issue of the Renaissance Dam and the Nile water crisis, or the debate over the statements between Egypt and Sudan regarding Halayeb and Shalatin, which are disputed between the two countries, had anything to do with the decision to overthrow Ghandour. #	"For his part, the Ethiopian Foreign Minister, who is visiting Khartoum, said that the issue of the Renaissance Dam and the waters of the Nile are subject to the agreement of principles signed between the three countries of its basin (Ethiopia, Sudan and Egypt), and that Addis Ababa is committed to its text in the event of any disagreement regarding it. The Ethiopian minister said, ""The issue of the Nile is an issue that concerns the three countries that signed the Declaration of Principles, which stipulated working together in order to address any misunderstanding regarding this issue. We are committed to this agreement, and the visit of the Ethiopian Prime Minister to Cairo aims to strengthen bilateral relations between our two countries and does not It has nothing to do with anything else.”"
202		202_service_civil_commission_selection	['service', 'civil', 'commission', 'selection', 'employees', 'shall', 'transitional', 'administrative', 'periodic', 'reform', 'labor', 'auspices']	He said that all the failures that occurred in previous conferences were due to weak capabilities, calling on the state to empower the civil administration and the competent agencies to implement the outcomes of the conference.	The document included a direct and explicit order to all ministries and concerned authorities, to limit appointment and promotion to government jobs, and the granting of business contracts and commercial opportunities, only to those affiliated with the organization. “	The statement indicated that some of the exemption and dissolution decisions aimed to stop financial losses and stop allocations that are not subject to the Civil Service Law, and in this regard, it pointed out that the Prime Minister’s actions are nothing but recommendations of government review committees and task forces regarding institutional commitment to the civil service.
203		203_cemetery_gengueid_khartoumal_read	['cemetery', 'gengueid', 'khartoumal', 'read', 'details', 'khartoumjanjaweedcemetery', 'whatsapp', 'news', 'link', 'click', 'channel', 'follow']	🟦 Khartoum Janjaweed Cemetery channel on Telegram: 🟩 Hospital for expatriates in Dongola 🔸 Follow us on Telegram : https://t.me/khartoummagbara	Follow the #Khartoum_Janjaweed_Cemetery channel on WhatsApp https://whatsapp.com/channel/0029Va7ws46ADTOBphFiTT21	Follow the #Khartoum_Janjaweed_Cemetery channel on WhatsApp https://whatsapp.com/channel/0029Va7ws46ADTOBphFiTT21
204		204_httpstmesudaaan_channel_follow_telegram	['httpstmesudaaan', 'channel', 'follow', 'telegram', 'sudan', 'copied', 'share', 'statement', '', '', '', '']	Follow Sudan channel on Telegram https://t.me/sudaaan	Follow Sudan channel on Telegram https://t.me/sudaaan	Follow Sudan channel on Telegram https://t.me/sudaaan
205		205_homeland_2025_november_ad	['homeland', '2025', 'november', 'ad', 'news', 'original', 'statistics', 'perished', 'sidr', 'tuesday', 'saturday', 'september']	"Original bee honey is now available. The original is mountainous and Sidr ""Gabi""... We bet on quality and allow laboratory testing."	"Original bee honey is now available. The original is mountainous and Sidr ""Gabi""... We bet on quality and allow laboratory testing."	"Original bee honey is now available. The original is mountainous and Sidr ""Gabi""... We bet on quality and allow laboratory testing."
206		206_quran_holy_mosques_imams	['quran', 'holy', 'mosques', 'imams', 'preachers', 'jurisprudence', 'sermon', 'academy', 'islamic', 'duration', 'aladha', 'sheikh']	Education cancels the teaching of the course (Islam is the religion of monotheism) Al-Tayyar transmits an honorable photo from Jaafar Ibn Aouf Hospital Parliamentarian:	exams with the open book system and separating them from correction...there is no return to memorization, indoctrination, private lessons, and Sunnah work.	Preacher of Al-Nilein Mosque: Giving beggars at a traffic light is a legal violation. Naji Mustafa Badawi, Dean of the Institute for the Preparation of Imams and Preachers at the University of the Holy Qur’an and Islamic Sciences, described giving beggars at traffic signals a legal and legitimate violation, as it helps increase the level of crime related to begging, and violates the national anti-begging law. He said during a sermon last Friday at Al-Nilein Mosque in Omdurman that security research strongly warns of the growing phenomenon of child trafficking for begging, calling for a rational jurisprudence in alimony based on awareness of development priorities and contemporary needs.
207		207_notification_donate_karama_contribute	['notification', 'donate', 'karama', 'contribute', 'want', 'burden', 'awad', 'clothes', 'clothing', 'bank', 'abboud', 'organization']	The circumstances The economy is difficult, and we do not think about buying clothes even during the holidays.	We have not been able to sell a single shirt for even a month.”	To donate to your bank: 1999306 Abdel Baqi Abboud - Donate Zain balance 0919666785 - To donate, Sudanese balance 0118555656 - God willing, in the balance of your good deeds, and may God accept them. #
208		208_sanctions_european_union_imposed	['sanctions', 'european', 'union', 'imposed', 'companies', 'entities', 'brussels', 'accusations', 'unanimously', 'affiliated', 'ban', 'rahim']	He explained that most of the advanced products and technologies are American, and the US government has a role in directing them to various countries, which made it difficult for them to enter Sudan during the period of the US embargo and sanctions on the country.	We expect all scenarios regarding US sanctions Salva Kiir:	America imposes sanctions on an Israeli merchant who trades weapons in South Sudan. -
209		209_intelligence_service_sleeper_cells	['intelligence', 'service', 'sleeper', 'cells', 'general', 'security', 'rest', 'services', 'egyptian', 'saw', 'salah', 'misleading']	Al-Intibaha reveals details of Ghandour’s visit to Cairo Serious information about Machar's future Investigation into the most dangerous spy network in the country The Security Council calls on the government to investigate the killing of the UNAMID soldier Follow the Sudan Network on Telegram. https://t.me/Sd_News_Network	Egyptian intelligence arrests “6” security employees. # Sudan_News_Network on Telegram https://t.me/Sd_News_Network Khartoum: The Egyptian Intelligence Service arrested (6) Sudanese security employees affiliated with a private insurance company at the Ashkit crossing.	The intelligence service shot dead one of Shalatin's notables a month ago after a chase inside the region, and Sudanese miners are suffering from continuous campaigns by the Egyptian intelligence service.
210		210_digital_communications_transformation_telecommunications	['digital', 'communications', 'transformation', 'telecommunications', 'internet', 'starlink', 'outage', 'networks', 'regulatory', 'sudani', 'experts', 'communication']	A campaign to audit data on 27 million SIM cards The Supreme Committee for Implementing the Outcomes of the Dialogue discusses the formation of the commissions Today's news:	Hamza also added that they, accompanied by the President of the Republic, will open the subscriber services hall of Sudani Company in the city of El Daein. The President will also inaugurate the Sudanese Hall at Al Daein University. The company's official celebration of the launch of fourth generation (4G) services provided by Sudani Company will be held in the city of El Daein, capital of East Darfur State, to serve development, achieve e-government requirements, and support peace and security throughout East Darfur State. The ceremony will be witnessed by the Governor of East Darfur State, members of his government, the Speaker of the Legislative Council, and civil leaders in the state.	The tripartite mechanism announces the start of indirect discussions between the parties starting this week - A court proves that all telecommunications companies have breached the contract concluded between them and consumers and opens the door to claiming compensation - Hemedti reveals his meeting with Freedom and Change a week ago and warns of agreements under the “table” - Revolutionary:
211		211_operational_gandhi_followup_gender	['operational', 'gandhi', 'followup', 'gender', 'monitoring', 'plot', 'dispersed', 'destroyed', 'counted', 'worlds', 'terror', 'yes']	🔥🔥 Today's operational situation 🔥🔥 El Fasher Today is Monday, July 15th ⭕	🔥🔥 Today's operational situation 🔥🔥 El Fasher Today is Friday, July 19 ⭕	🛑 The axes in the central states.. Friday, August 9 ✒️ Monitoring and follow-up: Gandhi Ibrahim.. ⭕
212		212_correspondent_asia_alkhalifa_daily	['correspondent', 'asia', 'alkhalifa', 'daily', 'axis', '2025', 'khalifa', 'caliph', 'report', 'yesterday', '6th', 'fasher']	Sergeant Major, War Correspondent/Asia Al-Khalifa Follow Sudan channel on Telegram https://t.me/sudaaan	Sergeant Major, War Correspondent/Asia Al-Khalifa	Sergeant Major, War Correspondent/Asia Al-Khalifa Qibla
213		213_elderly_sick_hospital_treatment	['elderly', 'sick', 'hospital', 'treatment', 'care', 'urgently', 'patients', 'hospitals', 'suffering', 'childrens', 'wounds', 'wounded']	Down Syndrome and Autism are about (82) individuals, while the number of people with chronic diseases such as tumors, kidney failure, and heart disease has reached (250) individuals, while the number of insolvent and needy people has reached (285) individuals.	B” was admitted to “Lainado” Hospital, where the man regained consciousness but was unable to speak yet.	With our wishes for health and wellness for you and your children, we are happy to serve you
214		214_httpstmekraray224466_channel_karry_net	['httpstmekraray224466', 'channel', 'karry', 'net', 'repeat', 'major', '22', 'october', 'wednesday', '2025', 'issued', 'ad']	Major Net https://t.me/kraray224466	Major Net https://t.me/kraray224466	Channel https://t.me/kraray224466
215		215_sudanesearmedforces_69_sudantoday_facebook	['sudanesearmedforces', '69', 'sudantoday', 'facebook', 'onearmyonepeople', 'sudannews', 'army', 'spokesperson', 'twitter', 'bahri', 'armed', 'diplomats']	Sudanese_Armed_Forces Follow the Sudanese scene on Telegram via the link https://t.me/Sd_News_Network	Follow the Sudanese scene on Telegram via the link https://t.me/Sd_News_Network The head of the Supreme Committee for the Collection of Weapons and Unregulated Vehicles, Lieutenant General Dr., confirmed.	Office of the spokesperson of the armed forces #Army_Day 69 #The_dignity_of_the_army_the_dignity_of_the_people #Decision_Battle #The _ army _ is _ awake #End_rebellion #One_Army_One_People #This_is_an_army_that_is_trampling? # Sudan #SudanToday #Bahri #Khartoum #Omdurman #Sudanese_Army #Armed_Forces #Army #OurArmy #Army #sudanese #sudan #khartoum #SudanNews #FYP #sd #sud #sudan #sudan_war #khartoum_war #KeepEyesOnSudan #Conflict_in_Sudan #diplomat
216		216_floods_rain_torrential_torrents	['floods', 'rain', 'torrential', 'torrents', 'damage', 'disaster', 'rains', 'autumn', 'homes', 'affected', 'injuries', 'deaths']	In the same village in Fiji, Asmita Kamal, a 24-year-old teacher, found refuge for her and her grandmother under a table, while the rest of her family hid under one of the beds when Hurricane Winston struck their village.	In early 2016, Cyclone Winston hit Ra Province in Fiji, the strongest storm ever recorded in the Southern Hemisphere, affecting 62% of Fiji's population and causing losses estimated at approximately FJ$2 billion (20% of GDP). The hurricane killed 44 people, injured hundreds, and displaced 131,000 people. The Category 5 storm first hit Ra County, completely destroying all of its suburbs. Hurricane Winston was an example of the new enemies these communities face. They are enemies associated with climate change.	It has also witnessed catastrophic weather events. Hurricanes of unprecedented strength claimed many lives and destroyed infrastructure in many island nations in the Caribbean and major towns and cities in the southern United States. Whenever extreme weather events such as hurricanes and storms occur, they leave behind more than just traces of devastation - they leave previously poor communities poorer because the poor are more likely to live in flimsy homes and in disaster-prone areas, and work in sectors that are dangerously vulnerable to extreme weather events. Such as grazing and agriculture. Ultimately, the effects of storms, floods, droughts or earthquakes hit the poor harder than anyone else. “
217		217_antiquities_archaeological_heritage_discovery	['antiquities', 'archaeological', 'heritage', 'discovery', 'cultural', 'museum', 'culture', 'tourism', 'sincerity', 'mourning', 'documentation', 'library']	The National Museum and the Khalifa House were affected by the rain and there were fears of damage to the antiquities Governor of South Kordofan:	"To order, call directly or WhatsApp on the number +249918984706"" - Antiquities were found in Omdurman dating back to 9 thousand years BC - Seizing a group of spoiled oil containers Two Egyptians were arrested for trying to smuggle gasoline in water tanks in Suwakin - The trial of the woman accused of killing Mahdi Al-Sharif’s wife begins"	Al-Ahsa Oasis is a world heritage site “Justice”:
218		218_zakat_bureau_expatriates_trustees	['zakat', 'bureau', 'expatriates', 'trustees', 'collection', 'segment', 'secretary', 'pounds', 'alfitr', 'balance', 'poor', 'permissible']	He pointed out that the collection of zakat funds in the first half of this year approached two billion pounds.	The launch of the Sudanese certificate exams Determining the legal quorum for zakat for the year 2018 at “161,288” pounds.	Governmental companies evade paying zakat. “
219		219_popularresistance_sudanesearmedforces_evident_distress	['popularresistance', 'sudanesearmedforces', 'evident', 'distress', 'strength', 'leadership', 'facebook', 'platform', 'armed', 'forces', 'command', 'sudan']	▫️ We in the armed forces and the Sudanese people are going forward to defeat this ugly rebellion #Battle_of_Dignity #Khartoum_Janjaweed_cemetery #Hemedti_militia_organization_erha_bay Telegram channel link 🔻 https://t.me/m_alkarama2023 🟡 Link to the official page 🔻 https://www.facebook.com/profile.php?id=100094328564807H	Sudan Liberation Army Movement Follow Sudan channel on Telegram https://t.me/sudaaan/20833	▫️ We in the armed forces and the Sudanese people are going forward to defeat this ugly rebellion #Battle_of_Dignity #Khartoum_Janjaweed_cemetery #Hemedti_militia_organization_erha_bay Telegram channel link 🔻 https://t.me/m_alkarama2023 🟡 Link to the official page 🔻 https://www.facebook.com/profile.php?id=100094328564807H
220		220_headlines_2020_todays_political	['headlines', '2020', 'todays', 'political', '2019', 'newspaper', 'newspapers', 'issued', 'ad', 'march', 'attention', 'news']	Newspaper headlines issued Tuesday, March 20, 2018 Follow the #Governor_Center on Telegram via the link https://t.me/Sd_News_Network Political microscope:	Newspaper headlines issued today, Thursday, January 25, 2018 Follow the #Governor_Center on Telegram via the link https://t.me/Sd_News_Network Attention: Presidential decisions to form sovereign councils. Councils for the presidency, economy, media, and foreign policy.	Headlines of political newspapers published today, Tuesday, October 9, 2018 Political microscope:
221		221_budget_heba_revenues_economic	['budget', 'heba', 'revenues', 'economic', 'finance', 'economy', 'pandemic', 'crises', 'albadawi', 'amer', 'alrashid', 'problems']	The state treasury is enriched with private funds In a meeting attended by Ismail, 5 ministers, the governor of the Central Bank, and the heads of intelligence and administrative oversight Scientific students “ululate”... in the dynamics committees.. Xiaoming published fake questions.. and special correction committees for cheaters Hajja Bassima to Al-Jumhuriya:	In the largest operation against the birds of darkness west of Fayoum, the eagles of the air and the heroes of the interior take revenge for the martyrs of the oases New certificate...from the International Monetary Fund:	Al-Tohamy called for a study to be conducted on expatriate savings and transfers because there are no accurate statistics for it.
222		222_tourism_travel_tourist_istanbul	['tourism', 'travel', 'tourist', 'istanbul', 'travelers', 'chamber', 'flights', 'oman', 'ticket', 'develop', 'trkiye', 'buses']	He explained that organizing the markets aims to facilitate movement as well as tourist attraction. He called for the necessity of concerted official and popular efforts for the success of the work to beautify and develop the cities for the launch of the tourism festival.	The Secretary-General of the Bus Chamber, Hassan Hamed, told Al-Harak Al-Sisiyya newspaper that the number of travelers per day reached 700, compared to only 150 returnees.	#Travel to the Youth Summit in Istanbul (Türkiye) | Fully funded 🇹🇷 Istanbul Youth Summit to engage in meaningful discussions on global challenges, promote cross-cultural understanding, and collaborate with young leaders from around the world to create positive change. This summit provides a unique opportunity to develop leadership skills, gain valuable insights, and contribute to shaping a more inclusive and sustainable future. Travel features 🧳✈️: Your trip to Türkiye will be fully covered😉 ♦️Assistance with airport procedures. ♦️ Hotel accommodation facilities. ♦️ Meals (breakfast, lunch, and dinner). ♦️Certificate in completing the program. ♦️Cultural night. ♦️Visiting the cities of Türkiye (Uskudar, Bosphorus, Istanbul University). Eligibility criteria for admission: - Age group: 15 - 35 years. - Open to all nationalities (#Sudan 🇸🇩, #Egypt 🇪🇬, #Saudi Arabia 🇸🇦, #Qatar 🇶🇦, #UAE 🇦🇪, #Tunisia 🇹🇳, #Algeria 🇩🇿, #Kuwait 🇰🇼, #Oman 🇴 🇲, #Bahrain 🇧🇭, and all countries are available to apply 🌎) - All academic backgrounds are accepted. - Not belonging to extremist organizations.
223		223_allowance_guardians_acceptable_battleofdemocracy	['allowance', 'guardians', 'acceptable', 'battleofdemocracy', 'righteous', 'glorious', 'euros', 'forgiveness', 'airlines', 'tickets', 'mercy', 'germany']	Monthly allowance 325 - 550 euros 5.	Contrary to the militia that trades in defenseless prisoners in a futile and losing media war, we ask God to free their captivity.	Monthly allowance 325 - 550 euros 5.
224		224_radio_television_broadcasting_channel	['radio', 'television', 'broadcasting', 'channel', 'channels', 'broadcast', '24', 'activity', 'network', 'media', 'incentives', 'sky']	An appeal to the President of the Republic threatening the beauties of satellite channels. # Sudan_News_Network https://t.me/Sd_News_Network The Sudanese Scholars Association, through one of its members, called for stopping the fatwa programs broadcast by satellite channels and reviewing the fatwas issued by it through the Islamic Jurisprudence Academy.	There are problems and 85% of the grant allocated to television goes to the first semester Homeland:	Then the expatriate “Hazza Awad Al-Karim” commented, saying: “The face of the satellite channels operating in Ghana Today is all of this, introducing people to Bariq and others, and creating programs that direct youth to production and agricultural and industrial education programs instead of Hashk Bshk.”
225		225_motorcycles_vehicles_traffic_highlighting	['motorcycles', 'vehicles', 'traffic', 'highlighting', 'documents', 'cars', 'vehicle', 'car', 'attached', 'quantity', 'attend', 'prohibiting']	Compensation for owners of confiscated four-wheel drive vehicles	The governor called on citizens in possession of four-wheel drive cars to hand them over immediately to the relevant committee for evaluation, again at the same time.	The decision to confiscate other cars that do not have identification papers comes into effect.
226		226_interact_compulsory_karry_httpstmekraray224466	['interact', 'compulsory', 'karry', 'httpstmekraray224466', 'language', 'certificate', 'channel', 'telegram', 'follow', 'share', 'tidings', 'copied']	A language certificate is not compulsory 3.	🪪Presentation of a birth certificate, information about education, work experience and other documents will become optional. “	A language certificate is not compulsory 3.
227		227_dam_renaissance_water_dams	['dam', 'renaissance', 'water', 'dams', 'ethiopia', 'existential', 'issue', 'ethiopian', 'countries', 'collapse', 'visions', 'unilateral']	The necessity of consensus among the “Eastern Nile” countries on the method of operating the dam.	Egypt’s share of the Nile water will not be affected by the Renaissance Dam Banning (36) companies from importing medicines Seoul cuts the road linking Port Sudan to Kassala Abdul Majid Haroun:	We support our brothers in the Nile Basin without harming our interests. Joint projects to maximize the use of water resources and preserve the river At the end of the expatriate courses, the armed forces are committed to supporting relations with Africa “Al-Ahram” in the markets and streets of North Sinai...the return of the soul to the land of turquoise British time:
228		228_unhcr_resettlement_refugees_mouth	['unhcr', 'resettlement', 'refugees', 'mouth', 'refugee', 'registration', 'services', 'active', 'information', 'protection', 'encourage', 'provide']	"She added, ""There is an urgent need for more funding so that we can meet the current and growing needs of refugees and host communities alike."" The support of the European Union and other donors will ensure that we have the necessary resources to meet immediate needs, carry out all activities and provide sufficient services to improve the quality of the current response.”"	And inventory and protection of refugees, pointing out that the next stage will witness the process of implementing the new structure of the refugee delegation and the implementation of the training matrix, with the participation of expertise houses in view of the increasing role of the delegation.	UNHCR spokesman Jeremy Lawrence added that migrants lack information, prevention and health services, pointing out that many detention centers are located near areas of hostilities, and stressed that this type of detention is arbitrary.
229		229_mercenary_darfur_deceive_arko	['mercenary', 'darfur', 'deceive', 'arko', 'blood', 'masses', 'crying', 'regime', 'legend', 'movements', 'forever', 'brutal']	The most pessimistic people could not have imagined that the rebel militia would be so criminal and brutal against our people. ¬ The rebels chose to write, with their heinous crimes against the Sudanese people, the most barbaric and darkest pages in the history of this country.	_ #Announcer: Surely any Sudanese lost a lot in this war and had to stop.. However, the question remains: Do we continue like this complaining and crying morning and evening and not move forward?	○ Written by: Dr. Moatasem Al-Aqraa ○ January 2024 AD Mutasim Agraa □□ Janjawa is the last stage of the politicized myth of marginalization: □ These are strange times in which generally good and intelligent people with good intentions defend the Janjaweed of robbery, murder, rape and genocide, by invoking and deploying rhetoric of racism, regionalism, elitism and classism against criticism of the Janja. □ Not only that, but many accept and legitimize the Janjaweed propaganda that claims that they are a group marginalized by the 56 state and that their goal is to end marginalization. □ This is a hideous lie that should have been met with laughter and ridicule in normal political situations. □ In order to know why such a claim is enough to send a billion Africans to death laughing, you only have to remember that the Bashir regime created the Janjaweed forces to crush the rebellion of “marginalized” African groups in Darfur, Kordofan and Southern Blue Nile.
230		230_demonstration_london_british_gathering	['demonstration', 'london', 'british', 'gathering', 'honorable', 'protest', 'european', 'denouncing', 'saturday', 'abroad', 'crimes', 'union']	But these countries, with their channels, do not want us to get out of our crises in a safe way. They only want our destruction and the death of our families and children. They want to see Sudanese kill each other. I swear it is very confusing, most of them are countries with which we do not share borders or even culture. And so that some people do not accuse me of trying to intimidate people from going out and demonstrating, I say to those who want to demonstrate (whatever happened) Clear people, let us express our opinion and anger at the behavior of the countries that seek to destroy us, especially since among them are countries that suffer from high prices, like us.	White Flags Campaign to Stop War and Establish Peace: We call on all Sudanese citizens to raise white flags in homes, institutions and everywhere and to carry them while on the move. ¬ We aim to send a clear message to the world that Sudanese reject violence and seek peace. ¬ We specifically call on Sudanese in diaspora countries to actively participate in the campaign. ¬ We call on everyone who feels pain and sadness among whom we share humanity regarding what is happening in our country to join the campaign. ــــــــــــــــــــــــــــــــــــــــــــــــــــــــــــــــــــــــــــــــ _Join the Sudanese scene on Telegram via the link​ https://t.me/Sd_News_Network	_ Youth for Darfur Organization “Mashad”: We absolutely refuse to hold any interviews for a group of politicians who pledge allegiance to the enemies of Sudan.
231		231_khartoumjanjaweedcemetery_battleofdignity_httpstmealrisala249_httpswwwfacebookcomprofilephpid61556457563338	['khartoumjanjaweedcemetery', 'battleofdignity', 'httpstmealrisala249', 'httpswwwfacebookcomprofilephpid61556457563338', 'message249', 'facebook', 'whatsapp', 'onearmyonepeople', 'follow', 'channel', '249', 'telegram']	D. Hassan Al-Hawari #Battle_of_Dignity #Drake_the_Janjaweed_incubators #Khartoum_Janjaweed_cemetery	M. Muhammad Khalafallah #Battle_of_Dignity #One_Army_One_People #Khartoum_Janjaweed_cemetery	The truth has become abundantly clear #Battle_of_Dignity #Khartoum_Janjaweed_cemetery #One_Army_One_People
232		232_barrier_lions_invaders_stood	['barrier', 'lions', 'invaders', 'stood', 'heroes', 'militia', 'onearmyonepeople', 'face', 'aggressors', 'fighters', 'supported', 'dignity']	Now we have heard the militia return openly to the panic calls of the hosts.	2-Standing side by side with the people’s armed forces in the battle of dignity against the invaders.	A militia force confronted him and said, “You are on alert, you are not ready.”
233		233_war_jeddah_stop_end	['war', 'jeddah', 'stop', 'end', 'conflict', 'ceasefire', 'alburhans', 'hemedti', 'solution', 'conference', 'truce', 'map']	¬ I appeal to the mediators at the Jeddah platform, “Saudi Arabia, the United States of America,” IGAD, the African Union, and neighboring countries to make every effort to stop the war and put pressure to achieve a comprehensive ceasefire in Sudan. ــــــــــــــــــــــــــــــــــــــــــــــــــــــــــــــــــــــــــــــــ _Join the Sudanese scene on Telegram via the link​ https://t.me/Sd_News_Network	♢Hemedti in a message to the United Nations: We sincerely engaged in the Jeddah negotiations and put forward a vision to stop the war ♢The United States provides an additional grant to those affected by the conflict in Sudan ♢Opening of Sinkat Electricity The militia loots Ibrahim Naqd's house ♢Report: Al-Burhan’s visit to New York... Will it affect the end of the war in Sudan?	The Vice President of the Sovereignty Council confirmed that the Government of Sudan seeks to end the war and not to stop the war, because the ambition of the Government of Sudan is to end the long history of wars in Sudan through the road map to end the war in its four stages that establishes a new era in the history of the Sudanese state.
234		234_fires_broke_massive_houses	['fires', 'broke', 'massive', 'houses', 'camp', 'camps', 'kalma', 'displaced', 'burned', 'tawila', 'crops', 'darfur']	"A fire kills two children in a camp for displaced people in Darfur #Sudan_News_Network on Telegram https://t.me/Sd_News_Network Two children were burned to death on Sunday as a result of a fire in the Zamzam camp for displaced people, south of El Fasher, the capital of North Darfur state. The fire also destroyed dozens of homes. Adam Othman, one of the sheikhs of the camp, told Sudan Tribune that the fire completely destroyed dozens of houses built with local materials, along with all their contents. He added, ""The fire broke out in Center C and led to the death of the two children, Salma Taher, five years old, and Hussein Yahya, six years old."	Othman explained that the families of the child victims were displaced earlier from the Shangil Tobay area in Dar Al Salam locality in North Darfur, and that the fire broke out while their families were away.	"A fire destroys dozens of homes and crops in North Darfur. Follow the #Governor_Center on Telegram via the link https://t.me/Sd_News_Network A massive fire that broke out in the “Ali Karrar” area in Kalimando locality in North Darfur state destroyed 29 homes and food crops, and livestock died. The head of the Losses Survey Committee, Idris Abdel Karim Ismail, told Sudan Tribune on Monday that the strong winds and the presence of citizens in the village market helped the fire expand and not be controlled. He said, ""The fire led to the death of a number of livestock and the destruction of large quantities of food crops."""
235		235_meteorology_varying_rains_rain	['meteorology', 'varying', 'rains', 'rain', 'rainfall', 'wind', 'warns', 'heavy', 'thunderstorms', 'states', 'rates', 'tropical']	We are heading into the dry season,” she warned. “	Meteorological reports...rains continue for two months State Ministers of Education:	Rain is expected in a number of different states of the country.
236		236_hanging_execution_accused_sentence	['hanging', 'execution', 'accused', 'sentence', 'imprisonment', 'wood', 'fugitive', 'defendants', 'ransom', 'death', 'anti', 'crimes']	The police are holding protests against judicial rulings against those accused of killing the former cotton official.	Life imprisonment for ten on charges of establishing a “terrorist group” Observatory:	The perpetrators of crimes during the past 30 years will be brought to justice Homeland:
237		237_uae_image_terrorist_crimes	['uae', 'image', 'terrorist', 'crimes', 'uaes', 'media', 'militia', 'atrocities', 'narratives', 'sky', 'sponsors', 'strongly']	_ Foreign Minister Ali Al-Sadiq: The Rapid Support Militia has met all the criteria to be classified as a terrorist group, and Sudan is working to find radical solutions to forced displacement and encourage the voluntary return of refugees and the host community.. This came during his participation in the Global Refugee Forum. ــــــــــــــــــــــــــــــــــــــــــــــــــــــــــــــــــــــــــــــــ _Join the Sudanese scene on Telegram via the link​ https://t.me/Sd_News_Network	🟥Sudanese Foreign Ministry| MSF statement; Conclusive evidence of the deliberate practices of the terrorist rebel militia in starving citizens.	The UAE Media Office officially distributes thousands of invitations to Sudanese expatriates; To attend the festival to improve the image of Sheikh Mohammed bin Zayed; Because of the support of the rebel terrorist support militia with weapons. # Sudan #Sudan_War #Rapid_Support_Terrorist_militia #The_Road_to_Madani #Media_Isnad_Ministry_of_Sudanese #The_UAE_is_killing_the_Sudanese_people
238		238_village_almanaqil_joy_sons	['village', 'almanaqil', 'joy', 'sons', 'learned', 'domination', 'fought', 'gathered', 'battle', 'unwavering', 'belief', 'wad']	The people of the village of Sarhan (rural Al-Manaqil), when they learned of the movement of a militia force to their village, they all went out, old, young, and young, and armed themselves with whatever they could, with a firm belief and unwavering determination that they were the sons of Sheikh Al-Nafidi, with religion, chivalry, and willpower... and the militia fled.	Either their sons paid a heavy bill in the recent battles of El Fasher, so others were summoned, or these tribes learned how to stop their sons from rushing in favor of a massive battle that showed signs of exhaustion and aging on the tribes’ storehouse of human generosity.	When the militia reached Al-Inqaz Street, I and many people in Shambat saw that this was the last of them, and they certainly would not reach Al-Maouna Street while we were safe. The militia reached Shambat and Al-Baraha.. The people of Samarab Al-Kadro thought that this was the last of them and they certainly would not reach Halfaya itself, while the bakeries and the market were working and they were safe.
239		239_jazeera_project_al_aljazeera	['jazeera', 'project', 'al', 'aljazeera', 'sky', 'media', 'factor', 'restrictions', 'misleading', '300', 'satellite', 'agent']	Source: Al Jazeera + agencies, websites	France 24 channel and Sky News Arabic channel have a Jewish owner, and I say Jewish.	Governor of the Al-Jazeera Project:
240		240_alleviate_dabba_displaced_shelters	['alleviate', 'dabba', 'displaced', 'shelters', 'improve', 'gedaref', 'provide', 'conditions', 'directed', 'relevant', 'governor', 'social']	Saleh pointed out the reopening of 11 schools, including two secondary schools, and the return of police points in Sarfaya, Baraka, and Korma. He explained that the process of collecting weapons and community reconciliations that took place in Sarfaya, Baraka, and Korma contributed significantly to the voluntary return. Saleh stressed the locality’s readiness to provide return aids for those wishing to return to their areas, and to integrate those unwilling into society according to a plan prepared by the state.	Al-Dakir pointed out that the FFC delegation held a number of meetings and meetings, including Prime Minister Dr. Abdullah Hamdok, civil administrations and community components in El Geneina, in addition to field visits to some refugee camps.	Al-Shabek revealed that there will be another visit to El Geneina in order to follow up on the humanitarian situation, which began to improve after the security and humanitarian situation was restored and large numbers of displaced people returned.
241		241_driver_license_driving_drivers	['driver', 'license', 'driving', 'drivers', 'required', 'unhcr', 'khashm', 'high', 'completed', 'job', 'school', 'secondary']	Application requirements: ✅ Passport ✅ Owner’s or general driving license ✅ Age 39 - 22 years ❇️ A preview will be conducted for applicants. ☎️ Call + WhatsApp: 0121100979 0999799664 https://wa.me/249999799664 Newspaper without title:	Application requirements: ✅ Passport ✅ Owner’s or general driving license ✅ Age 39 - 22 years ❇️ A preview will be conducted for applicants. ☎️ Call + WhatsApp: 0121100979 + 0121100933 0999799664 + 0962544078 https://wa.me/249999799664 _ Al-Sayha newspaper:	Application requirements: ✅ Passport ✅ Owner’s or general driving license ✅ Age 39 - 22 years ❇️ A preview will be conducted for applicants. ☎️ Call + WhatsApp: 0121100979 + 0121100933 0999799664 + 0962544078 https://wa.me/249999799664 Akhbar Al-Youm newspaper:
242		242_illegal_immigration_combat_immigrants	['illegal', 'immigration', 'combat', 'immigrants', 'transient', 'trafficking', 'foreigners', 'smuggling', 'borders', 'drugs', 'vehicle', 'security']	“4” modern aircraft and “17” boats to secure the borders ​ Follow the latest news on the Telegram application via the link https://t.me/Sd_News_Network The Ministry of the Interior announced that it has deployed “4” modern aircraft and “17” combat boats to secure the borders and territorial waters from the dangers of transient crimes and to limit human trafficking and the smuggling of weapons and drugs.	He stated that the operation is the third of its kind within 45 days, stressing that it will not be the last due to gang activity and illegal immigration.	It is worth noting that the Rapid Support Forces work in combating transient crime, including illegal immigration, drugs and weapons, in addition to combating smuggling in all its forms.
243		243_detainees_prison_detention_prisons	['detainees', 'prison', 'detention', 'prisons', 'release', 'prisoners', 'house', 'floor', 'deprivation', 'poor', 'supervising', 'escaping']	The prisons are dilapidated and 200 children are in correctional homes Shout:	Providing services: The agency that runs these facilities says each detainee receives adequate food, bathrooms, clean clothing and medical care.	He will be deported after serving his prison term.
244		244_crimes_genocide_committed_civilians	['crimes', 'genocide', 'committed', 'civilians', 'massacres', 'violations', 'heinous', 'murder', 'rape', 'looting', 'fifteenth', 'darfur']	The Rapid Support Militia killed and displaced citizens in El Geneina in the ugliest forms of war crimes, regardless of what it did in Khartoum and some cities in Sudan.	"□ The Janjaweed committed documented massacres and war crimes against these groups, sometimes amounting to genocide. It can also be remembered that the Janjaweed allied themselves with white European powers and acted as guards to protect southern Europe's borders by terrorizing and ""hunting"" African migrants to Europe through the Sudanese and Libyan Sahara. □ Here the Janjaweed act as an enemy of poor Africans who have been marginalized by the globalized and excessively racist neoliberal world economy. □ Poor Yemenis being terrorized in their country by hired Janjaweed add to the Janjaweed’s long record of standing alongside regional, global and national powers against marginalized people everywhere."	The Rapid Support Militia killed and displaced citizens in El Geneina in the ugliest forms of war crimes, regardless of what it did in Khartoum and some cities in Sudan.
245		245_kilograms_meat_lentils_food	['kilograms', 'meat', 'lentils', 'food', 'dates', 'meals', 'cultural', 'sugar', 'culture', 'types', 'cooking', 'dinner']	With their short seats and the scent of coffee filling the sides, you will find intellectuals gathered in close circles, each group discussing their interests: “artists, poets, novel and short story writers, and activists in the humanitarian fields.”	Sweeten your meals with local ghee... a sweet taste and a fragrant flavour.	Sweeten your meals with local ghee... a sweet taste and a fragrant flavour.
246		246_car_cars_import_controls	['car', 'cars', 'import', 'controls', 'expatriates', 'model', 'importing', 'customs', 'vehicle', 'exception', 'permanently', 'granted']	New statements by the Secretary-General for Expatriates regarding incentives and customs exemptions for cars.	- Banning the import of cars - The Army:	Ministry of Finance and Economic Planning for Expatriates: Keep the transfer receipts and when the year has passed and when they reach the equivalent of eight thousand US dollars, you will be granted a customs exemption for bringing home furniture for free or bringing in your car to contribute to supporting transportation, transportation, or your salon, provided that it is from the 2016 model year until now. #
247		247_island_beloved_islands_villages	['island', 'beloved', 'islands', 'villages', 'traitors', 'tell', 'remnants', 'liberation', 'land', 'birth', 'approaching', 'grave']	He called on the citizens of the island, whom he described as producers, to go to work and not pay attention to traitors, agents, and keyboard activists.	We carried the gun, fought each other, and got out of the evil circle Movement leaders:	*The enemy writes a random note on Karari.. Dana attacks a school in the Eighth District where there are immigrants.
248		248_infantry_division_22nd_brigade	['infantry', 'division', '22nd', 'brigade', 'sixth', '18th', 'officers', '6th', 'noncommissioned', 'soldiers', 'describing', 'spirit']	When addressing the officers, non-commissioned officers and soldiers of the 18th Infantry Division in Kosti, he praised the high fighting spirit and complete readiness to support the mends of this nation, describing them as crocodiles of the Nile.	■ The 89th Brigade, the leadership of the 22nd Division, and the soldiers within it are at the peak of enthusiasm and high morale, and the video clip of the Janja platforms spread is very old.. ☆ Today’s clashes subsided in the northeastern side, specifically “the 89th Brigade area.”	The 22nd Infantry Division and the 89th Brigade are still with the army and stationed within it.
249		249_gold_kilos_arrested_girl	['gold', 'kilos', 'arrested', 'girl', 'arqin', 'mining', 'currency', 'seized', 'thwarted', 'intelligence', 'smuggle', 'refers']	Dismissal of bank employees involved in the drug money case Ella:	Prostitution, drug, and internal organ dealers are targeted by scammers in random mining markets. Follow the latest news on the Telegram application via the link https://t.me/Sd_News_Network Information revealed the existence of an organized practice of immorality led by women under the umbrella of trading in food and drinks in markets spread across various gold mining areas, in addition to their trafficking in various types of drugs. The information - according to Al-Akhbar newspaper, which reported that it had obtained - indicated that the random mining site is a fertile ground for human trafficking brokers, and that some of them exploit miners in the desert to take their internal organs, in addition to the danger they may be exposed to when they fall victim to the greed and avarice they face. By people working in this field.	After examination, they discovered that the party responsible for putting the money in the machine had put the 200 krona bill in its place.
250		250_zakat_bureau_meat_office	['zakat', 'bureau', 'meat', 'office', 'bags', 'program', 'distribution', 'allocated', 'thousand', 'return', 'sacrifice', 'families']	Gedaref imposes fees on flour under the pretext of reducing the burden of living A religious body calls for developing the experience of public order to control the street A rise in the levels of the Dinder River Undersecretary of the Ministry of Irrigation:	"Zakat supports insolvent Sudanese in Saudi Arabia with “two billion” pounds. Khartoum ✍🏼: Ayman Jabkul The Secretary-General of the Zakat Bureau, Muhammad Abdel-Razzaq Mukhtar, revealed that an amount of 400 thousand Saudi riyals, equivalent to two billion pounds, had been paid in order to reconcile the circumstances of about 320 Sudanese families of needy people in the Kingdom of Saudi Arabia, after a request for intervention by the embassy in Riyadh. Mukhtar explained, during press statements, on Thursday, after his return from Riyadh, in response to a call launched by the Sudanese embassy for the need to intervene to help those wishing to return following the royal blessing. He explained that there are Sudanese suffering harsh conditions due to a number of social and living conditions. He added, ""Large numbers of expatriates have become poor due to the lack of job opportunities or the loss of a breadwinner and staying in the Kingdom for a very long time."""	He noted that 50,000 citizens had registered at the Sudanese embassy in Riyadh with their desire to return to their homeland. He expected their return at the end of the holy month of Ramadan, pointing out that seven thousand families had returned to Sudan before his visit to the Kingdom. Abdel-Razzaq said that the total amounts of zakat collected from expatriates in the Kingdom of Saudi Arabia, during the past four years, amounted to one million and 50 thousand Saudi riyals, of which the Bureau’s share amounted to 742 riyals, but he pointed out that the Bureau donated 85% to the Sudanese embassy to be used to address the problems of the Sudanese, especially wishing to return. The Secretary-General of the Zakat Office acknowledged the decline in the collection of zakat for expatriates. He attributed the matter to linking the payment of zakat funds to the renewal of the passport once every five years.
251		251_displacement_occupied_longer_slightest	['displacement', 'occupied', 'longer', 'slightest', 'regulation', 'prolonged', 'breath', 'homes', 'hope', 'peoples', 'lacks', 'treachery']	They took refuge in the homes of the citizens who plundered them, displaced them, and occupied hospitals.	Yahoo, are people displaced from their homes or someone else?	Read a statement, leadership. Speak the words of your stomach instead of this silence The island is being violated Forced displacement Migration into the unknown Commander, talk to us about what is happening on the island
252		252_salva_kiir_kiirs_juba	['salva', 'kiir', 'kiirs', 'juba', 'machar', 'deng', 'wahid', 'invitation', 'nour', 'arrives', 'ugandan', 'wife']	Salva Kiir's deputy to the Movement:	15,000 return from Saudi Arabia via Suakin Disagreements escalate between Salva Kiir and Taban regarding power sharing Dialogue parliamentarians protest against their lack of distribution in permanent committees Minister of State for Information:	I do not intend to succeed Salva Kiir Minister of Communications:
253		253_discover_discovered_ibn_friend	['discover', 'discovered', 'ibn', 'friend', 'did', 'saw', 'ones', 'almahdi', 'alsadiq', 'let', 'abu', 'emigrate']	(Al-Mikrar) transmits from the site of the event the details of what happened in the (Kalima) camp. (	Al-Sadiq Al-Mahdi: To Al-Magher:	Please do not interact with this phenomenon, and it will disappear over the course of days, just as our friend Abu Al-Qunfuz and the coal stove disappeared.
254		254_homeland_traitor_homelands_hands	['homeland', 'traitor', 'homelands', 'hands', 'traitors', 'patriotism', 'faces', 'steadfastness', 'courtesy', 'nation', 'imagined', 'wasting']	Let us dream of the new, forget the past, unite and bring together the diaspora, saddle the horses of wishes, with boldness and steadfastness, I have a long, prosperous homeland, in which we are all equal, between the joy of harvest weddings and the leaf of spring’s breath. And we bid farewell to worry and distress. Let us all rejoice. Tomorrow peace will surround us. Companionship and love will embrace us. All tears will ring out in song, and all candles will drop teeth, instead of mines and bombs.	The faces that have excelled in playing the role of the traitor and today want to play the role of heroism are faces that have a history of betraying the country and participating in its destruction and wasting its capabilities.	To have the spirit of patriotism, put aside differences, and rise above private goals to the level of moral and national responsibility that leads to our unity and the strength of our unity in the face of any brutal attack.
255		255_elected_almirghani_hamdok_congratulates	['elected', 'almirghani', 'hamdok', 'congratulates', 'prime', 'glorious', 'unite', 'fulfill', 'mansour', 'moneim', 'nazir', 'occasion']	Abyei is Sudanese Sudakal's removal from the presidency of Mars Sudanese:	In the opening of his speech, the President of the National Legislative Authority welcomed the Vice President of the Republic, the Chief Justice, the President of the Constitutional Court, the assistants to the President of the Republic, the holders of constitutional positions, the former presidents of the Sudanese parliamentary councils, the ministers, ambassadors, heads of diplomatic missions, leaders and representatives of political parties, and representatives of media institutions. He was particularly greeted by a guest. Honorary Counselor Imran Al-Karim, Minister of the House of Representatives of the Arab Republic of Egypt, and his companions. Khartoum Kush News	Al-Bashir will lead the change process himself through a competent government Sudanese:
256		256_umma_party_rebuilding_national	['umma', 'party', 'rebuilding', 'national', 'kasla', 'affirms', 'sound', 'presidency', 'foundations', 'construction', 'achieve', 'democratic']	The National Party is (deteriorating) and lacks competence 50% illiteracy rate among women Hassabo:	I intend to retire from political work and leave the presidency of the Umma Party A significant decline in the prices of cement, iron and foodstuffs Interior:	The statement added, “Al-Taayshi and those with him want to repeat a new Abuja.
257		257_admission_receiving_final_completion	['admission', 'receiving', 'final', 'completion', 'secure', 'luck', 'apply', 'applicants', 'procedures', 'application', 'register', 'link']	✅ Bachelor of Accounting ✅ Fresh graduate/no experience required ☎️ Call + WhatsApp:	⭕️ Application is done by sending a PDF CV via WhatsApp:	A screening will be conducted for applicants.
258		258_milk_sudannewsnetwork_2017_kilograms	['milk', 'sudannewsnetwork', '2017', 'kilograms', 'preparation', 'monitoring', 'newspapers', '15000', 'headlines', 'omani', 'half', 'httpstmesdnewsnetwork']	The Middle East* 🌐 *Sudan News Network* 🔸 *For more news, follow us on Facebook* 👇🏼👇🏼👇🏼 https://www.facebook.com/SudanNewsNetwork/ *And on the Telegram website.* https://t.me/Sd_News_Network	Headlines of Arab newspapers published on Wednesday, June 21, 2017 Monitoring and preparation: Magdy Shafiq Ahmed Hammam Sudan University of Science and Technology Al Jazeera Saudi Arabia:	Headlines of Arab newspapers published October 3, 2017 Monitoring and preparation: Magdy Shafiq Ahmed Hammam Sudan University of Science and Technology #Sudan_News_Network https://t.me/Sd_News_Network Riyadh Saudi Arabia:
259		259_pregnant_honey_mothers_nutritional	['pregnant', 'honey', 'mothers', 'nutritional', 'guide', 'birth', 'reproductive', 'breastfeeding', 'baby', 'child', 'women', 'children']	The project will last for 12 months, targeting approximately 128,577 children under the age of two, 10,000 school-age children, 6,343 mothers/caregivers, and 30,253 pregnant women.	Child survival interventions (health, nutrition, sanitation and hygiene), quality basic education for every child and protection of children from violence, abuse, exploitation and neglect will also be provided to children through existing channels.	Benefits of honey for children. Follow the latest news on the Telegram application via the link https://t.me/Sd_News_Network Honey is characterized by many therapeutic and nutritional properties. It contains compounds and substances necessary for the body, the most important of which are sugars and vitamins such as vitamin K and vitamin B9, in addition to carotene, which is converted in the liver into vitamin A. It also contains enzymes and a group of mineral salts, acids and proteins. The most important of them is globin, which is responsible for the formation of red blood cells in the body. Many studies have proven the superiority of honey over many other foods as a nutritional supplement that improves children's general health. Especially if it is added to the nutritional schedule of sick children, it works to: Providing the child with high calories, which will increase the child’s movement and energy and thus his healthy and sound growth.
260		260_qatina_militia_stormed_villages	['qatina', 'militia', 'stormed', 'villages', 'neighborhoods', 'looting', 'beating', 'gandhi', 'purposes', 'cutting', 'assaulted', 'using']	"▪️Wad Medani Resistance Committees in Gezira State: - The Rapid Support militia stormed the village of ""Al-Talha"" and attacked citizens inside their homes, assaulted women and children by beating and intimidating them, and forcibly displaced civilians at night to neighboring villages. - During the displacement of the people of the village of “Al-Talha” towards Al-Manaqil, the militia set up outposts near the village of “Al-Shiqab” to block their way and loot the remaining property of the citizens with which they left. Army forces are present not far from the site where these violations were committed, but they remained in place without any intervention or movement to protect and defend citizens against the crimes of the Janjaweed militia. - After the Janjaweed crime against citizens ended, the army’s warplanes launched an air strike on the village of Talha, wounding a woman and a man."	In continuation of its assault against civilians, the rebel militia is deliberately cutting off water and electricity in the neighborhoods of Al-Muhandiseen, Umm Baddah, and the southern countryside of Omdurman, in order to force them to leave their homes in preparation for looting, seizing them, or using them for military purposes. In the same context, the militia today expelled (21) families from Al-Fatihab.	The perished mercenary militia, Muhammad Abd al-Rahman Abu Shalakha A month ago, he was threatening to attack Sennar, and he blogged on Mount Muya and caused the killing of innocent citizens and the displacement of the people of safe villages and countrysides.
261		261_honorable_officers_noncommissioned_division	['honorable', 'officers', 'noncommissioned', 'division', 'forces', 'joining', 'welcome', 'soldiers', 'rsf', 'armed', 'regardless', 'diversity']	♦️Our confidence in the Sudanese Armed Forces will not and has not diminished.	*Kabashi, while addressing officers, non-commissioned officers and soldiers of the Eastern Military Region:* Kabashi: Salute to the officers and non-commissioned officers of the Eastern Military Region and salute to all citizens of Gedaref State. Kabashi: I convey to you all my greetings from Mr. President of the Sovereignty Council, Commander-in-Chief of the Armed Forces, and all members of the Sovereignty Council and the General Staff Kabashi: Our visit to you is to inspect and complete the final arrangements for resolving the battle of Wad Medani and all the areas in Sudan that were desecrated by the Rapid Support rebels.	Message in the mail Sudanese Armed Forces Sudanese Armed Forces Victories Tariq Al-Hadi Kajab Abdel Dayem Nouri If the Sudanese Armed Forces want to end the rebellion First, it must close the ports of the Batana, as fuel comes through the villages of the Batana, carried by lorries and tractors.
262		262_morgue_forensic_bodies_unidentified	['morgue', 'forensic', 'bodies', 'unidentified', 'deceased', 'body', 'graves', 'terrifying', 'secrets', 'investigate', 'doctors', 'investigations']	The body of a woman was found floating in the Nile, suspected to be the missing Adiba In a secret meeting:	Al-Sayha publishes terrifying details about ghost houses Corn Hospital:	The Bag News website did not obtain other details regarding the identity of the deceased woman. Source: #Bag_News
263		263_uae_emirates_gulf_dubai	['uae', 'emirates', 'gulf', 'dubai', 'emirati', 'middle', 'hands', 'buy', 'created', 'countries', 'britain', 'financial']	-1- The economic conditions in the Gulf countries have declined steadily in recent years. The economic reports issued successively in the West about the deterioration of financial conditions in the Gulf Cooperation Council countries, the rich ones in particular, carry pessimistic predictions, at a time when some of them are experiencing crises among themselves. Internal security crises and external wars have negative and harmful repercussions on their economies. -2- These changes created a large deficit in the budgets of the Gulf states, accompanied by a decline in income from oil revenues to less than 50% compared to what income was in 2013!! For the first time in recent years, the rich countries in the Gulf have resorted to withdrawing from strategic financial reserves in an unprecedented manner, from funds that are supposed to be for emergencies and future generations, which has led to their rapid contraction.	📌 We are still with the problem of the Emirates and getting it out of the narrow circle. .	A month ago tonight, we posted the clip on Tik Tok and told you that the UAE offered a bribe to America in the form of a trade transaction (it bought 77 planes from the international company Boeing).
264		264_injured_drowned_bodies_victims	['injured', 'drowned', 'bodies', 'victims', 'children', 'wished', 'toll', 'recovery', 'girl', 'speedy', 'extent', 'women']	No one has moved to search for the bodies yet, according to a Red Cross official.	The official authorities did not issue any information regarding the number of dead and injured victims.	115 people were killed and 1,895 families were displaced and displaced.
265		265_arabs_diaspora_rizeigat_desert	['arabs', 'diaspora', 'rizeigat', 'desert', 'certain', 'janjaweed', 'neighbors', 'racism', 'forget', 'bbc', 'niger', 'harm']	#American women Prepared by Bushra Jaber Ali #Sudan_News_Network https://t.me/Sd_News_Network The indigenous peoples of the United States, including Alaskans, immigrated from Asia.	A British woman dug into the history of Sudan...and came up with these anecdotes.	In this year, the people of Sudan were patient with the greatest injustice that occurred in the history of the land, and they looked at their army with looks of hope.
266		266_division_brigade_infantry_graduation	['division', 'brigade', 'infantry', 'graduation', 'entertainment', 'recruits', 'guidance', 'batch', 'commander', '1st', 'armed', 'corps']	Which consists of 2,650 soldiers from the Rapid Support Forces at the Military College Stadium in Omdurman.	For his part, Major General Dr. Mustafa Muhammad Saeed, Commander of the Sixth Infantry Division, confirmed the readiness of the armed forces in the state and their full cooperation with all other regular agencies in order to enhance security and stability and resolve all negative phenomena, appreciating the efforts of the Rapid Support Forces in the state in their ongoing activity to combat negative phenomena.	▪︎ Community Support Department in the Armed Forces to support and support residents and expatriates. ▪︎ The people’s welcome and joy at the return of security and safety in the presence of the armed forces. Under the guidance of the President of the Transitional Sovereignty Council and Commander-in-Chief of the Armed Forces, Lieutenant General Abdel Fattah Al-Burhan, the National Cooperative Foundation of the Armed Forces is sending a convoy of humanitarian aid and food supplies to citizens in the areas that were recently liberated.
267		267_militia_alharith_civilians_rapid	['militia', 'alharith', 'civilians', 'rapid', 'weapons', 'crimes', 'adre', 'crossing', 'commit', 'idris', 'international', 'silence']	The government and rebels are involved in humanitarian violations 40 African security and intelligence leaders in Khartoum Shout:	He said, according to Sudan Tribune: “While I feel optimistic about the positive developments that have occurred in the field of security and the progress made in the weapons collection campaign, it is important to ensure that all communities, including internally displaced persons, benefit from the safe environment that this campaign is expected to contribute.” In preparing it, and that the rights due to citizens are respected in this process,” he continued: “The steps taken towards disarming the armed militias are promising efforts and should continue in accordance with the provisions of the Doha Document for Peace in Darfur.”	Extremist elements infiltrated from Niger into Libya *Accusations against Uganda of helping South Sudan violate a European arms embargo Al-Sayha newspaper:
268		268_english_academy_courses_networking	['english', 'academy', 'courses', 'networking', 'training', 'airline', 'riyals', 'language', 'auspices', 'affiliated', 'tickets', 'arabia']	If you are a student or graduate from a medical field and you are looking for accredited courses with local and international certificates and you are looking for ways to specialize outside Sudan.. go here 👇🏻 https://chat.whatsapp.com/IaHrQ2s227cHsYzFurzdGc • Are you not a Sudanese expatriate in Saudi Arabia, or do you intend to travel there and go through the procedures and cannot find job opportunities? Go here 👇🏻 https://chat.whatsapp.com/HVTbUVX0wEIJaV5vgBN2Mz • You went to Egypt after the war and do you intend to go, but do you want a place where you can get all the information you need to start your life there? Go here 👇 https://chat.whatsapp.com/LauofKic6xHDIVyWhxU3zX • Or even if you are still closed in Sudan, but are you looking for opportunities for scholarships, courses, and job opportunities in dollars in organizations operating in Sudan? Go here 👇🏻 https://chat.whatsapp.com/IGPahH1QfnyAm5ZyaFhEhO ▪️A new beginning, I have a new future.. 🌾	https://study.sudancareer.com/?p=910 2- An initiative presented by a group of Sudanese affiliated with Cisco, and in cooperation with Cisco Networking Academy, a variety of courses in the field of information technology were provided with free global certificates from Cisco Academy. https://study.sudancareer.com/?p=1176 3- An important opportunity ❤️❤️ A grant for #Sudanese university professors 🇸🇩 who were affected by the war provides financial support, professional development support, and resources to assist professors in terms of entry visas and travel matters to the host country https://courses.sudancareer.com/fellowships-for-scholar-rescue-fund 4- English language courses provided under the auspices of the US Department of State 🇺🇲 and were created by American academic institutions and experts in the field of teaching English.	Required: Senior Access & Safety Officer (Darfur) https://sudancareer.com/triangle/senior-access-safety-officer Scholarships and free courses: 1- The CCP Fellowships program gives you the opportunity to live and learn in Germany for a period ranging from two to three months, fully funded with a monthly allowance of 650 euros for your daily expenses. https://study.sudancareer.com/?p=910 2- An initiative presented by a group of Sudanese affiliated with Cisco, and in cooperation with Cisco Networking Academy, a variety of courses in the field of information technology were provided with free global certificates from Cisco Academy.
269		269_endeavors_succeed_collaborators_brought	['endeavors', 'succeed', 'collaborators', 'brought', 'ireland', 'slow', 'honesty', 'suspicion', 'work', 'good', 'efficiency', 'following']	This is within the framework of what has become called the culture of raising the level of cooperation between development teams and DevOps teams.	He explained that this problem they face weekly, declaring at the same time the program’s readiness.	Excavating the benefits and completing them in the coming days.
270		270_chadian_chad_ndjamena_mohamed	['chadian', 'chad', 'ndjamena', 'mohamed', 'president', 'peaceful', 'neighboring', 'diplomats', 'crisis', 'foreign', 'origins', 'solution']	We are continuing to expand freedoms The President receives a written message from his Chadian counterpart Today's news: Health warns of the danger of laxity in combating watery diarrhea A Libyan battalion closes the borders and corridors with Sudan Al-Bashir received a written message from him... Idriss Deby will visit Khartoum soon Meetings of the Political Consultation Committee will be held soon Homeland: A surprise in the formation of the Khartoum government...the escalation of Mohamed Hatem...the exit of Nimr and widespread dissatisfaction with the reappointment of Hamida Police arrest Salafist leader Muzamil Faqiri due to threatening him with a weapon Al-Bashir receives a written message from the Chadian president Al-Mahdi presents a comprehensive strategy for reconciliation in Sudan Sudan Vision: Minister of Finance:	Irrigation: The Nile records the highest level in 100 years Al-Bashir confirms his unlimited support for the Ministry of Justice The Chadian Prime Minister discusses border security with the Vice President The country hosts more than 2 million refugees, including one million from the south Attention: 33 UN tanks surround Juba and Salva declares alert Health announces a state of alert for watery diarrhea The Minister of Agriculture in Khartoum promises to resign if he does not ease the livelihood of the citizen Khartoum Legislative Council:	We are committed to good neighborliness and non-interference in Sudanese affairs Al-Bashir receives the Prime Minister of Chad Assistant to the President:
271		271_crossing_adre_border_visas	['crossing', 'adre', 'border', 'visas', 'open', 'obstruction', 'permits', 'humanitarian', 'crucial', 'crossings', 'entry', 'agreed']	He said that these forces have nothing to do with me in any work related to the crossings or borders, and that it is an internal matter.	The Ministry of Foreign Affairs would like to call on its American counterpart, in light of the constructive relationship existing between the two countries, to review its negative declaration and do justice to this country, which hosts millions of refugees without asking any of them about their religion and who practice their religious rituals freely.	¬ This caused thousands of crowds at border crossings requesting visas, and bus drivers protested by closing the road linking the two countries.
272		272_latest_application_httpstmesdnewsnetwork_link	['latest', 'application', 'httpstmesdnewsnetwork', 'link', 'follow', 'telegram', 'news', 'version', 'wonderful', 'mona', 'governorcenter', '41']	Follow the latest news on the #Governor_Center on the Telegram application via the link https://t.me/Sd_News_Network	Follow the latest news on the Telegram application via the link https://t.me/Sd_News_Network	Follow the latest news on the Telegram application via the link https://t.me/Sd_News_Network
273		273_traitors_traitor_deception_mouth	['traitors', 'traitor', 'deception', 'mouth', 'punish', 'blind', 'turn', 'bite', 'hate', 'humiliated', 'throne', 'eye']	When they enter a town, they corrupt it and make the most honorable of its people humiliated.	☆ The internal battle leads to an external conflict Many friends and brothers on the platform warned us that when you come here, you will find us different, because frankly, everything that is happening is misleading, and your mind cannot handle the excessive dose.	Do you want to know about traitors and impure people?
274		274_preparation_monitoring_newspapers_2018	['preparation', 'monitoring', 'newspapers', '2018', 'headlines', 'arab', 'issued', '2017', 'sunday', 'july', 'november', 'october']	Headlines of Arab newspapers published Monday, June 12, 2017 Monitoring and preparation:	Headlines of Arab newspapers issued on Sunday, September 24, 2017 Monitoring and preparation:	Headlines of Arab newspapers issued on Sunday, July 9, 2017 https://t.me/Sd_News_Network Monitoring and preparation:
275		275_uae_jeddah_stop_parties	['uae', 'jeddah', 'stop', 'parties', 'achieved', 'clarified', 'translation', 'weapon', 'unilateral', 'direct', 'stopping', 'focus']	¬ We hope that the two warring parties stop the fighting and return to the Jeddah negotiations to save the lives of the remaining citizens and stop the destruction of the country’s already dilapidated infrastructure.	Peace agreements brokered by the United States and Saudi Arabia failed to end the conflict.	Commitment to the Jeddah Agreement practically means ending the war, because it literally states: * “Refrain from any attack that might cause civilian harm.”
276		276_english_language_luck_benefit	['english', 'language', 'luck', 'benefit', 'hoping', 'exam', 'test', 'prepare', 'canada', 'good', 'tests', 'sent']	I decided to prepare myself for the TOEFL exam.... No, I am waiting for IELTS, which is better and easier 😓 IELTS or TOEFL? Confused to choose TOEFL or IELTS? Here is the comprehensive guide, very briefly First: What is TOEFL? TOEFL is an abbreviation for Test of English as a Foreign Language Any test in English as a second language that is American What are TOEFL tests? The tests consist of 4 main axes: - 🎤Listening👂 – Reading 📕Writing📝 – Speaking Who recognizes the TOEFL certificate?	Educational institutions in the United States of America in particular, in addition to some institutions in Britain, New Zealand, Canada, and others. However, the TOEFL certificate is considered the basis for admission to all American universities in particular. TOEFL is superior to IELTS in the exam method. You can take it online while at home 🏡 This is a free preparatory course from the EdX website for the TOEFL exam https://study.getforsa.com/?p=840 ------------------ Second: What is IELTS? IELTS is an abbreviation for International English Language Testing System It is British and adopts British English. It is a test to measure your ability to communicate in English, which proves that you have a certain acceptable level in the English language, whether for work, study, or other purposes. What are the IELTS tests? The tests consist of 4 main axes: 🎤Listening👂 – Reading 📕Writing📝 – Speaking Why should I get an IELTS certificate?	Because it is simply needed by those wishing to apply for postgraduate and basic studies at universities and centers in Britain and Australia, and it is also considered an English language proficiency exam around the world. It is required in all European universities and some American and Arab universities Those wishing to apply for non-academic courses, or wishing to immigrate abroad.
277		277_forest_forests_forestry_trees	['forest', 'forests', 'forestry', 'trees', 'museum', 'authority', 'tree', 'activation', 'rare', 'blue', 'produce', 'green']	Exciting facts in the case of the theft of the sandalwood tree from the National Museum The Ministry of Interior reveals the death of a thirsty miner and the disorientation of dozens French writer:	We appreciate the people’s patience and endurance of difficulties The migration of 30,000 specialist doctors outside the country Revealing the disappearance of a second sandalwood tree from the National Museum #Announcement:	The Minister of Production in the White Nile discusses forest planting in Al-Jabalin locality Federal Health appreciates the projects of the United Nations Development Program (UNDP) in Sudan.
278		278_albashir_bank_gold_liquidity	['albashir', 'bank', 'gold', 'liquidity', 'banks', 'reserves', 'seizure', 'case', 'dismissing', 'almirghani', 'elections', 'abbas']	The dollar continues to fall and the Central Bank pumps out quantities of foreign exchange North Darfur will receive the President of the Republic tomorrow The head of the Islamic Jurisprudence Academy calls for declaring civil jihad against Israel Police media denies the rumor of the arrest of defendants in the case of the deceased Adiba Public opinion:	"The Islamic Bank sues Al-Hassan Al-Mirghani for “5” billion pounds ""54"" dead and dozens wounded in fighting between Agar and Al-Hilu forces in the Blue Nile Hemedti:"	37 notices and strict presidential directives were opened for those dealing in foreign exchange The Governor of Khartoum confirms the readiness of his state to participate in preparing the constitution Al-Bashir chairs the third meeting to discuss procedures for controlling the exchange rate Bakri calls on those who doubt the dialogue to make their choice towards peace and stability decision: Islamic leaders: We are the basis of governance now and in the future New presidential directives to support control of the exchange rate First Deputy: We are ready for the elections and are continuing with reform UN official: Al-Bashir still considers southern citizens to be Sudanese
279		279_reading_war_internal_planning	['reading', 'war', 'internal', 'planning', 'colonialism', 'context', 'marginalization', 'interests', 'political', 'circle', 'tragedy', 'represented']	🔺As a reminder What is happening to us in Sudan is colonialism, occupation and settlement. The Sudanese people, with their state, army and institutions, are resisting settler colonialism, which wants to destroy its sovereignty over geography and resources and make the entire country follow non-Sudanese national security decisions. The Janjaweed are the agent of military colonialism. The leadership group is shameless and its circles are the agent of colonialism. Politically, and accompanied by large groups of the revolutionary bloc, there are stories that must be stopped, no to war, and Baydana is made by allegations of shameful, oppressive, defeatist liberalism. They have transformed the ability of these groups to seriously and responsibly consider the issues of the state, sovereignty, and national security to marginal translations, as if these issues are concepts with aesthetic meanings that do not express direct material interests.	a reinforcement of the narrative of war in Sudan or a test for its exaggeration?	The following is in the context of personal speculation, and I do not have conclusive evidence for it What happened at the end of the nineties, after the Libyan defeat in Eritrea and South Sudan, and the army’s control under Islamic rule over most parts of the country, was an attempt to circumvent and harness old conflicts. Gaddafi bought Dubai, and he was the person who came to power after Sudanese support. He betrayed his ally, and through Dubai’s relatives in Sudan, Dubai was able to The ethnic conflict is transferred from northern Chad to Sudan It is known that Jibril Ibrahim has a family relationship with Dubai, and it is also known that Dubai married Musa Hilal’s daughter much later. The rebellion began through attacks similar to the terrorist attacks in Sinai targeting military forces and police camps in Jebel Marra and other areas of Darfur since the end of 2002.
280		280_uae_emirates_dhabi_relations	['uae', 'emirates', 'dhabi', 'relations', 'jordanian', 'diplomats', 'evidence', 'disregard', 'diplomatic', 'ignorance', 'minds', 'statement']	Let us not forget the explosion of the situation in countries allied to Abu Dhabi and Riyadh, which may awaken them from the ambitions of control and the euphoria of the momentary expansion in Africa to open markets and plunder resources, similar to the eastern and western camps. I think that there is global anger at the adolescence practiced by Abu Dhabi in Kenya, Ethiopia, Djibouti, Eritrea, Niger, and recently Chad, whose ruler Abu Dhabi promised a billion and a half.	The Emirates wants to remain all in all in Sudan. This is difficult in the presence of the Sudanese army.	It expels the Emirates from it. Also, China will not watch. Other African countries that support Russia will not watch. Our intelligence services and our long hands will not watch.
281		281_locality_shall_hands_executive	['locality', 'shall', 'hands', 'executive', 'kurmuk', 'citizens', 'director', 'watan', 'slogan', 'thanks', 'commissioner', 'issues']	For his part, the acting governor of Kassala stressed the need to maintain the coexistence and community cohesion witnessed by the locality across the various components, even those extending from neighboring countries, pointing out the state government’s interest in the locality as it is a strategic locality in a number of aspects, noting the necessity of paying attention to education, supporting it, and making it a societal issue. While the commissioner of the locality, Engineer Muhammad Ali Al-Hadab, pointed out to the locality the importance of the visit, which will have implications in addressing local issues in terms of basic services, residential cities, and immigrants, calling on the Presidency of the Republic to stand with the locality and contribute to addressing its basic issues, especially implementing the obligations of the Presidency of the Republic by establishing the Hamdayet Bridge.	"Raivoleta ""Ray"" Tapusoro Former mayor of Nabukadra village"	In addition, the delegation praised the governor’s standing by the citizens and seeking their stability and providing assistance, stressing that the committee, with the help of the local authorities, took several measures to ensure fair distribution of the existing quotas so that all citizens of the locality were covered. #
282		282_dead_doctors_hospital_wounded	['dead', 'doctors', 'hospital', 'wounded', 'khater', 'directorgeneral', 'network', 'result', 'injured', 'fasher', 'alhasahisa', 'medical']	The preliminary committee of the Sudanese Medical Syndicate said that there were dead and wounded as a result of the expansion of clashes in the Kutum locality in North Darfur state and the Kassab camp for the displaced, indicating that it had not been able to count their number yet, but it was enormous.	World Health Organization in Sudan: At least 17 people were killed and 17.5 thousand displaced due to renewed clashes between the armed forces and the Rapid Support Forces in Nyala.	The Preliminary Committee of Sudanese Doctors announced that the number of victims of the Rapid Support attack on the village of “Um Adham” in Al-Hasahisa locality has risen to 28 dead and about 240 injured of varying severity.
283		283_english_language_courses_interested	['english', 'language', 'courses', 'interested', 'jobs', 'organizations', 'registration', 'opened', 'auspices', 'airline', 'teaching', 'created']	Learn while staying at home for free. Start here: https://courses.erwaq.com/english-conversational-skills-for-beginners 3- Don’t you want to go to Canada? Travel Canada for free with the McCall MacBain Scholarship in Canada 🇨🇦 https://study.sudancareer.com/?p=1074 4- Free English language courses from the US Embassy, ​​and the certificate is also accredited by the US Department of State. https://courses.erwaq.com/category/us-embassy-courses For more jobs: https://jobs.applyen.com For those interested in the jobs of organizations, this Telegram channel contains all the jobs of organizations in Sudan https://t.me/joinchat/AAAAAE8O3UlRewjpjqii1A https://t.me/orgsd	https://courses.sudancareer.com/google-certificates 3- Free English language courses from the US Embassy, ​​and the certificate is also accredited by the US Department of State. https://courses.erwaq.com/category/us-embassy-courses For more jobs: https://jobs.applyen.com For those interested in the jobs of organizations, this Telegram channel contains all the jobs of organizations in Sudan https://t.me/joinchat/AAAAAE8O3UlRewjpjqii1A https://t.me/orgsd	https://study.sudancareer.com/?p=917 3- English language courses provided under the auspices of the US Department of State 🇺🇲 and created by American academic institutions and experts in the field of teaching English. https://courses.erwaq.com/category/us-embassy-courses For more jobs: https://sudancareer.com For those interested in the jobs of organizations, this Telegram channel contains all the jobs of organizations in Sudan https://t.me/joinchat/AAAAAE8O3UlRewjpjqii1A https://t.me/orgsd
284		284_karry_httpstmekraray224466_share_channel	['karry', 'httpstmekraray224466', 'share', 'channel', 'telegram', 'karari', 'thats', 'thank', 'source', 'agencies', 'join', 'efforts']	Thank God for their efforts.. Karari channel on Telegram https://t.me/kraray224466.	ــــــــــــــــــــــــــــــــــــــــــــــــــــــــــــــــــــــــــــــــ _Join the Hodhod Sheba channel on Telegram https://t.me/azwyokgsbzzz	Please share our channel on Telegram ✉️ #Karry channel https://t.me/kraray224466
285		285_channel_telegram_follow_sudan	['channel', 'telegram', 'follow', 'sudan', 'httpstmesudaaan', 'copied', 'proud', 'karry', 'later', 'believe', 'share', 'httpstmekraray224466']	Your courses Follow Sudan channel on Telegram https://t.me/sudaaan	😂😂😂 Follow Sudan channel on Telegram https://t.me/sudaaan	Follow Sudan channel on Telegram https://t.me/sudaaan/7180
286		286_jobs_interested_organizations_contains	['jobs', 'interested', 'organizations', 'contains', 'channel', 'telegram', 'chain', 'supply', 'japan', 'officer', 'sudan', 'currently']	4- Required: Supply Chain Officer (Wad Madani) Supply Chain Officer (Wad Madani) https://sudancareer.com/drc/supply-chain-officer-madani 5- Required: Support Services Team Leader (Costi) Support Services Team Leader (Kosti) https://sudancareer.com/drc/support-services-team-leader-kosti 6- Required: Supply Chain Officer (Costi) Supply Chain Officer (Kosti) https://sudancareer.com/drc/supply-chain-officer-kosti For more jobs: https://sudancareer.com For those interested in the jobs of organizations, this Telegram channel contains all the jobs of organizations in Sudan https://t.me/joinchat/AAAAAE8O3UlRewjpjqii1A https://t.me/orgsd	https://study.sudancareer.com/?p=576 For more jobs: https://sudancareer.com For those interested in the jobs of organizations, this Telegram channel contains all the jobs of organizations in Sudan https://t.me/joinchat/AAAAAE8O3UlRewjpjqii1A https://t.me/orgsd	https://study.sudancareer.com/?p=576 For more jobs: https://sudancareer.com For those interested in the jobs of organizations, this Telegram channel contains all the jobs of organizations in Sudan https://t.me/joinchat/AAAAAE8O3UlRewjpjqii1A https://t.me/orgsd
287		287_maximum_age_30_reliable	['maximum', 'age', '30', 'reliable', 'coverage', 'khartoumjanjaweedcemetery', 'years', 'immediate', 'follow', 'sources', 'whatsapp', 'news']	The end of the year is the last date for obtaining an age assessment certificate Shout:	Maximum age is 30 years 8.	Maximum age is 30 years 8.
